component,installations,SM,ST,I,F,E_exposicion,V1,V0,ex_core,rank,en_nucleo_robusto
theme_base,480.0,1,1,0.7978473383712698,1.0,0.7978473383712698,12.433217719135644,11.533550694036425,1,1,1
theme_canvas,385.0,1,1,0.753154881137317,1.0,0.753154881137317,11.670617071409472,23.377390803264646,1,2,1
local_leeloolxpcontentapi,117.0,1,1,0.6454803810693582,1.0,0.6454803810693582,10.1271503245533,16.89496736999682,0,3,1
mod_dataform,545.0,1,1,0.6373150813323869,1.0,0.6373150813323869,9.282660448859605,10.775033708415185,0,4,1
assignsubmission_pdf,484.0,1,1,0.617647900289281,1.0,0.617647900289281,8.956781959852975,3.8468956111318637,0,5,1
assignfeedback_pdf,446.0,1,1,0.6137129950307706,1.0,0.6137129950307706,8.91754667731845,3.823160995944658,0,6,1
mod_certificate,4084.0,1,1,0.5717999062808476,1.0,0.5717999062808476,7.1174165110185506,6.598215516501888,0,7,1
theme_bootstrap,805.0,1,1,0.5405871444818081,1.0,0.5405871444818081,7.243873853232181,5.8276201399018275,0,8,1
mod_aulaplaneta,331.0,1,1,0.5313665270244476,1.0,0.5313665270244476,7.464009246827428,6.7945684325351365,0,9,0
auth_linkedin,27.0,1,1,0.4801054295978088,1.0,0.4801054295978088,7.585334023106547,3.56145563374889,0,10,1
block_linkedin,27.0,1,1,0.4801054295978088,1.0,0.4801054295978088,7.585334023106547,3.56145563374889,0,11,1
format_flexpage,38.0,1,1,0.4758265905278639,1.0,0.4758265905278639,7.3542476707905475,5.71326632209121,0,12,1
mod_externalcontent,181.0,1,1,0.468820739721697,1.0,0.468820739721697,6.528284790151131,5.437872774722449,0,13,0
qtype_geogebra,1399.0,1,1,0.4551492238979322,1.0,0.4551492238979322,5.349695444080435,3.6437254989836614,0,14,0
block_slider,1195.0,1,1,0.4475538772853608,1.0,0.4475538772853608,5.2739615824716015,3.5163080911365565,0,15,1
enrol_easy,677.0,1,1,0.420180335081229,1.0,0.420180335081229,5.001017612594045,3.1927678104267523,0,16,1
filter_cincopa,174.0,1,1,0.41986888860399935,1.0,0.41986888860399935,5.602499120970405,4.156048532765721,0,17,0
qbehaviour_adaptivehints,192.0,1,1,0.41789870642093474,1.0,0.41789870642093474,5.520616834788282,5.282771037075377,0,18,1
block_progress,2062.0,1,1,0.4140410892039503,1.0,0.4140410892039503,4.383584731479623,5.098463004710535,0,19,1
block_user_preferences,1.0,1,1,0.41336238516996576,1.0,0.41336238516996576,7.48281214249287,6.270772313262733,0,20,1
filter_wiris,5183.0,1,0,0.7971345475650065,0.5,0.39856727378250323,10.353095920521241,9.683281125010176,0,21,1
theme_fordson,3870.0,1,1,0.39842124556843933,1.0,0.39842124556843933,3.8002776393968594,3.9096480052873472,0,22,1
mod_googlemeet,3791.0,1,1,0.3974268265591166,1.0,0.3974268265591166,3.790362200974525,3.86030498950342,0,23,0
theme_klass,3436.0,1,1,0.3926863132526676,1.0,0.3926863132526676,3.7430941305337084,3.6385737160439975,0,24,0
mod_customcert,31808.0,1,0,0.7851222100038577,0.5,0.39256110500192887,9.307873024273857,27.879842498339592,0,25,1
block_course_overview,378.0,1,1,0.3921306206977928,1.0,0.3921306206977928,4.721331471112836,3.006013864611634,1,26,1
theme_eguru,3286.0,1,1,0.3905342185523102,1.0,0.3905342185523102,3.721635407117952,3.5448844455681856,0,27,0
tinymce_mathslate,360.0,1,1,0.38978394959067286,1.0,0.38978394959067286,4.697932609423771,2.994771152154536,0,28,0
report_coursestats,2837.0,1,1,0.38345075332352874,1.0,0.38345075332352874,3.651005559303027,3.2644412292772547,0,29,0
booktool_wordimport,8282.0,1,0,0.7409808206147761,0.5,0.37049041030738805,9.060729038490027,13.300063285356263,0,30,0
availability_othercompleted,1903.0,1,1,0.36420105632381483,1.0,0.36420105632381483,3.459065156454874,2.6810693717811986,0,31,0
filter_poodll,2291.0,1,0,0.7263397837210981,0.5,0.36316989186054904,9.354847508399953,12.143028892754826,0,32,0
atto_justify,1756.0,1,1,0.3603260096915536,1.0,0.3603260096915536,3.4204267294883266,2.589253886714903,0,33,0
mod_groupselect,1508.0,1,1,0.3529876656994807,1.0,0.3529876656994807,3.347255463358905,2.4343542928615602,0,34,0
block_semantic_web,1.0,1,1,0.35282999328137465,1.0,0.35282999328137465,6.316259578993793,4.67821134955779,0,35,0
qtype_wq,2239.0,1,0,0.7026685412383513,0.5,0.35133427061917566,8.90895963888462,10.814524841372663,0,36,0
block_xp,11302.0,1,0,0.699796589978306,0.5,0.349898294989153,8.12761129827947,11.506783641445832,0,37,0
block_advnotifications,1413.0,1,1,0.3498516838432479,1.0,0.3498516838432479,3.3159863155474474,2.375017754893546,0,38,0
theme_enlightlite,1410.0,1,1,0.349749253475653,1.0,0.349749253475653,3.3149649734442264,2.3731439694840297,0,39,0
local_resourcenotif,1358.0,1,1,0.34793832889253407,1.0,0.34793832889253407,3.296908086937564,2.3406650223857484,0,40,0
tool_certificate,9953.0,1,0,0.6884578920532158,0.5,0.3442289460266079,7.9661035500557515,9.509541079945516,0,41,0
auth_emailadmin,1243.0,1,1,0.3436741812161996,1.0,0.3436741812161996,3.254389899622106,2.2688365816876255,0,42,0
atto_hr,1242.0,1,1,0.34363539744790117,1.0,0.34363539744790117,3.2540031832955436,2.2682119865511203,0,43,0
tool_brcli,1208.0,1,1,0.34229784120335843,1.0,0.34229784120335843,3.2406662936596486,2.246975751909936,0,44,0
profilefield_afaqr,127.0,1,1,0.3397792599542504,1.0,0.3397792599542504,4.199331500364524,2.849240485348775,0,45,0
enrol_notificationeabc,1104.0,1,1,0.3379598524303603,1.0,0.3379598524303603,3.1974118303477113,2.1820178577133733,0,46,0
mod_activequiz,1082.0,1,1,0.3369899774301352,1.0,0.3369899774301352,3.187741122374577,2.168276764710254,0,47,0
local_kopere_dashboard,5857.0,1,0,0.668098512307552,0.5,0.334049256153776,7.811547009177829,9.238858312531896,0,48,0
enrol_groupsync,941.0,1,1,0.33026295012166884,1.0,0.33026295012166884,3.1206653480609994,2.0802088504629905,0,49,0
qformat_hotpot,929.0,1,1,0.3296446389181287,1.0,0.3296446389181287,3.114500113278613,2.072713708824926,0,50,0
atto_generico,916.0,1,1,0.32896573331330287,1.0,0.32896573331330287,3.107730686451372,2.064593972050355,0,51,0
mod_reservation,903.0,1,1,0.3282771340559434,1.0,0.3282771340559434,3.1008646033717016,2.056474235275785,0,52,0
mod_attendance,23038.0,1,0,0.6552272486974702,0.5,0.3276136243487351,6.949277797574666,17.436791733825498,0,53,0
auth_leeloolxp_tracking_sso,2.0,1,1,0.3250985117447851,1.0,0.3250985117447851,5.5999643314933945,4.416983230226823,0,54,0
local_webhooks,838.0,1,1,0.32467845447097576,1.0,0.32467845447097576,3.064981856268182,2.0158755514029334,0,55,0
mod_wavefront,92.0,1,1,0.3243738762719981,1.0,0.3243738762719981,4.045723079928304,2.8273796555710855,0,56,0
block_simple_clock,817.0,1,1,0.32345596309187424,1.0,0.32345596309187424,3.0527922884123018,2.0027590535363196,0,57,0
aiprovider_datacurso,424.0,1,0,0.6444461513195292,0.5,0.3222230756597646,8.532459499484741,10.972094543344449,0,58,0
local_zilink,1.0,1,1,0.3211776432273534,1.0,0.3211776432273534,5.706269969393582,9.027079305473627,0,59,0
mod_aulaplanetastudynot,319.0,1,1,0.3210856284791784,1.0,0.3210856284791784,3.4280844658644836,2.8728581604623806,0,60,0
local_userenrols,766.0,1,1,0.32035128467384394,1.0,0.32035128467384394,3.0218352699054885,1.9709047015745433,0,61,0
mod_engagement,23.0,1,1,0.31994505638278736,1.0,0.31994505638278736,4.567939139146493,4.050900400655166,0,62,0
atto_wordcount,735.0,1,1,0.31836157333834453,1.0,0.31836157333834453,3.0019956851425187,1.9515422523428756,0,63,0
atto_poodll,725.0,1,1,0.3177018145776283,1.0,0.3177018145776283,2.9954171731630135,1.9452963009778215,0,64,0
assignfeedback_poodll,713.0,1,1,0.31689800241585403,1.0,0.31689800241585403,2.9874022921938486,1.9378011593397564,0,65,0
mod_mediagallery,1373.0,1,0,0.6335899362350068,0.5,0.3167949681175034,7.796931544409408,7.737294329439283,0,66,0
format_collapsibletopics,676.0,1,1,0.31433172963617834,1.0,0.31433172963617834,2.961813763129909,1.9146911392890562,0,67,0
qbehaviour_interactivehints,199.0,1,1,0.3138394994034875,1.0,0.3138394994034875,3.499255232662125,3.9513666590475514,0,68,0
block_quiz_results,662.0,1,1,0.31332395179385936,1.0,0.31332395179385936,2.9517651226220076,1.9059468073779804,0,69,0
mod_aulaplanetateacher,267.0,1,1,0.3125332321687243,1.0,0.3125332321687243,3.3428077784875336,2.8403792133640993,0,70,0
atto_templates4u,641.0,1,1,0.3117716647247704,1.0,0.3117716647247704,2.9362871332603397,1.8928303095113668,0,71,0
mod_supervideo,4435.0,1,0,0.6228357028564183,0.5,0.31141785142820916,7.063981381591573,7.094900485416479,0,72,0
qbehaviour_adaptivehintsnopenalties,188.0,1,1,0.31111124636879156,1.0,0.31111124636879156,3.4720515843886472,3.944496112545992,0,73,0
atto_chemistry,608.0,1,1,0.3092266918367522,1.0,0.3092266918367522,2.910910987268478,1.872218670006688,0,74,0
report_assign,604.0,1,1,0.3089088810439619,1.0,0.3089088810439619,2.9077420682149175,1.8697202894606664,0,75,0
repository_poodll,604.0,1,1,0.3089088810439619,1.0,0.3089088810439619,2.9077420682149175,1.8697202894606664,0,76,0
auth_uniquelogin,603.0,1,1,0.3088291000277862,1.0,0.3088291000277862,2.906946564764415,1.869095694324161,0,77,0
block_formal_langs,179.0,1,1,0.3087582131993605,1.0,0.3087582131993605,3.448589286022996,3.938874756317443,0,78,0
block_courseaward_vote,18.0,1,1,0.308678369683541,1.0,0.308678369683541,4.455598026252643,4.04777742497264,0,79,0
filter_easychem,64.0,1,1,0.30709815569656057,1.0,0.30709815569656057,3.8734653676749167,2.809890991748934,0,80,0
atto_count,576.0,1,1,0.3066235581243911,1.0,0.3066235581243911,2.8849549146390947,1.852231625638515,0,81,0
datafield_poodll,573.0,1,1,0.30637215383685973,1.0,0.30637215383685973,2.8824481406245606,1.8503578402289986,0,82,0
calendartype_jalali,559.0,1,1,0.3051812880659784,1.0,0.3051812880659784,2.8705739144585882,1.8416135083179228,0,83,0
local_analytics,559.0,1,1,0.3051812880659784,1.0,0.3051812880659784,2.8705739144585882,1.8416135083179228,0,84,0
atto_recordrtc,557.0,1,1,0.3050087382816277,1.0,0.3050087382816277,2.868853405552909,1.8403643180449119,0,85,0
gradereport_laegrader,61.0,1,1,0.30481926183962416,1.0,0.30481926183962416,3.850742318841729,2.8080172063394175,0,86,0
availability_courseprogress,552.0,1,1,0.3045746434221726,1.0,0.3045746434221726,2.864525007957905,1.8372413423623848,0,87,0
mod_checklist,8596.0,1,0,0.607685667095538,0.5,0.303842833547769,6.475236552933316,8.416388772414315,0,88,0
atto_pastespecial,542.0,1,1,0.3036945530636574,1.0,0.3036945530636574,2.855749550455447,1.8309953909973307,0,89,0
theme_flexpage,31.0,1,1,0.30349804594541624,1.0,0.30349804594541624,4.121943314464495,2.8504690562036092,0,90,0
block_mrbs,536.0,1,1,0.3031586851807902,1.0,0.3031586851807902,2.850406365193235,1.8272478201782982,0,91,0
mod_webexactivity,536.0,1,1,0.3031586851807902,1.0,0.3031586851807902,2.850406365193235,1.8272478201782982,0,92,0
qbehaviour_adaptive_adapted_for_coderunner,4220.0,1,0,0.6047715705289736,0.5,0.3023857852644868,6.738141543543263,4.642075959835288,0,93,0
format_board,524.0,1,1,0.3020687492268925,1.0,0.3020687492268925,2.8395385190098423,1.8197526785402334,0,94,0
report_filetrash,523.0,1,1,0.30197679950737083,1.0,0.30197679950737083,2.838621680360017,1.819128083403728,0,95,0
report_allylti,349.0,1,0,0.6019152939057258,0.5,0.3009576469528629,7.799910773404904,3.8955704570616736,0,96,0
tool_ally,349.0,1,0,0.6019152939057258,0.5,0.3009576469528629,7.799910773404904,3.8955704570616736,0,97,0
filter_ally,348.0,1,0,0.6017773035017719,0.5,0.30088865175088597,7.798534859086644,3.8949458619251685,0,98,0
theme_aardvark,509.0,1,1,0.30067074950862954,1.0,0.30067074950862954,2.825598942240972,1.810383751492652,0,99,0
block_flexpagemod,29.0,1,1,0.3003855071063304,1.0,0.3003855071063304,4.0909079190157485,2.849219865930598,0,100,0
block_flexpagenav,29.0,1,1,0.3003855071063304,1.0,0.3003855071063304,4.0909079190157485,2.849219865930598,0,101,0
filter_censor,496.0,1,1,0.29942547879265313,1.0,0.29942547879265313,2.813182239636091,1.8022640147180817,0,102,0
filter_multiembed,480.0,1,1,0.29784733837126975,1.0,0.29784733837126975,2.797446464250339,1.7922704925339952,0,103,0
availability_enroldate,476.0,1,1,0.2974446002205854,1.0,0.2974446002205854,2.793430727125447,1.7897721119879735,0,104,0
qtype_conceptmap,455.0,1,1,0.2952732155268403,1.0,0.2952732155268403,2.7717796615080537,1.7766556141213599,0,105,0
mod_tincanlaunch,440.0,1,1,0.29366010149761607,1.0,0.29366010149761607,2.7556951612370146,1.7672866870737787,0,106,0
mod_debate,439.0,1,1,0.29355061765200413,1.0,0.29355061765200413,2.7546034882910755,1.766662091937273,0,107,0
local_dashboard,437.0,1,1,0.29333090149393803,1.0,0.29333090149393803,2.7524126793712216,1.7654129016642623,0,108,0
assignsubmission_geogebra,435.0,1,1,0.29311017976642867,1.0,0.29311017976642867,2.750211843830999,1.7641637113912516,0,109,0
local_catdup,433.0,1,1,0.2928884432228119,1.0,0.2928884432228119,2.748000889471115,1.7629145211182407,0,110,0
local_cohortauto,423.0,1,1,0.29176420552600485,1.0,0.29176420552600485,2.736791017626097,1.7566685697531865,0,111,0
local_aws,1859.0,1,0,0.5809173907991196,0.5,0.2904586953995598,6.64601024661152,5.485943413778534,0,112,0
mod_simplecertificate,4715.0,1,0,0.5787272846921016,0.5,0.2893636423460508,6.186490003601703,5.992335047636804,0,113,0
profilefield_associated,400.0,1,1,0.28907445373137786,1.0,0.28907445373137786,2.709971268565635,1.742302881613562,0,114,0
qtype_type_calc_sheet,400.0,1,1,0.28907445373137786,1.0,0.28907445373137786,2.709971268565635,1.742302881613562,0,115,0
profilefield_multiselect,397.0,1,1,0.28871229223013817,1.0,0.28871229223013817,2.706360124741134,1.7404290962040458,0,116,0
report_modstats,389.0,1,1,0.28773301770619025,1.0,0.28773301770619025,2.696595693299523,1.7354323351120025,0,117,0
mod_questionnaire,16857.0,1,0,0.5751565541831924,0.5,0.2875782770915962,5.546298970880188,12.298717119084346,0,118,0
local_mr,301.0,1,0,0.5746400773975723,0.5,0.28732003869878614,7.340437500798572,7.14407742278538,0,119,0
qformat_giftmedia,381.0,1,1,0.28673344589881994,1.0,0.28673344589881994,2.6866288758797383,1.730435574019959,0,120,0
auth_googleoauth2,373.0,1,1,0.2857127175695059,1.0,0.2857127175695059,2.676451104939761,1.725438812927916,0,121,0
atto_filedragdrop,372.0,1,1,0.2855835940297753,1.0,0.2855835940297753,2.675163602895784,1.7248142177914105,0,122,0
block_poll,369.0,1,1,0.28519413608603994,1.0,0.28519413608603994,2.671280283869303,1.7229404323818942,0,123,0
local_lessonexport,367.0,1,1,0.2849327391681772,1.0,0.2849327391681772,2.6686738724687187,1.7216912421088835,0,124,0
local_metadata,359.0,1,1,0.2838727489546269,1.0,0.2838727489546269,2.6581046178665835,1.71669448101684,0,125,0
local_bbliveusers,39.0,1,1,0.28368327251262326,1.0,0.28368327251262326,3.6399935311554024,2.7942761133362986,0,126,0
message_jabber,356.0,1,1,0.2834691682456867,1.0,0.2834691682456867,2.6540804795200486,1.7148206956073238,0,127,0
theme_standard,38.0,1,1,0.2824622550600596,1.0,0.2824622550600596,3.627818659949213,2.793651518199793,1,128,0
block_heatmap,347.0,1,1,0.2822377580308202,1.0,0.2822377580308202,2.6418019811771227,1.7091993393787752,0,129,0
assignfeedback_solutionsheet,346.0,1,1,0.282098973436398,1.0,0.282098973436398,2.6404181479166358,1.7085747442422696,0,130,0
portfolio_blogexport,344.0,1,1,0.2818202003290913,1.0,0.2818202003290913,2.637638477019973,1.707325553969259,0,131,0
assignsubmission_snap,343.0,1,1,0.28168020715886233,1.0,0.28168020715886233,2.6362425929450106,1.7067009588327533,0,132,0
local_disablerightclick,339.0,1,1,0.28111613507625566,1.0,0.28111613507625566,2.6306181811543974,1.7042025782867318,0,133,0
block_repo_filemanager,336.0,1,1,0.28068870882256264,1.0,0.28068870882256264,2.6263562768073876,1.7023287928772155,0,134,0
block_aulaplanetarepo,329.0,1,1,0.2796763979142107,1.0,0.2796763979142107,2.61626243670385,1.6979566269216777,0,135,0
block_aulaplaneta_contentbank,328.0,1,1,0.2795300317524588,1.0,0.2795300317524588,2.614803006976181,1.6973320317851721,0,136,0
repository_boxnet,322.0,1,1,0.27864238191067564,1.0,0.27864238191067564,2.6059521732086424,1.6935844609661397,0,137,0
local_notifyemailsignup,317.0,1,1,0.27788998578821145,1.0,0.27788998578821145,2.5984499660388716,1.6904614852836126,0,138,0
local_ganalytics,311.0,1,1,0.2769713368074827,1.0,0.2769713368074827,2.589290037161044,1.6867139144645802,0,139,0
repository_skydrive,302.0,1,1,0.2755596961293551,1.0,0.2755596961293551,2.5752144451950674,1.6810925582360314,0,140,0
booktool_importepub,301.0,1,1,0.27540026585761884,1.0,0.27540026585761884,2.573624752090615,1.680467963099526,0,141,0
local_cnw_smartcohort,298.0,1,1,0.2749187881819471,1.0,0.2749187881819471,2.568823896314433,1.6785941776900097,0,142,0
portfolio_boxnet,297.0,1,1,0.27475722148718934,1.0,0.27475722148718934,2.5672129007502376,1.6779695825535044,0,143,0
local_cohort_profile,293.0,1,1,0.2741054870652421,1.0,0.2741054870652421,2.56071440015044,1.6754712020074827,0,144,0
assignsubmission_turtlestitch,291.0,1,1,0.2737762870615641,1.0,0.2737762870615641,2.5574319182846468,1.674222011734472,0,145,0
qbehaviour_studentfeedbackdeferred,189.0,1,0,0.5453302510840567,0.5,0.2726651255420284,6.983446125636366,4.76970324184462,0,146,0
qtype_opaque,106.0,0,1,0.5447605410632691,0.5,0.27238027053163455,7.2300157623078025,2.6107986495328177,0,147,0
block_grade_overview,282.0,1,1,0.27226642977231363,1.0,0.27226642977231363,2.5423769999476846,1.6686006555059232,0,148,0
qbehaviour_opaque,105.0,0,1,0.5443076962968775,0.5,0.27215384814843874,7.225500407760134,2.610174054396312,0,149,0
qbehaviour_adaptivemultipart,4244.0,0,1,0.5438017003308283,0.5,0.27190085016541415,5.560614994165563,6.758014628837699,0,150,0
tinymce_managefiles,267.0,1,1,0.2696399579495923,1.0,0.2696399579495923,2.5161882209902835,1.659231728458342,0,151,0
block_verify_certificate,263.0,1,1,0.2689147170155032,1.0,0.2689147170155032,2.5089567805653714,1.6567333479123203,0,152,0
filter_imageopt,260.0,1,1,0.2683635382930268,1.0,0.2683635382930268,2.503460929589898,1.654859562502804,0,153,0
block_globalad,28.0,1,1,0.26817406185102316,1.0,0.26817406185102316,3.485349842878717,2.787405566834739,0,154,0
block_quick_user,257.0,1,1,0.26780598742106887,1.0,0.26780598742106887,2.497901541357786,1.6529857770932879,0,155,0
theme_contemporary,255.0,1,1,0.2674306733613388,1.0,0.2674306733613388,2.494159252228755,1.651736586820277,0,156,0
theme_elegance,251.0,1,1,0.26667116769168403,1.0,0.26667116769168403,2.48658615514566,1.6492382062742554,0,157,0
mod_edusharing,167.0,1,0,0.5322387632631678,0.5,0.2661193816315839,6.786350184628171,6.984032594813755,0,158,0
block_learning_plan,248.0,1,1,0.2660935845813156,1.0,0.2660935845813156,2.4808270237222376,1.647364420864739,0,159,0
report_questionnairestats,235.0,1,1,0.2635075673197393,1.0,0.2635075673197393,2.4550416207121746,1.6392446840901687,0,160,0
local_wsmanagesections,230.0,1,1,0.2624748166512678,1.0,0.2624748166512678,2.4447439739829266,1.6361217084076416,0,161,0
theme_vxg_boost,228.0,1,1,0.2620554434584405,1.0,0.2620554434584405,2.440562367406148,1.6348725181346309,0,162,0
block_notifications,227.0,1,1,0.261844381356673,1.0,0.261844381356673,2.4384578488342536,1.6342479229981255,0,163,0
block_moodletxt,24.0,1,1,0.2610161192411634,1.0,0.2610161192411634,3.413977374620081,2.7849071862887174,0,164,0
quiz_cbmgrades,214.0,1,1,0.2590130538874025,1.0,0.2590130538874025,2.4102264364096895,1.626128186223555,0,165,0
datafield_jsignature,213.0,1,1,0.25878821612222913,1.0,0.25878821612222913,2.407984559499965,1.6255035910870497,0,166,0
block_case_repository,1.0,1,1,0.2585807343616066,1.0,0.2585807343616066,4.4999309792071065,3.085650385852846,0,167,0
block_fn_marking,212.0,1,1,0.25856232524892764,1.0,0.25856232524892764,2.405732181957511,1.6248789959505443,0,168,0
availability_maxviews,210.0,1,1,0.25810734439070615,1.0,0.25810734439070615,2.4011955282524404,1.6236298056775333,0,169,0
block_low_wizard,5.0,1,1,0.2571958707523567,1.0,0.2571958707523567,3.9804723129934674,4.050491954696305,0,170,0
local_wsgetroles,205.0,1,1,0.25695075147211177,1.0,0.25695075147211177,2.3896630396771847,1.6205068299950063,0,171,0
repository_pixabay,204.0,1,1,0.25671606675946784,1.0,0.25671606675946784,2.387322977997884,1.619882234858501,0,172,0
tinymce_recordrtc,204.0,1,1,0.25671606675946784,1.0,0.25671606675946784,2.387322977997884,1.619882234858501,0,173,0
block_slideshow,198.0,1,1,0.2552834580599708,1.0,0.2552834580599708,2.373038312067334,1.6161346640394685,0,174,0
message_telegram,198.0,1,1,0.2552834580599708,1.0,0.2552834580599708,2.373038312067334,1.6161346640394685,0,175,0
local_culcourse_visibility,197.0,1,1,0.2550404972777097,1.0,0.2550404972777097,2.370615728978146,1.615510068902963,0,176,0
mod_hotpot,4342.0,1,0,0.5097473729382531,0.5,0.25487368646912656,4.894098336329518,4.481908985719094,0,177,0
qtype_freehanddrawing,196.0,1,1,0.25479630630902955,1.0,0.25479630630902955,2.3681808795931896,1.6148854737664577,0,178,0
quiz_liveviewgrid,195.0,1,1,0.2545508726328682,1.0,0.2545508726328682,2.3657336390638655,1.6142608786299522,0,179,0
block_gchat,193.0,1,1,0.25405622610919876,1.0,0.25405622610919876,2.3608014755590596,1.6130116883569414,0,180,0
filter_urlresource,49.0,0,1,0.5080686917594591,0.5,0.25403434587972956,6.86415814196595,2.575196726752009,0,181,0
block_mynotes,192.0,1,1,0.2538069872429548,1.0,0.2538069872429548,2.3583162931485004,1.6123870932204358,0,182,0
enrol_badgeenrol,192.0,1,1,0.2538069872429548,1.0,0.2538069872429548,2.3583162931485004,1.6123870932204358,0,183,0
filter_slider,192.0,1,1,0.2538069872429548,1.0,0.2538069872429548,2.3583162931485004,1.6123870932204358,0,184,0
mod_ubicast,193.0,1,0,0.5062996395397886,0.5,0.2531498197698943,6.221921140296314,5.71198572586347,0,185,0
block_export_quiz,188.0,1,1,0.25279694795389057,1.0,0.25279694795389057,2.3482451035584346,1.6098887126744144,0,186,0
theme_rebel,188.0,1,1,0.25279694795389057,1.0,0.25279694795389057,2.3482451035584346,1.6098887126744144,0,187,0
block_countdown,183.0,1,1,0.2515039049980098,1.0,0.2515039049980098,2.3353520597949187,1.6067657369918873,0,188,0
mod_videofile,182.0,1,1,0.25124108356675084,1.0,0.25124108356675084,2.3327314444473775,1.6061411418553817,0,189,0
filter_applink,19.0,1,1,0.2502544383424559,1.0,0.2502544383424559,3.3066717184816024,2.7817842106061903,0,190,0
message_culactivity_stream,19.0,1,1,0.2502544383424559,1.0,0.2502544383424559,3.3066717184816024,2.7817842106061903,0,191,0
auth_saml,176.0,1,1,0.24963334758194586,1.0,0.24963334758194586,2.316700569124949,1.6023935710363495,0,192,0
mod_revealjs,176.0,1,1,0.24963334758194586,1.0,0.24963334758194586,2.316700569124949,1.6023935710363495,0,193,0
profilefield_masked,176.0,1,1,0.24963334758194586,1.0,0.24963334758194586,2.316700569124949,1.6023935710363495,0,194,0
theme_mb2nl,3491.0,1,0,0.49922937824752767,0.5,0.24961468912376383,4.789222496563178,3.9503785245529865,0,195,0
customfield_dynamic,175.0,1,1,0.2493601025831292,1.0,0.2493601025831292,2.3139760194787966,1.601768975899844,0,196,0
tool_downloaddata,174.0,1,1,0.24908530062435125,1.0,0.24908530062435125,2.3112359452494675,1.6011443807633385,0,197,0
report_failedemails,173.0,1,1,0.24880892386065281,1.0,0.24880892386065281,2.3084801685033227,1.6005197856268332,0,198,0
gradingform_erubric,172.0,1,1,0.24853095413851328,1.0,0.24853095413851328,2.305708508230029,1.5998951904903276,0,199,0
local_clickview,148.0,1,0,0.496081256973724,0.5,0.248040628486862,6.143371845151621,5.694713211218962,0,200,0
assignsubmission_onlineaudio,170.0,1,1,0.24797016161887955,1.0,0.24797016161887955,2.3001167972470284,1.5986460002173168,0,201,0
enrol_saml,166.0,1,1,0.24682862635466796,1.0,0.24682862635466796,2.2887344498531244,1.5961476196712951,0,202,0
theme_moove,27596.0,1,0,0.49314964383200555,0.5,0.24657482191600277,3.7448227366074534,17.728792214014792,0,203,0
scormreport_trends,163.0,1,1,0.24595438586076032,1.0,0.24595438586076032,2.2800173218594058,1.594273834261779,0,204,0
qformat_wordtable,4339.0,1,0,0.4918301487264765,0.5,0.24591507436323826,4.5491157310077455,5.58197215903934,0,205,0
assignsubmission_estream,147.0,1,0,0.49070041053979174,0.5,0.24535020526989587,6.042695108895568,5.672420083085984,0,206,0
theme_evolved,157.0,1,1,0.2441568754460732,1.0,0.2441568754460732,2.26209418919275,1.5905262634427464,0,207,0
repository_geogebratube,155.0,1,1,0.24354250263731536,1.0,0.24354250263731536,2.255968224487244,1.5892770731697357,0,208,0
filter_collapsible,154.0,1,1,0.24323235614542005,1.0,0.24323235614542005,2.252875726844439,1.5886524780332303,0,209,0
gradereport_multigrader,154.0,1,1,0.24323235614542005,1.0,0.24323235614542005,2.252875726844439,1.5886524780332303,0,210,0
qbehaviour_dfcbmexplicitvaildate,2632.0,0,1,0.48511780697050133,0.5,0.24255890348525067,4.643916013212775,3.412948446753316,0,211,0
filter_generico,2605.0,1,0,0.48511517371879065,0.5,0.24255758685939532,4.648488535755001,3.39698723360919,0,212,0
qbehaviour_dfexplicitvaildate,2626.0,0,1,0.4850077819495189,0.5,0.24250389097475944,4.642818944160153,3.4092008759342836,0,213,0
block_fn_mentor,151.0,1,1,0.24228976692429902,1.0,0.24228976692429902,2.243477087747679,1.586778692623714,0,214,0
block_teaching_team,151.0,1,1,0.24228976692429902,1.0,0.24228976692429902,2.243477087747679,1.586778692623714,0,215,0
local_ciabinitialsprofilepics,151.0,1,1,0.24228976692429902,1.0,0.24228976692429902,2.243477087747679,1.586778692623714,0,216,0
tool_imageoptimize,151.0,1,1,0.24228976692429902,1.0,0.24228976692429902,2.243477087747679,1.586778692623714,0,217,0
mod_vpl,2560.0,1,0,0.4842751127665479,0.5,0.24213755638327394,4.640112214943672,3.3688804524664464,0,218,0
atto_code,150.0,1,1,0.2419714316874515,1.0,0.2419714316874515,2.2403029394168152,1.5861540974872086,0,219,0
webservice_restjson,150.0,1,1,0.2419714316874515,1.0,0.2419714316874515,2.2403029394168152,1.5861540974872086,0,220,0
format_tiles,22619.0,1,0,0.4835584929643018,0.5,0.2417792464821509,3.6491885372041155,14.620182219627349,0,221,0
block_catalogue,149.0,1,1,0.2416509812507931,1.0,0.2416509812507931,2.237107700244687,1.5855295023507032,0,222,0
tinymce_poodll,148.0,1,1,0.241328387317022,1.0,0.241328387317022,2.2338910880764375,1.5849049072141979,0,223,0
customfield_duration,146.0,1,1,0.24067665289507476,1.0,0.24067665289507476,2.22739258747664,1.583655716941187,0,224,0
repository_coursefilearea,145.0,1,1,0.24034745289139672,1.0,0.24034745289139672,2.2241101056108468,1.5830311218046815,0,225,0
local_filterurlresbak,27.0,0,1,0.4801054295978088,0.5,0.2400527147989044,6.585334023106547,2.56145563374889,0,226,0
atto_mediagallery,144.0,1,1,0.24001599032698642,1.0,0.24001599032698642,2.2208050635552263,1.5824065266681762,0,227,0
theme_archaius,144.0,1,1,0.24001599032698642,1.0,0.24001599032698642,2.2208050635552263,1.5824065266681762,0,228,0
theme_eadtraining,2339.0,1,0,0.4799227212419779,0.5,0.23996136062098894,4.596714140543265,3.23084492729875,0,229,0
local_kopere_bi,2301.0,1,0,0.47913310890109306,0.5,0.23956655445054653,4.5888408472230875,4.340105501469584,0,230,0
block_supervised,15.0,1,1,0.23949275744374837,1.0,0.23949275744374837,3.199366062343124,2.779285830060169,0,231,0
block_homework,142.0,1,1,0.2393461515968992,1.0,0.2393461515968992,2.2141260433245114,1.5811573363951652,0,232,0
theme_schoollege,142.0,1,1,0.2393461515968992,1.0,0.2393461515968992,2.2141260433245114,1.5811573363951652,0,233,0
atto_computing,141.0,1,1,0.23900771081655373,1.0,0.23900771081655373,2.2107514208709356,1.5805327412586598,0,234,0
block_enroleasy,141.0,1,1,0.23900771081655373,1.0,0.23900771081655373,2.2107514208709356,1.5805327412586598,0,235,0
block_simple_certificate,141.0,1,1,0.23900771081655373,1.0,0.23900771081655373,2.2107514208709356,1.5805327412586598,0,236,0
qtype_correctwriting,141.0,1,1,0.23900771081655373,1.0,0.23900771081655373,2.2107514208709356,1.5805327412586598,0,237,0
mod_offlinequiz,2129.0,1,0,0.4753879294212162,0.5,0.2376939647106081,4.551497336926957,3.0996799486326134,0,238,0
report_graphic,136.0,1,1,0.23727893743581502,1.0,0.23727893743581502,2.1935136711475463,1.5774097655761328,0,239,0
block_simple_calculator,135.0,1,1,0.23692562000738074,1.0,0.23692562000738074,2.189990712342119,1.5767851704396274,0,240,0
mod_notetaker,135.0,1,1,0.23692562000738074,1.0,0.23692562000738074,2.189990712342119,1.5767851704396274,0,241,0
local_recompletion,2047.0,1,0,0.4734945966349199,0.5,0.23674729831745994,4.532618751059723,3.0484631474391692,0,242,0
block_exalib,134.0,1,1,0.23656969504666608,1.0,0.23656969504666608,2.1864417536055583,1.576160575303122,0,243,0
plagiarism_unicheck,134.0,1,1,0.23656969504666608,1.0,0.23656969504666608,2.1864417536055583,1.576160575303122,0,244,0
profilefield_autocomplete,133.0,1,1,0.23621112377942494,1.0,0.23621112377942494,2.1828664083164835,1.5755359801666167,0,245,0
block_completion_progress,17444.0,1,0,0.4710298562583007,0.5,0.23551492812915034,3.5242644110465053,11.387902388211833,0,246,0
mod_ejsapp,87.0,0,1,0.46817468184355177,0.5,0.23408734092177588,5.841773871542252,5.645778641393896,0,247,0
enrol_wallet,177.0,1,0,0.4677489708749755,0.5,0.23387448543748776,5.5175980897733075,4.435374394176428,0,248,0
atto_subtitle,126.0,1,1,0.23362358146169468,1.0,0.23362358146169468,2.1570657988388815,1.5711638142110786,0,249,0
profilefield_cpf,126.0,1,1,0.23362358146169468,1.0,0.23362358146169468,2.1570657988388815,1.5711638142110786,0,250,0
block_forum_aggregator,125.0,1,1,0.23324233352151666,1.0,0.23324233352151666,2.15326434247186,1.5705392190745733,0,251,0
block_horario,125.0,1,1,0.23324233352151666,1.0,0.23324233352151666,2.15326434247186,1.5705392190745733,0,252,0
theme_classic,13.0,1,1,0.23305285707951306,1.0,0.23305285707951306,3.135153255760679,2.7780366397871576,0,253,0
enrol_elediacohortgreeting,124.0,1,1,0.23285804771712673,1.0,0.23285804771712673,2.149432595296591,1.569914623938068,0,254,0
enrol_pagseguro,124.0,1,1,0.23285804771712673,1.0,0.23285804771712673,2.149432595296591,1.569914623938068,0,255,0
qbehaviour_survey,124.0,1,1,0.23285804771712673,1.0,0.23285804771712673,2.149432595296591,1.569914623938068,0,256,0
block_panopto,825.0,1,0,0.46525979490783814,0.5,0.23262989745391907,4.781205485985434,3.4904315233091694,0,257,0
block_coursefiles,123.0,1,1,0.2324706752467125,1.0,0.2324706752467125,2.1455700707059604,1.5692900288015625,0,258,0
tinymce_glatex,123.0,1,1,0.2324706752467125,1.0,0.2324706752467125,2.1455700707059604,1.5692900288015625,0,259,0
local_adminer,5783.0,1,0,0.46376058756706445,0.5,0.23188029378353223,3.879342173550845,6.4225815076471795,0,260,0
theme_decaf,121.0,1,1,0.23168646913437693,1.0,0.23168646913437693,2.137750683360803,1.5680408385285516,0,261,0
mod_advmindmap,119.0,1,1,0.23088930035208557,1.0,0.23088930035208557,2.129802044106208,1.5667916482555406,0,262,0
qtype_jme,119.0,1,1,0.23088930035208557,1.0,0.23088930035208557,2.129802044106208,1.5667916482555406,0,263,0
booktool_exportepub,118.0,1,1,0.23048571964314543,1.0,0.23048571964314543,2.125777905759674,1.5661670531190355,0,264,0
qtype_multichoiceset,3985.0,0,1,0.46073081034294994,0.5,0.23036540517147497,3.987947936049545,4.186700078665085,0,265,0
atto_fontawesomepicker,116.0,1,1,0.22966828289952196,1.0,0.22966828289952196,2.1176271729000193,1.5649178628460245,0,266,0
theme_morecandy,116.0,1,1,0.22966828289952196,1.0,0.22966828289952196,2.1176271729000193,1.5649178628460245,0,267,0
local_temporary_enrolments,12.0,1,1,0.22947880645751836,1.0,0.22947880645751836,3.0995160861888382,2.7774120446506525,0,268,0
tool_navdb,115.0,1,1,0.22925430942827887,1.0,0.22925430942827887,2.113499407416748,1.5642932677095192,0,269,0
availability_game,111.0,1,1,0.22756193882693612,1.0,0.22756193882693612,2.09662463297251,1.5617948871634975,0,270,0
theme_academi,12450.0,1,0,0.4547649907778833,0.5,0.22738249538894165,3.3620860228553178,8.268674276503795,0,271,0
atto_imagedragdrop,110.0,1,1,0.22712940127937162,1.0,0.22712940127937162,2.0923117634697994,1.561170292026992,0,272,0
logstore_lanalytics,1368.0,0,1,0.45406932611673967,0.5,0.22703466305836983,4.338927689390062,2.6243630497519934,0,273,0
quiz_mcq,108.0,1,1,0.22625251142609396,1.0,0.22625251142609396,2.083568218483399,1.5599211017539814,0,274,0
mod_interactivevideo,1322.0,1,0,0.4524209708632363,0.5,0.22621048543161815,4.3224917958069575,2.5956316734727443,0,275,0
block_time,107.0,1,1,0.22580801414795856,1.0,0.22580801414795856,2.07913609746708,1.5592965066174758,0,276,0
filter_ipa,107.0,1,1,0.22580801414795856,1.0,0.22580801414795856,2.07913609746708,1.5592965066174758,0,277,0
quizaccess_offlinemode,107.0,1,1,0.22580801414795856,1.0,0.22580801414795856,2.07913609746708,1.5592965066174758,0,278,0
theme_pioneer,107.0,1,1,0.22580801414795856,1.0,0.22580801414795856,2.07913609746708,1.5592965066174758,0,279,0
atto_sketchfab,11.0,1,1,0.22561853770595497,1.0,0.22561853770595497,3.0610250107558987,2.776787449514147,0,280,0
availability_otherenrolled,106.0,1,1,0.22535938195206176,1.0,0.22535938195206176,2.074662746826165,1.5586719114809704,0,281,0
format_collapsibleweeks,105.0,1,1,0.22490653718567014,1.0,0.22490653718567014,2.070147392278497,1.558047316344465,0,282,0
report_forumgraph,105.0,1,1,0.22490653718567014,1.0,0.22490653718567014,2.070147392278497,1.558047316344465,0,283,0
theme_aigne,105.0,1,1,0.22490653718567014,1.0,0.22490653718567014,2.070147392278497,1.558047316344465,0,284,0
local_mailtest,11110.0,1,0,0.44927353756242117,0.5,0.22463676878121058,3.307330265275692,7.431716793586542,0,285,0
qtype_ordering,1211.0,1,0,0.4481947852327688,0.5,0.2240973926163844,4.2803521313522355,2.5263016133206433,0,286,0
local_vxg_menus,103.0,1,1,0.22398788820494142,1.0,0.22398788820494142,2.0609874634006693,1.5567981260714543,0,287,0
auth_azureb2c,102.0,1,1,0.2235219173019444,1.0,0.2235219173019444,2.0563412270033847,1.5561735309349487,0,288,0
filter_shortcodes,2950.0,1,0,0.44623146170752664,0.5,0.22311573085376332,3.8433736698592593,3.5402441123819828,0,289,0
availability_enrol,101.0,1,1,0.22305140026958728,1.0,0.22305140026958728,2.0516496607548937,1.5555489357984433,0,290,0
format_fntabs,101.0,1,1,0.22305140026958728,1.0,0.22305140026958728,2.0516496607548937,1.5555489357984433,0,291,0
format_onetopic,10334.0,1,0,0.44578188655152573,0.5,0.22289094327576287,3.2725147093920643,6.947030967658341,0,292,0
theme_rocket,100.0,1,1,0.22257624752681385,1.0,0.22257624752681385,2.046911871434693,1.554924340661938,0,293,0
tool_adhoc,99.0,1,1,0.2220963668184192,1.0,0.2220963668184192,2.0421269391581127,1.5542997455254324,0,294,0
format_remuiformat,9969.0,1,0,0.4440478333377111,0.5,0.22202391666885554,3.25522431399391,6.719053742833864,0,295,0
theme_simple,98.0,1,1,0.22161166310754238,1.0,0.22161166310754238,2.037293916304346,1.5536751503889272,0,296,0
block_public_files,96.0,1,1,0.2206273919390314,1.0,0.2206273919390314,2.0274796628852596,1.5524259601159163,0,297,0
block_searchcourses,96.0,1,1,0.2206273919390314,1.0,0.2206273919390314,2.0274796628852596,1.5524259601159163,0,298,0
mod_coursecertificate,8970.0,1,0,0.43895579643954047,0.5,0.21947789821977023,3.2044511712495307,6.0950832014649565,0,299,0
filter_scratch,92.0,1,1,0.2185964555089191,1.0,0.2185964555089191,2.007229019118735,1.5499275795698946,0,300,0
mod_stream,105.0,1,0,0.43646137871182805,0.5,0.21823068935591403,5.147135513897633,3.2357398219935245,0,301,0
block_game,948.0,1,0,0.4363974251787478,0.5,0.2181987125893739,4.16271962828753,2.3620330924197197,0,302,0
mod_game,8487.0,1,0,0.43628669940604514,0.5,0.21814334970302257,3.177837372608569,5.793403750532843,0,303,0
block_fbcomments,91.0,1,1,0.21807507082784244,1.0,0.21807507082784244,2.002030247121119,1.5493029844333892,0,304,0
block_videochat,91.0,1,1,0.21807507082784244,1.0,0.21807507082784244,2.002030247121119,1.5493029844333892,0,305,0
profilefield_dynamicmenu,91.0,1,1,0.21807507082784244,1.0,0.21807507082784244,2.002030247121119,1.5493029844333892,0,306,0
qbehaviour_asyncevaluation,25.0,1,1,0.21802790437127187,1.0,0.21802790437127187,2.5679361537698657,2.713303338103648,0,307,0
local_yukaltura,49.0,1,0,0.4357794130233303,0.5,0.21788970651166514,5.471032233801986,5.600375493210216,0,308,0
block_ajax_marking,90.0,1,1,0.21754798784070611,1.0,0.21754798784070611,1.9967746568182243,1.5486783892968838,0,309,0
block_formillalivechat,90.0,1,1,0.21754798784070611,1.0,0.21754798784070611,1.9967746568182243,1.5486783892968838,0,310,0
repository_recordaudio,90.0,1,1,0.21754798784070611,1.0,0.21754798784070611,1.9967746568182243,1.5486783892968838,0,311,0
block_course_status_tracker,89.0,1,1,0.21701508061429214,1.0,0.21701508061429214,1.9914609925189835,1.5480537941603782,0,312,0
filter_filtercodes,7840.0,1,0,0.4324628754714177,0.5,0.21623143773570885,3.1397096916147484,5.3892906972138395,0,313,0
block_inactiveuseralert,87.0,1,1,0.2159312684129619,1.0,0.2159312684129619,1.980654206804997,1.5468046038873675,0,314,0
block_dataformaccessfield,86.0,1,1,0.21538008969048547,1.0,0.21538008969048547,1.975158355829523,1.5461800087508621,0,315,0
format_mindmap,86.0,1,1,0.21538008969048547,1.0,0.21538008969048547,1.975158355829523,1.5461800087508621,0,316,0
assignsubmission_mediagallery,85.0,1,1,0.2148225388185276,1.0,0.2148225388185276,1.9695989675974108,1.5455554136143568,0,317,0
block_course_menu,85.0,1,1,0.2148225388185276,1.0,0.2148225388185276,1.9695989675974108,1.5455554136143568,0,318,0
report_deviceanalytics,85.0,1,1,0.2148225388185276,1.0,0.2148225388185276,1.9695989675974108,1.5455554136143568,0,319,0
theme_dynamic,82.0,1,1,0.21311013597877435,1.0,0.21311013597877435,1.9525244499618633,1.5436816282048405,0,320,0
filter_filmsondemand,8.0,1,1,0.21174431796816154,1.0,0.21174431796816154,2.9226839591686735,2.7749136641046306,0,321,0
filter_medimgviewer,8.0,1,1,0.21174431796816154,1.0,0.21174431796816154,2.9226839591686735,2.7749136641046306,0,322,0
block_dataformnotification,79.0,1,1,0.21133468591971163,1.0,0.21133468591971163,1.9348212830196334,1.5418078427953241,0,323,0
mod_jupyternotebook,79.0,1,1,0.21133468591971163,1.0,0.21133468591971163,1.9348212830196334,1.5418078427953241,0,324,0
qbehaviour_interactiveexplain,79.0,1,1,0.21133468591971163,1.0,0.21133468591971163,1.9348212830196334,1.5418078427953241,0,325,0
local_importtosection,78.0,1,1,0.21072804127590586,1.0,0.21072804127590586,1.9287723765189502,1.5411832476588188,0,326,0
local_wikiexport,78.0,1,1,0.21072804127590586,1.0,0.21072804127590586,1.9287723765189502,1.5411832476588188,0,327,0
block_mycoursestatus,77.0,1,1,0.21011366846714802,1.0,0.21011366846714802,1.922646411813444,1.5405586525223134,0,328,0
block_resetcompletion,77.0,1,1,0.21011366846714802,1.0,0.21011366846714802,1.922646411813444,1.5405586525223134,0,329,0
block_sms,77.0,1,1,0.21011366846714802,1.0,0.21011366846714802,1.922646411813444,1.5405586525223134,0,330,0
gradeexport_apogee,77.0,1,1,0.21011366846714802,1.0,0.21011366846714802,1.922646411813444,1.5405586525223134,0,331,0
block_completeyourprofile,76.0,1,1,0.2094913680487266,1.0,0.2094913680487266,1.9164414002225523,1.539934057385808,0,332,0
report_daily,75.0,1,1,0.20886093275413167,1.0,0.20886093275413167,1.9101552750738788,1.5393094622493027,0,333,0
block_enrol_duration,74.0,1,1,0.20822214708062575,1.0,0.20822214708062575,1.903785887570887,1.538684867112797,0,334,0
block_remaining_lesson_timer,74.0,1,1,0.20822214708062575,1.0,0.20822214708062575,1.903785887570887,1.538684867112797,0,335,0
local_loginas,74.0,1,1,0.20822214708062575,1.0,0.20822214708062575,1.903785887570887,1.538684867112797,0,336,0
atto_morefontcolors,5543.0,0,1,0.4157447677643112,0.5,0.2078723838821556,2.9730119857647006,3.9545956686609047,0,337,0
qbank_purgecategory,612.0,1,0,0.41531984278332235,0.5,0.20765992139166117,3.9525532211953434,2.1521691265539005,0,338,0
auth_onelogin_saml,73.0,1,1,0.20757478684699768,1.0,0.20757478684699768,1.8973310023832246,1.5380602719762917,0,339,0
block_side_bar,73.0,1,1,0.20757478684699768,1.0,0.20757478684699768,1.8973310023832246,1.5380602719762917,0,340,0
gradeexport_pdf,73.0,1,1,0.20757478684699768,1.0,0.20757478684699768,1.8973310023832246,1.5380602719762917,0,341,0
mod_eduplayer,73.0,1,1,0.20757478684699768,1.0,0.20757478684699768,1.8973310023832246,1.5380602719762917,0,342,0
mod_grouptool,594.0,1,0,0.41388248964526664,0.5,0.20694124482263332,3.938221248055321,2.1409264140968034,0,343,0
atto_matrix,72.0,1,1,0.20691861872122938,1.0,0.20691861872122938,1.8907882929370468,1.5374356768397863,0,344,0
block_dataformaccessentry,72.0,1,1,0.20691861872122938,1.0,0.20691861872122938,1.8907882929370468,1.5374356768397863,0,345,0
qformat_canvas,72.0,1,1,0.20691861872122938,1.0,0.20691861872122938,1.8907882929370468,1.5374356768397863,0,346,0
repository_pod,72.0,1,1,0.20691861872122938,1.0,0.20691861872122938,1.8907882929370468,1.5374356768397863,0,347,0
block_gismo,70.0,1,1,0.20557887664638635,1.0,0.20557887664638635,1.877429608197136,1.5361864865667756,0,348,0
block_quick_course,70.0,1,1,0.20557887664638635,1.0,0.20557887664638635,1.877429608197136,1.5361864865667756,0,349,0
calendartype_hijri,70.0,1,1,0.20557887664638635,1.0,0.20557887664638635,1.877429608197136,1.5361864865667756,0,350,0
local_notifycohorts,70.0,1,1,0.20557887664638635,1.0,0.20557887664638635,1.877429608197136,1.5361864865667756,0,351,0
theme_photo,70.0,1,1,0.20557887664638635,1.0,0.20557887664638635,1.877429608197136,1.5361864865667756,0,352,0
format_flexsections,4924.0,1,0,0.410035004787114,0.5,0.205017502393557,2.916079442565346,3.5679712791640537,0,353,0
block_eledia_course_archiving,69.0,1,1,0.20489478555547636,1.0,0.20489478555547636,1.870608476437189,1.53556189143027,0,354,0
local_bs_badge_pool,69.0,1,1,0.20489478555547636,1.0,0.20489478555547636,1.870608476437189,1.53556189143027,0,355,0
qtype_answersselect,260.0,1,0,0.40969799790502626,0.5,0.20484899895251313,4.227193976098002,3.137535271183611,0,356,0
local_boostnavigation,1981.0,0,1,0.4090306450800811,0.5,0.20451532254004054,3.304991874594902,2.9109352773343784,0,357,0
qbehaviour_certaintywithstudentfbdeferred,81.0,1,0,0.40844433123644397,0.5,0.20422216561822198,4.72235259766585,5.436180007108374,0,358,0
atto_structure,68.0,1,1,0.20420085109004904,1.0,0.20420085109004904,1.863689195533894,1.5349372962937646,0,359,0
auth_lenauth,68.0,1,1,0.20420085109004904,1.0,0.20420085109004904,1.863689195533894,1.5349372962937646,0,360,0
block_dyslexic,68.0,1,1,0.20420085109004904,1.0,0.20420085109004904,1.863689195533894,1.5349372962937646,0,361,0
mod_groupformation,68.0,1,1,0.20420085109004904,1.0,0.20420085109004904,1.863689195533894,1.5349372962937646,0,362,0
format_buttons,4733.0,1,0,0.4081274211757116,0.5,0.2040637105878558,2.897058760481647,3.4486736080915197,0,363,0
qtype_gapselect,54.0,0,1,0.407992247069363,0.5,0.2039961235346815,4.892780372761079,4.347714925888026,0,364,0
local_contact,4707.0,1,0,0.40786181619485634,0.5,0.20393090809742817,2.894410390119007,3.4324341345423792,0,365,0
local_openlms,586.0,1,0,0.4072000630579965,0.5,0.20360003152899825,3.815512263562813,2.1250953865065236,0,366,0
block_dataformaccessview,67.0,1,1,0.2034967858372134,1.0,0.2034967858372134,1.8566688996683192,1.5343127011572593,0,367,0
mod_qcreate,67.0,1,1,0.2034967858372134,1.0,0.2034967858372134,1.8566688996683192,1.5343127011572593,0,368,0
enrol_programs,510.0,1,0,0.4065426416305751,0.5,0.20327132081528754,3.86503498518557,2.0884604226303485,0,369,0
auth_enrolkey,509.0,0,1,0.40644817027170854,0.5,0.20322408513585427,3.8640930030505407,2.087835827493843,0,370,0
assignsubmission_physical,5.0,0,1,0.40581344188391594,0.5,0.20290672094195797,5.844562152754168,2.547714540745771,0,371,0
block_remlab_manager,18.0,1,1,0.2029009489204621,1.0,0.2029009489204621,2.417103965443075,2.7089311721481097,0,372,0
filter_multilangsecond,66.0,1,1,0.20278228960925757,1.0,0.20278228960925757,1.8495445956426835,1.533688106020754,0,373,0
webservice_restful,1238.0,1,0,0.4043776342348777,0.5,0.20218881711743886,3.4260455162806993,2.4709372386847144,0,374,0
report_questionstats,65.0,1,1,0.20205704867516844,1.0,0.20205704867516844,1.8423131552177716,1.5330635108842485,0,375,0
qtype_gapfill,4345.0,1,0,0.4040032547060957,0.5,0.20200162735304786,2.855936337951947,3.206330695127419,0,376,0
mod_richmedia,64.0,1,1,0.2013207349334816,1.0,0.2013207349334816,1.8349713068653482,1.532438915747743,0,377,0
qformat_htmltable,64.0,1,1,0.2013207349334816,1.0,0.2013207349334816,1.8349713068653482,1.532438915747743,0,378,0
theme_crisp,64.0,1,1,0.2013207349334816,1.0,0.2013207349334816,1.8349713068653482,1.532438915747743,0,379,0
atto_qrcode,63.0,1,1,0.20057300502100409,1.0,0.20057300502100409,1.827515626881155,1.5318143206112376,0,380,0
block_cmanager,63.0,1,1,0.20057300502100409,1.0,0.20057300502100409,1.827515626881155,1.5318143206112376,0,381,0
block_dataform_view,63.0,1,1,0.20057300502100409,1.0,0.20057300502100409,1.827515626881155,1.5318143206112376,0,382,0
local_megamenu,63.0,1,1,0.20057300502100409,1.0,0.20057300502100409,1.827515626881155,1.5318143206112376,0,383,0
atto_fullscreen,4078.0,1,0,0.40094543007685396,0.5,0.20047271503842698,2.825446502647818,3.0395637936804736,0,384,0
qformat_h5p,3995.0,1,0,0.3999539668247889,0.5,0.19997698341239445,2.8155605363381486,2.987722397350524,0,385,0
report_overviewstats,3975.0,1,0,0.39971198130315516,0.5,0.19985599065157758,2.81314767765749,2.9752304946204156,0,386,0
block_search_course,62.0,1,1,0.1998134993513493,1.0,0.1998134993513493,1.8199425297980598,1.5311897254747322,0,387,0
theme_educator,62.0,1,1,0.1998134993513493,1.0,0.1998134993513493,1.8199425297980598,1.5311897254747322,0,388,0
tool_genmobilecss,62.0,1,1,0.1998134993513493,1.0,0.1998134993513493,1.8199425297980598,1.5311897254747322,0,389,0
filter_cvod,6.0,1,1,0.19962402290934572,1.0,0.19962402290934572,2.801831443086879,2.77366447383162,0,390,0
theme_degrade,3931.0,1,0,0.3991753002504331,0.5,0.19958765012521654,2.807796384207937,2.9477483086141776,0,391,0
enrol_coursecompleted,3925.0,1,0,0.3991016515520583,0.5,0.19955082577602914,2.807062026631529,2.944000737795145,0,392,0
local_boost_dark,3887.0,1,0,0.3986325796933758,0.5,0.1993162898466879,2.8023848703354286,2.9202661226079396,0,393,0
theme_boost_magnific,3865.0,1,0,0.398358911821517,0.5,0.1991794559107585,2.799656104185398,2.90652502960482,0,394,0
block_dukreminder,61.0,1,1,0.19904184107654516,1.0,0.19904184107654516,1.8122482580321604,1.5305651303382268,0,395,0
block_my_courses,61.0,1,1,0.19904184107654516,1.0,0.19904184107654516,1.8122482580321604,1.5305651303382268,0,396,0
block_sitenews,61.0,1,1,0.19904184107654516,1.0,0.19904184107654516,1.8122482580321604,1.5305651303382268,0,397,0
mod_teambuilder,61.0,1,1,0.19904184107654516,1.0,0.19904184107654516,1.8122482580321604,1.5305651303382268,0,398,0
filter_mb2shortcodes,3760.0,1,0,0.397030940313449,0.5,0.1985154701567245,2.786414784790436,2.840942540271752,0,399,0
local_barcode,4.0,0,1,0.39702050835024955,0.5,0.19851025417512477,5.756887047806071,2.5470899456092653,0,400,0
block_bs_recent_badges,60.0,1,1,0.19825763496420956,1.0,0.19825763496420956,1.8044288706870029,1.5299405352017215,0,401,0
local_coursefiles,60.0,1,1,0.19825763496420956,1.0,0.19825763496420956,1.8044288706870029,1.5299405352017215,0,402,0
format_multitopic,3652.0,1,0,0.3956257742225493,0.5,0.19781288711127465,2.7724037514967765,2.7734862655291668,0,403,0
availability_coursecompleted,3614.0,1,0,0.39512146326930053,0.5,0.19756073163465027,2.7673752231241613,2.7497516503419615,0,404,0
enrol_metabulk,59.0,1,1,0.1974604661819182,1.0,0.1974604661819182,1.7964802314324084,1.5293159400652159,0,405,0
local_bs_badge_ladder,59.0,1,1,0.1974604661819182,1.0,0.1974604661819182,1.7964802314324084,1.5293159400652159,0,406,0
mod_dataformembed,59.0,1,1,0.1974604661819182,1.0,0.1974604661819182,1.7964802314324084,1.5293159400652159,0,407,0
mod_checkmark,398.0,1,0,0.39461073592568396,0.5,0.19730536796284198,3.7460609157351774,2.0185057673417424,0,408,0
theme_almondb,3566.0,1,0,0.394476807210911,0.5,0.1972384036054555,2.7609473015029726,2.7197710837897016,0,409,0
atto_wiris,3514.0,1,0,0.39376856632966956,0.5,0.19688428316483478,2.7538853700834274,2.68729213669142,0,410,0
local_mb2builder,3486.0,1,0,0.3933828535705191,0.5,0.19669142678525955,2.7500393946181454,2.6698034728692686,0,411,0
block_my_external_backup_restore_courses,100.0,1,0,0.3933598355064619,0.5,0.19667991775323096,4.33817504715563,3.10982849266432,0,412,0
block_login_info,58.0,1,1,0.1966498989794046,1.0,0.1966498989794046,1.7883979953645746,1.5286913449287105,0,413,0
gradereport_sitewideuser,58.0,1,1,0.1966498989794046,1.0,0.1966498989794046,1.7883979953645746,1.5286913449287105,0,414,0
local_recyclebin,58.0,1,1,0.1966498989794046,1.0,0.1966498989794046,1.7883979953645746,1.5286913449287105,0,415,0
mod_treasurehunt,381.0,1,0,0.39251086666189894,0.5,0.19625543333094947,3.7251229366893073,2.00788765002115,0,416,0
local_gradebook,57.0,1,1,0.19582547525811153,1.0,0.19582547525811153,1.7801775947429481,1.5280667497922051,0,417,0
local_lpautocomplete,57.0,1,1,0.19582547525811153,1.0,0.19582547525811153,1.7801775947429481,1.5280667497922051,0,418,0
mod_ipal,57.0,1,1,0.19582547525811153,1.0,0.19582547525811153,1.7801775947429481,1.5280667497922051,0,419,0
theme_joomdlebs,57.0,1,1,0.19582547525811153,1.0,0.19582547525811153,1.7801775947429481,1.5280667497922051,0,420,0
qtype_ddmatch,3277.0,1,0,0.39040198738964915,0.5,0.19520099369482458,2.720316918695479,2.539263089339637,0,421,0
local_reminders,3263.0,1,0,0.390195571120424,0.5,0.195097785560212,2.718258724123893,2.5305187574285615,0,422,0
format_periods,56.0,1,1,0.19498671301633824,1.0,0.19498671301633824,1.7718142234866538,1.5274421546556998,0,423,0
atto_wordimport,3245.0,1,0,0.389928873961813,0.5,0.1949644369809065,2.715599463561869,2.5192760449714635,0,424,0
block_znanium_com,100.0,1,0,0.38925135279655787,0.5,0.19462567639827894,4.258998247961056,3.0989942261660834,0,425,0
local_leeloolxp_web_login_tracking,2.0,1,1,0.19431790821454076,1.0,0.19431790821454076,3.0796203711068353,3.976389725965214,0,426,0
mod_jitsi,3148.0,1,0,0.3884657192154496,0.5,0.1942328596077248,2.7010102203415545,2.4586903167304386,0,427,0
filter_mediagallery,55.0,1,1,0.1941331046567688,1.0,0.1941331046567688,1.7633028202987104,1.5268175595191944,0,428,0
local_vxg_dashboard,55.0,1,1,0.1941331046567688,1.0,0.1941331046567688,1.7633028202987104,1.5268175595191944,0,429,0
quizaccess_passgrade,55.0,1,1,0.1941331046567688,1.0,0.1941331046567688,1.7633028202987104,1.5268175595191944,0,430,0
tinymce_sketch,55.0,1,1,0.1941331046567688,1.0,0.1941331046567688,1.7633028202987104,1.5268175595191944,0,431,0
qtype_multichoicewiris,2021.0,1,0,0.38680634468963654,0.5,0.19340317234481827,2.867733213069662,2.9084034853387566,0,432,0
auth_emailotp,54.0,1,1,0.19326411514150207,1.0,0.19326411514150207,1.754638050269676,1.5261929643826888,0,433,0
block_annotate,54.0,1,1,0.19326411514150207,1.0,0.19326411514150207,1.754638050269676,1.5261929643826888,0,434,0
block_meet_the_students,54.0,1,1,0.19326411514150207,1.0,0.19326411514150207,1.754638050269676,1.5261929643826888,0,435,0
local_course_announcement,54.0,1,1,0.19326411514150207,1.0,0.19326411514150207,1.754638050269676,1.5261929643826888,0,436,0
report_mygrades,54.0,1,1,0.19326411514150207,1.0,0.19326411514150207,1.754638050269676,1.5261929643826888,0,437,0
block_playerhud,86.0,1,0,0.3861636776701336,0.5,0.1930818388350668,4.26642153155046,3.1010841607532442,0,438,0
qtype_shortanswerwiris,1991.0,1,0,0.3860854401861829,0.5,0.19304272009309145,2.8605450115717366,2.889665631243594,0,439,0
theme_lambda2,2966.0,1,0,0.3855945557384093,0.5,0.19279727786920464,2.6723815996191487,2.3450140018864536,0,440,0
qtype_multianswerwiris,1956.0,1,0,0.38523053481010655,0.5,0.19261526740505328,2.852020675719407,2.8678048014659048,0,441,0
block_search_course_category,53.0,1,1,0.1923791799777912,1.0,0.1923791799777912,1.7458142847932796,1.5255683692461834,0,442,0
local_usersynccsv,53.0,1,1,0.1923791799777912,1.0,0.1923791799777912,1.7458142847932796,1.5255683692461834,0,443,0
qtype_truefalsewiris,1932.0,1,0,0.3846354307457149,0.5,0.19231771537285744,2.8460868413396962,2.852814518189775,0,444,0
qtype_matchwiris,1929.0,1,0,0.3845605237465296,0.5,0.1922802618732648,2.8453399371364783,2.8509407327802587,0,445,0
qtype_essaywiris,1928.0,1,0,0.3845355288699504,0.5,0.1922677644349752,2.8450907110484094,2.850316137643753,0,446,0
block_checklist,2837.0,1,0,0.38345075332352874,0.5,0.19172537666176437,2.651005559303027,2.2644412292772547,0,447,0
local_eportfolio,81.0,1,0,0.38330913967024105,0.5,0.19165456983512053,4.237958684906543,3.097961185070717,0,448,0
tiny_fontsize,2816.0,1,0,0.38309256250675505,0.5,0.19154628125337753,2.6474340075186498,2.2513247314106413,0,449,0
mod_certificatebeautiful,2813.0,1,0,0.383041174528233,0.5,0.1915205872641165,2.646921613515813,2.249450946001125,0,450,0
block_courseaward_medal,14.0,1,1,0.19150048234824865,1.0,0.19150048234824865,2.3034289218016046,2.7064327916020883,0,451,0
block_login_logout,52.0,1,1,0.1914777030155028,1.0,0.1914777030155028,1.7368255796046972,1.524943774109678,0,452,0
theme_afterburner,52.0,1,1,0.1914777030155028,1.0,0.1914777030155028,1.7368255796046972,1.524943774109678,1,453,0
block_openai_chat,2771.0,1,0,0.38231593359414384,0.5,0.19115796679707192,2.6396901730909015,2.2232179502678977,0,454,0
atto_easychem,51.0,1,1,0.1905590540347741,1.0,0.1905590540347741,1.7276656507268695,1.5243191789731727,0,455,0
message_slack,51.0,1,1,0.1905590540347741,1.0,0.1905590540347741,1.7276656507268695,1.5243191789731727,0,456,0
block_accessibility,2690.0,1,0,0.3808856853870297,0.5,0.19044284269351486,2.6254290438351826,2.172625744210959,0,457,0
atto_morebackcolors,2634.0,0,1,0.37987147364229873,0.5,0.18993573682114936,2.6153162503268024,2.1376484165666563,0,458,0
filter_ws,75.0,1,0,0.37964452073377974,0.5,0.18982226036688987,4.201418450794816,3.0942136142516845,0,459,0
mod_publication,2603.0,1,0,0.3793007259955205,0.5,0.18965036299776025,2.609625275905289,2.1182859673349883,0,460,0
theme_anomaly,50.0,1,1,0.18962256609941996,1.0,0.18962256609941996,1.7183278480810937,1.5236945838366673,1,461,0
theme_sharp,50.0,1,1,0.18962256609941996,1.0,0.18962256609941996,1.7183278480810937,1.5236945838366673,0,462,0
tinymce_html_components,50.0,1,1,0.18962256609941996,1.0,0.18962256609941996,1.7183278480810937,1.5236945838366673,0,463,0
block_analytics_graphs,2549.0,1,0,0.3782900987476718,0.5,0.1891450493738359,2.5995482237270506,2.0845578299636958,0,464,0
availability_language,2506.0,1,0,0.3774699139136017,0.5,0.18873495695680084,2.5913700894185627,2.057700239093963,0,465,0
assignment_onlineaudio,49.0,1,1,0.18866753264825184,1.0,0.18866753264825184,1.7088051264843125,1.5230699887001617,0,466,0
filter_oembed,1008.0,0,1,0.37646993138871293,0.5,0.18823496569435647,2.9803261667119423,2.303204209514611,0,467,0
availability_relativedate,2437.0,1,0,0.37612393967317787,0.5,0.18806196983658893,2.5779492632136605,2.0146031746750896,0,468,0
qbehaviour_adaptiveexternalgrading,82.0,1,0,0.3755761810030687,0.5,0.18778809050153436,4.083495743041858,1.943922057852709,0,469,0
profilefield_dynamicmultiselect,48.0,1,1,0.18769320429253347,1.0,0.18769320429253347,1.6990900137162652,1.5224453935636564,0,470,0
report_coursemodstats,48.0,1,1,0.18769320429253347,1.0,0.18769320429253347,1.6990900137162652,1.5224453935636564,0,471,0
availability_xp,2356.0,1,0,0.3744944054419666,0.5,0.1872472027209833,2.5617010356806142,1.964010968618151,0,472,0
local_custompage,260.0,1,0,0.3741409590561058,0.5,0.1870704795280529,3.541954990399466,1.932311638503995,0,473,0
block_massaction,2313.0,1,0,0.37360643885859135,0.5,0.18680321942929567,2.552847043655115,1.9371533777484184,0,474,0
assignment_poodllonline,47.0,1,1,0.18669878528321068,1.0,0.18669878528321068,1.6891745752939298,1.521820798427151,0,475,0
block_activity_track,47.0,1,1,0.18669878528321068,1.0,0.18669878528321068,1.6891745752939298,1.521820798427151,0,476,0
block_enrollment,47.0,1,1,0.18669878528321068,1.0,0.18669878528321068,1.6891745752939298,1.521820798427151,0,477,0
theme_serenity,47.0,1,1,0.18669878528321068,1.0,0.18669878528321068,1.6891745752939298,1.521820798427151,1,478,0
theme_uikit,47.0,1,1,0.18669878528321068,1.0,0.18669878528321068,1.6891745752939298,1.521820798427151,0,479,0
tool_datatables,47.0,1,1,0.18669878528321068,1.0,0.18669878528321068,1.6891745752939298,1.521820798427151,0,480,0
tool_uploadexternalcontentresults,47.0,1,1,0.18669878528321068,1.0,0.18669878528321068,1.6891745752939298,1.521820798427151,0,481,0
tiny_cloze,2259.0,1,0,0.3724676491248183,0.5,0.18623382456240914,2.54149207218398,1.9034252403771261,0,482,0
mod_videolesson,69.0,1,0,0.3715698908252204,0.5,0.1857849454126102,4.082694852963552,3.079631776934416,0,483,0
filter_toc,46.0,1,1,0.18568342960619202,1.0,0.18568342960619202,1.6790503755372264,1.5211962032906456,0,484,0
mod_coursebadges,46.0,1,1,0.18568342960619202,1.0,0.18568342960619202,1.6790503755372264,1.5211962032906456,0,485,0
theme_sky_high,46.0,1,1,0.18568342960619202,1.0,0.18568342960619202,1.6790503755372264,1.5211962032906456,1,486,0
quizaccess_proctoring,2165.0,1,0,0.37041881160030254,0.5,0.18520940580015127,2.521062935048377,1.844713297545617,0,487,0
mod_videofront,61.0,0,1,0.36982542905619326,0.5,0.18491271452809663,4.103511433753097,3.085469282340609,0,488,0
mod_ivs,236.0,1,0,0.3694889106415261,0.5,0.18474445532076306,3.4955690110888935,1.9173213552278652,0,489,0
block_enrolltranscripts,45.0,1,1,0.1846462366576751,1.0,0.1846462366576751,1.668708434447319,1.5205716081541403,0,490,0
block_semester_sortierung,45.0,1,1,0.1846462366576751,1.0,0.1846462366576751,1.668708434447319,1.5205716081541403,0,491,0
enrol_lmb,45.0,1,1,0.1846462366576751,1.0,0.1846462366576751,1.668708434447319,1.5205716081541403,0,492,0
qformat_simplecsv,45.0,1,1,0.1846462366576751,1.0,0.1846462366576751,1.668708434447319,1.5205716081541403,0,493,0
mod_unilabel,2088.0,1,0,0.36867313279021846,0.5,0.18433656639510923,2.5036566198187913,1.7966194720347002,0,494,0
tiny_wiris,2052.0,1,0,0.36783477557234456,0.5,0.18391738778617228,2.495297287091021,1.7741340471205054,0,495,0
auth_edwiserbridge,2041.0,1,0,0.36757567666046753,0.5,0.18378783833023377,2.4927137893079685,1.7672635006189459,0,496,0
tiny_fontfamily,2035.0,1,0,0.3674337610702361,0.5,0.18371688053511806,2.4912987366159776,1.7635159297999135,0,497,0
availability_dataformcontent,44.0,1,1,0.1835862464441248,1.0,0.1835862464441248,1.6581391798451834,1.5199470130176347,0,498,0
block_socialshare,44.0,1,1,0.1835862464441248,1.0,0.1835862464441248,1.6581391798451834,1.5199470130176347,0,499,0
tiny_wordimport,1153.0,1,0,0.36704822988234836,0.5,0.18352411494117418,2.73852815897285,2.3745095860888092,0,500,0
mod_mindmap,2010.0,1,0,0.3668379094918238,0.5,0.1834189547459119,2.4853574487089594,1.7479010513872781,0,501,0
local_searchquestions,43.0,1,1,0.18250243424279453,1.0,0.18250243424279453,1.647332394131197,1.5193224178811293,0,502,0
theme_fusion,43.0,1,1,0.18250243424279453,1.0,0.18250243424279453,1.647332394131197,1.5193224178811293,1,503,0
theme_splash,43.0,1,1,0.18250243424279453,1.0,0.18250243424279453,1.647332394131197,1.5193224178811293,1,504,0
mod_attendanceregister,1907.0,1,0,0.36430226856092,0.5,0.18215113428046,2.460074352473046,1.6835677523272206,0,505,0
paygw_stripe,1892.0,1,0,0.3639216224390555,0.5,0.18196081121952776,2.456278896888766,1.6741988252796394,0,506,0
block_twitter,42.0,1,1,0.18139370464836024,1.0,0.18139370464836024,1.636277154923611,1.518697822744624,0,507,0
logstore_trax,42.0,1,1,0.18139370464836024,1.0,0.18139370464836024,1.636277154923611,1.518697822744624,0,508,0
theme_darkb,42.0,1,1,0.18139370464836024,1.0,0.18139370464836024,1.636277154923611,1.518697822744624,0,509,0
tool_themetester,42.0,1,1,0.18139370464836024,1.0,0.18139370464836024,1.636277154923611,1.518697822744624,0,510,0
block_edwiser_site_monitor,1844.0,1,0,0.3626829639645504,0.5,0.1813414819822752,2.4439281255186334,1.6442182587273795,0,511,0
block_page_module,25.0,0,1,0.36215719210462405,0.5,0.18107859605231202,4.345529849226122,2.031108488718578,0,512,0
tool_realtime,201.0,1,0,0.36178250246006016,0.5,0.18089125123003008,3.4187277449180615,1.8954605254501757,0,513,0
mod_quest,199.0,1,0,0.3613026217516655,0.5,0.18065131087583275,3.413942812641481,1.8942113351771648,0,514,0
theme_snap,1785.0,1,0,0.36111552819015635,0.5,0.18055776409507818,2.4282990870989494,1.6073671456735599,0,515,0
enrol_temporaryaccess,41.0,1,1,0.18025888491897538,1.0,0.18025888491897538,1.624961768711485,1.5180732276081184,0,516,0
qtype_essayautograde,1737.0,1,0,0.35980164134853304,0.5,0.17990082067426652,2.4151982071379914,1.5773865791213,0,517,0
local_mass_enroll,1713.0,1,0,0.35913102641878897,0.5,0.17956551320939448,2.4085114473529945,1.5623962958451703,0,518,0
local_geniai,1703.0,1,0,0.35884882775942967,0.5,0.17942441387971483,2.40569761997891,1.5561503444801161,0,519,0
tool_objectfs,1701.0,1,0,0.35879218933450546,0.5,0.17939609466725273,2.4051328733183883,1.5549011542071052,0,520,0
theme_leatherbound,40.0,1,1,0.1790967175204256,1.0,0.1790967175204256,1.6133736965118057,1.5174486324716132,1,521,0
theme_learnr,1678.0,1,0,0.3581360212087371,0.5,0.17906801060436855,2.3985901638722105,1.5405354660674808,0,522,0
tool_courserating,1619.0,1,0,0.35641081198954205,0.5,0.17820540599477103,2.381387952713532,1.5036843530136612,0,523,0
local_wirisquizzes,1615.0,1,0,0.35629158420748325,0.5,0.17814579210374162,2.380199122129892,1.5011859724676397,0,524,0
theme_formfactor,39.0,1,1,0.1779058517495443,1.0,0.1779058517495443,1.6014994703458338,1.5168240373351076,1,525,0
theme_overlay,39.0,1,1,0.1779058517495443,1.0,0.1779058517495443,1.6014994703458338,1.5168240373351076,1,526,0
tinymce_virtualkeyboard,39.0,1,1,0.1779058517495443,1.0,0.1779058517495443,1.6014994703458338,1.5168240373351076,0,527,0
local_cohortrole,1591.0,1,0,0.35556996057047285,0.5,0.17778498028523643,2.373003750088734,1.4861956891915096,0,528,0
qtype_wordselect,1569.0,1,0,0.3548988507581698,0.5,0.1774494253790849,2.366312055786703,1.4724545961883906,0,529,0
local_welcome,1540.0,1,0,0.3539996920967653,0.5,0.17699984604838265,2.357346466577847,1.4543413372297336,0,530,0
local_course_templates,1527.0,0,1,0.3535911142391547,0.5,0.17679555711957734,2.3532725012273383,1.4462216004551633,0,531,0
block_unanswered_discussions,38.0,1,1,0.17668483429698068,1.0,0.17668483429698068,1.5893245991396443,1.5161994421986023,0,532,0
plagiarism_vericite,38.0,1,1,0.17668483429698068,1.0,0.17668483429698068,1.5893245991396443,1.5161994421986023,0,533,0
theme_boxxie,38.0,1,1,0.17668483429698068,1.0,0.17668483429698068,1.5893245991396443,1.5161994421986023,1,534,0
theme_magazine,38.0,1,1,0.17668483429698068,1.0,0.17668483429698068,1.5893245991396443,1.5161994421986023,1,535,0
format_trail,1508.0,1,0,0.3529876656994807,0.5,0.17649383284974035,2.347255463358905,1.4343542928615602,0,536,0
mod_quizgame,1502.0,0,1,0.3527955235597505,0.5,0.17639776177987526,2.345339597373873,1.430606722042528,0,537,0
gradeexport_checklist,1458.0,1,0,0.3513625923710642,0.5,0.1756812961855321,2.3310517158755717,1.4031245360362896,0,538,0
block_login_userinfo,37.0,1,1,0.1754320985839643,1.0,0.1754320985839643,1.5768334624000788,1.5155748470620969,0,539,0
enrol_extendedguest,37.0,1,1,0.1754320985839643,1.0,0.1754320985839643,1.5768334624000788,1.5155748470620969,0,540,0
local_hub,37.0,1,1,0.1754320985839643,1.0,0.1754320985839643,1.5768334624000788,1.5155748470620969,0,541,0
logstore_graylog,37.0,1,1,0.1754320985839643,1.0,0.1754320985839643,1.5768334624000788,1.5155748470620969,0,542,0
repository_s3links,37.0,1,1,0.1754320985839643,1.0,0.1754320985839643,1.5768334624000788,1.5155748470620969,0,543,0
theme_brick,37.0,1,1,0.1754320985839643,1.0,0.1754320985839643,1.5768334624000788,1.5155748470620969,1,544,0
block_rbreport,1437.0,1,0,0.3506633879397935,0.5,0.17533169396989676,2.3240798876845457,1.390008038169676,0,545,0
mod_pdfprotect,1436.0,1,0,0.3506298382944197,0.5,0.17531491914720984,2.323745361252853,1.3893834430331706,0,546,0
theme_eadflix,1425.0,1,0,0.3502592435640529,0.5,0.17512962178202646,2.3200501289673237,1.382512896531611,0,547,0
mod_organizer,1421.0,1,0,0.35012377265115574,0.5,0.17506188632557787,2.3186993367134994,1.3800145159855894,0,548,0
tool_leeloolxp_sync,1.0,1,1,0.17476329378216682,1.0,0.17476329378216682,2.884639610020261,3.9757651308287087,0,549,0
mod_realtimequiz,1400.0,1,0,0.3494062391329461,0.5,0.17470311956647305,2.3115447476026025,1.3668980181189756,0,550,0
block_admin_presets,1383.0,0,1,0.3488174566490153,0.5,0.17440872832450766,2.3056739462514284,1.3562799007983837,0,551,0
format_popups,1374.0,1,0,0.3485028136195865,0.5,0.17425140680979326,2.3025366132418323,1.350658544569835,0,552,0
block_mymentees,36.0,1,1,0.17414595267683033,1.0,0.17414595267683033,1.5640091897094248,1.5149502519255913,0,553,0
block_vxg_orgs,36.0,1,1,0.17414595267683033,1.0,0.17414595267683033,1.5640091897094248,1.5149502519255913,0,554,0
local_wstemplate,36.0,1,1,0.17414595267683033,1.0,0.17414595267683033,1.5640091897094248,1.5149502519255913,0,555,0
mod_nln,36.0,1,1,0.17414595267683033,1.0,0.17414595267683033,1.5640091897094248,1.5149502519255913,0,556,0
tinymce_panoptobutton,36.0,1,1,0.17414595267683033,1.0,0.17414595267683033,1.5640091897094248,1.5149502519255913,0,557,0
block_messageteacher,1328.0,1,0,0.3468617749669764,0.5,0.1734308874834882,2.286173674122528,1.321927168290586,0,558,0
enrol_stripepayment,1326.0,1,0,0.3467891430055374,0.5,0.1733945715027687,2.2854494545185284,1.320677978017575,0,559,0
availability_user,542.0,1,0,0.3465878272827894,0.5,0.1732939136413947,2.682369107952697,2.0121428759030877,0,560,0
block_ranking,1318.0,1,0,0.34649751633746445,0.5,0.17324875816873223,2.2825416196496455,1.3156812169255319,0,561,0
message_msgraph,35.0,1,1,0.17282456554541725,1.0,0.17282456554541725,1.5508335237067048,1.5143256567890861,0,562,0
atto_multilang2,1274.0,0,1,0.34486126457750443,0.5,0.17243063228875222,2.2662264110532506,1.2881990309192934,0,563,0
mod_hsuforum,1256.0,1,0,0.34417555236310376,0.5,0.17208777618155188,2.2593891149299967,1.2769563184621961,0,564,0
mod_dialogue,1234.0,1,0,0.3433239993472786,0.5,0.1716619996736393,2.2508982057532716,1.263215225459077,0,565,0
quizaccess_onesession,1230.0,1,0,0.3431675430437037,0.5,0.17158377152185186,2.24933816634399,1.2607168449130555,0,566,0
local_googleanalytics,34.0,1,1,0.17146595138530898,1.0,0.17146595138530898,1.5372866637633888,1.5137010616525806,0,567,0
local_unusedquestions,34.0,1,1,0.17146595138530898,1.0,0.17146595138530898,1.5372866637633888,1.5137010616525806,0,568,0
report_duplicateaccounts,34.0,1,1,0.17146595138530898,1.0,0.17146595138530898,1.5372866637633888,1.5137010616525806,0,569,0
repository_github,34.0,1,1,0.17146595138530898,1.0,0.17146595138530898,1.5372866637633888,1.5137010616525806,0,570,0
mod_stickynotes,1212.0,1,0,0.34245713982310316,0.5,0.17122856991155158,2.2422546740506446,1.249474132455958,0,571,0
local_changeloglib,34.0,0,1,0.34224953936495706,0.5,0.17112476968247853,3.828549839484326,3.068605213654963,0,572,0
filter_planetestream,128.0,1,0,0.3401545740139805,0.5,0.17007728700699026,3.2030737894935544,2.9828602698433206,0,573,0
local_get_user_cohorts,33.0,1,1,0.17006795166704602,1.0,0.17006795166704602,1.5233470869945192,1.5130764665160752,0,574,0
qtype_externaltask,33.0,1,1,0.17006795166704602,1.0,0.17006795166704602,1.5233470869945192,1.5130764665160752,0,575,0
report_siteoutcomes,33.0,1,1,0.17006795166704602,1.0,0.17006795166704602,1.5233470869945192,1.5130764665160752,0,576,0
search_azure,33.0,1,1,0.17006795166704602,1.0,0.17006795166704602,1.5233470869945192,1.5130764665160752,0,577,0
mod_diary,1144.0,1,0,0.33967479269748274,0.5,0.16983739634874137,2.2145116488922265,1.2070016631735898,0,578,0
block_gps,125.0,0,1,0.33901975428459563,0.5,0.16950987714229782,3.1917584032814283,1.8479912950757642,0,579,0
qtype_poodllrecording,1123.0,1,0,0.33878205686844465,0.5,0.16939102843422232,2.2056101023034627,1.1938851653069762,0,580,0
quiz_archive,1122.0,1,0,0.3387391306410624,0.5,0.1693695653205312,2.205182081157123,1.1932605701704708,0,581,0
format_page,31.0,0,1,0.33792775883048487,0.5,0.16896387941524244,3.785456989928292,3.0667314282454465,0,582,0
block_eledia_trainerinfo,32.0,1,1,0.16862821450500112,1.0,0.16862821450500112,1.5089913425439718,1.5124518713795698,0,583,0
block_weather,32.0,1,1,0.16862821450500112,1.0,0.16862821450500112,1.5089913425439718,1.5124518713795698,0,584,0
local_azure_storage,32.0,1,1,0.16862821450500112,1.0,0.16862821450500112,1.5089913425439718,1.5124518713795698,0,585,0
repository_evernote,32.0,1,1,0.16862821450500112,1.0,0.16862821450500112,1.5089913425439718,1.5124518713795698,0,586,0
theme_arialist,32.0,1,1,0.16862821450500112,1.0,0.16862821450500112,1.5089913425439718,1.5124518713795698,1,587,0
theme_nonzero,32.0,1,1,0.16862821450500112,1.0,0.16862821450500112,1.5089913425439718,1.5124518713795698,1,588,0
enrol_xp,1076.0,1,0,0.33672204555611973,0.5,0.16836102277805987,2.185069550357877,1.1645291938912217,0,589,0
mod_threesixo,1064.0,1,0,0.3361816744879699,0.5,0.16809083724398494,2.179681463443589,1.1570340522531568,0,590,0
local_lesson_wordimport,606.0,1,0,0.33606388581675306,0.5,0.16803194290837653,2.4295805697186115,2.032856046420348,0,591,0
report_extendedlog,1061.0,1,0,0.3360456303546545,0.5,0.16802281517732726,2.1783249555591233,1.1551602668436405,0,592,0
tiny_preview,1059.0,1,0,0.33595472059487974,0.5,0.16797736029743987,2.177418486438375,1.1539110765706297,0,593,0
tiny_htmlblock,1057.0,1,0,0.33586363914518286,0.5,0.16793181957259143,2.1765103053824824,1.1526618862976188,0,594,0
block_multiblock,1047.0,1,0,0.3354056336775382,0.5,0.1677028168387691,2.171943493033817,1.1464159349325647,0,595,0
block_autoattend,1032.0,1,0,0.3347103653178684,0.5,0.1673551826589342,2.165010911755027,1.1370470078849835,0,596,0
atto_sharing,31.0,1,1,0.16714417085083677,1.0,0.16714417085083677,1.4941938142073552,1.5118272762430642,0,597,0
auth_wordpress,31.0,1,1,0.16714417085083677,1.0,0.16714417085083677,1.4941938142073552,1.5118272762430642,0,598,0
availability_coursecat,31.0,1,1,0.16714417085083677,1.0,0.16714417085083677,1.4941938142073552,1.5118272762430642,0,599,0
block_grades_sorter,31.0,1,1,0.16714417085083677,1.0,0.16714417085083677,1.4941938142073552,1.5118272762430642,0,600,0
booktool_epubexport,31.0,1,1,0.16714417085083677,1.0,0.16714417085083677,1.4941938142073552,1.5118272762430642,0,601,0
datafield_tag,31.0,1,1,0.16714417085083677,1.0,0.16714417085083677,1.4941938142073552,1.5118272762430642,0,602,0
mod_klassenbuch,31.0,1,1,0.16714417085083677,1.0,0.16714417085083677,1.4941938142073552,1.5118272762430642,0,603,0
portfolio_evernote,31.0,1,1,0.16714417085083677,1.0,0.16714417085083677,1.4941938142073552,1.5118272762430642,0,604,0
mod_mootyper,1014.0,1,0,0.3338625924732532,0.5,0.1669312962366266,2.1565576949941816,1.125804295427886,0,605,0
local_qbehaviour_interactiveexplain,111.0,1,0,0.3333393595900151,0.5,0.16666967979500755,3.1351186937820783,1.8392469631646884,0,606,0
format_cards,979.0,1,0,0.3321702218719104,0.5,0.1660851109359552,2.1396829205499435,1.1039434656501965,0,607,0
local_customgradingform_renderer,108.0,1,0,0.3320299321891729,0.5,0.16601496609458646,3.1220622792929675,1.837373177755172,0,608,0
tool_deletecourses,972.0,0,1,0.33182450273353414,0.5,0.16591225136676707,2.1362357249554753,1.0995712996946587,0,609,0
atto_templates,30.0,1,1,0.16561300690637779,1.0,0.16561300690637779,1.4789264453583604,1.511202681106559,0,610,0
auth_drupalservices,30.0,1,1,0.16561300690637779,1.0,0.16561300690637779,1.4789264453583604,1.511202681106559,0,611,0
block_availdep,30.0,1,1,0.16561300690637779,1.0,0.16561300690637779,1.4789264453583604,1.511202681106559,0,612,0
block_databasetags,30.0,1,1,0.16561300690637779,1.0,0.16561300690637779,1.4789264453583604,1.511202681106559,0,613,0
local_yuja,30.0,1,1,0.16561300690637779,1.0,0.16561300690637779,1.4789264453583604,1.511202681106559,0,614,0
mod_courseboard,30.0,1,1,0.16561300690637779,1.0,0.16561300690637779,1.4789264453583604,1.511202681106559,0,615,0
theme_nimble,30.0,1,1,0.16561300690637779,1.0,0.16561300690637779,1.4789264453583604,1.511202681106559,1,616,0
local_downloadcenter,957.0,1,0,0.33107522386204574,0.5,0.16553761193102287,2.128764600166278,1.0902023726470775,0,617,0
tool_coursearchiver,952.0,1,0,0.33082285482315904,0.5,0.16541142741157952,2.1262482065320807,1.0870793969645505,0,618,0
format_menutopic,946.0,1,0,0.33051825835835263,0.5,0.16525912917917632,2.123211048692041,1.0833318261455178,0,619,0
tool_datewatch,932.0,1,0,0.3297999614784062,0.5,0.1648999807392031,2.1160488480348807,1.074587494234442,0,620,0
atto_c4l,931.0,1,0,0.32974824285331034,0.5,0.16487412142665517,2.1155331571263023,1.0739628990979366,0,621,0
tool_clearbackupfiles,927.0,1,0,0.32954081193878093,0.5,0.16477040596939047,2.1134648454381475,1.071464518551915,0,622,0
logstore_xapi,924.0,1,0,0.32938465115491483,0.5,0.16469232557745742,2.1119077526815815,1.0695907331423988,0,623,0
qbank_bulkupdate,102.0,1,0,0.3292993380650234,0.5,0.1646496690325117,3.0948352878129533,1.8336256069361396,0,624,0
tiny_codepro,922.0,1,0,0.32928026234082575,0.5,0.16464013117041287,2.1108668827380495,1.0683415428693879,0,625,0
report_growth,914.0,1,0,0.3288604328057931,0.5,0.16443021640289654,2.1066807259334555,1.0633447817773447,0,626,0
mod_hotquestion,909.0,1,0,0.3285961712499157,0.5,0.16429808562495785,2.104045750978103,1.0602218060948176,0,627,0
qtype_mtf,907.0,1,0,0.3284900598467569,0.5,0.16424502992337844,2.1029877049491503,1.0589726158218067,0,628,0
qtype_kprime,903.0,1,0,0.3282771340559434,0.5,0.1641385670279717,2.1008646033717016,1.056474235275785,0,629,0
auth_elcentra,29.0,1,1,0.1640316320117509,1.0,0.1640316320117509,1.4631584187586086,1.5105780859700535,0,630,0
block_dndupload,29.0,1,1,0.1640316320117509,1.0,0.1640316320117509,1.4631584187586086,1.5105780859700535,0,631,0
mod_braincert,29.0,1,1,0.1640316320117509,1.0,0.1640316320117509,1.4631584187586086,1.5105780859700535,0,632,0
report_forumkeywords,29.0,1,1,0.1640316320117509,1.0,0.1640316320117509,1.4631584187586086,1.5105780859700535,0,633,0
theme_bandeau,29.0,1,1,0.1640316320117509,1.0,0.1640316320117509,1.4631584187586086,1.5105780859700535,0,634,0
theme_binarius,29.0,1,1,0.1640316320117509,1.0,0.1640316320117509,1.4631584187586086,1.5105780859700535,1,635,0
theme_zebra,29.0,1,1,0.1640316320117509,1.0,0.1640316320117509,1.4631584187586086,1.5105780859700535,0,636,0
gradereport_rubrics,896.0,1,0,0.3279022367844884,0.5,0.1639511183922442,2.097126470074808,1.0521020693202472,0,637,0
atto_preview,888.0,1,0,0.32747018360796143,0.5,0.16373509180398071,2.0928184302778363,1.0471053082282038,0,638,0
local_timetable,98.0,1,0,0.3273890838706214,0.5,0.1636945419353107,3.075787977113915,1.831127226390118,0,639,0
mod_securepdf,880.0,1,0,0.3270342248130447,0.5,0.16351711240652236,2.088471447220246,1.0421085471361606,0,640,0
quiz_downloadsubmissions,879.0,0,1,0.3269794518221715,0.5,0.16348972591108574,2.0879253009648755,1.0414839519996553,0,641,0
local_glossary_wordimport,497.0,1,0,0.32651825633927284,0.5,0.16325912816963642,2.3344002680559934,1.9647751765412578,0,642,0
assignsubmission_onlinepoodll,870.0,1,0,0.326483675303697,0.5,0.1632418376518485,2.082981870183598,1.0358625957711065,0,643,0
atto_recittakepicture,435.0,0,1,0.3262410781759759,0.5,0.16312053908798796,2.3886953609174806,1.9332731224100796,0,644,0
tool_uploadenrolmentmethods,860.0,1,0,0.3259267682692336,0.5,0.1629633841346168,2.0774289017111354,1.0296166444060524,0,645,0
filter_h5p,854.0,0,1,0.32558951085792176,0.5,0.16279475542896088,2.0740660787331064,1.0258690735870197,0,646,0
block_navbuttons,853.0,1,0,0.3255330712806437,0.5,0.16276653564032184,2.0735033147997575,1.0252444784505144,0,647,0
block_behaviour,94.0,0,1,0.32540003441591814,0.5,0.16270001720795907,3.055954992021926,1.8286288458440962,0,648,0
media_supervideo,848.0,1,0,0.3252498783748549,0.5,0.16262493918742746,2.0706795737080594,1.0221215027679873,0,649,0
atto_cincopa,28.0,1,1,0.1623966410879442,1.0,0.1623966410879442,1.4468557820691483,1.5099534908335481,0,650,0
block_tb_slider,28.0,1,1,0.1623966410879442,1.0,0.1623966410879442,1.4468557820691483,1.5099534908335481,0,651,0
qformat_multichoiceset,28.0,1,1,0.1623966410879442,1.0,0.1623966410879442,1.4468557820691483,1.5099534908335481,0,652,0
quiz_exportresults,28.0,1,1,0.1623966410879442,1.0,0.1623966410879442,1.4468557820691483,1.5099534908335481,0,653,0
enrol_auto,833.0,0,1,0.32439018335997605,0.5,0.16219509167998802,2.0621074799506953,1.0127525757204061,0,654,0
profilefield_conditional,833.0,1,0,0.32439018335997605,0.5,0.16219509167998802,2.0621074799506953,1.0127525757204061,0,655,0
filter_syntaxhighlighter,800.0,1,0,0.3224431161990672,0.5,0.1612215580995336,2.0426931039611502,0.9921409362157275,0,656,0
customfield_picture,797.0,1,0,0.32226214933277236,0.5,0.16113107466638618,2.0408886675994085,0.9902671508062113,0,657,0
report_advancedgrading,796.0,1,0,0.3222016758285729,0.5,0.16110083791428645,2.0402856810299133,0.9896425556697058,0,658,0
local_pages,791.0,0,1,0.32189816561804446,0.5,0.16094908280902223,2.0372593543257462,0.9865195799871788,0,659,0
block_course_contacts,790.0,0,1,0.3218372336917081,0.5,0.16091861684585404,2.036651796789257,0.9858949848506733,0,660,0
local_yumymedia,41.0,1,0,0.3215933445309749,0.5,0.16079667226548744,3.34869481521959,4.133744125646967,0,661,0
filter_cloudfront_signurl,27.0,1,1,0.16070427048660144,1.0,0.16070427048660144,1.4299810076249102,1.5093288956970428,0,662,0
theme_aardvark_postitnote,27.0,1,1,0.16070427048660144,1.0,0.16070427048660144,1.4299810076249102,1.5093288956970428,0,663,0
theme_cerulean,27.0,1,1,0.16070427048660144,1.0,0.16070427048660144,1.4299810076249102,1.5093288956970428,0,664,0
theme_standardold,27.0,1,1,0.16070427048660144,1.0,0.16070427048660144,1.4299810076249102,1.5093288956970428,1,665,0
tool_asynccourseimport,27.0,1,1,0.16070427048660144,1.0,0.16070427048660144,1.4299810076249102,1.5093288956970428,0,666,0
qtype_drawing,772.0,1,0,0.3207270861593603,0.5,0.16036354307968015,2.025582419199423,0.9746522723935759,0,667,0
mod_flashcard,764.0,0,1,0.3202253639410035,0.5,0.16011268197050174,2.020579703327547,0.9696555113015326,0,668,0
tool_health,762.0,1,0,0.3200991135723607,0.5,0.16004955678618035,2.0193208499223543,0.9684063210285218,0,669,0
atto_sketch,760.0,1,0,0.319972531837541,0.5,0.1599862659187705,2.0180586924361936,0.9671571307555109,0,670,0
tool_trigger,758.0,1,0,0.31984561699250885,0.5,0.15992280849625443,2.016793213479135,0.9659079404825002,0,671,0
tinymce_clozeeditor,748.0,0,1,0.3192059840983285,0.5,0.15960299204916426,2.0104153782651197,0.9596619891174459,0,672,0
local_kopere_wpbridge,745.0,1,0,0.31901242819994263,0.5,0.15950621409997132,2.0084854155695835,0.9577882037079297,0,673,0
block_assignments,26.0,1,1,0.15895034580762385,1.0,0.15895034580762385,1.4124924721194798,1.5087043005605372,0,674,0
block_lastcourse,26.0,1,1,0.15895034580762385,1.0,0.15895034580762385,1.4124924721194798,1.5087043005605372,0,675,0
local_mo_api,26.0,1,1,0.15895034580762385,1.0,0.15895034580762385,1.4124924721194798,1.5087043005605372,0,676,0
qtype_easyonamejs,26.0,1,1,0.15895034580762385,1.0,0.15895034580762385,1.4124924721194798,1.5087043005605372,0,677,0
theme_earth,26.0,1,1,0.15895034580762385,1.0,0.15895034580762385,1.4124924721194798,1.5087043005605372,0,678,0
filter_learn360,2.0,1,1,0.15876086936562026,1.0,0.15876086936562026,2.394381385408299,2.7711660932855984,0,679,0
local_applications,2.0,1,1,0.15876086936562026,1.0,0.15876086936562026,2.394381385408299,2.7711660932855984,0,680,0
enrol_invitation,721.0,1,0,0.31743536299776126,0.5,0.15871768149888063,1.9927603612880023,0.9427979204317998,0,681,0
tinymce_tiny_mce_wiris,718.0,1,0,0.31723455376962617,0.5,0.15861727688481309,1.9907580750107454,0.9409241350222836,0,682,0
auth_mumie,79.0,1,0,0.3171121066827906,0.5,0.1585560533413953,2.973315343829202,1.819259918796515,0,683,0
local_ibob,79.0,1,0,0.3171121066827906,0.5,0.1585560533413953,2.973315343829202,1.819259918796515,0,684,0
profilefield_file,716.0,1,0,0.31710021492710916,0.5,0.15855010746355458,1.9894185707291328,0.9396749447492727,0,685,0
local_datacurso_ratings,78.0,1,0,0.31650546203898483,0.5,0.15825273101949242,2.9672664373285187,1.8186353236600097,0,686,0
local_helpdesk,703.0,1,0,0.3162177709234639,0.5,0.15810888546173196,1.9806196448263966,0.9315552079747024,0,687,0
local_coursegen,283.0,1,0,0.3153298192058531,0.5,0.15766490960292656,2.3706927910419857,1.8503727355481858,0,688,0
mod_skype,690.0,1,0,0.31531887899123434,0.5,0.15765943949561717,1.9716567151973394,0.923435471200132,0,689,0
qbank_resortcategory,75.0,1,0,0.31463835351721064,0.5,0.15731917675860532,2.9486493358834474,1.8167615382504936,0,690,0
block_course_list_advanced,25.0,1,1,0.15713021986460673,1.0,0.15713021986460673,1.3943438380530697,1.508079705424032,0,691,0
enrol_guestcohort,25.0,1,1,0.15713021986460673,1.0,0.15713021986460673,1.3943438380530697,1.508079705424032,0,692,0
quizaccess_announcements,25.0,1,1,0.15713021986460673,1.0,0.15713021986460673,1.3943438380530697,1.508079705424032,0,693,0
theme_stream,671.0,1,0,0.3139742215996448,0.5,0.1569871107998224,1.9582490194066846,0.9115681636065291,0,694,0
mod_autoattendmod,666.0,1,0,0.3136140435754519,0.5,0.15680702178772596,1.9546576530043116,0.9084451879240021,0,695,0
qformat_csv,661.0,1,0,0.31325115538263404,0.5,0.15662557769131702,1.951039263274887,0.905322212241475,0,696,0
aiprovider_gemini,660.0,1,0,0.31317824892388196,0.5,0.15658912446194098,1.9503123066343067,0.9046976171049695,0,697,0
block_mycertificates,658.0,1,0,0.3130321045293814,0.5,0.1565160522646907,1.9488550881671873,0.9034484268319587,0,698,0
block_timestat,642.0,1,0,0.3118467271730439,0.5,0.15592336358652195,1.9370355874599354,0.8934549046478721,0,699,0
qtype_proforma,69.0,1,0,0.3106722063185553,0.5,0.15533610315927765,2.9091025372467576,1.813013967431461,0,700,0
block_csv_enrol,24.0,1,1,0.15523869847808447,1.0,0.15523869847808447,1.3754833138105125,1.5074551102875264,0,701,0
local_autocompleteactivities,24.0,1,1,0.15523869847808447,1.0,0.15523869847808447,1.3754833138105125,1.5074551102875264,0,702,0
local_macromucho,24.0,1,1,0.15523869847808447,1.0,0.15523869847808447,1.3754833138105125,1.5074551102875264,0,703,0
local_modcustomfields,619.0,1,0,0.31009002448575473,0.5,0.15504501224287737,1.9195193521920388,0.8790892165082476,0,704,0
quizaccess_delayed,615.0,1,0,0.3097778705592286,0.5,0.1548889352796143,1.9164068382439516,0.876590835962226,0,705,0
block_course_discuss,67.0,0,1,0.30927420660029237,0.5,0.15463710330014618,2.8951629604778875,1.8117647771584502,0,706,0
theme_boost_campus,606.0,0,1,0.30906804822896317,0.5,0.15453402411448158,1.909329138058656,0.8709694797336772,0,707,0
availability_paypal,605.0,1,0,0.30898853029952245,0.5,0.15449426514976122,1.9085362578688674,0.8703448845971717,0,708,0
filter_videoeasy,604.0,1,0,0.3089088810439619,0.5,0.15445444052198096,1.9077420682149175,0.8697202894606664,0,709,0
quizaccess_safeexambrowser,603.0,0,1,0.3088291000277862,0.5,0.1544145500138931,1.9069465647644148,0.869095694324161,0,710,0
qbank_quickrenamecategories,66.0,1,0,0.30855971037233654,0.5,0.15427985518616827,2.8880386564522524,1.8111401820219446,0,711,0
tool_bulkemail,598.0,1,0,0.30842820317834646,0.5,0.15421410158917323,1.9029491874143627,0.8659727186416339,0,712,0
qtype_algebra,596.0,1,0,0.3082669066625121,0.5,0.15413345333125605,1.9013408858277088,0.8647235283686231,0,713,0
plagiarism_urkund,592.0,1,0,0.3079426861924841,0.5,0.15397134309624205,1.898108055324989,0.8622251478226015,0,714,0
theme_roshnilite,590.0,1,0,0.30777975491157084,0.5,0.15388987745578542,1.8964834533535644,0.8609759575495906,0,715,0
mod_wordcloud,589.0,1,0,0.3076980823886142,0.5,0.1538490411943071,1.8956690895244526,0.8603513624130852,0,716,0
tiny_generico,589.0,1,0,0.3076980823886142,0.5,0.1538490411943071,1.8956690895244526,0.8603513624130852,0,717,0
gradingform_checklist,583.0,1,0,0.30720512123173144,0.5,0.15360256061586572,1.8907537309584466,0.8566037915940528,0,718,0
mod_consentform,579.0,1,0,0.30687365866732114,0.5,0.15343682933366057,1.8874486889028266,0.8541054110480311,0,719,0
format_etask,578.0,1,0,0.3067904358454961,0.5,0.15339521792274805,1.8866188669088755,0.8534808159115257,0,720,0
assignment_uploadpdf,23.0,1,1,0.15326995111304334,1.0,0.15326995111304334,1.3558527626201302,1.506830515151021,0,721,0
block_birthday,23.0,1,1,0.15326995111304334,1.0,0.15326995111304334,1.3558527626201302,1.506830515151021,0,722,0
block_course_results,23.0,1,1,0.15326995111304334,1.0,0.15326995111304334,1.3558527626201302,1.506830515151021,0,723,0
block_fn_myprogress,23.0,1,1,0.15326995111304334,1.0,0.15326995111304334,1.3558527626201302,1.506830515151021,0,724,0
block_hiddencourse,23.0,1,1,0.15326995111304334,1.0,0.15326995111304334,1.3558527626201302,1.506830515151021,0,725,0
block_mooprofile,23.0,1,1,0.15326995111304334,1.0,0.15326995111304334,1.3558527626201302,1.506830515151021,0,726,0
block_tog,23.0,1,1,0.15326995111304334,1.0,0.15326995111304334,1.3558527626201302,1.506830515151021,0,727,0
format_colours,23.0,1,1,0.15326995111304334,1.0,0.15326995111304334,1.3558527626201302,1.506830515151021,0,728,0
gradeexport_xlsgd,23.0,1,1,0.15326995111304334,1.0,0.15326995111304334,1.3558527626201302,1.506830515151021,0,729,0
local_globalmessage,23.0,1,1,0.15326995111304334,1.0,0.15326995111304334,1.3558527626201302,1.506830515151021,0,730,0
local_jquery,23.0,1,1,0.15326995111304334,1.0,0.15326995111304334,1.3558527626201302,1.506830515151021,0,731,0
mod_glossaryfocus,23.0,1,1,0.15326995111304334,1.0,0.15326995111304334,1.3558527626201302,1.506830515151021,0,732,0
mod_swf,23.0,1,1,0.15326995111304334,1.0,0.15326995111304334,1.3558527626201302,1.506830515151021,0,733,0
qbehaviour_asyncevaluationimmediate,23.0,1,1,0.15326995111304334,1.0,0.15326995111304334,1.3558527626201302,1.506830515151021,0,734,0
fileconverter_librelambda,556.0,1,0,0.30492223132878327,0.5,0.15246111566439163,1.867990837202957,0.8397397229084065,0,735,0
tool_resendnewaccountemail,547.0,1,0,0.3041366057761497,0.5,0.15206830288807485,1.860157296495146,0.8341183666798578,0,736,0
report_coursemanager,534.0,1,0,0.302978731191104,0.5,0.151489365595552,1.8486120283122434,0.8259986299052875,0,737,0
cachestore_apc,22.0,1,1,0.15121740248750773,1.0,0.15121740248750773,1.335386621773519,1.5062059200145157,0,738,0
filter_dfmtex,22.0,1,1,0.15121740248750773,1.0,0.15121740248750773,1.335386621773519,1.5062059200145157,0,739,0
local_map,22.0,1,1,0.15121740248750773,1.0,0.15121740248750773,1.335386621773519,1.5062059200145157,0,740,0
local_ousearch,22.0,1,1,0.15121740248750773,1.0,0.15121740248750773,1.335386621773519,1.5062059200145157,0,741,0
mod_webinar,22.0,1,1,0.15121740248750773,1.0,0.15121740248750773,1.335386621773519,1.5062059200145157,0,742,0
report_rawrecordscount,22.0,1,1,0.15121740248750773,1.0,0.15121740248750773,1.335386621773519,1.5062059200145157,0,743,0
tool_lpimportrdf,22.0,1,1,0.15121740248750773,1.0,0.15121740248750773,1.335386621773519,1.5062059200145157,0,744,0
atto_corrections,526.0,0,1,0.3022521244032565,0.5,0.15112606220162825,1.841366968840724,0.8210018688132441,0,745,0
block_coursesearch,524.0,1,0,0.3020687492268925,0.5,0.15103437461344624,1.839538519009842,0.8197526785402334,0,746,0
block_completion_levels,520.0,1,0,0.301699893790025,0.5,0.1508499468950125,1.835860629371053,0.8172542979942117,0,747,0
format_topicsactivitycards,518.0,1,0,0.30151440274105457,0.5,0.15075720137052728,1.8340110819904034,0.8160051077212008,0,748,0
qtype_vplquestion,514.0,1,0,0.3011412665409866,0.5,0.1505706332704933,1.8302905084894632,0.8135067271751791,0,749,0
mod_percipio,56.0,1,0,0.30076413377941724,0.5,0.15038206688970862,2.810308284296222,1.8048942306568905,0,750,0
qbank_renumbercategory,56.0,1,0,0.30076413377941724,0.5,0.15038206688970862,2.810308284296222,1.8048942306568905,0,751,0
gradereport_gradedist,509.0,1,0,0.30067074950862954,0.5,0.15033537475431477,1.8255989422409722,0.8103837514926521,0,752,0
tool_forcedcache,509.0,1,0,0.30067074950862954,0.5,0.15033537475431477,1.8255989422409722,0.8103837514926521,0,753,0
report_completionoverview,508.0,0,1,0.30057609272990143,0.5,0.15028804636495072,1.824655111268378,0.8097591563561467,0,754,0
tiny_sketch,502.0,1,0,0.3000042170969394,0.5,0.1500021085484697,1.8189528895985303,0.8060115855371142,0,755,0
theme_nice,501.0,1,0,0.2999082417154542,0.5,0.1499541208577271,1.8179959107231718,0.8053869904006088,0,756,0
tool_coursedates,498.0,0,1,0.2996191642468747,0.5,0.14980958212343734,1.8151134941441316,0.8035132049910926,0,757,0
mod_bootstrapelements,495.0,0,1,0.29932834358704724,0.5,0.14966417179352362,1.8122136960535602,0.8016394195815764,0,758,0
block_studentstracker,494.0,1,0,0.2992310123465846,0.5,0.1496155061732923,1.811243197790425,0.8010148244450709,0,759,0
local_resume,54.0,1,0,0.29904153590458105,0.5,0.14952076795229052,2.7931321110792444,1.8036450403838797,0,760,0
tool_mfa,490.0,0,1,0.2988397111064008,0.5,0.1494198555532004,1.807341499094753,0.7985164438990493,0,761,0
webservice_mcp,489.0,1,0,0.2987413877017431,0.5,0.14937069385087154,1.8063611078761435,0.7978918487625438,0,762,0
atto_bsgrid,485.0,0,1,0.29834607718287376,0.5,0.14917303859143688,1.8024194323140288,0.7953934682165222,0,763,0
report_modulecompletion,483.0,1,0,0.29814720014525437,0.5,0.14907360007262718,1.800436412076439,0.7941442779435113,0,764,0
atto_ruby,21.0,1,1,0.14907360007262718,1.0,0.14907360007262718,1.3140105814573972,1.50558132487801,0,765,0
block_my_unread_forum_posts,21.0,1,1,0.14907360007262718,1.0,0.14907360007262718,1.3140105814573972,1.50558132487801,0,766,0
block_pbltool,21.0,1,1,0.14907360007262718,1.0,0.14907360007262718,1.3140105814573972,1.50558132487801,0,767,0
local_gdpr_deleteuserdata,21.0,1,1,0.14907360007262718,1.0,0.14907360007262718,1.3140105814573972,1.50558132487801,0,768,0
mod_cado,21.0,1,1,0.14907360007262718,1.0,0.14907360007262718,1.3140105814573972,1.50558132487801,0,769,0
mod_labelwithgroup,21.0,1,1,0.14907360007262718,1.0,0.14907360007262718,1.3140105814573972,1.50558132487801,0,770,0
mod_virtualpc,21.0,1,1,0.14907360007262718,1.0,0.14907360007262718,1.3140105814573972,1.50558132487801,0,771,0
qtype_blocklymoodle,21.0,1,1,0.14907360007262718,1.0,0.14907360007262718,1.3140105814573972,1.50558132487801,0,772,0
theme_bbytefusionmod,21.0,1,1,0.14907360007262718,1.0,0.14907360007262718,1.3140105814573972,1.50558132487801,0,773,0
theme_training,21.0,1,1,0.14907360007262718,1.0,0.14907360007262718,1.3140105814573972,1.50558132487801,0,774,0
tool_rebuildcoursecache,21.0,1,1,0.14907360007262718,1.0,0.14907360007262718,1.3140105814573972,1.50558132487801,0,775,0
local_kopere_recert,482.0,1,0,0.29804745323631576,0.5,0.14902372661815788,1.7994418269728485,0.7935196828070059,0,776,0
tool_userdebug,479.0,1,0,0.2977469686924203,0.5,0.14887348434621014,1.7964456694538082,0.7916458973974897,0,777,0
filter_tabs,478.0,1,0,0.29764638969187834,0.5,0.14882319484593917,1.7954427874924783,0.7910213022609842,0,778,0
block_enrolmenttimer,477.0,0,1,0.2975456004947353,0.5,0.14877280024736764,1.7944378096425582,0.7903967071244788,0,779,0
local_login,475.0,0,1,0.29734338798348015,0.5,0.14867169399174007,1.792421531107274,0.789147516851468,0,780,0
local_xpstore,52.0,1,0,0.29725512377858176,0.5,0.14862756188929088,2.7753196404142657,1.802395850110869,0,781,0
local_metagroups,473.0,1,0,0.2971403240486145,0.5,0.14857016202430726,1.790396762953125,0.7878983265784572,0,782,0
atto_reciteditor,469.0,0,1,0.29673161301540163,0.5,0.14836580650770081,1.7863214696971048,0.7853999460324356,0,783,0
atto_snippet,460.0,1,0,0.29579914890995096,0.5,0.14789957445497548,1.777023789009232,0.7797785898038868,0,784,0
block_graph_stats,459.0,0,1,0.2956944200668847,0.5,0.14784721003344234,1.7759795286071975,0.7791539946673814,0,785,0
format_masonry,459.0,1,0,0.2956944200668847,0.5,0.14784721003344234,1.7759795286071975,0.7791539946673814,0,786,0
mod_wordcards,456.0,1,0,0.29537886203848457,0.5,0.14768943101924228,1.7728330720632848,0.7772802092578652,0,787,0
mod_minilesson,449.0,1,0,0.2946344298533344,0.5,0.1473172149266672,1.765410274005062,0.7729080433023273,0,788,0
atto_mathslate,446.0,1,0,0.2943118359195633,0.5,0.14715591795978164,1.7621936618368124,0.7710342578928111,0,789,0
filter_jsxgraph,445.0,1,0,0.2942038233026783,0.5,0.14710191165133915,1.7611166586404559,0.7704096627563056,0,790,0
report_securityaudit,444.0,1,0,0.2940955682330268,0.5,0.1470477841165134,1.7600372379264793,0.7697850676198001,0,791,0
enrol_gapply,440.0,1,0,0.29366010149761607,0.5,0.14683005074880803,1.7556951612370146,0.7672866870737786,0,792,0
mod_childcourse,440.0,1,0,0.29366010149761607,0.5,0.14683005074880803,1.7556951612370146,0.7672866870737786,0,793,0
block_banners,20.0,1,1,0.14683005074880803,1.0,0.14683005074880803,1.2916399560376852,1.504956729741505,0,794,0
block_eledia_userdelete,20.0,1,1,0.14683005074880803,1.0,0.14683005074880803,1.2916399560376852,1.504956729741505,0,795,0
editor_contenteditable,20.0,1,1,0.14683005074880803,1.0,0.14683005074880803,1.2916399560376852,1.504956729741505,0,796,0
local_checkboxes,20.0,1,1,0.14683005074880803,1.0,0.14683005074880803,1.2916399560376852,1.504956729741505,0,797,0
local_flavours,20.0,1,1,0.14683005074880803,1.0,0.14683005074880803,1.2916399560376852,1.504956729741505,0,798,0
mod_qrcode,20.0,1,1,0.14683005074880803,1.0,0.14683005074880803,1.2916399560376852,1.504956729741505,0,799,0
theme_simplespace,20.0,1,1,0.14683005074880803,1.0,0.14683005074880803,1.2916399560376852,1.504956729741505,0,800,0
local_stream,48.0,1,0,0.29347062505561244,0.5,0.14673531252780622,2.737584074525834,1.7998974695648473,0,801,0
block_featuredcourses,438.0,1,0,0.29344088469617613,0.5,0.14672044234808806,1.7535093314455075,0.7660374968007677,0,802,0
mod_readaloud,438.0,1,0,0.29344088469617613,0.5,0.14672044234808806,1.7535093314455075,0.7660374968007677,0,803,0
local_aiquestions,432.0,0,1,0.2927771914704097,0.5,0.14638859573520485,1.7468915885728225,0.7622899259817353,0,804,0
tiny_widgethub,432.0,1,0,0.2927771914704097,0.5,0.14638859573520485,1.7468915885728225,0.7622899259817353,0,805,0
mod_tab,426.0,0,1,0.2921042371104763,0.5,0.14605211855523814,1.7401815021259577,0.7585423551627027,0,806,0
local_invitation,425.0,1,0,0.29199115941909504,0.5,0.14599557970954752,1.7390539946313106,0.7579177600261974,0,807,0
mod_surveypro,425.0,1,0,0.29199115941909504,0.5,0.14599557970954752,1.7390539946313106,0.7579177600261974,0,808,0
block_course_overview_campus,174.0,0,1,0.2919785748434833,0.5,0.14598928742174164,2.1378555027467177,1.7822918656690958,0,809,0
mod_openmeetings,422.0,1,0,0.29165032681127456,0.5,0.14582516340563728,1.7356555230579755,0.7560439746166812,0,810,0
tool_redirects,422.0,1,0,0.29165032681127456,0.5,0.14582516340563728,1.7356555230579755,0.7560439746166812,0,811,0
webservice_xmlrpc,420.0,1,0,0.29142175949586424,0.5,0.14571087974793212,1.7333764584784948,0.7547947843436703,1,812,0
auth_joomdle,419.0,1,0,0.291307068328185,0.5,0.1456535341640925,1.7322328628713635,0.7541701892071648,0,813,0
format_flexible,415.0,0,1,0.29084555654527616,0.5,0.14542277827263808,1.727631088748269,0.7516718086611432,0,814,0
local_kopere_mobile,415.0,1,0,0.29084555654527616,0.5,0.14542277827263808,1.727631088748269,0.7516718086611432,0,815,0
block_todo,410.0,1,0,0.29026238603835625,0.5,0.14513119301917812,1.7218162449079206,0.7485488329786161,0,816,0
tiny_ubicast,115.0,1,0,0.290151993934944,0.5,0.145075996967472,2.287091723133544,1.769516900389135,0,817,0
auth_loginlogoutredir,404.0,1,0,0.28955314364920737,0.5,0.14477657182460368,1.7147443273659326,0.7448012621595836,0,818,0
qtype_multinumerical,404.0,0,1,0.28955314364920737,0.5,0.14477657182460368,1.7147443273659326,0.7448012621595836,0,819,0
tiny_snippet,404.0,1,0,0.28955314364920737,0.5,0.14477657182460368,1.7147443273659326,0.7448012621595836,0,820,0
qtype_aitext,403.0,1,0,0.28943391586714856,0.5,0.14471695793357428,1.7135554967822928,0.7441766670230783,0,821,0
atto_etitle,19.0,1,1,0.14447701757937695,1.0,0.14447701757937695,1.2681776576720338,1.5043321346049994,0,822,0
block_anderspink,19.0,1,1,0.14447701757937695,1.0,0.14447701757937695,1.2681776576720338,1.5043321346049994,0,823,0
block_mymentors,19.0,1,1,0.14447701757937695,1.0,0.14447701757937695,1.2681776576720338,1.5043321346049994,0,824,0
block_mystats,19.0,1,1,0.14447701757937695,1.0,0.14447701757937695,1.2681776576720338,1.5043321346049994,0,825,0
mod_swipe,19.0,1,1,0.14447701757937695,1.0,0.14447701757937695,1.2681776576720338,1.5043321346049994,0,826,0
report_mergeusers,19.0,1,1,0.14447701757937695,1.0,0.14447701757937695,1.2681776576720338,1.5043321346049994,0,827,0
theme_standard_fluid,19.0,1,1,0.14447701757937695,1.0,0.14447701757937695,1.2681776576720338,1.5043321346049994,0,828,0
tool_globaladtool,19.0,1,1,0.14447701757937695,1.0,0.14447701757937695,1.2681776576720338,1.5043321346049994,0,829,0
tool_deletemessage,397.0,1,0,0.28871229223013817,0.5,0.14435614611506908,1.706360124741134,0.7404290962040458,0,830,0
availability_mobileapp,396.0,1,0,0.28859096483714314,0.5,0.14429548241857157,1.705150358754255,0.7398045010675404,0,831,0
block_lw_courses,391.0,0,1,0.28797970680303553,0.5,0.14398985340151776,1.6990554517376648,0.7366815253850133,0,832,0
contenttype_repurpose,389.0,1,0,0.28773301770619025,0.5,0.14386650885309513,1.6965956932995228,0.7354323351120025,0,833,0
mod_helixmedia,389.0,1,0,0.28773301770619025,0.5,0.14386650885309513,1.6965956932995228,0.7354323351120025,0,834,0
mod_labelcollapsed,389.0,1,0,0.28773301770619025,0.5,0.14386650885309513,1.6965956932995228,0.7354323351120025,0,835,0
mod_recordingsbn,389.0,0,1,0.28773301770619025,0.5,0.14386650885309513,1.6965956932995228,0.7354323351120025,0,836,0
local_aigrade,379.0,1,0,0.28648028199317394,0.5,0.14324014099658697,1.6841045565599573,0.7291863837469483,0,837,0
availability_quizquestion,369.0,0,1,0.28519413608603994,0.5,0.14259706804301997,1.671280283869303,0.7229404323818942,0,838,0
report_componentgrades,368.0,0,1,0.2850636147255082,0.5,0.1425318073627541,1.669978844032555,0.7223158372453888,0,839,0
quizaccess_seb,40.0,0,1,0.2848741382835046,0.5,0.1424370691417523,2.6518677573213743,1.7949007084728041,0,840,0
local_omeroembed,3.0,1,0,0.2847015860511583,0.5,0.14235079302557915,3.6924166968450622,4.326694840424485,0,841,0
qformat_printout,364.0,1,0,0.2845379679602716,0.5,0.1422689839801358,1.6647375744231252,0.7198174566993671,0,842,0
auth_classlink,18.0,1,1,0.14200326441379696,1.0,0.14200326441379696,1.243511649726279,1.503707539468494,0,843,0
block_iclicker,18.0,1,1,0.14200326441379696,1.0,0.14200326441379696,1.243511649726279,1.503707539468494,0,844,0
block_tb_teachers,18.0,1,1,0.14200326441379696,1.0,0.14200326441379696,1.243511649726279,1.503707539468494,0,845,0
filter_chemrender,18.0,1,1,0.14200326441379696,1.0,0.14200326441379696,1.243511649726279,1.503707539468494,0,846,0
format_days,18.0,1,1,0.14200326441379696,1.0,0.14200326441379696,1.243511649726279,1.503707539468494,0,847,0
qtype_easyoddname,18.0,1,1,0.14200326441379696,1.0,0.14200326441379696,1.243511649726279,1.503707539468494,0,848,0
qtype_easyoselectjs,18.0,1,1,0.14200326441379696,1.0,0.14200326441379696,1.243511649726279,1.503707539468494,0,849,0
qbehaviour_deferredallnothing,353.0,1,0,0.28306218175211323,0.5,0.14153109087605661,1.6500223817987487,0.7129469101978076,0,850,0
antivirus_mimeblocker,351.0,0,1,0.2827889367532966,0.5,0.1413944683766483,1.6472978321525966,0.7116977199247967,0,851,0
local_wordimport,349.0,1,0,0.28251413479451853,0.5,0.14125706739725927,1.644557757923267,0.710448529651786,0,852,0
qbehaviour_studentfeedbackimmediate,98.0,1,0,0.2825093476142075,0.5,0.14125467380710374,2.210886232021142,1.758898783068543,0,853,0
qtype_preg,38.0,1,0,0.2824622550600596,0.5,0.1412311275300298,2.627818659949213,1.7936515181997932,0,854,0
mod_collaborate,348.0,1,0,0.2823761443905647,0.5,0.14118807219528234,1.6431818436050065,0.7098239345152805,0,855,0
filter_studietube,9.0,1,0,0.28183177138885773,0.5,0.14091588569442887,3.226119020719171,3.0529903352423275,0,856,0
local_course_template,343.0,0,1,0.28168020715886233,0.5,0.14084010357943116,1.6362425929450106,0.7067009588327534,0,857,0
availability_badge,342.0,1,0,0.2815398064388002,0.5,0.1407699032194001,1.6348426451552203,0.706076363696248,0,858,0
block_myprograms,339.0,1,0,0.28111613507625566,0.5,0.14055806753812783,1.6306181811543976,0.7042025782867318,0,859,0
mod_znaniumcombook,95.0,1,0,0.28102530396004316,0.5,0.14051265198002158,2.1960887036845254,1.7570249976590266,0,860,0
tool_registrationrules,332.0,1,0,0.28011284988191293,0.5,0.14005642494095646,1.6206143372301742,0.6998304123311938,0,861,0
quiz_archiver,331.0,1,0,0.279967804319109,0.5,0.1399839021595545,1.6191680753094628,0.6992058171946884,0,862,0
filter_ensemble,36.0,0,1,0.2799233734399093,0.5,0.13996168671995465,2.6025032505189936,1.7924023279267822,0,863,0
mod_onlyoffice,325.0,1,0,0.27908824899959805,0.5,0.13954412449979903,1.6103979527274461,0.695458246375656,0,864,0
availability_time,324.0,1,0,0.27894008417252386,0.5,0.13947004208626193,1.6089205883514266,0.6948336512391506,0,865,0
theme_bcu,324.0,0,1,0.27894008417252386,0.5,0.13947004208626193,1.6089205883514266,0.6948336512391506,0,866,0
block_quickmailsms,17.0,1,1,0.1393957313752499,1.0,0.1393957313752499,1.2175117110329048,1.5030829443319886,0,867,0
block_yammer,17.0,1,1,0.1393957313752499,1.0,0.1393957313752499,1.2175117110329048,1.5030829443319886,0,868,0
calendartype_jewish,17.0,1,1,0.1393957313752499,1.0,0.1393957313752499,1.2175117110329048,1.5030829443319886,0,869,0
format_folderview,17.0,1,1,0.1393957313752499,1.0,0.1393957313752499,1.2175117110329048,1.5030829443319886,0,870,0
gradeexport_profiles,17.0,1,1,0.1393957313752499,1.0,0.1393957313752499,1.2175117110329048,1.5030829443319886,0,871,0
mod_flexquiz,17.0,1,1,0.1393957313752499,1.0,0.1393957313752499,1.2175117110329048,1.5030829443319886,0,872,0
mod_iconactivatecontent,17.0,1,1,0.1393957313752499,1.0,0.1393957313752499,1.2175117110329048,1.5030829443319886,0,873,0
qtype_musicscale,17.0,1,1,0.1393957313752499,1.0,0.1393957313752499,1.2175117110329048,1.5030829443319886,0,874,0
quizaccess_fullface,17.0,1,1,0.1393957313752499,1.0,0.1393957313752499,1.2175117110329048,1.5030829443319886,0,875,0
theme_bootswatch,17.0,1,1,0.1393957313752499,1.0,0.1393957313752499,1.2175117110329048,1.5030829443319886,0,876,0
local_alternative_file_system,322.0,1,0,0.27864238191067564,0.5,0.13932119095533782,1.6059521732086426,0.6935844609661397,0,877,0
availability_prerequisite,35.0,1,0,0.2786019863084962,0.5,0.1393009931542481,2.5893275845162735,1.791777732790277,0,878,0
block_iprbookshop_ru,35.0,1,0,0.2786019863084962,0.5,0.1393009931542481,2.5893275845162735,1.791777732790277,0,879,0
block_eexcess,1.0,1,1,0.13920625493324632,1.0,0.13920625493324632,2.1994006243217243,2.770541498149093,0,880,0
qbank_genai,319.0,1,0,0.27819235426004635,0.5,0.13909617713002317,1.6014649083672334,0.6917106755566236,0,881,0
mod_lanebs,318.0,1,0,0.278041406990404,0.5,0.139020703495202,1.5999598000143898,0.6910860804201181,0,882,0
tool_vault,318.0,1,0,0.278041406990404,0.5,0.139020703495202,1.5999598000143898,0.6910860804201181,0,883,0
mod_exagames,317.0,1,0,0.27788998578821145,0.5,0.13894499289410572,1.5984499660388716,0.6904614852836126,0,884,0
local_copy,315.0,1,0,0.2775857096162406,0.5,0.1387928548081203,1.59541600186655,0.6892122950106019,0,885,0
tool_inactive_user_cleanup,314.0,1,0,0.2774328485903915,0.5,0.13871642429519576,1.5938918112841383,0.6885876998740964,0,886,0
lifecyclestep_adminapprove,313.0,0,1,0.2772795015191275,0.5,0.13863975075956375,1.5923627743006243,0.687963104737591,0,887,0
mod_apply,313.0,1,0,0.2772795015191275,0.5,0.13863975075956375,1.5923627743006243,0.687963104737591,0,888,0
local_qtracker,34.0,0,1,0.27724337214838796,0.5,0.13862168607419398,2.5757807245729576,1.7911531376537715,0,889,0
block_evalcomix,312.0,1,0,0.27712566530167243,0.5,0.13856283265083622,1.5908288599979004,0.6873385096010856,0,890,0
repository_txttoimg,312.0,1,0,0.27712566530167243,0.5,0.13856283265083622,1.5908288599979004,0.6873385096010856,0,891,0
local_kopere_status,310.0,1,0,0.2768165128758649,0.5,0.13840825643793245,1.5877462742745059,0.6860893193280748,0,892,0
tiny_stash,310.0,1,0,0.2768165128758649,0.5,0.13840825643793245,1.5877462742745059,0.6860893193280748,0,893,0
mod_solo,309.0,1,0,0.2766611903155874,0.5,0.1383305951577937,1.5861975395182388,0.6854647241915693,0,894,0
tool_excimer,309.0,1,0,0.2766611903155874,0.5,0.1383305951577937,1.5861975395182388,0.6854647241915693,0,895,0
local_kopere_proctoring,304.0,1,0,0.2758769842032518,0.5,0.1379384921016259,1.5783781521730813,0.6823417485090423,0,896,0
repository_s3bucket,302.0,1,0,0.2755596961293551,0.5,0.13777984806467755,1.5752144451950674,0.6810925582360314,0,897,0
quizaccess_hidecorrect,301.0,1,0,0.27540026585761884,0.5,0.13770013292880942,1.5736247520906148,0.6804679630995261,0,898,0
quiz_gradingstudents,298.0,0,1,0.2749187881819471,0.5,0.13745939409097355,1.568823896314433,0.6785941776900098,0,899,0
atto_panoptobutton,289.0,1,0,0.2734448244971538,0.5,0.1367224122485769,1.5541268762290266,0.6729728214614611,0,900,0
block_my_enrolled_courses,288.0,1,0,0.27327823499375736,0.5,0.13663911749687868,1.5524657978030827,0.6723482263249556,0,901,0
local_deleteoldquizattempts,288.0,1,0,0.27327823499375736,0.5,0.13663911749687868,1.5524657978030827,0.6723482263249556,0,902,0
qbehaviour_deferredfeedbackexplain,288.0,0,1,0.27327823499375736,0.5,0.13663911749687868,1.5524657978030827,0.6723482263249556,0,903,0
report_lmsace_reports,288.0,1,0,0.27327823499375736,0.5,0.13663911749687868,1.5524657978030827,0.6723482263249556,0,904,0
block_course_program,16.0,1,1,0.13663911749687868,1.0,0.13663911749687868,1.1900252743207194,1.502458349195483,0,905,0
block_culactivity_stream,16.0,1,1,0.13663911749687868,1.0,0.13663911749687868,1.1900252743207194,1.502458349195483,0,906,0
block_mediagallery,16.0,1,1,0.13663911749687868,1.0,0.13663911749687868,1.1900252743207194,1.502458349195483,0,907,0
filter_wavefront,16.0,1,1,0.13663911749687868,1.0,0.13663911749687868,1.1900252743207194,1.502458349195483,0,908,0
local_openid_idp,16.0,1,1,0.13663911749687868,1.0,0.13663911749687868,1.1900252743207194,1.502458349195483,0,909,0
qtype_musickeysignature,16.0,1,1,0.13663911749687868,1.0,0.13663911749687868,1.1900252743207194,1.502458349195483,0,910,0
repository_mediawiki,16.0,1,1,0.13663911749687868,1.0,0.13663911749687868,1.1900252743207194,1.502458349195483,0,911,0
scormreport_numbas,16.0,1,1,0.13663911749687868,1.0,0.13663911749687868,1.1900252743207194,1.502458349195483,0,912,0
theme_fadeback,16.0,1,1,0.13663911749687868,1.0,0.13663911749687868,1.1900252743207194,1.502458349195483,0,913,0
customfield_multiselect,286.0,0,1,0.27294331966669233,0.5,0.13647165983334617,1.5491263279507606,0.6710990360519449,0,914,0
customfield_file,284.0,1,0,0.2726060622553805,0.5,0.13630303112769024,1.5457635049727323,0.669849845778934,0,915,0
local_backupftp,281.0,1,0,0.2720957123789007,0.5,0.13604785618945034,1.540674761971401,0.6679760603694178,0,916,0
mod_plugnmeet,280.0,1,0,0.27192438852810996,0.5,0.13596219426405498,1.5389664769558624,0.6673514652329124,0,917,0
assignsubmission_cloudpoodll,275.0,1,0,0.2710585194303837,0.5,0.13552925971519186,1.5303328208814935,0.6642284895503853,0,918,0
local_assignsubmission_download,269.0,1,0,0.2699985292168334,0.5,0.1349992646084167,1.519763566279358,0.6604809187313528,0,919,0
report_upgradelog,268.0,1,0,0.2698195768286526,0.5,0.1349097884143263,1.517979216454081,0.6598563235948474,0,920,0
local_moofactory_notification,267.0,1,0,0.2696399579495923,0.5,0.13481997897479614,1.5161882209902835,0.659231728458342,0,921,0
block_powerbi,266.0,1,0,0.26945966759652584,0.5,0.13472983379826292,1.5143905302007754,0.6586071333218366,0,922,0
message_kopereemail,266.0,1,0,0.26945966759652584,0.5,0.13472983379826292,1.5143905302007754,0.6586071333218366,0,923,0
quizaccess_quilgo,266.0,1,0,0.26945966759652584,0.5,0.13472983379826292,1.5143905302007754,0.6586071333218366,0,924,0
qbehaviour_adaptiveallnothing,264.0,1,0,0.269097052254545,0.5,0.1345485261272725,1.5107748610907754,0.6573579430488258,0,925,0
quizaccess_ipaddresslist,263.0,1,0,0.2689147170155032,0.5,0.1344573585077516,1.5089567805653714,0.6567333479123203,0,926,0
tool_speedtest,263.0,0,1,0.2689147170155032,0.5,0.1344573585077516,1.5089567805653714,0.6567333479123203,0,927,0
block_rate_course,262.0,0,1,0.2687316898004617,0.5,0.13436584490023085,1.5071318002870973,0.6561087527758149,0,928,0
mod_congrea,261.0,0,1,0.2685479653372035,0.5,0.13427398266860174,1.5052998676862168,0.6554841576393096,0,929,0
assignfeedback_editpdfplus,260.0,0,1,0.2683635382930268,0.5,0.1341817691465134,1.5034609295898977,0.6548595625028041,0,930,0
mod_panoptosubmission,260.0,1,0,0.2683635382930268,0.5,0.1341817691465134,1.5034609295898977,0.6548595625028041,0,931,0
fileconverter_flasksoffice,259.0,1,0,0.2681784032738163,0.5,0.13408920163690816,1.501614932212948,0.6542349673662987,0,932,0
block_moderator_guide,28.0,0,1,0.26817406185102316,0.5,0.13408703092551158,2.485349842878717,1.787405566834739,0,933,0
enrol_shared,28.0,0,1,0.26817406185102316,0.5,0.13408703092551158,2.485349842878717,1.787405566834739,0,934,0
qbank_yetkinlik,28.0,1,0,0.26817406185102316,0.5,0.13408703092551158,2.485349842878717,1.787405566834739,0,935,0
qtype_cloudpoodll,258.0,1,0,0.2679925548230971,0.5,0.13399627741154854,1.4997618211483794,0.6536103722297932,0,936,0
qtype_shortmath,255.0,0,1,0.2674306733613388,0.5,0.1337153366806694,1.4941592522287548,0.651736586820277,0,937,0
block_chessblock,15.0,1,1,0.1337153366806694,1.0,0.1337153366806694,1.1608720015335552,1.501833754058978,0,938,0
block_clipboard,15.0,1,1,0.1337153366806694,1.0,0.1337153366806694,1.1608720015335552,1.501833754058978,0,939,0
block_quickset,15.0,1,1,0.1337153366806694,1.0,0.1337153366806694,1.1608720015335552,1.501833754058978,0,940,0
block_smb_web_client,15.0,1,1,0.1337153366806694,1.0,0.1337153366806694,1.1608720015335552,1.501833754058978,0,941,0
block_tabbed_navigation,15.0,1,1,0.1337153366806694,1.0,0.1337153366806694,1.1608720015335552,1.501833754058978,0,942,0
block_tb_courses,15.0,1,1,0.1337153366806694,1.0,0.1337153366806694,1.1608720015335552,1.501833754058978,0,943,0
format_event,15.0,1,1,0.1337153366806694,1.0,0.1337153366806694,1.1608720015335552,1.501833754058978,0,944,0
local_latesubmissions,15.0,1,1,0.1337153366806694,1.0,0.1337153366806694,1.1608720015335552,1.501833754058978,0,945,0
mod_autoview,15.0,1,1,0.1337153366806694,1.0,0.1337153366806694,1.1608720015335552,1.501833754058978,0,946,0
mod_labellud,15.0,1,1,0.1337153366806694,1.0,0.1337153366806694,1.1608720015335552,1.501833754058978,0,947,0
mod_recommend,15.0,1,1,0.1337153366806694,1.0,0.1337153366806694,1.1608720015335552,1.501833754058978,0,948,0
plagiarism_unplag,15.0,1,1,0.1337153366806694,1.0,0.1337153366806694,1.1608720015335552,1.501833754058978,0,949,0
qformat_qtex,15.0,1,1,0.1337153366806694,1.0,0.1337153366806694,1.1608720015335552,1.501833754058978,0,950,0
block_vitrina,253.0,1,0,0.26705241563186205,0.5,0.13352620781593103,1.4903876115126813,0.6504873965472662,0,951,0
report_offlinequizcron,253.0,1,0,0.26705241563186205,0.5,0.13352620781593103,1.4903876115126813,0.6504873965472662,0,952,0
local_page,249.0,1,0,0.26628688188729405,0.5,0.13314344094364702,1.4827544079703907,0.6479890160012445,0,953,0
block_turnitin,248.0,0,1,0.2660935845813156,0.5,0.1330467922906578,1.4808270237222376,0.6473644208647391,0,954,0
local_nolej,247.0,1,0,0.26589950941687984,0.5,0.13294975470843992,1.4788918833797602,0.6467398257282337,0,955,0
theme_liquid,247.0,1,0,0.26589950941687984,0.5,0.13294975470843992,1.4788918833797602,0.6467398257282337,0,956,0
quiz_feedback,69.0,1,0,0.26579247006214146,0.5,0.13289623503107073,2.044200792153985,1.740785524109886,0,957,0
format_timeline,242.0,1,0,0.2649172430127064,0.5,0.1324586215063532,1.4690976196402288,0.6436168500457067,0,958,0
qbank_comp_ext,6.0,1,0,0.2646301901259148,0.5,0.1323150950629574,3.0546005579982474,3.051116549832811,0,959,0
tool_lockstats,239.0,0,1,0.26431813452225295,0.5,0.13215906726112647,1.4631238567800082,0.6417430646361904,0,960,0
local_instructor_files,238.0,0,1,0.26411676632456793,0.5,0.13205838316228397,1.4611159969687582,0.641118469499685,0,961,0
tiny_justify,238.0,1,0,0.26411676632456793,0.5,0.13205838316228397,1.4611159969687582,0.641118469499685,0,962,0
block_news_slider,237.0,0,1,0.2639145538133128,0.5,0.1319572769066564,1.459099718433474,0.6404938743631796,0,963,0
block_openai_questions,236.0,1,0,0.26371148987844717,0.5,0.13185574493922358,1.457074950279325,0.6398692792266742,0,964,0
block_helpdesk,235.0,0,1,0.2635075673197393,0.5,0.13175378365986964,1.4550416207121744,0.6392446840901688,0,965,0
assignsubmission_helixassign,233.0,1,0,0.2630971170696893,0.5,0.13154855853484465,1.450948985573819,0.6379954938171579,0,966,0
block_pageone,25.0,0,1,0.2629076406276857,0.5,0.13145382031384284,2.4328378988626382,1.7855317814252227,0,967,0
paygw_bank,232.0,1,0,0.26289057451297565,0.5,0.13144528725648782,1.448889531778702,0.6373708986806526,0,968,0
block_lpprogress,230.0,1,0,0.2624748166512678,0.5,0.1312374083256339,1.4447439739829266,0.6361217084076417,0,969,0
mod_ispring,229.0,1,0,0.26226558589671733,0.5,0.13113279294835867,1.4426577159333975,0.6354971132711362,0,970,0
local_myddleware,228.0,1,0,0.2620554434584405,0.5,0.13102772172922025,1.4405623674061478,0.6348725181346309,0,971,0
local_purgequestioncategory,225.0,1,0,0.2614194657156087,0.5,0.13070973285780435,1.4342209780241018,0.6329987327251146,0,972,0
assignment_random,14.0,1,1,0.13060279784158352,1.0,0.13060279784158352,1.1298366060848088,1.5012091589224723,0,973,0
block_cam_mycourses,14.0,1,1,0.13060279784158352,1.0,0.13060279784158352,1.1298366060848088,1.5012091589224723,0,974,0
block_quest_classification,14.0,1,1,0.13060279784158352,1.0,0.13060279784158352,1.1298366060848088,1.5012091589224723,0,975,0
block_userinfo,14.0,1,1,0.13060279784158352,1.0,0.13060279784158352,1.1298366060848088,1.5012091589224723,0,976,0
enrol_sber,14.0,1,1,0.13060279784158352,1.0,0.13060279784158352,1.1298366060848088,1.5012091589224723,0,977,0
filter_flowchart,14.0,1,1,0.13060279784158352,1.0,0.13060279784158352,1.1298366060848088,1.5012091589224723,0,978,0
plagiarism_plagiarisma,14.0,1,1,0.13060279784158352,1.0,0.13060279784158352,1.1298366060848088,1.5012091589224723,0,979,0
tinymce_cloudpoodll,14.0,1,1,0.13060279784158352,1.0,0.13060279784158352,1.1298366060848088,1.5012091589224723,0,980,0
quizaccess_failgrade,223.0,1,0,0.2609907729971035,0.5,0.13049538649855175,1.4299464456463098,0.6317495424521038,0,981,0
qformat_glossary,221.0,1,0,0.260558235449539,0.5,0.1302791177247695,1.4256335761435994,0.630500352179093,0,982,0
tiny_wordlimit,221.0,1,0,0.260558235449539,0.5,0.1302791177247695,1.4256335761435994,0.630500352179093,0,983,0
local_preventcopy,220.0,1,0,0.2603405031913181,0.5,0.13017025159565904,1.423462548861633,0.6298757570425876,0,984,0
mod_scormremote,218.0,1,0,0.2599020673237707,0.5,0.12995103366188535,1.4190908666974216,0.6286265667695767,0,985,0
profilefield_database,218.0,1,0,0.2599020673237707,0.5,0.12995103366188535,1.4190908666974216,0.6286265667695767,0,986,0
block_bulkactivity,217.0,1,0,0.2596813455962613,0.5,0.12984067279813066,1.416890031157199,0.6280019716330714,0,987,0
block_my_grades,216.0,1,0,0.25945960905264454,0.5,0.12972980452632227,1.4146790767973152,0.6273773764965659,0,988,0
block_timezoneclock,214.0,1,0,0.2590130538874025,0.5,0.12950652694370124,1.4102264364096895,0.626128186223555,0,989,0
block_exastud,212.0,1,0,0.25856232524892764,0.5,0.12928116262446382,1.4057321819575106,0.6248789959505443,0,990,0
local_easycustmenu,212.0,1,0,0.25856232524892764,0.5,0.12928116262446382,1.4057321819575106,0.6248789959505443,0,991,0
mod_giportfolio,209.0,0,1,0.2578782341580176,0.5,0.1289391170790088,1.3989110501975635,0.623005210541028,0,992,0
tool_userautodelete,209.0,1,0,0.2578782341580176,0.5,0.1289391170790088,1.3989110501975635,0.623005210541028,0,993,0
availability_dedicationtime,206.0,1,0,0.25718429969259027,0.5,0.12859214984629513,1.3919917692942683,0.6211314251315118,0,994,0
block_uicustomcss,206.0,0,1,0.25718429969259027,0.5,0.12859214984629513,1.3919917692942683,0.6211314251315118,0,995,0
block_featured_courses,203.0,0,1,0.25648023443975465,0.5,0.12824011721987733,1.3849714734286935,0.6192576397219955,0,996,0
mod_taskchain,203.0,1,0,0.25648023443975465,0.5,0.12824011721987733,1.3849714734286935,0.6192576397219955,0,997,0
local_checkmarkreport,202.0,1,0,0.2562432432342109,0.5,0.12812162161710544,1.382608413508103,0.6186330445854901,0,998,0
mod_collabwordcloud,202.0,1,0,0.2562432432342109,0.5,0.12812162161710544,1.382608413508103,0.6186330445854901,0,999,0
quiz_essaydownload,202.0,1,0,0.2562432432342109,0.5,0.12812162161710544,1.382608413508103,0.6186330445854901,0,1000,0
availability_enrolmentmethod,199.0,1,0,0.2555252009885865,0.5,0.12776260049429325,1.375448751831912,0.6167592591759739,0,1001,0
plagiarism_pchkorg,198.0,1,0,0.2552834580599708,0.5,0.1276417290299854,1.373038312067334,0.6161346640394685,0,1002,0
qtype_splitset,197.0,0,1,0.2550404972777097,0.5,0.12752024863885486,1.3706157289781464,0.615510068902963,0,1003,0
block_counter,196.0,1,0,0.25479630630902955,0.5,0.12739815315451478,1.3681808795931896,0.6148854737664576,0,1004,0
block_glossary_export_to_quiz,196.0,1,0,0.25479630630902955,0.5,0.12739815315451478,1.3681808795931896,0.6148854737664576,0,1005,0
block_objectives,195.0,1,0,0.2545508726328682,0.5,0.1272754363164341,1.3657336390638652,0.6142608786299522,0,1006,0
atto_chemrender,13.0,1,1,0.1272754363164341,1.0,0.1272754363164341,1.0966591949511106,1.500584563785967,0,1007,0
block_analytics_recommendations,13.0,1,1,0.1272754363164341,1.0,0.1272754363164341,1.0966591949511106,1.500584563785967,0,1008,0
block_open_courses,13.0,1,1,0.1272754363164341,1.0,0.1272754363164341,1.0966591949511106,1.500584563785967,0,1009,0
block_profile_field_identifier,13.0,1,1,0.1272754363164341,1.0,0.1272754363164341,1.0966591949511106,1.500584563785967,0,1010,0
local_bongo,13.0,1,1,0.1272754363164341,1.0,0.1272754363164341,1.0966591949511106,1.500584563785967,0,1011,0
local_culactivity_stream,13.0,1,1,0.1272754363164341,1.0,0.1272754363164341,1.0966591949511106,1.500584563785967,0,1012,0
local_discoursesso,13.0,1,1,0.1272754363164341,1.0,0.1272754363164341,1.0966591949511106,1.500584563785967,0,1013,0
qtype_musicinterval,13.0,1,1,0.1272754363164341,1.0,0.1272754363164341,1.0966591949511106,1.500584563785967,0,1014,0
theme_cafe_con_leche,13.0,1,1,0.1272754363164341,1.0,0.1272754363164341,1.0966591949511106,1.500584563785967,0,1015,0
theme_cloudyday,13.0,1,1,0.1272754363164341,1.0,0.1272754363164341,1.0966591949511106,1.500584563785967,0,1016,0
tool_uploadexternalcontent,13.0,1,1,0.1272754363164341,1.0,0.1272754363164341,1.0966591949511106,1.500584563785967,0,1017,0
plagiarism_originality,194.0,1,0,0.2543041835360229,0.5,0.12715209176801145,1.3632738806257227,0.6136362834934468,0,1018,0
local_courseicons,192.0,1,0,0.2538069872429548,0.5,0.1269034936214774,1.3583162931485007,0.6123870932204359,0,1019,0
mod_linkedincert,192.0,0,1,0.2538069872429548,0.5,0.1269034936214774,1.3583162931485007,0.6123870932204359,0,1020,0
local_slow_queries,190.0,1,0,0.2533046117286526,0.5,0.1266523058643263,1.3533070632059385,0.6111379029474251,0,1021,0
local_ws_enrolcohort,189.0,0,1,0.25305144782300654,0.5,0.12652572391150327,1.3507827438861575,0.6105133078109197,0,1022,0
format_letstudy,188.0,1,0,0.25279694795389057,0.5,0.12639847397694529,1.3482451035584346,0.6098887126744144,0,1023,0
gradingform_btec,188.0,1,0,0.25279694795389057,0.5,0.12639847397694529,1.3482451035584346,0.6098887126744144,0,1024,0
qformat_crossxml,188.0,1,0,0.25279694795389057,0.5,0.12639847397694529,1.3482451035584346,0.6098887126744144,0,1025,0
block_cinfo,186.0,1,0,0.2522838833993385,0.5,0.12614194169966925,1.3431292922659608,0.6086395224014035,0,1026,0
mod_kahoodle,186.0,1,0,0.2522838833993385,0.5,0.12614194169966925,1.3431292922659608,0.6086395224014035,0,1027,0
assignfeedback_cloudpoodll,185.0,1,0,0.25202528967908644,0.5,0.12601264483954322,1.340550831792535,0.608014927264898,0,1028,0
format_simple,185.0,1,0,0.25202528967908644,0.5,0.12601264483954322,1.340550831792535,0.608014927264898,0,1029,0
mod_clickmeeting,185.0,1,0,0.25202528967908644,0.5,0.12601264483954322,1.340550831792535,0.608014927264898,0,1030,0
format_tabtopics,184.0,0,1,0.2517653019158726,0.5,0.1258826509579363,1.3379584711955035,0.6073903321283927,0,1031,0
tiny_supersub,184.0,1,0,0.2517653019158726,0.5,0.1258826509579363,1.3379584711955035,0.6073903321283927,0,1032,0
local_msaccount,75.0,0,1,0.2517542069732637,0.5,0.12587710348663184,1.736774832571129,1.7204569471550597,0,1033,0
atto_cloudpoodll,183.0,1,0,0.2515039049980098,0.5,0.1257519524990049,1.3353520597949189,0.6067657369918873,0,1034,0
block_signinsheet,183.0,0,1,0.2515039049980098,0.5,0.1257519524990049,1.3353520597949189,0.6067657369918873,0,1035,0
enrol_signup,183.0,1,0,0.2515039049980098,0.5,0.1257519524990049,1.3353520597949189,0.6067657369918873,0,1036,0
assignsubmission_mahara,181.0,0,1,0.25097682201087346,0.5,0.12548841100543673,1.3300964694920243,0.6055165467188764,0,1037,0
mod_dynamo,179.0,1,0,0.2504439147844595,0.5,0.12522195739222974,1.3247828051927832,0.6042673564458656,0,1038,0
mod_reader,176.0,1,0,0.24963334758194586,0.5,0.12481667379097293,1.316700569124949,0.6023935710363494,0,1039,0
mod_teamup,176.0,1,0,0.24963334758194586,0.5,0.12481667379097293,1.316700569124949,0.6023935710363494,0,1040,0
tiny_poodll,176.0,1,0,0.24963334758194586,0.5,0.12481667379097293,1.316700569124949,0.6023935710363494,0,1041,0
quiz_group,175.0,1,0,0.2493601025831292,0.5,0.1246800512915646,1.3139760194787966,0.6017689758998439,0,1042,0
qtype_ddimageortext,48.0,0,1,0.2485908887991986,0.5,0.1242954443995993,1.872682329433061,1.7276690262432721,0,1043,0
atto_helixatto,172.0,1,0,0.24853095413851328,0.5,0.12426547706925664,1.305708508230029,0.5998951904903277,0,1044,0
local_aceengine,4.0,1,0,0.24840293721869033,0.5,0.12420146860934517,2.892797208045371,3.0498673595598005,0,1045,0
mod_iassign,4.0,0,1,0.24840293721869033,0.5,0.12420146860934517,2.892797208045371,3.0498673595598005,0,1046,0
message_localmail,171.0,1,0,0.24825137298869496,0.5,0.12412568649434748,1.3029207802712108,0.5992705953538223,0,1047,0
report_payments,170.0,1,0,0.24797016161887955,0.5,0.12398508080943978,1.3001167972470287,0.5986460002173168,0,1048,0
tool_hidecourses,170.0,0,1,0.24797016161887955,0.5,0.12398508080943978,1.3001167972470287,0.5986460002173168,0,1049,0
local_annoto,168.0,1,0,0.24740277138887878,0.5,0.12370138569443939,1.2944592999201836,0.5973968099443061,0,1050,0
assignsubmission_beetleblocks,12.0,1,1,0.12370138569443939,1.0,0.12370138569443939,1.0610220253792697,1.4999599686494616,0,1051,0
auth_pwdexp,12.0,1,1,0.12370138569443939,1.0,0.12370138569443939,1.0610220253792697,1.4999599686494616,0,1052,0
block_bbliveusers,12.0,1,1,0.12370138569443939,1.0,0.12370138569443939,1.0610220253792697,1.4999599686494616,0,1053,0
block_tb_testimonials,12.0,1,1,0.12370138569443939,1.0,0.12370138569443939,1.0610220253792697,1.4999599686494616,0,1054,0
datafield_latlongmap,12.0,1,1,0.12370138569443939,1.0,0.12370138569443939,1.0610220253792697,1.4999599686494616,0,1055,0
datafield_linkedcheckbox,12.0,1,1,0.12370138569443939,1.0,0.12370138569443939,1.0610220253792697,1.4999599686494616,0,1056,0
mod_dicomviewer,12.0,1,1,0.12370138569443939,1.0,0.12370138569443939,1.0610220253792697,1.4999599686494616,0,1057,0
qtype_calculatedobjects,12.0,1,1,0.12370138569443939,1.0,0.12370138569443939,1.0610220253792697,1.4999599686494616,0,1058,0
qtype_easyomechjs,12.0,1,1,0.12370138569443939,1.0,0.12370138569443939,1.0610220253792697,1.4999599686494616,0,1059,0
theme_aardvark_postit,12.0,1,1,0.12370138569443939,1.0,0.12370138569443939,1.0610220253792697,1.4999599686494616,0,1060,0
theme_educacionbe,12.0,1,1,0.12370138569443939,1.0,0.12370138569443939,1.0610220253792697,1.4999599686494616,0,1061,0
mod_whiteboard,167.0,0,1,0.24711655325931006,0.5,0.12355827662965503,1.2916053940590848,0.5967722148078006,0,1062,0
tiny_styles,167.0,1,0,0.24711655325931006,0.5,0.12355827662965503,1.2916053940590848,0.5967722148078006,0,1063,0
report_completionall,166.0,1,0,0.24682862635466796,0.5,0.12341431317733398,1.2887344498531241,0.5961476196712951,0,1064,0
block_site_stats,165.0,1,0,0.2465389701489417,0.5,0.12326948507447084,1.2858462626356633,0.5955230245347898,0,1065,0
local_dyslexia,165.0,1,0,0.2465389701489417,0.5,0.12326948507447084,1.2858462626356633,0.5955230245347898,0,1066,0
local_course_merge,162.0,0,1,0.2456594148294307,0.5,0.12282970741471536,1.2770761400536461,0.5936492391252736,0,1067,0
ltisource_message_handler,162.0,0,1,0.2456594148294307,0.5,0.12282970741471536,1.2770761400536461,0.5936492391252736,0,1068,0
search_elastic,160.0,1,0,0.24506400463377448,0.5,0.12253200231688724,1.2711392532124741,0.5924000488522627,0,1069,0
gradereport_markingguide,159.0,1,0,0.24476352008987898,0.5,0.12238176004493949,1.2681430956934334,0.5917754537157573,0,1070,0
theme_eduhub,159.0,0,1,0.24476352008987898,0.5,0.12238176004493949,1.2681430956934334,0.5917754537157573,0,1071,0
auth_companion,158.0,1,0,0.24446115161804408,0.5,0.12223057580902204,1.2651281533650718,0.5911508585792519,0,1072,0
mod_pdfjsfolder,158.0,1,0,0.24446115161804408,0.5,0.12223057580902204,1.2651281533650718,0.5911508585792519,0,1073,0
block_faces,156.0,0,1,0.24385066734896016,0.5,0.12192533367448008,1.2590409616268243,0.589901668306241,0,1074,0
local_dttutor,156.0,1,0,0.24385066734896016,0.5,0.12192533367448008,1.2590409616268243,0.589901668306241,0,1075,0
local_assign_ai,155.0,1,0,0.24354250263731536,0.5,0.12177125131865768,1.255968224487244,0.5892770731697357,0,1076,0
local_dimensions,43.0,1,0,0.24340011874945966,0.5,0.12170005937472983,1.8209247098479928,1.724546050560745,0,1077,0
local_whatsappgen,154.0,1,0,0.24323235614542005,0.5,0.12161617807271002,1.2528757268444388,0.5886524780332303,0,1078,0
mod_randomactivity,152.0,1,0,0.24260601470196122,0.5,0.12130300735098061,1.2466304218414683,0.5874032877602194,0,1079,0
search_postgresfulltext,152.0,0,1,0.24260601470196122,0.5,0.12130300735098061,1.2466304218414683,0.5874032877602194,0,1080,0
theme_simplest,152.0,1,0,0.24260601470196122,0.5,0.12130300735098061,1.2466304218414683,0.5874032877602194,0,1081,0
tool_gdpr_plus,152.0,0,1,0.24260601470196122,0.5,0.12130300735098061,1.2466304218414683,0.5874032877602194,0,1082,0
mod_subjectattendance,151.0,1,0,0.24228976692429902,0.5,0.12114488346214951,1.2434770877476788,0.586778692623714,0,1083,0
repository_personalyoutube,150.0,1,0,0.2419714316874515,0.5,0.12098571584372575,1.240302939416815,0.5861540974872086,0,1084,0
atto_linkadv,147.0,1,0,0.24100362101716505,0.5,0.12050181050858252,1.2306528150570244,0.5842803120776924,0,1085,0
block_clampmail,147.0,1,0,0.24100362101716505,0.5,0.12050181050858252,1.2306528150570244,0.5842803120776924,0,1086,0
block_ube_ta,147.0,1,0,0.24100362101716505,0.5,0.12050181050858252,1.2306528150570244,0.5842803120776924,0,1087,0
mod_customlabel,147.0,0,1,0.24100362101716505,0.5,0.12050181050858252,1.2306528150570244,0.5842803120776924,0,1088,0
mod_structlabel,147.0,0,1,0.24100362101716505,0.5,0.12050181050858252,1.2306528150570244,0.5842803120776924,0,1089,0
filter_sectionnames,146.0,1,0,0.24067665289507476,0.5,0.12033832644753738,1.2273925874766398,0.5836557169411869,0,1090,0
mod_courselinks,146.0,1,0,0.24067665289507476,0.5,0.12033832644753738,1.2273925874766398,0.5836557169411869,0,1091,0
quizaccess_quizproctoring,145.0,1,0,0.24034745289139672,0.5,0.12017372644569836,1.2241101056108468,0.5830311218046815,0,1092,0
tiny_orphanedfiles,143.0,1,0,0.23968223388575197,0.5,0.11984111694287598,1.2174771490543046,0.5817819315316707,0,1093,0
block_common_courses,11.0,1,1,0.11984111694287598,1.0,0.11984111694287598,1.0225309499463302,1.499335373512956,0,1094,0
block_css_theme_tool,11.0,1,1,0.11984111694287598,1.0,0.11984111694287598,1.0225309499463302,1.499335373512956,0,1095,0
block_tb_top_cats,11.0,1,1,0.11984111694287598,1.0,0.11984111694287598,1.0225309499463302,1.499335373512956,0,1096,0
enrol_bitcoin,11.0,1,1,0.11984111694287598,1.0,0.11984111694287598,1.0225309499463302,1.499335373512956,0,1097,0
filter_vowels,11.0,1,1,0.11984111694287598,1.0,0.11984111694287598,1.0225309499463302,1.499335373512956,0,1098,0
local_news_forum,11.0,1,1,0.11984111694287598,1.0,0.11984111694287598,1.0225309499463302,1.499335373512956,0,1099,0
local_qsearchbytype,11.0,1,1,0.11984111694287598,1.0,0.11984111694287598,1.0225309499463302,1.499335373512956,0,1100,0
qtype_easyolewis,11.0,1,1,0.11984111694287598,1.0,0.11984111694287598,1.0225309499463302,1.499335373512956,0,1101,0
qtype_easyonewman,11.0,1,1,0.11984111694287598,1.0,0.11984111694287598,1.0225309499463302,1.499335373512956,0,1102,0
repository_sword_upload,11.0,1,1,0.11984111694287598,1.0,0.11984111694287598,1.0225309499463302,1.499335373512956,0,1103,0
theme_cover,11.0,1,1,0.11984111694287598,1.0,0.11984111694287598,1.0225309499463302,1.499335373512956,0,1104,0
theme_responsive,11.0,1,1,0.11984111694287598,1.0,0.11984111694287598,1.0225309499463302,1.499335373512956,0,1105,0
theme_solstice,11.0,1,1,0.11984111694287598,1.0,0.11984111694287598,1.0225309499463302,1.499335373512956,0,1106,0
tinymce_mediagallery,11.0,1,1,0.11984111694287598,1.0,0.11984111694287598,1.0225309499463302,1.499335373512956,0,1107,0
tool_cmdlinetools,11.0,1,1,0.11984111694287598,1.0,0.11984111694287598,1.0225309499463302,1.499335373512956,0,1108,0
tool_moodlenet,142.0,0,1,0.2393461515968992,0.5,0.1196730757984496,1.2141260433245111,0.5811573363951653,0,1109,0
local_custom_registration,141.0,0,1,0.23900771081655373,0.5,0.11950385540827686,1.2107514208709358,0.5805327412586598,0,1110,0
gradingform_multigraders,139.0,1,0,0.23832361972564367,0.5,0.11916180986282184,1.2039302891109886,0.5792835509856491,0,1111,0
mod_tracker,139.0,0,1,0.23832361972564367,0.5,0.11916180986282184,1.2039302891109886,0.5792835509856491,0,1112,0
filter_stash,137.0,0,1,0.23762968526021638,0.5,0.11881484263010819,1.197011008207694,0.5780343607126383,0,1113,0
qbank_filtername,136.0,1,0,0.23727893743581502,0.5,0.11863946871790751,1.1935136711475463,0.5774097655761328,0,1114,0
auth_mcae,135.0,0,1,0.23692562000738074,0.5,0.11846281000369037,1.189990712342119,0.5767851704396274,0,1115,0
block_mymindmap_overview,135.0,1,0,0.23692562000738074,0.5,0.11846281000369037,1.189990712342119,0.5767851704396274,0,1116,0
mod_simplelesson,135.0,1,0,0.23692562000738074,0.5,0.11846281000369037,1.189990712342119,0.5767851704396274,0,1117,0
qtype_sc,135.0,1,0,0.23692562000738074,0.5,0.11846281000369037,1.189990712342119,0.5767851704396274,0,1118,0
tool_copy_courses,134.0,1,0,0.23656969504666608,0.5,0.11828484752333304,1.1864417536055583,0.576160575303122,0,1119,0
local_rocketchat,14.0,1,0,0.2363802186046625,0.5,0.11819010930233124,2.168330666894377,1.7786612349236632,0,1120,0
block_demostudent,132.0,0,1,0.2358498665600637,0.5,0.11792493328003185,1.1792642811652339,0.5749113850301112,0,1121,0
local_remote_backup_provider,132.0,0,1,0.2358498665600637,0.5,0.11792493328003185,1.1792642811652339,0.5749113850301112,0,1122,0
qbank_bulktags,132.0,1,0,0.2358498665600637,0.5,0.11792493328003185,1.1792642811652339,0.5749113850301112,0,1123,0
auth_ip,130.0,0,1,0.23511913116703612,0.5,0.11755956558351806,1.171978055012417,0.5736621947571003,0,1124,0
format_wplist,130.0,1,0,0.23511913116703612,0.5,0.11755956558351806,1.171978055012417,0.5736621947571003,0,1125,0
availability_weekday,128.0,1,0,0.23437715325090153,0.5,0.11718857662545076,1.1645797286839856,0.5724130044840895,0,1126,0
enrol_authorizedotnet,127.0,1,0,0.23400183919117146,0.5,0.11700091959558573,1.1608374395549548,0.571788409347584,0,1127,0
filter_html5avtomp4,126.0,0,1,0.23362358146169468,0.5,0.11681179073084734,1.1570657988388815,0.5711638142110786,0,1128,0
local_corolair,126.0,1,0,0.23362358146169468,0.5,0.11681179073084734,1.1570657988388815,0.5711638142110786,0,1129,0
local_smart_klass,126.0,0,1,0.23362358146169468,0.5,0.11681179073084734,1.1570657988388815,0.5711638142110786,0,1130,0
mod_videotrack,126.0,1,0,0.23362358146169468,0.5,0.11681179073084734,1.1570657988388815,0.5711638142110786,0,1131,0
enrol_arlo,125.0,1,0,0.23324233352151666,0.5,0.11662116676075833,1.1532643424718598,0.5705392190745733,0,1132,0
local_courseexpiry,13.0,0,1,0.23305285707951306,0.5,0.11652642853975653,2.135153255760679,1.7780366397871579,0,1133,0
block_site_announcements,124.0,1,0,0.23285804771712673,0.5,0.11642902385856337,1.1494325952965911,0.5699146239380679,0,1134,0
block_mhaairs,123.0,1,0,0.2324706752467125,0.5,0.11623533762335625,1.1455700707059602,0.5692900288015624,0,1135,0
block_newsslider,122.0,1,0,0.23208016612296686,0.5,0.11604008306148343,1.14167627027218,0.568665433665057,0,1136,0
format_weeksrev,122.0,1,0,0.23208016612296686,0.5,0.11604008306148343,1.14167627027218,0.568665433665057,0,1137,0
block_ubicast,121.0,1,0,0.23168646913437693,0.5,0.11584323456718847,1.1377506833608029,0.5680408385285516,0,1138,0
paygw_razorpay,121.0,1,0,0.23168646913437693,0.5,0.11584323456718847,1.1377506833608029,0.5680408385285516,0,1139,0
tiny_qrcode,121.0,1,0,0.23168646913437693,0.5,0.11584323456718847,1.1377506833608029,0.5680408385285516,0,1140,0
block_accessibility_overview,120.0,1,0,0.23128953180491968,0.5,0.11564476590245984,1.1337927867288389,0.5674162433920462,0,1141,0
media_rutube,120.0,1,0,0.23128953180491968,0.5,0.11564476590245984,1.1337927867288389,0.5674162433920462,0,1142,0
quiz_stack,120.0,0,1,0.23128953180491968,0.5,0.11564476590245984,1.1337927867288389,0.5674162433920462,0,1143,0
assignsubmission_snap4arduino,10.0,1,1,0.11564476590245984,1.0,0.11564476590245984,0.9806887687835975,1.4987107783764508,0,1144,0
assignsubmission_wordcount,10.0,1,1,0.11564476590245984,1.0,0.11564476590245984,0.9806887687835975,1.4987107783764508,0,1145,0
block_bookmarks,10.0,1,1,0.11564476590245984,1.0,0.11564476590245984,0.9806887687835975,1.4987107783764508,0,1146,0
block_online_users_map,10.0,1,1,0.11564476590245984,1.0,0.11564476590245984,0.9806887687835975,1.4987107783764508,0,1147,0
block_tb_faq,10.0,1,1,0.11564476590245984,1.0,0.11564476590245984,0.9806887687835975,1.4987107783764508,0,1148,0
local_goodbye,10.0,1,1,0.11564476590245984,1.0,0.11564476590245984,0.9806887687835975,1.4987107783764508,0,1149,0
mod_quickom,10.0,1,1,0.11564476590245984,1.0,0.11564476590245984,0.9806887687835975,1.4987107783764508,0,1150,0
mod_socialwiki,10.0,1,1,0.11564476590245984,1.0,0.11564476590245984,0.9806887687835975,1.4987107783764508,0,1151,0
qtype_easyofischer,10.0,1,1,0.11564476590245984,1.0,0.11564476590245984,0.9806887687835975,1.4987107783764508,0,1152,0
theme_aadar,10.0,1,1,0.11564476590245984,1.0,0.11564476590245984,0.9806887687835975,1.4987107783764508,0,1153,0
theme_easy,10.0,1,1,0.11564476590245984,1.0,0.11564476590245984,0.9806887687835975,1.4987107783764508,0,1154,0
local_courselist,118.0,1,0,0.23048571964314543,0.5,0.11524285982157272,1.1257779057596742,0.5661670531190354,0,1155,0
block_faq_list,115.0,1,0,0.22925430942827887,0.5,0.11462715471413944,1.113499407416748,0.5642932677095192,0,1156,0
block_mylearning,115.0,1,0,0.22925430942827887,0.5,0.11462715471413944,1.113499407416748,0.5642932677095192,0,1157,0
mod_activitymap,115.0,0,1,0.22925430942827887,0.5,0.11462715471413944,1.113499407416748,0.5642932677095192,0,1158,0
dataformat_xml,114.0,1,0,0.22883675172655,0.5,0.114418375863275,1.1093359032595977,0.5636686725730137,0,1159,0
fileconverter_onlyoffice,113.0,0,1,0.2284155471865056,0.5,0.1142077735932528,1.1051360361604536,0.5630440774365083,0,1160,0
local_treestudyplan,113.0,1,0,0.2284155471865056,0.5,0.1142077735932528,1.1051360361604536,0.5630440774365083,0,1161,0
mod_mplayer,113.0,0,1,0.2284155471865056,0.5,0.1142077735932528,1.1051360361604536,0.5630440774365083,0,1162,0
mod_videoprogress,112.0,1,0,0.22799063154544136,0.5,0.11399531577272068,1.100899165350302,0.5624194823000028,0,1163,0
tool_bulkchangeprofilefields,110.0,1,0,0.22712940127937162,0.5,0.11356470063968581,1.0923117634697994,0.5611702920269921,0,1164,0
block_course_search,109.0,0,1,0.22669294931166944,0.5,0.11334647465583472,1.0879598629434757,0.5605456968904866,0,1165,0
assignsubmission_random,108.0,1,0,0.22625251142609396,0.5,0.11312625571304698,1.083568218483399,0.5599211017539812,0,1166,0
block_tts,108.0,0,1,0.22625251142609396,0.5,0.11312625571304698,1.083568218483399,0.5599211017539812,0,1167,0
profilefield_phone,108.0,1,0,0.22625251142609396,0.5,0.11312625571304698,1.083568218483399,0.5599211017539812,0,1168,0
local_resend_password_profile,107.0,1,0,0.22580801414795856,0.5,0.11290400707397928,1.0791360974670796,0.5592965066174758,0,1169,0
local_whatsapp,107.0,1,0,0.22580801414795856,0.5,0.11290400707397928,1.0791360974670796,0.5592965066174758,0,1170,0
assignfeedback_helixfeedback,105.0,1,0,0.22490653718567014,0.5,0.11245326859283507,1.070147392278497,0.558047316344465,0,1171,0
auth_samlidp,105.0,1,0,0.22490653718567014,0.5,0.11245326859283507,1.070147392278497,0.558047316344465,0,1172,0
block_mystudents,104.0,1,0,0.22444939998785024,0.5,0.11222469999392512,1.0655892375237634,0.5574227212079595,0,1173,0
mod_goodhabits,104.0,1,0,0.22444939998785024,0.5,0.11222469999392512,1.0655892375237634,0.5574227212079595,0,1174,0
tinymce_wordcount,104.0,0,1,0.22444939998785024,0.5,0.11222469999392512,1.0655892375237634,0.5574227212079595,0,1175,0
tool_resetpasswords,104.0,1,0,0.22444939998785024,0.5,0.11222469999392512,1.0655892375237634,0.5574227212079595,0,1176,0
availability_gps,103.0,0,1,0.22398788820494142,0.5,0.11199394410247071,1.0609874634006693,0.5567981260714542,0,1177,0
enrol_bycategory,103.0,1,0,0.22398788820494142,0.5,0.11199394410247071,1.0609874634006693,0.5567981260714542,0,1178,0
local_deepler,103.0,1,0,0.22398788820494142,0.5,0.11199394410247071,1.0609874634006693,0.5567981260714542,0,1179,0
block_importrubric,102.0,1,0,0.2235219173019444,0.5,0.1117609586509722,1.0563412270033847,0.5561735309349487,0,1180,0
local_coursecatalog,102.0,1,0,0.2235219173019444,0.5,0.1117609586509722,1.0563412270033847,0.5561735309349487,0,1181,0
local_forum_ai,102.0,1,0,0.2235219173019444,0.5,0.1117609586509722,1.0563412270033847,0.5561735309349487,0,1182,0
local_kopere_sitemap,102.0,1,0,0.2235219173019444,0.5,0.1117609586509722,1.0563412270033847,0.5561735309349487,0,1183,0
auth_a2fa,101.0,0,1,0.22305140026958728,0.5,0.11152570013479364,1.0516496607548935,0.5555489357984433,0,1184,0
profilefield_statictext,101.0,1,0,0.22305140026958728,0.5,0.11152570013479364,1.0516496607548935,0.5555489357984433,0,1185,0
qtype_numericalrecit,101.0,0,1,0.22305140026958728,0.5,0.11152570013479364,1.0516496607548935,0.5555489357984433,0,1186,0
atto_ubicast,100.0,1,0,0.22257624752681385,0.5,0.11128812376340692,1.046911871434693,0.554924340661938,0,1187,0
block_zoomonline,100.0,1,0,0.22257624752681385,0.5,0.11128812376340692,1.046911871434693,0.554924340661938,0,1188,0
report_lifestory,100.0,1,0,0.22257624752681385,0.5,0.11128812376340692,1.046911871434693,0.554924340661938,0,1189,0
block_analyticswidget,99.0,1,0,0.2220963668184192,0.5,0.1110481834092096,1.0421269391581127,0.5542997455254325,0,1190,0
mod_discourse,99.0,0,1,0.2220963668184192,0.5,0.1110481834092096,1.0421269391581127,0.5542997455254325,0,1191,0
assignsubmission_youtube,9.0,1,1,0.1110481834092096,1.0,0.1110481834092096,0.9348558449982343,1.4980861832399452,0,1192,0
atto_filterws,9.0,1,1,0.1110481834092096,1.0,0.1110481834092096,0.9348558449982343,1.4980861832399452,0,1193,0
block_compile_discussions,9.0,1,1,0.1110481834092096,1.0,0.1110481834092096,0.9348558449982343,1.4980861832399452,0,1194,0
block_faculty_tbird,9.0,1,1,0.1110481834092096,1.0,0.1110481834092096,0.9348558449982343,1.4980861832399452,0,1195,0
block_files,9.0,1,1,0.1110481834092096,1.0,0.1110481834092096,0.9348558449982343,1.4980861832399452,0,1196,0
block_moossenger,9.0,1,1,0.1110481834092096,1.0,0.1110481834092096,0.9348558449982343,1.4980861832399452,0,1197,0
block_rss_plus,9.0,1,1,0.1110481834092096,1.0,0.1110481834092096,0.9348558449982343,1.4980861832399452,0,1198,0
filter_leeloolxp,9.0,1,1,0.1110481834092096,1.0,0.1110481834092096,0.9348558449982343,1.4980861832399452,0,1199,0
filter_viewermecaobj,9.0,1,1,0.1110481834092096,1.0,0.1110481834092096,0.9348558449982343,1.4980861832399452,0,1200,0
local_courseteam,9.0,1,1,0.1110481834092096,1.0,0.1110481834092096,0.9348558449982343,1.4980861832399452,0,1201,0
local_externaldisclaimer,9.0,1,1,0.1110481834092096,1.0,0.1110481834092096,0.9348558449982343,1.4980861832399452,0,1202,0
local_externalzip,9.0,1,1,0.1110481834092096,1.0,0.1110481834092096,0.9348558449982343,1.4980861832399452,0,1203,0
local_messageprovider,9.0,1,1,0.1110481834092096,1.0,0.1110481834092096,0.9348558449982343,1.4980861832399452,0,1204,0
mod_etherpad,9.0,1,1,0.1110481834092096,1.0,0.1110481834092096,0.9348558449982343,1.4980861832399452,0,1205,0
mod_iadlearning,9.0,1,1,0.1110481834092096,1.0,0.1110481834092096,0.9348558449982343,1.4980861832399452,0,1206,0
repository_datatelcmm,9.0,1,1,0.1110481834092096,1.0,0.1110481834092096,0.9348558449982343,1.4980861832399452,0,1207,0
repository_datatelcmmlinks,9.0,1,1,0.1110481834092096,1.0,0.1110481834092096,0.9348558449982343,1.4980861832399452,0,1208,0
theme_cubic,9.0,1,1,0.1110481834092096,1.0,0.1110481834092096,0.9348558449982343,1.4980861832399452,0,1209,0
theme_custom_corners,9.0,1,1,0.1110481834092096,1.0,0.1110481834092096,0.9348558449982343,1.4980861832399452,0,1210,0
theme_liven,9.0,1,1,0.1110481834092096,1.0,0.1110481834092096,0.9348558449982343,1.4980861832399452,0,1211,0
theme_mercury,9.0,1,1,0.1110481834092096,1.0,0.1110481834092096,0.9348558449982343,1.4980861832399452,0,1212,0
tinymce_cincopa,9.0,1,1,0.1110481834092096,1.0,0.1110481834092096,0.9348558449982343,1.4980861832399452,0,1213,0
tool_uploadpageresults,9.0,1,1,0.1110481834092096,1.0,0.1110481834092096,0.9348558449982343,1.4980861832399452,0,1214,0
mod_registration,98.0,0,1,0.22161166310754238,0.5,0.11080583155377119,1.0372939163043464,0.5536751503889271,0,1215,0
report_apocalypse,98.0,0,1,0.22161166310754238,0.5,0.11080583155377119,1.0372939163043464,0.5536751503889271,0,1216,0
report_engagement,27.0,0,1,0.22160195499326657,0.5,0.11080097749663328,1.6035733233417062,1.7145525283766585,0,1217,0
block_lesson_essay_feedback,97.0,1,0,0.22112203846270084,0.5,0.11056101923135042,1.0324118263900655,0.5530505552524216,0,1218,0
availability_examus2,95.0,1,0,0.22012761945337803,0.5,0.11006380972668901,1.0224963879677298,0.5518013649794109,0,1219,0
block_enhanced_myoverview,94.0,0,1,0.2196226136528392,0.5,0.1098113068264196,1.0174609312123575,0.5511767698429054,0,1220,0
quizaccess_wifiresilience,93.0,1,0,0.2191122637763594,0.5,0.1095561318881797,1.0123721882110264,0.5505521747064,0,1221,0
block_my_certificates,90.0,1,0,0.21754798784070611,0.5,0.10877399392035306,0.9967746568182243,0.5486783892968838,0,1222,0
mod_pptbook,90.0,1,0,0.21754798784070611,0.5,0.10877399392035306,0.9967746568182243,0.5486783892968838,0,1223,0
tool_untoken_oauth2,90.0,1,0,0.21754798784070611,0.5,0.10877399392035306,0.9967746568182243,0.5486783892968838,0,1224,0
block_alphabees,89.0,1,0,0.21701508061429214,0.5,0.10850754030714607,0.9914609925189833,0.5480537941603784,0,1225,0
repository_searchable,89.0,0,1,0.21701508061429214,0.5,0.10850754030714607,0.9914609925189833,0.5480537941603784,0,1226,0
local_coursectrl,9.0,1,0,0.21682560417228858,0.5,0.10841280208614429,1.9733499058078028,1.7755382592411362,0,1227,0
local_customcleanurl,88.0,1,0,0.21647621899398456,0.5,0.10823810949699228,0.9860879564404007,0.5474291990238729,0,1228,0
mod_flexbook,88.0,1,0,0.21647621899398456,0.5,0.10823810949699228,0.9860879564404007,0.5474291990238729,0,1229,0
tool_browse_users_classic,88.0,1,0,0.21647621899398456,0.5,0.10823810949699228,0.9860879564404007,0.5474291990238729,0,1230,0
enrol_ibobenrol,87.0,1,0,0.2159312684129619,0.5,0.10796563420648095,0.980654206804997,0.5468046038873675,0,1231,0
local_qrlinks,87.0,0,1,0.2159312684129619,0.5,0.10796563420648095,0.980654206804997,0.5468046038873675,0,1232,0
mod_scormcloud,87.0,0,1,0.2159312684129619,0.5,0.10796563420648095,0.980654206804997,0.5468046038873675,0,1233,0
format_streamdeck,86.0,1,0,0.21538008969048547,0.5,0.10769004484524274,0.9751583558295229,0.5461800087508621,0,1234,0
customfield_textregex,85.0,1,0,0.2148225388185276,0.5,0.1074112694092638,0.9695989675974108,0.5455554136143568,0,1235,0
enrol_cart,85.0,1,0,0.2148225388185276,0.5,0.1074112694092638,0.9695989675974108,0.5455554136143568,0,1236,0
mod_clickview,85.0,1,0,0.2148225388185276,0.5,0.1074112694092638,0.9695989675974108,0.5455554136143568,0,1237,0
block_rate,84.0,1,0,0.21425846673592092,0.5,0.10712923336796046,0.9639745558067978,0.5449308184778513,0,1238,0
block_verify_certs,84.0,1,0,0.21425846673592092,0.5,0.10712923336796046,0.9639745558067978,0.5449308184778513,0,1239,0
filter_estreamauth,84.0,1,0,0.21425846673592092,0.5,0.10712923336796046,0.9639745558067978,0.5449308184778513,0,1240,0
local_activitysetting,84.0,1,0,0.21425846673592092,0.5,0.10712923336796046,0.9639745558067978,0.5449308184778513,0,1241,0
local_meccertbulkdownload,84.0,1,0,0.21425846673592092,0.5,0.10712923336796046,0.9639745558067978,0.5449308184778513,0,1242,0
block_mycourse,83.0,1,0,0.21368771908914272,0.5,0.10684385954457136,0.9582835813852848,0.5443062233413458,0,1243,0
local_dompdf,83.0,1,0,0.21368771908914272,0.5,0.10684385954457136,0.9582835813852848,0.5443062233413458,0,1244,0
local_tresipuntimportgc,83.0,1,0,0.21368771908914272,0.5,0.10684385954457136,0.9582835813852848,0.5443062233413458,0,1245,0
mod_moochat,83.0,1,0,0.21368771908914272,0.5,0.10684385954457136,0.9582835813852848,0.5443062233413458,0,1246,0
qtype_lti,83.0,1,0,0.21368771908914272,0.5,0.10684385954457136,0.9582835813852848,0.5443062233413458,0,1247,0
atto_aic,81.0,1,0,0.21252555169059295,0.5,0.10626277584529648,0.9466955091856057,0.5430570330683351,0,1248,0
qformat_stack,80.0,0,1,0.21193379441016513,0.5,0.10596689720508257,0.9407950458798545,0.5424324379318296,0,1249,0
block_live_services,8.0,1,1,0.10596689720508257,1.0,0.10596689720508257,0.8841898983591052,1.4974615881034399,0,1250,0
block_roster_tbird,8.0,1,1,0.10596689720508257,1.0,0.10596689720508257,0.8841898983591052,1.4974615881034399,0,1251,0
block_spam_deletion,8.0,1,1,0.10596689720508257,1.0,0.10596689720508257,0.8841898983591052,1.4974615881034399,0,1252,0
block_twitter_feed,8.0,1,1,0.10596689720508257,1.0,0.10596689720508257,0.8841898983591052,1.4974615881034399,0,1253,0
block_vlebooks,8.0,1,1,0.10596689720508257,1.0,0.10596689720508257,0.8841898983591052,1.4974615881034399,0,1254,0
block_wpfeed,8.0,1,1,0.10596689720508257,1.0,0.10596689720508257,0.8841898983591052,1.4974615881034399,0,1255,0
gradingform_offline,8.0,1,1,0.10596689720508257,1.0,0.10596689720508257,0.8841898983591052,1.4974615881034399,0,1256,0
local_institutions,8.0,1,1,0.10596689720508257,1.0,0.10596689720508257,0.8841898983591052,1.4974615881034399,0,1257,0
local_problemsection,8.0,1,1,0.10596689720508257,1.0,0.10596689720508257,0.8841898983591052,1.4974615881034399,0,1258,0
local_questionfinder,8.0,1,1,0.10596689720508257,1.0,0.10596689720508257,0.8841898983591052,1.4974615881034399,0,1259,0
local_yujaverity,8.0,1,1,0.10596689720508257,1.0,0.10596689720508257,0.8841898983591052,1.4974615881034399,0,1260,0
logstore_splunk,8.0,1,1,0.10596689720508257,1.0,0.10596689720508257,0.8841898983591052,1.4974615881034399,0,1261,0
plagiarism_crot,8.0,1,1,0.10596689720508257,1.0,0.10596689720508257,0.8841898983591052,1.4974615881034399,0,1262,0
qtype_fwstructmatch,8.0,1,1,0.10596689720508257,1.0,0.10596689720508257,0.8841898983591052,1.4974615881034399,0,1263,0
repository_filmsondemand,8.0,1,1,0.10596689720508257,1.0,0.10596689720508257,0.8841898983591052,1.4974615881034399,0,1264,0
theme_laura,8.0,1,1,0.10596689720508257,1.0,0.10596689720508257,0.8841898983591052,1.4974615881034399,0,1265,0
tinymce_youtube,8.0,1,1,0.10596689720508257,1.0,0.10596689720508257,0.8841898983591052,1.4974615881034399,0,1266,0
local_differentiator,79.0,1,0,0.21133468591971163,0.5,0.10566734295985582,0.9348212830196335,0.5418078427953242,0,1267,0
mod_codeframe,79.0,1,0,0.21133468591971163,0.5,0.10566734295985582,0.9348212830196335,0.5418078427953242,0,1268,0
block_smartedu,78.0,1,0,0.21072804127590586,0.5,0.10536402063795293,0.9287723765189502,0.5411832476588188,0,1269,0
format_sections,78.0,0,1,0.21072804127590586,0.5,0.10536402063795293,0.9287723765189502,0.5411832476588188,0,1270,0
local_aspiredu,78.0,1,0,0.21072804127590586,0.5,0.10536402063795293,0.9287723765189502,0.5411832476588188,0,1271,0
local_docviewer,78.0,1,0,0.21072804127590586,0.5,0.10536402063795293,0.9287723765189502,0.5411832476588188,0,1272,0
local_unifiedgrader,78.0,1,0,0.21072804127590586,0.5,0.10536402063795293,0.9287723765189502,0.5411832476588188,0,1273,0
filter_medial,77.0,1,0,0.21011366846714802,0.5,0.10505683423357401,0.9226464118134442,0.5405586525223134,0,1274,0
format_redirected,77.0,1,0,0.21011366846714802,0.5,0.10505683423357401,0.9226464118134442,0.5405586525223134,0,1275,0
local_attendance,77.0,1,0,0.21011366846714802,0.5,0.10505683423357401,0.9226464118134442,0.5405586525223134,0,1276,0
mod_coursesearch,77.0,1,0,0.21011366846714802,0.5,0.10505683423357401,0.9226464118134442,0.5405586525223134,0,1277,0
theme_moodle2mobile,77.0,0,1,0.21011366846714802,0.5,0.10505683423357401,0.9226464118134442,0.5405586525223134,0,1278,0
block_course_status,76.0,0,1,0.2094913680487266,0.5,0.1047456840243633,0.9164414002225523,0.539934057385808,0,1279,0
block_masterdashboard,76.0,1,0,0.2094913680487266,0.5,0.1047456840243633,0.9164414002225523,0.539934057385808,0,1280,0
local_coursedynamicrules,76.0,1,0,0.2094913680487266,0.5,0.1047456840243633,0.9164414002225523,0.539934057385808,0,1281,0
local_selfcohort,76.0,1,0,0.2094913680487266,0.5,0.1047456840243633,0.9164414002225523,0.539934057385808,0,1282,0
repository_owncloud,76.0,0,1,0.2094913680487266,0.5,0.1047456840243633,0.9164414002225523,0.539934057385808,0,1283,0
block_mylivechat,75.0,1,0,0.20886093275413167,0.5,0.10443046637706584,0.9101552750738788,0.5393094622493025,0,1284,0
filter_mermaid,75.0,1,0,0.20886093275413167,0.5,0.10443046637706584,0.9101552750738788,0.5393094622493025,0,1285,0
local_socialcert,75.0,1,0,0.20886093275413167,0.5,0.10443046637706584,0.9101552750738788,0.5393094622493025,0,1286,0
mod_confman,75.0,0,1,0.20886093275413167,0.5,0.10443046637706584,0.9101552750738788,0.5393094622493025,0,1287,0
atto_planetestream,74.0,1,0,0.20822214708062575,0.5,0.10411107354031288,0.9037858875708871,0.5386848671127972,0,1288,0
block_culupcoming_events,74.0,0,1,0.20822214708062575,0.5,0.10411107354031288,0.9037858875708871,0.5386848671127972,0,1289,0
block_dashboard,74.0,0,1,0.20822214708062575,0.5,0.10411107354031288,0.9037858875708871,0.5386848671127972,0,1290,0
filter_cssinject,74.0,1,0,0.20822214708062575,0.5,0.10411107354031288,0.9037858875708871,0.5386848671127972,0,1291,0
local_enrolstats,74.0,1,0,0.20822214708062575,0.5,0.10411107354031288,0.9037858875708871,0.5386848671127972,0,1292,0
local_resortquestioncategory,74.0,1,0,0.20822214708062575,0.5,0.10411107354031288,0.9037858875708871,0.5386848671127972,0,1293,0
local_sync_service,74.0,1,0,0.20822214708062575,0.5,0.10411107354031288,0.9037858875708871,0.5386848671127972,0,1294,0
tool_ribbons,74.0,1,0,0.20822214708062575,0.5,0.10411107354031288,0.9037858875708871,0.5386848671127972,0,1295,0
filter_videolesson,20.0,1,0,0.20772773525547317,0.5,0.10386386762773658,1.465232271754481,1.7101803624211207,0,1296,0
mod_magtest,73.0,0,1,0.20757478684699768,0.5,0.10378739342349884,0.8973310023832246,0.5380602719762917,0,1297,0
paygw_duitku,73.0,0,1,0.20757478684699768,0.5,0.10378739342349884,0.8973310023832246,0.5380602719762917,0,1298,0
repository_onenote,73.0,0,1,0.20757478684699768,0.5,0.10378739342349884,0.8973310023832246,0.5380602719762917,0,1299,0
mod_observation,72.0,0,1,0.20691861872122938,0.5,0.10345930936061469,0.8907882929370468,0.5374356768397863,0,1300,0
tool_moodlebox,72.0,1,0,0.20691861872122938,0.5,0.10345930936061469,0.8907882929370468,0.5374356768397863,0,1301,0
tool_upgradecopy,72.0,1,0,0.20691861872122938,0.5,0.10345930936061469,0.8907882929370468,0.5374356768397863,0,1302,0
block_whatsapp_messenger,71.0,1,0,0.20625339971558462,0.5,0.10312669985779231,0.8841553363805047,0.536811081703281,0,1303,0
local_mahara,7.0,0,1,0.20606392327358103,0.5,0.10303196163679051,1.866044249669324,1.7742890689681254,0,1304,0
block_course_checker,70.0,0,1,0.20557887664638635,0.5,0.10278943832319318,0.8774296081971359,0.5361864865667755,0,1305,0
local_edudashboard,70.0,1,0,0.20557887664638635,0.5,0.10278943832319318,0.8774296081971359,0.5361864865667755,0,1306,0
local_hvpreport,70.0,1,0,0.20557887664638635,0.5,0.10278943832319318,0.8774296081971359,0.5361864865667755,0,1307,0
mod_mediasite,70.0,0,1,0.20557887664638635,0.5,0.10278943832319318,0.8774296081971359,0.5361864865667755,0,1308,0
tiny_clickview,70.0,1,0,0.20557887664638635,0.5,0.10278943832319318,0.8774296081971359,0.5361864865667755,0,1309,0
block_intelligent_learning,69.0,1,0,0.20489478555547636,0.5,0.10244739277773818,0.8706084764371891,0.5355618914302701,0,1310,0
mod_techproject,69.0,0,1,0.20489478555547636,0.5,0.10244739277773818,0.8706084764371891,0.5355618914302701,0,1311,0
plagiarism_plagiarismsearch,69.0,1,0,0.20489478555547636,0.5,0.10244739277773818,0.8706084764371891,0.5355618914302701,0,1312,0
report_simultaneous,69.0,1,0,0.20489478555547636,0.5,0.10244739277773818,0.8706084764371891,0.5355618914302701,0,1313,0
tinymce_h5p,69.0,0,1,0.20489478555547636,0.5,0.10244739277773818,0.8706084764371891,0.5355618914302701,0,1314,0
block_telegram_forum,68.0,1,0,0.20420085109004904,0.5,0.10210042554502452,0.863689195533894,0.5349372962937646,0,1315,0
block_blc_modules,67.0,1,0,0.2034967858372134,0.5,0.1017483929186067,0.8566688996683192,0.5343127011572593,0,1316,0
block_moodleversion,67.0,0,1,0.2034967858372134,0.5,0.1017483929186067,0.8566688996683192,0.5343127011572593,0,1317,0
block_mwa_dashboard,67.0,1,0,0.2034967858372134,0.5,0.1017483929186067,0.8566688996683192,0.5343127011572593,0,1318,0
block_remote_courses,67.0,0,1,0.2034967858372134,0.5,0.1017483929186067,0.8566688996683192,0.5343127011572593,0,1319,0
filter_bookchapters,67.0,1,0,0.2034967858372134,0.5,0.1017483929186067,0.8566688996683192,0.5343127011572593,0,1320,0
local_allinoneaccessibility,67.0,1,0,0.2034967858372134,0.5,0.1017483929186067,0.8566688996683192,0.5343127011572593,0,1321,0
local_augmented_teacher,67.0,0,1,0.2034967858372134,0.5,0.1017483929186067,0.8566688996683192,0.5343127011572593,0,1322,0
filter_codepen,66.0,1,0,0.20278228960925757,0.5,0.10139114480462878,0.8495445956426836,0.5336881060207539,0,1323,0
gradereport_htmlexport,66.0,1,0,0.20278228960925757,0.5,0.10139114480462878,0.8495445956426836,0.5336881060207539,0,1324,0
local_mc_plugin,66.0,1,0,0.20278228960925757,0.5,0.10139114480462878,0.8495445956426836,0.5336881060207539,0,1325,0
local_quicknote,66.0,1,0,0.20278228960925757,0.5,0.10139114480462878,0.8495445956426836,0.5336881060207539,0,1326,0
message_appcrue,66.0,1,0,0.20278228960925757,0.5,0.10139114480462878,0.8495445956426836,0.5336881060207539,0,1327,0
theme_moodle2tablet,66.0,0,1,0.20278228960925757,0.5,0.10139114480462878,0.8495445956426836,0.5336881060207539,0,1328,0
local_imprint,65.0,1,0,0.20205704867516844,0.5,0.10102852433758422,0.8423131552177716,0.5330635108842484,0,1329,0
local_questionbulkupdate,65.0,1,0,0.20205704867516844,0.5,0.10102852433758422,0.8423131552177716,0.5330635108842484,0,1330,0
profilefield_brasilufmunicipio,65.0,1,0,0.20205704867516844,0.5,0.10102852433758422,0.8423131552177716,0.5330635108842484,0,1331,0
report_enrolaudit,65.0,0,1,0.20205704867516844,0.5,0.10102852433758422,0.8423131552177716,0.5330635108842484,0,1332,0
mod_mumie,64.0,1,0,0.2013207349334816,0.5,0.1006603674667408,0.834971306865348,0.532438915747743,0,1333,0
tool_category_backup,64.0,1,0,0.2013207349334816,0.5,0.1006603674667408,0.834971306865348,0.532438915747743,0,1334,0
filter_playerhud,63.0,1,0,0.20057300502100409,0.5,0.10028650251050204,0.8275156268811549,0.5318143206112376,0,1335,0
local_edusupport,63.0,0,1,0.20057300502100409,0.5,0.10028650251050204,0.8275156268811549,0.5318143206112376,0,1336,0
mod_easycertificate,63.0,1,0,0.20057300502100409,0.5,0.10028650251050204,0.8275156268811549,0.5318143206112376,0,1337,0
block_course_publish,7.0,1,1,0.10028650251050204,1.0,0.10028650251050204,0.8275501888597554,1.4968369929669345,0,1338,0
block_openbiblio,7.0,1,1,0.10028650251050204,1.0,0.10028650251050204,0.8275501888597554,1.4968369929669345,0,1339,0
block_recommender,7.0,1,1,0.10028650251050204,1.0,0.10028650251050204,0.8275501888597554,1.4968369929669345,0,1340,0
cachestore_memcachedcluster,7.0,1,1,0.10028650251050204,1.0,0.10028650251050204,0.8275501888597554,1.4968369929669345,0,1341,0
datapreset_infomap_latlongmap,7.0,1,1,0.10028650251050204,1.0,0.10028650251050204,0.8275501888597554,1.4968369929669345,0,1342,0
enrol_elightenment,7.0,1,1,0.10028650251050204,1.0,0.10028650251050204,0.8275501888597554,1.4968369929669345,0,1343,0
enrol_shebang,7.0,1,1,0.10028650251050204,1.0,0.10028650251050204,0.8275501888597554,1.4968369929669345,0,1344,0
gradereport_laeuser,7.0,1,1,0.10028650251050204,1.0,0.10028650251050204,0.8275501888597554,1.4968369929669345,0,1345,0
local_hide_inactive_courses,7.0,1,1,0.10028650251050204,1.0,0.10028650251050204,0.8275501888597554,1.4968369929669345,0,1346,0
mod_enhancedchoice,7.0,1,1,0.10028650251050204,1.0,0.10028650251050204,0.8275501888597554,1.4968369929669345,0,1347,0
repository_emailed_files,7.0,1,1,0.10028650251050204,1.0,0.10028650251050204,0.8275501888597554,1.4968369929669345,0,1348,0
repository_giphy,7.0,1,1,0.10028650251050204,1.0,0.10028650251050204,0.8275501888597554,1.4968369929669345,0,1349,0
repository_mediacapture,7.0,1,1,0.10028650251050204,1.0,0.10028650251050204,0.8275501888597554,1.4968369929669345,0,1350,0
theme_leoblue,7.0,1,1,0.10028650251050204,1.0,0.10028650251050204,0.8275501888597554,1.4968369929669345,0,1351,0
theme_melbourne,7.0,1,1,0.10028650251050204,1.0,0.10028650251050204,0.8275501888597554,1.4968369929669345,0,1352,0
theme_newsie,7.0,1,1,0.10028650251050204,1.0,0.10028650251050204,0.8275501888597554,1.4968369929669345,0,1353,0
theme_saturn,7.0,1,1,0.10028650251050204,1.0,0.10028650251050204,0.8275501888597554,1.4968369929669345,0,1354,0
theme_slate,7.0,1,1,0.10028650251050204,1.0,0.10028650251050204,0.8275501888597554,1.4968369929669345,0,1355,0
tool_ischolarsync,7.0,1,1,0.10028650251050204,1.0,0.10028650251050204,0.8275501888597554,1.4968369929669345,0,1356,0
tool_lpcustomfields,7.0,1,1,0.10028650251050204,1.0,0.10028650251050204,0.8275501888597554,1.4968369929669345,0,1357,0
tool_uploadpage,7.0,1,1,0.10028650251050204,1.0,0.10028650251050204,0.8275501888597554,1.4968369929669345,0,1358,0
availability_examus,62.0,0,1,0.1998134993513493,0.5,0.09990674967567464,0.8199425297980598,0.5311897254747322,0,1359,0
block_moochat,62.0,1,0,0.1998134993513493,0.5,0.09990674967567464,0.8199425297980598,0.5311897254747322,0,1360,0
enrol_gapplya,62.0,1,0,0.1998134993513493,0.5,0.09990674967567464,0.8199425297980598,0.5311897254747322,0,1361,0
local_learnwise,62.0,1,0,0.1998134993513493,0.5,0.09990674967567464,0.8199425297980598,0.5311897254747322,0,1362,0
local_reactions,62.0,1,0,0.1998134993513493,0.5,0.09990674967567464,0.8199425297980598,0.5311897254747322,0,1363,0
logstore_socialflow,6.0,1,0,0.19962402290934572,0.5,0.09981201145467286,1.8018314430868791,1.7736644738316198,0,1364,0
block_actvtmodal,61.0,1,0,0.19904184107654516,0.5,0.09952092053827258,0.8122482580321603,0.5305651303382268,0,1365,0
local_asyntai,61.0,1,0,0.19904184107654516,0.5,0.09952092053827258,0.8122482580321603,0.5305651303382268,0,1366,0
local_delete_course,61.0,1,0,0.19904184107654516,0.5,0.09952092053827258,0.8122482580321603,0.5305651303382268,0,1367,0
report_usercoursereports,61.0,1,0,0.19904184107654516,0.5,0.09952092053827258,0.8122482580321603,0.5305651303382268,0,1368,0
tiny_medial,61.0,1,0,0.19904184107654516,0.5,0.09952092053827258,0.8122482580321603,0.5305651303382268,0,1369,0
block_servermon,60.0,1,0,0.19825763496420956,0.5,0.09912881748210478,0.8044288706870029,0.5299405352017214,0,1370,0
theme_seo,60.0,1,0,0.19825763496420956,0.5,0.09912881748210478,0.8044288706870029,0.5299405352017214,0,1371,0
filter_threedviewer,59.0,1,0,0.1974604661819182,0.5,0.0987302330909591,0.7964802314324084,0.529315940065216,0,1372,0
theme_xy,59.0,1,0,0.1974604661819182,0.5,0.0987302330909591,0.7964802314324084,0.529315940065216,0,1373,0
tool_rssfeeds,59.0,0,1,0.1974604661819182,0.5,0.0987302330909591,0.7964802314324084,0.529315940065216,0,1374,0
block_course_recommender,58.0,1,0,0.1966498989794046,0.5,0.0983249494897023,0.7883979953645744,0.5286913449287105,0,1375,0
block_onenote,58.0,0,1,0.1966498989794046,0.5,0.0983249494897023,0.7883979953645744,0.5286913449287105,0,1376,0
mod_listgrades,58.0,1,0,0.1966498989794046,0.5,0.0983249494897023,0.7883979953645744,0.5286913449287105,0,1377,0
mod_scicalc,58.0,1,0,0.1966498989794046,0.5,0.0983249494897023,0.7883979953645744,0.5286913449287105,0,1378,0
quizaccess_cheatdetect,58.0,1,0,0.1966498989794046,0.5,0.0983249494897023,0.7883979953645744,0.5286913449287105,0,1379,0
tool_cloudmetrics,58.0,1,0,0.1966498989794046,0.5,0.0983249494897023,0.7883979953645744,0.5286913449287105,0,1380,0
block_course_statistics,57.0,1,0,0.19582547525811153,0.5,0.09791273762905577,0.7801775947429481,0.5280667497922051,0,1381,0
block_graderanking,57.0,1,0,0.19582547525811153,0.5,0.09791273762905577,0.7801775947429481,0.5280667497922051,0,1382,0
enrol_accesscodes,57.0,1,0,0.19582547525811153,0.5,0.09791273762905577,0.7801775947429481,0.5280667497922051,0,1383,0
local_pg,57.0,1,0,0.19582547525811153,0.5,0.09791273762905577,0.7801775947429481,0.5280667497922051,0,1384,0
mod_roadmap,57.0,1,0,0.19582547525811153,0.5,0.09791273762905577,0.7801775947429481,0.5280667497922051,0,1385,0
tiny_translations,57.0,1,0,0.19582547525811153,0.5,0.09791273762905577,0.7801775947429481,0.5280667497922051,0,1386,0
tool_s3logs,57.0,0,1,0.19582547525811153,0.5,0.09791273762905577,0.7801775947429481,0.5280667497922051,0,1387,0
atto_znaniumcombook,56.0,1,0,0.19498671301633824,0.5,0.09749335650816912,0.7718142234866538,0.5274421546556998,0,1388,0
block_profilespecifichtml,56.0,0,1,0.19498671301633824,0.5,0.09749335650816912,0.7718142234866538,0.5274421546556998,0,1389,0
block_userexpire,56.0,1,0,0.19498671301633824,0.5,0.09749335650816912,0.7718142234866538,0.5274421546556998,0,1390,0
quiz_exportattemptscsv,56.0,1,0,0.19498671301633824,0.5,0.09749335650816912,0.7718142234866538,0.5274421546556998,0,1391,0
block_terusrag,55.0,1,0,0.1941331046567688,0.5,0.0970665523283844,0.7633028202987104,0.5268175595191943,0,1392,0
repository_osp,55.0,0,1,0.1941331046567688,0.5,0.0970665523283844,0.7633028202987104,0.5268175595191943,0,1393,0
customcertelement_textreplace,54.0,1,0,0.19326411514150207,0.5,0.09663205757075104,0.7546380502696759,0.5261929643826889,0,1394,0
paygw_yookassa,54.0,1,0,0.19326411514150207,0.5,0.09663205757075104,0.7546380502696759,0.5261929643826889,0,1395,0
profilefield_textregex,54.0,1,0,0.19326411514150207,0.5,0.09663205757075104,0.7546380502696759,0.5261929643826889,0,1396,0
block_eportfolio,53.0,1,0,0.1923791799777912,0.5,0.0961895899888956,0.7458142847932796,0.5255683692461834,0,1397,0
mod_nextblocks,53.0,1,0,0.1923791799777912,0.5,0.0961895899888956,0.7458142847932796,0.5255683692461834,0,1398,0
qformat_qml,53.0,0,1,0.1923791799777912,0.5,0.0961895899888956,0.7458142847932796,0.5255683692461834,0,1399,0
repository_aiimage,53.0,1,0,0.1923791799777912,0.5,0.0961895899888956,0.7458142847932796,0.5255683692461834,0,1400,0
report_adeptus_insights,5.0,1,0,0.1921897035357876,0.5,0.0960948517678938,1.727703198082099,1.7730398786951145,0,1401,0
datafield_regex,52.0,1,0,0.1914777030155028,0.5,0.0957388515077514,0.7368255796046972,0.5249437741096781,0,1402,0
local_contactlist,52.0,1,0,0.1914777030155028,0.5,0.0957388515077514,0.7368255796046972,0.5249437741096781,0,1403,0
local_microsoftservices,52.0,0,1,0.1914777030155028,0.5,0.0957388515077514,0.7368255796046972,0.5249437741096781,0,1404,0
local_quickrenamequestioncategories,52.0,1,0,0.1914777030155028,0.5,0.0957388515077514,0.7368255796046972,0.5249437741096781,0,1405,0
local_webuntis,52.0,0,1,0.1914777030155028,0.5,0.0957388515077514,0.7368255796046972,0.5249437741096781,0,1406,0
quiz_heartbeat,52.0,1,0,0.1914777030155028,0.5,0.0957388515077514,0.7368255796046972,0.5249437741096781,0,1407,0
smsgateway_customapi,52.0,1,0,0.1914777030155028,0.5,0.0957388515077514,0.7368255796046972,0.5249437741096781,0,1408,0
local_resetpassword,51.0,0,1,0.1905590540347741,0.5,0.09527952701738705,0.7276656507268695,0.5243191789731727,0,1409,0
mod_eportfolio,51.0,1,0,0.1905590540347741,0.5,0.09527952701738705,0.7276656507268695,0.5243191789731727,0,1410,0
report_coursestats_v2,51.0,1,0,0.1905590540347741,0.5,0.09527952701738705,0.7276656507268695,0.5243191789731727,0,1411,0
tiny_filterws,51.0,1,0,0.1905590540347741,0.5,0.09527952701738705,0.7276656507268695,0.5243191789731727,0,1412,0
tool_skills,51.0,1,0,0.1905590540347741,0.5,0.09527952701738705,0.7276656507268695,0.5243191789731727,0,1413,0
local_aigrader,50.0,1,0,0.18962256609941996,0.5,0.09481128304970998,0.7183278480810938,0.5236945838366672,0,1414,0
local_categorybanner,50.0,1,0,0.18962256609941996,0.5,0.09481128304970998,0.7183278480810938,0.5236945838366672,0,1415,0
local_fullaccessibility,50.0,1,0,0.18962256609941996,0.5,0.09481128304970998,0.7183278480810938,0.5236945838366672,0,1416,0
local_webshell,50.0,1,0,0.18962256609941996,0.5,0.09481128304970998,0.7183278480810938,0.5236945838366672,0,1417,0
qbank_bulkxmlexport,50.0,1,0,0.18962256609941996,0.5,0.09481128304970998,0.7183278480810938,0.5236945838366672,0,1418,0
tool_customfields_exportimport,50.0,1,0,0.18962256609941996,0.5,0.09481128304970998,0.7183278480810938,0.5236945838366672,0,1419,0
tool_gnotify,50.0,1,0,0.18962256609941996,0.5,0.09481128304970998,0.7183278480810938,0.5236945838366672,0,1420,0
assignfeedback_mahara,49.0,0,1,0.18866753264825184,0.5,0.09433376632412592,0.7088051264843125,0.5230699887001617,0,1421,0
atto_clickview,49.0,1,0,0.18866753264825184,0.5,0.09433376632412592,0.7088051264843125,0.5230699887001617,0,1422,0
auth_relogin,49.0,1,0,0.18866753264825184,0.5,0.09433376632412592,0.7088051264843125,0.5230699887001617,0,1423,0
block_datacurso_recomendate,49.0,1,0,0.18866753264825184,0.5,0.09433376632412592,0.7088051264843125,0.5230699887001617,0,1424,0
local_bbb_lad,49.0,1,0,0.18866753264825184,0.5,0.09433376632412592,0.7088051264843125,0.5230699887001617,0,1425,0
local_devassist,49.0,1,0,0.18866753264825184,0.5,0.09433376632412592,0.7088051264843125,0.5230699887001617,0,1426,0
local_msgraph_api_mailer,49.0,1,0,0.18866753264825184,0.5,0.09433376632412592,0.7088051264843125,0.5230699887001617,0,1427,0
local_renumberquestioncategory,49.0,1,0,0.18866753264825184,0.5,0.09433376632412592,0.7088051264843125,0.5230699887001617,0,1428,0
local_smartnoticeslite,49.0,1,0,0.18866753264825184,0.5,0.09433376632412592,0.7088051264843125,0.5230699887001617,0,1429,0
mod_viewer3d,49.0,1,0,0.18866753264825184,0.5,0.09433376632412592,0.7088051264843125,0.5230699887001617,0,1430,0
plagiarism_safeassign,49.0,0,1,0.18866753264825184,0.5,0.09433376632412592,0.7088051264843125,0.5230699887001617,0,1431,0
auth_jwtsso,48.0,1,0,0.18769320429253347,0.5,0.09384660214626674,0.6990900137162652,0.5224453935636564,0,1432,0
enrol_yafee,48.0,1,0,0.18769320429253347,0.5,0.09384660214626674,0.6990900137162652,0.5224453935636564,0,1433,0
filter_imagefullscreen,48.0,1,0,0.18769320429253347,0.5,0.09384660214626674,0.6990900137162652,0.5224453935636564,0,1434,0
filter_multilangenhanced,48.0,0,1,0.18769320429253347,0.5,0.09384660214626674,0.6990900137162652,0.5224453935636564,0,1435,0
mod_trainingevaluation,48.0,1,0,0.18769320429253347,0.5,0.09384660214626674,0.6990900137162652,0.5224453935636564,0,1436,0
auth_liveid,6.0,1,1,0.09384660214626674,1.0,0.09384660214626674,0.7633373822773106,1.496212397830429,0,1437,0
block_google_adsense,6.0,1,1,0.09384660214626674,1.0,0.09384660214626674,0.7633373822773106,1.496212397830429,0,1438,0
block_mindmap,6.0,1,1,0.09384660214626674,1.0,0.09384660214626674,0.7633373822773106,1.496212397830429,0,1439,0
block_switchrole,6.0,1,1,0.09384660214626674,1.0,0.09384660214626674,0.7633373822773106,1.496212397830429,0,1440,0
cachestore_memcachecluster,6.0,1,1,0.09384660214626674,1.0,0.09384660214626674,0.7633373822773106,1.496212397830429,0,1441,0
filter_chemdoodle,6.0,1,1,0.09384660214626674,1.0,0.09384660214626674,0.7633373822773106,1.496212397830429,0,1442,0
local_adminsettingsconfig,6.0,1,1,0.09384660214626674,1.0,0.09384660214626674,0.7633373822773106,1.496212397830429,0,1443,0
message_moodletxtplus,6.0,1,1,0.09384660214626674,1.0,0.09384660214626674,0.7633373822773106,1.496212397830429,0,1444,0
mod_appsanywhere,6.0,1,1,0.09384660214626674,1.0,0.09384660214626674,0.7633373822773106,1.496212397830429,0,1445,0
mod_clearlesson,6.0,1,1,0.09384660214626674,1.0,0.09384660214626674,0.7633373822773106,1.496212397830429,0,1446,0
mod_lessonspace,6.0,1,1,0.09384660214626674,1.0,0.09384660214626674,0.7633373822773106,1.496212397830429,0,1447,0
mod_livestreaming,6.0,1,1,0.09384660214626674,1.0,0.09384660214626674,0.7633373822773106,1.496212397830429,0,1448,0
mod_playlist,6.0,1,1,0.09384660214626674,1.0,0.09384660214626674,0.7633373822773106,1.496212397830429,0,1449,0
plagiarism_copycheck,6.0,1,1,0.09384660214626674,1.0,0.09384660214626674,0.7633373822773106,1.496212397830429,0,1450,0
qtype_easyostructure,6.0,1,1,0.09384660214626674,1.0,0.09384660214626674,0.7633373822773106,1.496212397830429,0,1451,0
quizaccess_supervisedcheck,6.0,1,1,0.09384660214626674,1.0,0.09384660214626674,0.7633373822773106,1.496212397830429,0,1452,0
repository_mytube,6.0,1,1,0.09384660214626674,1.0,0.09384660214626674,0.7633373822773106,1.496212397830429,0,1453,0
theme_ville,6.0,1,1,0.09384660214626674,1.0,0.09384660214626674,0.7633373822773106,1.496212397830429,0,1454,0
tinymce_clickview,6.0,1,1,0.09384660214626674,1.0,0.09384660214626674,0.7633373822773106,1.496212397830429,0,1455,0
tool_advancedspamcleaner,6.0,1,1,0.09384660214626674,1.0,0.09384660214626674,0.7633373822773106,1.496212397830429,0,1456,0
availability_competency,47.0,1,0,0.18669878528321068,0.5,0.09334939264160534,0.6891745752939298,0.521820798427151,0,1457,0
block_vmoodle,47.0,0,1,0.18669878528321068,0.5,0.09334939264160534,0.6891745752939298,0.521820798427151,0,1458,0
filter_aijammer,47.0,1,0,0.18669878528321068,0.5,0.09334939264160534,0.6891745752939298,0.521820798427151,0,1459,0
local_course_creator,47.0,1,0,0.18669878528321068,0.5,0.09334939264160534,0.6891745752939298,0.521820798427151,0,1460,0
mod_certstudio,47.0,1,0,0.18669878528321068,0.5,0.09334939264160534,0.6891745752939298,0.521820798427151,0,1461,0
mod_naas,46.0,1,0,0.18568342960619202,0.5,0.09284171480309601,0.6790503755372264,0.5211962032906456,0,1462,0
quizaccess_startlimit,46.0,1,0,0.18568342960619202,0.5,0.09284171480309601,0.6790503755372264,0.5211962032906456,0,1463,0
availability_playerhud,45.0,1,0,0.1846462366576751,0.5,0.09232311832883755,0.6687084344473191,0.5205716081541402,0,1464,0
block_student_attendance,45.0,1,0,0.1846462366576751,0.5,0.09232311832883755,0.6687084344473191,0.5205716081541402,0,1465,0
datafield_email,45.0,1,0,0.1846462366576751,0.5,0.09232311832883755,0.6687084344473191,0.5205716081541402,0,1466,0
filter_forumembed,45.0,0,1,0.1846462366576751,0.5,0.09232311832883755,0.6687084344473191,0.5205716081541402,0,1467,0
format_learningjourney,45.0,1,0,0.1846462366576751,0.5,0.09232311832883755,0.6687084344473191,0.5205716081541402,0,1468,0
tiny_bootstrap,45.0,1,0,0.1846462366576751,0.5,0.09232311832883755,0.6687084344473191,0.5205716081541402,0,1469,0
aiprovider_openwebui,44.0,1,0,0.1835862464441248,0.5,0.0917931232220624,0.6581391798451834,0.5199470130176347,0,1470,0
availability_facetoface,44.0,1,0,0.1835862464441248,0.5,0.0917931232220624,0.6581391798451834,0.5199470130176347,0,1471,0
block_uteluqchatbot,44.0,1,0,0.1835862464441248,0.5,0.0917931232220624,0.6581391798451834,0.5199470130176347,0,1472,0
local_prometheus,44.0,1,0,0.1835862464441248,0.5,0.0917931232220624,0.6581391798451834,0.5199470130176347,0,1473,0
mod_elang,44.0,0,1,0.1835862464441248,0.5,0.0917931232220624,0.6581391798451834,0.5199470130176347,0,1474,0
qbank_qtoactivity,44.0,1,0,0.1835862464441248,0.5,0.0917931232220624,0.6581391798451834,0.5199470130176347,0,1475,0
local_zendesk,4.0,1,0,0.1833967700021212,0.5,0.0916983850010606,1.6400280931340026,1.7724152835586091,0,1476,0
filter_edusharing,43.0,1,0,0.18250243424279453,0.5,0.09125121712139726,0.647332394131197,0.5193224178811293,0,1477,0
mod_edumeet,43.0,0,1,0.18250243424279453,0.5,0.09125121712139726,0.647332394131197,0.5193224178811293,0,1478,0
paygw_paymob,43.0,1,0,0.18250243424279453,0.5,0.09125121712139726,0.647332394131197,0.5193224178811293,0,1479,0
report_rolessitemap,43.0,1,0,0.18250243424279453,0.5,0.09125121712139726,0.647332394131197,0.5193224178811293,0,1480,0
block_definitions,42.0,1,0,0.18139370464836024,0.5,0.09069685232418012,0.6362771549236111,0.518697822744624,0,1481,0
local_latepenalty,42.0,1,0,0.18139370464836024,0.5,0.09069685232418012,0.6362771549236111,0.518697822744624,0,1482,0
local_quizdemo,42.0,1,0,0.18139370464836024,0.5,0.09069685232418012,0.6362771549236111,0.518697822744624,0,1483,0
local_ulibot,42.0,1,0,0.18139370464836024,0.5,0.09069685232418012,0.6362771549236111,0.518697822744624,0,1484,0
mod_guestquiz,42.0,1,0,0.18139370464836024,0.5,0.09069685232418012,0.6362771549236111,0.518697822744624,0,1485,0
mod_labnbook,42.0,1,0,0.18139370464836024,0.5,0.09069685232418012,0.6362771549236111,0.518697822744624,0,1486,0
assignsubmission_cincopa,41.0,1,0,0.18025888491897538,0.5,0.09012944245948769,0.6249617687114851,0.5180732276081185,0,1487,0
block_aipromptgen,41.0,1,0,0.18025888491897538,0.5,0.09012944245948769,0.6249617687114851,0.5180732276081185,0,1488,0
block_key_figures,41.0,1,0,0.18025888491897538,0.5,0.09012944245948769,0.6249617687114851,0.5180732276081185,0,1489,0
block_progressanalytics,41.0,1,0,0.18025888491897538,0.5,0.09012944245948769,0.6249617687114851,0.5180732276081185,0,1490,0
logstore_error_log,41.0,1,0,0.18025888491897538,0.5,0.09012944245948769,0.6249617687114851,0.5180732276081185,0,1491,0
profilefield_o365,41.0,0,1,0.18025888491897538,0.5,0.09012944245948769,0.6249617687114851,0.5180732276081185,0,1492,0
tool_amoslink,41.0,1,0,0.18025888491897538,0.5,0.09012944245948769,0.6249617687114851,0.5180732276081185,0,1493,0
antivirus_savdi,40.0,1,0,0.1790967175204256,0.5,0.0895483587602128,0.6133736965118057,0.5174486324716131,0,1494,0
block_menubuilder,40.0,1,0,0.1790967175204256,0.5,0.0895483587602128,0.6133736965118057,0.5174486324716131,0,1495,0
block_quicksearch,40.0,1,0,0.1790967175204256,0.5,0.0895483587602128,0.6133736965118057,0.5174486324716131,0,1496,0
block_teacher_checklist,40.0,1,0,0.1790967175204256,0.5,0.0895483587602128,0.6133736965118057,0.5174486324716131,0,1497,0
local_academic_ticket_system,40.0,1,0,0.1790967175204256,0.5,0.0895483587602128,0.6133736965118057,0.5174486324716131,0,1498,0
local_icalsender,40.0,1,0,0.1790967175204256,0.5,0.0895483587602128,0.6133736965118057,0.5174486324716131,0,1499,0
mod_playergroup,40.0,1,0,0.1790967175204256,0.5,0.0895483587602128,0.6133736965118057,0.5174486324716131,0,1500,0
mod_qpractice,40.0,1,0,0.1790967175204256,0.5,0.0895483587602128,0.6133736965118057,0.5174486324716131,0,1501,0
report_rubric_list,40.0,1,0,0.1790967175204256,0.5,0.0895483587602128,0.6133736965118057,0.5174486324716131,0,1502,0
block_rss_thumbnails,39.0,0,1,0.1779058517495443,0.5,0.08895292587477215,0.6014994703458338,0.5168240373351076,0,1503,0
gradeexport_group,39.0,1,0,0.1779058517495443,0.5,0.08895292587477215,0.6014994703458338,0.5168240373351076,0,1504,0
local_accountdate_profile,39.0,1,0,0.1779058517495443,0.5,0.08895292587477215,0.6014994703458338,0.5168240373351076,0,1505,0
local_bftranslate,39.0,1,0,0.1779058517495443,0.5,0.08895292587477215,0.6014994703458338,0.5168240373351076,0,1506,0
local_category_reset,39.0,1,0,0.1779058517495443,0.5,0.08895292587477215,0.6014994703458338,0.5168240373351076,0,1507,0
local_metasync,39.0,0,1,0.1779058517495443,0.5,0.08895292587477215,0.6014994703458338,0.5168240373351076,0,1508,0
mod_wims,39.0,1,0,0.1779058517495443,0.5,0.08895292587477215,0.6014994703458338,0.5168240373351076,0,1509,0
qtype_ddwtos,39.0,0,1,0.1779058517495443,0.5,0.08895292587477215,0.6014994703458338,0.5168240373351076,0,1510,0
block_teamdashboard,38.0,1,0,0.17668483429698068,0.5,0.08834241714849034,0.5893245991396443,0.5161994421986023,0,1511,0
filter_dictionary,38.0,0,1,0.17668483429698068,0.5,0.08834241714849034,0.5893245991396443,0.5161994421986023,0,1512,0
local_h5pthemer,38.0,1,0,0.17668483429698068,0.5,0.08834241714849034,0.5893245991396443,0.5161994421986023,0,1513,0
mod_sectionprogress,38.0,1,0,0.17668483429698068,0.5,0.08834241714849034,0.5893245991396443,0.5161994421986023,0,1514,0
mod_whatsappmb,38.0,1,0,0.17668483429698068,0.5,0.08834241714849034,0.5893245991396443,0.5161994421986023,0,1515,0
qtype_multianswerrgx,38.0,1,0,0.17668483429698068,0.5,0.08834241714849034,0.5893245991396443,0.5161994421986023,0,1516,0
auth_neesgov,37.0,1,0,0.1754320985839643,0.5,0.08771604929198215,0.5768334624000789,0.5155748470620969,0,1517,0
block_rolespecifichtml,37.0,0,1,0.1754320985839643,0.5,0.08771604929198215,0.5768334624000789,0.5155748470620969,0,1518,0
coursereport_frictionradar,37.0,1,0,0.1754320985839643,0.5,0.08771604929198215,0.5768334624000789,0.5155748470620969,0,1519,0
local_groupimport,37.0,1,0,0.1754320985839643,0.5,0.08771604929198215,0.5768334624000789,0.5155748470620969,0,1520,0
mod_attendancecontrol,37.0,1,0,0.1754320985839643,0.5,0.08771604929198215,0.5768334624000789,0.5155748470620969,0,1521,0
report_patches,37.0,0,1,0.1754320985839643,0.5,0.08771604929198215,0.5768334624000789,0.5155748470620969,0,1522,0
aiprovider_openrouter,36.0,1,0,0.17414595267683033,0.5,0.08707297633841517,0.5640091897094248,0.5149502519255914,0,1523,0
block_overviewmyrolesincourses,36.0,1,0,0.17414595267683033,0.5,0.08707297633841517,0.5640091897094248,0.5149502519255914,0,1524,0
media_videofront,36.0,0,1,0.17414595267683033,0.5,0.08707297633841517,0.5640091897094248,0.5149502519255914,0,1525,0
mod_modernvideoplayer,36.0,1,0,0.17414595267683033,0.5,0.08707297633841517,0.5640091897094248,0.5149502519255914,0,1526,0
profilefield_oidc,36.0,0,1,0.17414595267683033,0.5,0.08707297633841517,0.5640091897094248,0.5149502519255914,0,1527,0
profilefield_radio,36.0,1,0,0.17414595267683033,0.5,0.08707297633841517,0.5640091897094248,0.5149502519255914,0,1528,0
tiny_aipromptgen,36.0,1,0,0.17414595267683033,0.5,0.08707297633841517,0.5640091897094248,0.5149502519255914,0,1529,0
tiny_c4lauthor,36.0,1,0,0.17414595267683033,0.5,0.08707297633841517,0.5640091897094248,0.5149502519255914,0,1530,0
tool_tutor_follow,36.0,1,0,0.17414595267683033,0.5,0.08707297633841517,0.5640091897094248,0.5149502519255914,0,1531,0
block_xtoscorm,35.0,1,0,0.17282456554541725,0.5,0.08641228277270863,0.5508335237067048,0.514325656789086,0,1532,0
local_aiconfig,35.0,1,0,0.17282456554541725,0.5,0.08641228277270863,0.5508335237067048,0.514325656789086,0,1533,0
local_stackmatheditor,35.0,1,0,0.17282456554541725,0.5,0.08641228277270863,0.5508335237067048,0.514325656789086,0,1534,0
tool_driprelease,35.0,1,0,0.17282456554541725,0.5,0.08641228277270863,0.5508335237067048,0.514325656789086,0,1535,0
tool_quizpasschange,35.0,0,1,0.17282456554541725,0.5,0.08641228277270863,0.5508335237067048,0.514325656789086,0,1536,0
block_eledia_suspenduser,5.0,1,1,0.08641228277270863,1.0,0.08641228277270863,0.6892091372725304,1.4955878026939238,0,1537,0
block_knowledge_sharing,5.0,1,1,0.08641228277270863,1.0,0.08641228277270863,0.6892091372725304,1.4955878026939238,0,1538,0
block_tincanlearnerstream,5.0,1,1,0.08641228277270863,1.0,0.08641228277270863,0.6892091372725304,1.4955878026939238,0,1539,0
filter_formattimestamp,5.0,1,1,0.08641228277270863,1.0,0.08641228277270863,0.6892091372725304,1.4955878026939238,0,1540,0
filter_simplespeak,5.0,1,1,0.08641228277270863,1.0,0.08641228277270863,0.6892091372725304,1.4955878026939238,0,1541,0
local_davroot,5.0,1,1,0.08641228277270863,1.0,0.08641228277270863,0.6892091372725304,1.4955878026939238,0,1542,0
local_getcontexts,5.0,1,1,0.08641228277270863,1.0,0.08641228277270863,0.6892091372725304,1.4955878026939238,0,1543,0
local_question_filters,5.0,1,1,0.08641228277270863,1.0,0.08641228277270863,0.6892091372725304,1.4955878026939238,0,1544,0
local_twittercard,5.0,1,1,0.08641228277270863,1.0,0.08641228277270863,0.6892091372725304,1.4955878026939238,0,1545,0
mod_completionmarker,5.0,1,1,0.08641228277270863,1.0,0.08641228277270863,0.6892091372725304,1.4955878026939238,0,1546,0
mod_folderexamtimer,5.0,1,1,0.08641228277270863,1.0,0.08641228277270863,0.6892091372725304,1.4955878026939238,0,1547,0
mod_mposter,5.0,1,1,0.08641228277270863,1.0,0.08641228277270863,0.6892091372725304,1.4955878026939238,0,1548,0
mod_videoconsultation,5.0,1,1,0.08641228277270863,1.0,0.08641228277270863,0.6892091372725304,1.4955878026939238,0,1549,0
qtype_easyoname,5.0,1,1,0.08641228277270863,1.0,0.08641228277270863,0.6892091372725304,1.4955878026939238,0,1550,0
report_courseawards,5.0,1,1,0.08641228277270863,1.0,0.08641228277270863,0.6892091372725304,1.4955878026939238,0,1551,0
repository_areafilesplus,5.0,1,1,0.08641228277270863,1.0,0.08641228277270863,0.6892091372725304,1.4955878026939238,0,1552,0
repository_cvod,5.0,1,1,0.08641228277270863,1.0,0.08641228277270863,0.6892091372725304,1.4955878026939238,0,1553,0
search_algolia,5.0,1,1,0.08641228277270863,1.0,0.08641228277270863,0.6892091372725304,1.4955878026939238,0,1554,0
theme_jupiter,5.0,1,1,0.08641228277270863,1.0,0.08641228277270863,0.6892091372725304,1.4955878026939238,0,1555,0
theme_uranus,5.0,1,1,0.08641228277270863,1.0,0.08641228277270863,0.6892091372725304,1.4955878026939238,0,1556,0
block_course_slider,34.0,0,1,0.17146595138530898,0.5,0.08573297569265449,0.5372866637633888,0.5137010616525806,0,1557,0
enrol_dbuserrel,34.0,0,1,0.17146595138530898,0.5,0.08573297569265449,0.5372866637633888,0.5137010616525806,0,1558,0
enrol_selfwithcapability,34.0,1,0,0.17146595138530898,0.5,0.08573297569265449,0.5372866637633888,0.5137010616525806,0,1559,0
local_agentdetect,34.0,1,0,0.17146595138530898,0.5,0.08573297569265449,0.5372866637633888,0.5137010616525806,0,1560,0
logstore_caliper,34.0,1,0,0.17146595138530898,0.5,0.08573297569265449,0.5372866637633888,0.5137010616525806,0,1561,0
qformat_ohie,34.0,0,1,0.17146595138530898,0.5,0.08573297569265449,0.5372866637633888,0.5137010616525806,0,1562,0
atto_edusharing,33.0,1,0,0.17006795166704602,0.5,0.08503397583352301,0.5233470869945192,0.5130764665160752,0,1563,0
block_alerts,33.0,0,1,0.17006795166704602,0.5,0.08503397583352301,0.5233470869945192,0.5130764665160752,0,1564,0
block_edusharing_workspace,33.0,1,0,0.17006795166704602,0.5,0.08503397583352301,0.5233470869945192,0.5130764665160752,0,1565,0
filter_jwplayer,33.0,0,1,0.17006795166704602,0.5,0.08503397583352301,0.5233470869945192,0.5130764665160752,0,1566,0
local_usertours,33.0,0,1,0.17006795166704602,0.5,0.08503397583352301,0.5233470869945192,0.5130764665160752,0,1567,0
paygw_robokassa,33.0,1,0,0.17006795166704602,0.5,0.08503397583352301,0.5233470869945192,0.5130764665160752,0,1568,0
tiny_fileimport,33.0,1,0,0.17006795166704602,0.5,0.08503397583352301,0.5233470869945192,0.5130764665160752,0,1569,0
tool_uploadblocksettings,33.0,1,0,0.17006795166704602,0.5,0.08503397583352301,0.5233470869945192,0.5130764665160752,0,1570,0
block_precondition,32.0,1,0,0.16862821450500112,0.5,0.08431410725250056,0.5089913425439719,0.5124518713795698,0,1571,0
local_gototop,32.0,1,0,0.16862821450500112,0.5,0.08431410725250056,0.5089913425439719,0.5124518713795698,0,1572,0
qbehaviour_certaintywithstudentfeedback,32.0,1,0,0.16862821450500112,0.5,0.08431410725250056,0.5089913425439719,0.5124518713795698,0,1573,0
theme_govbrds,32.0,1,0,0.16862821450500112,0.5,0.08431410725250056,0.5089913425439719,0.5124518713795698,0,1574,0
tool_inspire,32.0,0,1,0.16862821450500112,0.5,0.08431410725250056,0.5089913425439719,0.5124518713795698,0,1575,0
tool_modedit,32.0,1,0,0.16862821450500112,0.5,0.08431410725250056,0.5089913425439719,0.5124518713795698,0,1576,0
block_bcu_course_checks,31.0,0,1,0.16714417085083677,0.5,0.08357208542541839,0.4941938142073552,0.5118272762430643,0,1577,0
block_dictionary,31.0,0,1,0.16714417085083677,0.5,0.08357208542541839,0.4941938142073552,0.5118272762430643,0,1578,0
local_cleangradereport,31.0,1,0,0.16714417085083677,0.5,0.08357208542541839,0.4941938142073552,0.5118272762430643,0,1579,0
local_copygroups,31.0,1,0,0.16714417085083677,0.5,0.08357208542541839,0.4941938142073552,0.5118272762430643,0,1580,0
local_debugtoolbar,31.0,1,0,0.16714417085083677,0.5,0.08357208542541839,0.4941938142073552,0.5118272762430643,0,1581,0
local_mseb,31.0,1,0,0.16714417085083677,0.5,0.08357208542541839,0.4941938142073552,0.5118272762430643,0,1582,0
repository_ensemble,31.0,0,1,0.16714417085083677,0.5,0.08357208542541839,0.4941938142073552,0.5118272762430643,0,1583,0
tool_mediatime,31.0,1,0,0.16714417085083677,0.5,0.08357208542541839,0.4941938142073552,0.5118272762430643,0,1584,0
assignsubmission_automaticextension,30.0,0,1,0.16561300690637779,0.5,0.08280650345318889,0.4789264453583604,0.511202681106559,0,1585,0
block_dashboardannouncements,30.0,1,0,0.16561300690637779,0.5,0.08280650345318889,0.4789264453583604,0.511202681106559,0,1586,0
block_enrolkey,30.0,0,1,0.16561300690637779,0.5,0.08280650345318889,0.4789264453583604,0.511202681106559,0,1587,0
block_tasklist,30.0,0,1,0.16561300690637779,0.5,0.08280650345318889,0.4789264453583604,0.511202681106559,0,1588,0
enrol_grabber,30.0,1,0,0.16561300690637779,0.5,0.08280650345318889,0.4789264453583604,0.511202681106559,0,1589,0
enrol_mpcheckoutpro,30.0,1,0,0.16561300690637779,0.5,0.08280650345318889,0.4789264453583604,0.511202681106559,0,1590,0
filter_mapofusers,30.0,1,0,0.16561300690637779,0.5,0.08280650345318889,0.4789264453583604,0.511202681106559,0,1591,0
format_btns,30.0,1,0,0.16561300690637779,0.5,0.08280650345318889,0.4789264453583604,0.511202681106559,0,1592,0
format_calendar,30.0,0,1,0.16561300690637779,0.5,0.08280650345318889,0.4789264453583604,0.511202681106559,0,1593,0
local_ssologin,30.0,1,0,0.16561300690637779,0.5,0.08280650345318889,0.4789264453583604,0.511202681106559,0,1594,0
local_string_override,30.0,0,1,0.16561300690637779,0.5,0.08280650345318889,0.4789264453583604,0.511202681106559,0,1595,0
mod_kalmediares,30.0,1,0,0.16561300690637779,0.5,0.08280650345318889,0.4789264453583604,0.511202681106559,0,1596,0
tool_my_external_backup_restore_courses,30.0,1,0,0.16561300690637779,0.5,0.08280650345318889,0.4789264453583604,0.511202681106559,0,1597,0
enrol_oss,29.0,1,0,0.1640316320117509,0.5,0.08201581600587544,0.46315841875860875,0.5105780859700535,0,1598,0
local_appcrue,29.0,1,0,0.1640316320117509,0.5,0.08201581600587544,0.46315841875860875,0.5105780859700535,0,1599,0
mod_gear,29.0,1,0,0.1640316320117509,0.5,0.08201581600587544,0.46315841875860875,0.5105780859700535,0,1600,0
profilefield_timestamp,29.0,0,1,0.1640316320117509,0.5,0.08201581600587544,0.46315841875860875,0.5105780859700535,0,1601,0
qtype_ddmarker,29.0,0,1,0.1640316320117509,0.5,0.08201581600587544,0.46315841875860875,0.5105780859700535,0,1602,0
report_certaintyquizzes,29.0,1,0,0.1640316320117509,0.5,0.08201581600587544,0.46315841875860875,0.5105780859700535,0,1603,0
report_hybridmeter,29.0,1,0,0.1640316320117509,0.5,0.08201581600587544,0.46315841875860875,0.5105780859700535,0,1604,0
report_ldapaccounts,29.0,1,0,0.1640316320117509,0.5,0.08201581600587544,0.46315841875860875,0.5105780859700535,0,1605,0
tool_legacyfilesmigration,29.0,1,0,0.1640316320117509,0.5,0.08201581600587544,0.46315841875860875,0.5105780859700535,0,1606,0
block_minhabiblioteca,28.0,1,0,0.1623966410879442,0.5,0.0811983205439721,0.44685578206914833,0.5099534908335481,0,1607,0
block_thumblinks_action,28.0,0,1,0.1623966410879442,0.5,0.0811983205439721,0.44685578206914833,0.5099534908335481,0,1608,0
local_resourcestats,28.0,1,0,0.1623966410879442,0.5,0.0811983205439721,0.44685578206914833,0.5099534908335481,0,1609,0
local_vlibras,28.0,1,0,0.1623966410879442,0.5,0.0811983205439721,0.44685578206914833,0.5099534908335481,0,1610,0
qtype_javaunittest,28.0,0,1,0.1623966410879442,0.5,0.0811983205439721,0.44685578206914833,0.5099534908335481,0,1611,0
quiz_autograde,28.0,1,0,0.1623966410879442,0.5,0.0811983205439721,0.44685578206914833,0.5099534908335481,0,1612,0
aiplacement_textinsights,27.0,1,0,0.16070427048660144,0.5,0.08035213524330072,0.4299810076249102,0.5093288956970428,0,1613,0
assignfeedback_aifeedback,27.0,1,0,0.16070427048660144,0.5,0.08035213524330072,0.4299810076249102,0.5093288956970428,0,1614,0
block_skypeweb,27.0,0,1,0.16070427048660144,0.5,0.08035213524330072,0.4299810076249102,0.5093288956970428,0,1615,0
block_user_bookmarks,27.0,0,1,0.16070427048660144,0.5,0.08035213524330072,0.4299810076249102,0.5093288956970428,0,1616,0
block_user_mnet_hosts,27.0,0,1,0.16070427048660144,0.5,0.08035213524330072,0.4299810076249102,0.5093288956970428,0,1617,0
calendartype_thaibuddhist,27.0,1,0,0.16070427048660144,0.5,0.08035213524330072,0.4299810076249102,0.5093288956970428,0,1618,0
enrol_profilefield,27.0,0,1,0.16070427048660144,0.5,0.08035213524330072,0.4299810076249102,0.5093288956970428,0,1619,0
local_cohortmanager,27.0,1,0,0.16070427048660144,0.5,0.08035213524330072,0.4299810076249102,0.5093288956970428,0,1620,0
local_course_banner_builder,27.0,1,0,0.16070427048660144,0.5,0.08035213524330072,0.4299810076249102,0.5093288956970428,0,1621,0
local_course_reminder,27.0,1,0,0.16070427048660144,0.5,0.08035213524330072,0.4299810076249102,0.5093288956970428,0,1622,0
local_haccgen,27.0,1,0,0.16070427048660144,0.5,0.08035213524330072,0.4299810076249102,0.5093288956970428,0,1623,0
local_quickregister,27.0,0,1,0.16070427048660144,0.5,0.08035213524330072,0.4299810076249102,0.5093288956970428,0,1624,0
mod_onlyofficedocspace,27.0,1,0,0.16070427048660144,0.5,0.08035213524330072,0.4299810076249102,0.5093288956970428,0,1625,0
mod_rumbletalkchat,27.0,1,0,0.16070427048660144,0.5,0.08035213524330072,0.4299810076249102,0.5093288956970428,0,1626,0
tiny_edusharing,27.0,1,0,0.16070427048660144,0.5,0.08035213524330072,0.4299810076249102,0.5093288956970428,0,1627,0
tinymce_helixmedia,27.0,1,0,0.16070427048660144,0.5,0.08035213524330072,0.4299810076249102,0.5093288956970428,0,1628,0
tool_emailutils,27.0,1,0,0.16070427048660144,0.5,0.08035213524330072,0.4299810076249102,0.5093288956970428,0,1629,0
availability_recompletion,26.0,1,0,0.15895034580762385,0.5,0.07947517290381192,0.4124924721194797,0.5087043005605373,0,1630,0
block_dimensions,26.0,1,0,0.15895034580762385,0.5,0.07947517290381192,0.4124924721194797,0.5087043005605373,0,1631,0
block_mistralagent,26.0,1,0,0.15895034580762385,0.5,0.07947517290381192,0.4124924721194797,0.5087043005605373,0,1632,0
filter_rtmp,26.0,0,1,0.15895034580762385,0.5,0.07947517290381192,0.4124924721194797,0.5087043005605373,0,1633,0
profilefield_brasilcep,26.0,1,0,0.15895034580762385,0.5,0.07947517290381192,0.4124924721194797,0.5087043005605373,0,1634,0
quizaccess_activateattempt,26.0,0,1,0.15895034580762385,0.5,0.07947517290381192,0.4124924721194797,0.5087043005605373,0,1635,0
enrol_zilink,1.0,1,1,0.0794008051964715,1.0,0.0794008051964715,1.046857357403519,3.8111724283728776,0,1636,0
enrol_zilink_cohort,1.0,1,1,0.0794008051964715,1.0,0.0794008051964715,1.046857357403519,3.8111724283728776,0,1637,0
enrol_zilink_guardian,1.0,1,1,0.0794008051964715,1.0,0.0794008051964715,1.046857357403519,3.8111724283728776,0,1638,0
local_benefitsystem,2.0,1,0,0.15876086936562026,0.5,0.07938043468281013,1.394381385408299,1.7711660932855984,0,1639,0
assignfeedback_grades_chart,25.0,1,0,0.15713021986460673,0.5,0.07856510993230337,0.3943438380530697,0.5080797054240319,0,1640,0
assignfeedback_recitannotation,25.0,1,0,0.15713021986460673,0.5,0.07856510993230337,0.3943438380530697,0.5080797054240319,0,1641,0
block_censusreport,25.0,0,1,0.15713021986460673,0.5,0.07856510993230337,0.3943438380530697,0.5080797054240319,0,1642,0
local_notification_manager,25.0,1,0,0.15713021986460673,0.5,0.07856510993230337,0.3943438380530697,0.5080797054240319,0,1643,0
smsgateway_twilio,25.0,1,0,0.15713021986460673,0.5,0.07856510993230337,0.3943438380530697,0.5080797054240319,0,1644,0
block_mathsyntaxhelp,24.0,1,0,0.15523869847808447,0.5,0.07761934923904223,0.3754833138105125,0.5074551102875264,0,1645,0
filter_courseprofesores,24.0,1,0,0.15523869847808447,0.5,0.07761934923904223,0.3754833138105125,0.5074551102875264,0,1646,0
local_eledia_makeanonymous,24.0,0,1,0.15523869847808447,0.5,0.07761934923904223,0.3754833138105125,0.5074551102875264,0,1647,0
mod_serlo,24.0,1,0,0.15523869847808447,0.5,0.07761934923904223,0.3754833138105125,0.5074551102875264,0,1648,0
qtype_accounting,24.0,1,0,0.15523869847808447,0.5,0.07761934923904223,0.3754833138105125,0.5074551102875264,0,1649,0
theme_mymobile,24.0,0,1,0.15523869847808447,0.5,0.07761934923904223,0.3754833138105125,0.5074551102875264,0,1650,0
auth_ldapcapture,4.0,1,1,0.07761934923904223,1.0,0.07761934923904223,0.601534032324434,1.4949632075574182,0,1651,0
block_advrssfeed,4.0,1,1,0.07761934923904223,1.0,0.07761934923904223,0.601534032324434,1.4949632075574182,0,1652,0
block_course_overview_plus,4.0,1,1,0.07761934923904223,1.0,0.07761934923904223,0.601534032324434,1.4949632075574182,0,1653,0
block_course_quick_access,4.0,1,1,0.07761934923904223,1.0,0.07761934923904223,0.601534032324434,1.4949632075574182,0,1654,0
block_internships,4.0,1,1,0.07761934923904223,1.0,0.07761934923904223,0.601534032324434,1.4949632075574182,0,1655,0
block_low_generator,4.0,1,1,0.07761934923904223,1.0,0.07761934923904223,0.601534032324434,1.4949632075574182,0,1656,0
block_mediawiki_search,4.0,1,1,0.07761934923904223,1.0,0.07761934923904223,0.601534032324434,1.4949632075574182,0,1657,0
block_pdf2submission,4.0,1,1,0.07761934923904223,1.0,0.07761934923904223,0.601534032324434,1.4949632075574182,0,1658,0
block_tb_course_nav,4.0,1,1,0.07761934923904223,1.0,0.07761934923904223,0.601534032324434,1.4949632075574182,0,1659,0
block_tb_m_slots,4.0,1,1,0.07761934923904223,1.0,0.07761934923904223,0.601534032324434,1.4949632075574182,0,1660,0
block_usersprofile,4.0,1,1,0.07761934923904223,1.0,0.07761934923904223,0.601534032324434,1.4949632075574182,0,1661,0
cachestore_wincache,4.0,1,1,0.07761934923904223,1.0,0.07761934923904223,0.601534032324434,1.4949632075574182,0,1662,0
cachestore_xcache,4.0,1,1,0.07761934923904223,1.0,0.07761934923904223,0.601534032324434,1.4949632075574182,0,1663,0
enrol_idlist2,4.0,1,1,0.07761934923904223,1.0,0.07761934923904223,0.601534032324434,1.4949632075574182,0,1664,0
filter_ivs,4.0,1,1,0.07761934923904223,1.0,0.07761934923904223,0.601534032324434,1.4949632075574182,0,1665,0
filter_screencast,4.0,1,1,0.07761934923904223,1.0,0.07761934923904223,0.601534032324434,1.4949632075574182,0,1666,0
filter_youku,4.0,1,1,0.07761934923904223,1.0,0.07761934923904223,0.601534032324434,1.4949632075574182,0,1667,0
local_ajaxcategories,4.0,1,1,0.07761934923904223,1.0,0.07761934923904223,0.601534032324434,1.4949632075574182,0,1668,0
message_pushover,4.0,1,1,0.07761934923904223,1.0,0.07761934923904223,0.601534032324434,1.4949632075574182,0,1669,0
mod_cardtobrain,4.0,1,1,0.07761934923904223,1.0,0.07761934923904223,0.601534032324434,1.4949632075574182,0,1670,0
mod_dataplus,4.0,1,1,0.07761934923904223,1.0,0.07761934923904223,0.601534032324434,1.4949632075574182,0,1671,0
mod_smartchoice,4.0,1,1,0.07761934923904223,1.0,0.07761934923904223,0.601534032324434,1.4949632075574182,0,1672,0
qformat_fronter,4.0,1,1,0.07761934923904223,1.0,0.07761934923904223,0.601534032324434,1.4949632075574182,0,1673,0
repository_mycoursesfiles,4.0,1,1,0.07761934923904223,1.0,0.07761934923904223,0.601534032324434,1.4949632075574182,0,1674,0
theme_fabric,4.0,1,1,0.07761934923904223,1.0,0.07761934923904223,0.601534032324434,1.4949632075574182,0,1675,0
tool_lpimportcsv,4.0,1,1,0.07761934923904223,1.0,0.07761934923904223,0.601534032324434,1.4949632075574182,0,1676,0
tool_my_external_backup_restore_courses_admin,4.0,1,1,0.07761934923904223,1.0,0.07761934923904223,0.601534032324434,1.4949632075574182,0,1677,0
aiprovider_groq,23.0,1,0,0.15326995111304334,0.5,0.07663497555652167,0.3558527626201301,0.5068305151510211,0,1678,0
assignsubmission_comparativejudgement,23.0,1,0,0.15326995111304334,0.5,0.07663497555652167,0.3558527626201301,0.5068305151510211,0,1679,0
block_campaign_manager,23.0,1,0,0.15326995111304334,0.5,0.07663497555652167,0.3558527626201301,0.5068305151510211,0,1680,0
block_qtracker,23.0,0,1,0.15326995111304334,0.5,0.07663497555652167,0.3558527626201301,0.5068305151510211,0,1681,0
block_wallet,23.0,1,0,0.15326995111304334,0.5,0.07663497555652167,0.3558527626201301,0.5068305151510211,0,1682,0
local_ai_content,23.0,1,0,0.15326995111304334,0.5,0.07663497555652167,0.3558527626201301,0.5068305151510211,0,1683,0
local_apiquery,23.0,1,0,0.15326995111304334,0.5,0.07663497555652167,0.3558527626201301,0.5068305151510211,0,1684,0
mod_certifier,23.0,1,0,0.15326995111304334,0.5,0.07663497555652167,0.3558527626201301,0.5068305151510211,0,1685,0
mod_mooproof,23.0,1,0,0.15326995111304334,0.5,0.07663497555652167,0.3558527626201301,0.5068305151510211,0,1686,0
quiz_certainty,23.0,1,0,0.15326995111304334,0.5,0.07663497555652167,0.3558527626201301,0.5068305151510211,0,1687,0
report_grouptool,23.0,1,0,0.15326995111304334,0.5,0.07663497555652167,0.3558527626201301,0.5068305151510211,0,1688,0
tool_lazycron,23.0,1,0,0.15326995111304334,0.5,0.07663497555652167,0.3558527626201301,0.5068305151510211,0,1689,0
availability_criteria_score,22.0,0,1,0.15121740248750773,0.5,0.07560870124375386,0.3353866217735192,0.5062059200145157,0,1690,0
block_su_agent_moodle,22.0,1,0,0.15121740248750773,0.5,0.07560870124375386,0.3353866217735192,0.5062059200145157,0,1691,0
enrol_oneroster,22.0,0,1,0.15121740248750773,0.5,0.07560870124375386,0.3353866217735192,0.5062059200145157,0,1692,0
mod_gestionprojet,22.0,1,0,0.15121740248750773,0.5,0.07560870124375386,0.3353866217735192,0.5062059200145157,0,1693,0
mod_learnplugpodcasts,22.0,1,0,0.15121740248750773,0.5,0.07560870124375386,0.3353866217735192,0.5062059200145157,0,1694,0
mod_plenum,22.0,1,0,0.15121740248750773,0.5,0.07560870124375386,0.3353866217735192,0.5062059200145157,0,1695,0
tool_ltigroupautoenrol,22.0,1,0,0.15121740248750773,0.5,0.07560870124375386,0.3353866217735192,0.5062059200145157,0,1696,0
tool_monitoring,22.0,1,0,0.15121740248750773,0.5,0.07560870124375386,0.3353866217735192,0.5062059200145157,0,1697,0
block_engagement,21.0,0,1,0.14907360007262718,0.5,0.07453680003631359,0.31401058145739724,0.5055813248780102,0,1698,0
block_timetableblock,21.0,1,0,0.14907360007262718,0.5,0.07453680003631359,0.31401058145739724,0.5055813248780102,0,1699,0
block_topactivecourses,21.0,1,0,0.14907360007262718,0.5,0.07453680003631359,0.31401058145739724,0.5055813248780102,0,1700,0
customfield_multivalue,21.0,1,0,0.14907360007262718,0.5,0.07453680003631359,0.31401058145739724,0.5055813248780102,0,1701,0
filter_sagecell,21.0,0,1,0.14907360007262718,0.5,0.07453680003631359,0.31401058145739724,0.5055813248780102,0,1702,0
local_admindashboard,21.0,1,0,0.14907360007262718,0.5,0.07453680003631359,0.31401058145739724,0.5055813248780102,0,1703,0
local_cohortsync,21.0,1,0,0.14907360007262718,0.5,0.07453680003631359,0.31401058145739724,0.5055813248780102,0,1704,0
local_deletecourse,21.0,1,0,0.14907360007262718,0.5,0.07453680003631359,0.31401058145739724,0.5055813248780102,0,1705,0
paygw_airtelafrica,21.0,1,0,0.14907360007262718,0.5,0.07453680003631359,0.31401058145739724,0.5055813248780102,0,1706,0
quizaccess_tcquiz,21.0,1,0,0.14907360007262718,0.5,0.07453680003631359,0.31401058145739724,0.5055813248780102,0,1707,0
tiny_elediastyles,21.0,1,0,0.14907360007262718,0.5,0.07453680003631359,0.31401058145739724,0.5055813248780102,0,1708,0
tiny_haccgen_extender,21.0,1,0,0.14907360007262718,0.5,0.07453680003631359,0.31401058145739724,0.5055813248780102,0,1709,0
aiprovider_anthropic,20.0,1,0,0.14683005074880803,0.5,0.07341502537440402,0.2916399560376852,0.5049567297415049,0,1710,0
block_my_external_privatefiles,20.0,1,0,0.14683005074880803,0.5,0.07341502537440402,0.2916399560376852,0.5049567297415049,0,1711,0
filter_coins,20.0,0,1,0.14683005074880803,0.5,0.07341502537440402,0.2916399560376852,0.5049567297415049,0,1712,0
gradereport_coifish,20.0,1,0,0.14683005074880803,0.5,0.07341502537440402,0.2916399560376852,0.5049567297415049,0,1713,0
local_edugears,20.0,1,0,0.14683005074880803,0.5,0.07341502537440402,0.2916399560376852,0.5049567297415049,0,1714,0
local_yetkinlik,20.0,1,0,0.14683005074880803,0.5,0.07341502537440402,0.2916399560376852,0.5049567297415049,0,1715,0
local_zohoflow,20.0,1,0,0.14683005074880803,0.5,0.07341502537440402,0.2916399560376852,0.5049567297415049,0,1716,0
mod_moodecgrpmanagement,20.0,0,1,0.14683005074880803,0.5,0.07341502537440402,0.2916399560376852,0.5049567297415049,0,1717,0
quizaccess_sebversion,20.0,1,0,0.14683005074880803,0.5,0.07341502537440402,0.2916399560376852,0.5049567297415049,0,1718,0
atto_orphaned,19.0,0,1,0.14447701757937695,0.5,0.07223850878968847,0.26817765767203383,0.5043321346049994,0,1719,0
availability_treasurehunt,19.0,1,0,0.14447701757937695,0.5,0.07223850878968847,0.26817765767203383,0.5043321346049994,0,1720,0
availability_wallet,19.0,1,0,0.14447701757937695,0.5,0.07223850878968847,0.26817765767203383,0.5043321346049994,0,1721,0
block_eledia_coursesearch,19.0,1,0,0.14447701757937695,0.5,0.07223850878968847,0.26817765767203383,0.5043321346049994,0,1722,0
block_html_placeholders,19.0,0,1,0.14447701757937695,0.5,0.07223850878968847,0.26817765767203383,0.5043321346049994,0,1723,0
local_accessibility_filescan,19.0,1,0,0.14447701757937695,0.5,0.07223850878968847,0.26817765767203383,0.5043321346049994,0,1724,0
local_courseprogresslite,19.0,1,0,0.14447701757937695,0.5,0.07223850878968847,0.26817765767203383,0.5043321346049994,0,1725,0
local_coursessms,19.0,1,0,0.14447701757937695,0.5,0.07223850878968847,0.26817765767203383,0.5043321346049994,0,1726,0
local_ltiusage,19.0,1,0,0.14447701757937695,0.5,0.07223850878968847,0.26817765767203383,0.5043321346049994,0,1727,0
local_lumination,19.0,1,0,0.14447701757937695,0.5,0.07223850878968847,0.26817765767203383,0.5043321346049994,0,1728,0
local_smart_resume,19.0,1,0,0.14447701757937695,0.5,0.07223850878968847,0.26817765767203383,0.5043321346049994,0,1729,0
local_uploadnotification,19.0,0,1,0.14447701757937695,0.5,0.07223850878968847,0.26817765767203383,0.5043321346049994,0,1730,0
mod_courseguide,19.0,0,1,0.14447701757937695,0.5,0.07223850878968847,0.26817765767203383,0.5043321346049994,0,1731,0
qtype_dictation,19.0,1,0,0.14447701757937695,0.5,0.07223850878968847,0.26817765767203383,0.5043321346049994,0,1732,0
aiplacement_airesourceguide,18.0,1,0,0.14200326441379696,0.5,0.07100163220689848,0.24351164972627903,0.503707539468494,0,1733,0
assignsubmission_edusharing,18.0,1,0,0.14200326441379696,0.5,0.07100163220689848,0.24351164972627903,0.503707539468494,0,1734,0
block_discussion_feed,18.0,0,1,0.14200326441379696,0.5,0.07100163220689848,0.24351164972627903,0.503707539468494,0,1735,0
block_editablecontenthtml,18.0,0,1,0.14200326441379696,0.5,0.07100163220689848,0.24351164972627903,0.503707539468494,0,1736,0
block_ejsapp_file_browser,18.0,0,1,0.14200326441379696,0.5,0.07100163220689848,0.24351164972627903,0.503707539468494,0,1737,0
format_aicourse,18.0,1,0,0.14200326441379696,0.5,0.07100163220689848,0.24351164972627903,0.503707539468494,0,1738,0
local_questions_importer_ws,18.0,1,0,0.14200326441379696,0.5,0.07100163220689848,0.24351164972627903,0.503707539468494,0,1739,0
mod_bizexaminer,18.0,1,0,0.14200326441379696,0.5,0.07100163220689848,0.24351164972627903,0.503707539468494,0,1740,0
paygw_mtnafrica,18.0,1,0,0.14200326441379696,0.5,0.07100163220689848,0.24351164972627903,0.503707539468494,0,1741,0
repository_capture,18.0,0,1,0.14200326441379696,0.5,0.07100163220689848,0.24351164972627903,0.503707539468494,0,1742,0
tool_cohortautoroles,18.0,0,1,0.14200326441379696,0.5,0.07100163220689848,0.24351164972627903,0.503707539468494,0,1743,0
availability_criteria_level,17.0,0,1,0.1393957313752499,0.5,0.06969786568762495,0.2175117110329048,0.5030829443319885,0,1744,0
availability_percentage,17.0,1,0,0.1393957313752499,0.5,0.06969786568762495,0.2175117110329048,0.5030829443319885,0,1745,0
block_accessibility_filescan,17.0,1,0,0.1393957313752499,0.5,0.06969786568762495,0.2175117110329048,0.5030829443319885,0,1746,0
block_guestcourses,17.0,1,0,0.1393957313752499,0.5,0.06969786568762495,0.2175117110329048,0.5030829443319885,0,1747,0
local_cpf_validator,17.0,1,0,0.1393957313752499,0.5,0.06969786568762495,0.2175117110329048,0.5030829443319885,0,1748,0
local_keepusers,17.0,1,0,0.1393957313752499,0.5,0.06969786568762495,0.2175117110329048,0.5030829443319885,0,1749,0
local_textplus,17.0,1,0,0.1393957313752499,0.5,0.06969786568762495,0.2175117110329048,0.5030829443319885,0,1750,0
mod_certify,17.0,1,0,0.1393957313752499,0.5,0.06969786568762495,0.2175117110329048,0.5030829443319885,0,1751,0
mod_learninggoalwidget,17.0,1,0,0.1393957313752499,0.5,0.06969786568762495,0.2175117110329048,0.5030829443319885,0,1752,0
mod_mmogame,17.0,1,0,0.1393957313752499,0.5,0.06969786568762495,0.2175117110329048,0.5030829443319885,0,1753,0
mod_videotracker,17.0,1,0,0.1393957313752499,0.5,0.06969786568762495,0.2175117110329048,0.5030829443319885,0,1754,0
qformat_proforma,17.0,1,0,0.1393957313752499,0.5,0.06969786568762495,0.2175117110329048,0.5030829443319885,0,1755,0
tiny_videolesson,17.0,1,0,0.1393957313752499,0.5,0.06969786568762495,0.2175117110329048,0.5030829443319885,0,1756,0
availability_stripepayment,16.0,1,0,0.13663911749687868,0.5,0.06831955874843934,0.19002527432071936,0.5024583491954832,0,1757,0
block_glossarysearch,16.0,1,0,0.13663911749687868,0.5,0.06831955874843934,0.19002527432071936,0.5024583491954832,0,1758,0
booktool_epubimport,16.0,1,0,0.13663911749687868,0.5,0.06831955874843934,0.19002527432071936,0.5024583491954832,0,1759,0
filter_gitquotes,16.0,1,0,0.13663911749687868,0.5,0.06831955874843934,0.19002527432071936,0.5024583491954832,0,1760,0
format_gps,16.0,0,1,0.13663911749687868,0.5,0.06831955874843934,0.19002527432071936,0.5024583491954832,0,1761,0
local_aihub,16.0,1,0,0.13663911749687868,0.5,0.06831955874843934,0.19002527432071936,0.5024583491954832,0,1762,0
local_coursecalendar,16.0,1,0,0.13663911749687868,0.5,0.06831955874843934,0.19002527432071936,0.5024583491954832,0,1763,0
local_evalimport,16.0,1,0,0.13663911749687868,0.5,0.06831955874843934,0.19002527432071936,0.5024583491954832,0,1764,0
local_pluginzip,16.0,1,0,0.13663911749687868,0.5,0.06831955874843934,0.19002527432071936,0.5024583491954832,0,1765,0
local_welcome_modal,16.0,1,0,0.13663911749687868,0.5,0.06831955874843934,0.19002527432071936,0.5024583491954832,0,1766,0
mod_srg,16.0,1,0,0.13663911749687868,0.5,0.06831955874843934,0.19002527432071936,0.5024583491954832,0,1767,0
paygw_alipay,16.0,0,1,0.13663911749687868,0.5,0.06831955874843934,0.19002527432071936,0.5024583491954832,0,1768,0
qformat_gift_answersselect,16.0,1,0,0.13663911749687868,0.5,0.06831955874843934,0.19002527432071936,0.5024583491954832,0,1769,0
quizaccess_videocapture,16.0,1,0,0.13663911749687868,0.5,0.06831955874843934,0.19002527432071936,0.5024583491954832,0,1770,0
report_moodleanalyst,16.0,0,1,0.13663911749687868,0.5,0.06831955874843934,0.19002527432071936,0.5024583491954832,0,1771,0
tiny_iorad,16.0,0,1,0.13663911749687868,0.5,0.06831955874843934,0.19002527432071936,0.5024583491954832,0,1772,0
tool_sync,16.0,0,1,0.13663911749687868,0.5,0.06831955874843934,0.19002527432071936,0.5024583491954832,0,1773,0
aiprovider_mistral,15.0,1,0,0.1337153366806694,0.5,0.0668576683403347,0.1608720015335552,0.5018337540589778,0,1774,0
aiprovider_schooleesopenrouter,15.0,1,0,0.1337153366806694,0.5,0.0668576683403347,0.1608720015335552,0.5018337540589778,0,1775,0
block_helpmenow,15.0,0,1,0.1337153366806694,0.5,0.0668576683403347,0.1608720015335552,0.5018337540589778,0,1776,0
block_quiz_attempts_list,15.0,0,1,0.1337153366806694,0.5,0.0668576683403347,0.1608720015335552,0.5018337540589778,0,1777,0
block_via,15.0,0,1,0.1337153366806694,0.5,0.0668576683403347,0.1608720015335552,0.5018337540589778,0,1778,0
block_via_permanent,15.0,0,1,0.1337153366806694,0.5,0.0668576683403347,0.1608720015335552,0.5018337540589778,0,1779,0
block_workloadradar,15.0,1,0,0.1337153366806694,0.5,0.0668576683403347,0.1608720015335552,0.5018337540589778,0,1780,0
customcertelement_assignfeedbackcomments,15.0,1,0,0.1337153366806694,0.5,0.0668576683403347,0.1608720015335552,0.5018337540589778,0,1781,0
enrol_iyzicopayment,15.0,0,1,0.1337153366806694,0.5,0.0668576683403347,0.1608720015335552,0.5018337540589778,0,1782,0
local_certimagegen,15.0,1,0,0.1337153366806694,0.5,0.0668576683403347,0.1608720015335552,0.5018337540589778,0,1783,0
local_devtools,15.0,1,0,0.1337153366806694,0.5,0.0668576683403347,0.1608720015335552,0.5018337540589778,0,1784,0
local_quizessaygrader,15.0,1,0,0.1337153366806694,0.5,0.0668576683403347,0.1608720015335552,0.5018337540589778,0,1785,0
mod_advurl,15.0,1,0,0.1337153366806694,0.5,0.0668576683403347,0.1608720015335552,0.5018337540589778,0,1786,0
mod_aiknowledgecheck,15.0,1,0,0.1337153366806694,0.5,0.0668576683403347,0.1608720015335552,0.5018337540589778,0,1787,0
mod_contentcreator,15.0,1,0,0.1337153366806694,0.5,0.0668576683403347,0.1608720015335552,0.5018337540589778,0,1788,0
mod_hlsplayer,15.0,1,0,0.1337153366806694,0.5,0.0668576683403347,0.1608720015335552,0.5018337540589778,0,1789,0
mod_moodlenet,15.0,0,1,0.1337153366806694,0.5,0.0668576683403347,0.1608720015335552,0.5018337540589778,0,1790,0
mod_swiftquiz,15.0,0,1,0.1337153366806694,0.5,0.0668576683403347,0.1608720015335552,0.5018337540589778,0,1791,0
repository_videofront,15.0,0,1,0.1337153366806694,0.5,0.0668576683403347,0.1608720015335552,0.5018337540589778,0,1792,0
auth_vulnerablepassword,3.0,1,1,0.0668576683403347,1.0,0.0668576683403347,0.4942283761859554,1.4943386124209128,0,1793,0
block_countuser,3.0,1,1,0.0668576683403347,1.0,0.0668576683403347,0.4942283761859554,1.4943386124209128,0,1794,0
block_credly,3.0,1,1,0.0668576683403347,1.0,0.0668576683403347,0.4942283761859554,1.4943386124209128,0,1795,0
block_fn_my_menu,3.0,1,1,0.0668576683403347,1.0,0.0668576683403347,0.4942283761859554,1.4943386124209128,0,1796,0
block_interactivetree,3.0,1,1,0.0668576683403347,1.0,0.0668576683403347,0.4942283761859554,1.4943386124209128,0,1797,0
block_jumpto_menu,3.0,1,1,0.0668576683403347,1.0,0.0668576683403347,0.4942283761859554,1.4943386124209128,0,1798,0
block_kuracloud,3.0,1,1,0.0668576683403347,1.0,0.0668576683403347,0.4942283761859554,1.4943386124209128,0,1799,0
block_nice_mail,3.0,1,1,0.0668576683403347,1.0,0.0668576683403347,0.4942283761859554,1.4943386124209128,0,1800,0
block_regex_constructor,3.0,1,1,0.0668576683403347,1.0,0.0668576683403347,0.4942283761859554,1.4943386124209128,0,1801,0
block_smartest,3.0,1,1,0.0668576683403347,1.0,0.0668576683403347,0.4942283761859554,1.4943386124209128,0,1802,0
block_temporary_enrolments,3.0,1,1,0.0668576683403347,1.0,0.0668576683403347,0.4942283761859554,1.4943386124209128,0,1803,0
block_usermap,3.0,1,1,0.0668576683403347,1.0,0.0668576683403347,0.4942283761859554,1.4943386124209128,0,1804,0
editor_webvi,3.0,1,1,0.0668576683403347,1.0,0.0668576683403347,0.4942283761859554,1.4943386124209128,0,1805,0
enrol_sslcommerz,3.0,1,1,0.0668576683403347,1.0,0.0668576683403347,0.4942283761859554,1.4943386124209128,0,1806,0
filter_dxf,3.0,1,1,0.0668576683403347,1.0,0.0668576683403347,0.4942283761859554,1.4943386124209128,0,1807,0
filter_tudou,3.0,1,1,0.0668576683403347,1.0,0.0668576683403347,0.4942283761859554,1.4943386124209128,0,1808,0
format_scormcloud,3.0,1,1,0.0668576683403347,1.0,0.0668576683403347,0.4942283761859554,1.4943386124209128,0,1809,0
local_revoke_consent,3.0,1,1,0.0668576683403347,1.0,0.0668576683403347,0.4942283761859554,1.4943386124209128,0,1810,0
local_session_dynamodb,3.0,1,1,0.0668576683403347,1.0,0.0668576683403347,0.4942283761859554,1.4943386124209128,0,1811,0
mod_amvonetroom,3.0,1,1,0.0668576683403347,1.0,0.0668576683403347,0.4942283761859554,1.4943386124209128,0,1812,0
mod_domoscio,3.0,1,1,0.0668576683403347,1.0,0.0668576683403347,0.4942283761859554,1.4943386124209128,0,1813,0
mod_easycastms,3.0,1,1,0.0668576683403347,1.0,0.0668576683403347,0.4942283761859554,1.4943386124209128,0,1814,0
mod_meetzi,3.0,1,1,0.0668576683403347,1.0,0.0668576683403347,0.4942283761859554,1.4943386124209128,0,1815,0
mod_unedtrivial,3.0,1,1,0.0668576683403347,1.0,0.0668576683403347,0.4942283761859554,1.4943386124209128,0,1816,0
paygw_cardinity,3.0,1,1,0.0668576683403347,1.0,0.0668576683403347,0.4942283761859554,1.4943386124209128,0,1817,0
plagiarism_programming,3.0,1,1,0.0668576683403347,1.0,0.0668576683403347,0.4942283761859554,1.4943386124209128,0,1818,0
profilefield_certificateswall,3.0,1,1,0.0668576683403347,1.0,0.0668576683403347,0.4942283761859554,1.4943386124209128,0,1819,0
theme_accessible_for_vip,3.0,1,1,0.0668576683403347,1.0,0.0668576683403347,0.4942283761859554,1.4943386124209128,0,1820,0
theme_strawberry,3.0,1,1,0.0668576683403347,1.0,0.0668576683403347,0.4942283761859554,1.4943386124209128,0,1821,0
tool_environment,3.0,1,1,0.0668576683403347,1.0,0.0668576683403347,0.4942283761859554,1.4943386124209128,0,1822,0
tool_wincache,3.0,1,1,0.0668576683403347,1.0,0.0668576683403347,0.4942283761859554,1.4943386124209128,0,1823,0
block_quickscan,14.0,0,1,0.13060279784158352,0.5,0.06530139892079176,0.12983660608480885,0.5012091589224723,0,1824,0
block_recommend_course,14.0,1,0,0.13060279784158352,0.5,0.06530139892079176,0.12983660608480885,0.5012091589224723,0,1825,0
block_student_info,14.0,1,0,0.13060279784158352,0.5,0.06530139892079176,0.12983660608480885,0.5012091589224723,0,1826,0
certificateelement_activity,14.0,1,0,0.13060279784158352,0.5,0.06530139892079176,0.12983660608480885,0.5012091589224723,0,1827,0
filter_fenomiostream,14.0,1,0,0.13060279784158352,0.5,0.06530139892079176,0.12983660608480885,0.5012091589224723,0,1828,0
local_hiderestrictions,14.0,1,0,0.13060279784158352,0.5,0.06530139892079176,0.12983660608480885,0.5012091589224723,0,1829,0
local_virtuallab,14.0,1,0,0.13060279784158352,0.5,0.06530139892079176,0.12983660608480885,0.5012091589224723,0,1830,0
mod_aiactivities,14.0,1,0,0.13060279784158352,0.5,0.06530139892079176,0.12983660608480885,0.5012091589224723,0,1831,0
mod_crossduel,14.0,1,0,0.13060279784158352,0.5,0.06530139892079176,0.12983660608480885,0.5012091589224723,0,1832,0
mod_fenomiostream,14.0,1,0,0.13060279784158352,0.5,0.06530139892079176,0.12983660608480885,0.5012091589224723,0,1833,0
paygw_authorizedotnet,14.0,1,0,0.13060279784158352,0.5,0.06530139892079176,0.12983660608480885,0.5012091589224723,0,1834,0
qformat_answersselect,14.0,1,0,0.13060279784158352,0.5,0.06530139892079176,0.12983660608480885,0.5012091589224723,0,1835,0
block_booksearch,13.0,1,0,0.1272754363164341,0.5,0.06363771815821705,0.09665919495111064,0.5005845637859669,0,1836,0
block_course_descendants,13.0,0,1,0.1272754363164341,0.5,0.06363771815821705,0.09665919495111064,0.5005845637859669,0,1837,0
block_group_members,13.0,0,1,0.1272754363164341,0.5,0.06363771815821705,0.09665919495111064,0.5005845637859669,0,1838,0
block_profileselectorhtml,13.0,0,1,0.1272754363164341,0.5,0.06363771815821705,0.09665919495111064,0.5005845637859669,0,1839,0
local_compatability_test,13.0,0,1,0.1272754363164341,0.5,0.06363771815821705,0.09665919495111064,0.5005845637859669,0,1840,0
local_coursefilters,13.0,1,0,0.1272754363164341,0.5,0.06363771815821705,0.09665919495111064,0.5005845637859669,0,1841,0
local_graidy,13.0,1,0,0.1272754363164341,0.5,0.06363771815821705,0.09665919495111064,0.5005845637859669,0,1842,0
local_imageplus,13.0,1,0,0.1272754363164341,0.5,0.06363771815821705,0.09665919495111064,0.5005845637859669,0,1843,0
local_literag,13.0,1,0,0.1272754363164341,0.5,0.06363771815821705,0.09665919495111064,0.5005845637859669,0,1844,0
local_oksigeniaaccess,13.0,1,0,0.1272754363164341,0.5,0.06363771815821705,0.09665919495111064,0.5005845637859669,0,1845,0
local_quizstatsort,13.0,1,0,0.1272754363164341,0.5,0.06363771815821705,0.09665919495111064,0.5005845637859669,0,1846,0
profilefield_orcid,13.0,0,1,0.1272754363164341,0.5,0.06363771815821705,0.09665919495111064,0.5005845637859669,0,1847,0
qtype_regexmatch,13.0,1,0,0.1272754363164341,0.5,0.06363771815821705,0.09665919495111064,0.5005845637859669,0,1848,0
quiz_outline,13.0,1,0,0.1272754363164341,0.5,0.06363771815821705,0.09665919495111064,0.5005845637859669,0,1849,0
theme_srce_access,13.0,0,1,0.1272754363164341,0.5,0.06363771815821705,0.09665919495111064,0.5005845637859669,0,1850,0
tiny_persistentresize,13.0,1,0,0.1272754363164341,0.5,0.06363771815821705,0.09665919495111064,0.5005845637859669,0,1851,0
tool_newyeardates,13.0,1,0,0.1272754363164341,0.5,0.06363771815821705,0.09665919495111064,0.5005845637859669,0,1852,0
tool_redirectplus,13.0,1,0,0.1272754363164341,0.5,0.06363771815821705,0.09665919495111064,0.5005845637859669,0,1853,0
block_bookchapter_pdf,12.0,1,0,0.12370138569443939,0.5,0.061850692847219696,0.061022025379269706,0.49995996864946146,0,1854,0
filter_stream,12.0,1,0,0.12370138569443939,0.5,0.061850692847219696,0.061022025379269706,0.49995996864946146,0,1855,0
format_psg,12.0,0,1,0.12370138569443939,0.5,0.061850692847219696,0.061022025379269706,0.49995996864946146,0,1856,0
local_campaign,12.0,0,1,0.12370138569443939,0.5,0.061850692847219696,0.061022025379269706,0.49995996864946146,0,1857,0
local_enddateaccess,12.0,1,0,0.12370138569443939,0.5,0.061850692847219696,0.061022025379269706,0.49995996864946146,0,1858,0
local_invoice,12.0,1,0,0.12370138569443939,0.5,0.061850692847219696,0.061022025379269706,0.49995996864946146,0,1859,0
local_lockgrades,12.0,1,0,0.12370138569443939,0.5,0.061850692847219696,0.061022025379269706,0.49995996864946146,0,1860,0
local_mrca,12.0,1,0,0.12370138569443939,0.5,0.061850692847219696,0.061022025379269706,0.49995996864946146,0,1861,0
local_navigatr,12.0,1,0,0.12370138569443939,0.5,0.061850692847219696,0.061022025379269706,0.49995996864946146,0,1862,0
local_ragingest,12.0,1,0,0.12370138569443939,0.5,0.061850692847219696,0.061022025379269706,0.49995996864946146,0,1863,0
local_shared_files,12.0,1,0,0.12370138569443939,0.5,0.061850692847219696,0.061022025379269706,0.49995996864946146,0,1864,0
local_tagmap,12.0,1,0,0.12370138569443939,0.5,0.061850692847219696,0.061022025379269706,0.49995996864946146,0,1865,0
local_technicalsignals,12.0,0,1,0.12370138569443939,0.5,0.061850692847219696,0.061022025379269706,0.49995996864946146,0,1866,0
mod_coursemail,12.0,1,0,0.12370138569443939,0.5,0.061850692847219696,0.061022025379269706,0.49995996864946146,0,1867,0
mod_ejsappbooking,12.0,0,1,0.12370138569443939,0.5,0.061850692847219696,0.061022025379269706,0.49995996864946146,0,1868,0
mod_flippage,12.0,1,0,0.12370138569443939,0.5,0.061850692847219696,0.061022025379269706,0.49995996864946146,0,1869,0
mod_gradelist,12.0,1,0,0.12370138569443939,0.5,0.061850692847219696,0.061022025379269706,0.49995996864946146,0,1870,0
mod_sharedurl,12.0,0,1,0.12370138569443939,0.5,0.061850692847219696,0.061022025379269706,0.49995996864946146,0,1871,0
mod_vinapse,12.0,1,0,0.12370138569443939,0.5,0.061850692847219696,0.061022025379269706,0.49995996864946146,0,1872,0
tiny_aic,12.0,1,0,0.12370138569443939,0.5,0.061850692847219696,0.061022025379269706,0.49995996864946146,0,1873,0
tiny_fenomiostream,12.0,1,0,0.12370138569443939,0.5,0.061850692847219696,0.061022025379269706,0.49995996864946146,0,1874,0
tool_lala,12.0,1,0,0.12370138569443939,0.5,0.061850692847219696,0.061022025379269706,0.49995996864946146,0,1875,0
tool_sitedates,12.0,1,0,0.12370138569443939,0.5,0.061850692847219696,0.061022025379269706,0.49995996864946146,0,1876,0
tool_uploadusersplus,12.0,1,0,0.12370138569443939,0.5,0.061850692847219696,0.061022025379269706,0.49995996864946146,0,1877,0
webservice_elediamcp,12.0,1,0,0.12370138569443939,0.5,0.061850692847219696,0.061022025379269706,0.49995996864946146,0,1878,0
block_atrisk,11.0,1,0,0.11984111694287598,0.5,0.05992055847143799,0.022530949946330203,0.4993353735129561,0,1879,0
block_clearmessages,11.0,1,0,0.11984111694287598,0.5,0.05992055847143799,0.022530949946330203,0.4993353735129561,0,1880,0
block_eledia_aitutor,11.0,1,0,0.11984111694287598,0.5,0.05992055847143799,0.022530949946330203,0.4993353735129561,0,1881,0
block_groupspecifichtml,11.0,0,1,0.11984111694287598,0.5,0.05992055847143799,0.022530949946330203,0.4993353735129561,0,1882,0
customfield_radio,11.0,1,0,0.11984111694287598,0.5,0.05992055847143799,0.022530949946330203,0.4993353735129561,0,1883,0
enrol_ldapuserrel,11.0,0,1,0.11984111694287598,0.5,0.05992055847143799,0.022530949946330203,0.4993353735129561,0,1884,0
local_aicheck,11.0,1,0,0.11984111694287598,0.5,0.05992055847143799,0.022530949946330203,0.4993353735129561,0,1885,0
local_behavioranalytics,11.0,1,0,0.11984111694287598,0.5,0.05992055847143799,0.022530949946330203,0.4993353735129561,0,1886,0
local_certaintysettings,11.0,1,0,0.11984111694287598,0.5,0.05992055847143799,0.022530949946330203,0.4993353735129561,0,1887,0
local_coifish,11.0,1,0,0.11984111694287598,0.5,0.05992055847143799,0.022530949946330203,0.4993353735129561,0,1888,0
local_parentassign,11.0,1,0,0.11984111694287598,0.5,0.05992055847143799,0.022530949946330203,0.4993353735129561,0,1889,0
local_queuedbulkmessage,11.0,1,0,0.11984111694287598,0.5,0.05992055847143799,0.022530949946330203,0.4993353735129561,0,1890,0
local_simple_course_creator,11.0,1,0,0.11984111694287598,0.5,0.05992055847143799,0.022530949946330203,0.4993353735129561,0,1891,0
local_speedgrouping,11.0,1,0,0.11984111694287598,0.5,0.05992055847143799,0.022530949946330203,0.4993353735129561,0,1892,0
local_textinsights,11.0,1,0,0.11984111694287598,0.5,0.05992055847143799,0.022530949946330203,0.4993353735129561,0,1893,0
mod_classjournal,11.0,1,0,0.11984111694287598,0.5,0.05992055847143799,0.022530949946330203,0.4993353735129561,0,1894,0
mod_collabmatch,11.0,1,0,0.11984111694287598,0.5,0.05992055847143799,0.022530949946330203,0.4993353735129561,0,1895,0
paygw_zarinpal,11.0,1,0,0.11984111694287598,0.5,0.05992055847143799,0.022530949946330203,0.4993353735129561,0,1896,0
profilefield_url,11.0,1,0,0.11984111694287598,0.5,0.05992055847143799,0.022530949946330203,0.4993353735129561,0,1897,0
quizaccess_autoproctor,11.0,1,0,0.11984111694287598,0.5,0.05992055847143799,0.022530949946330203,0.4993353735129561,0,1898,0
report_tuteur,11.0,0,1,0.11984111694287598,0.5,0.05992055847143799,0.022530949946330203,0.4993353735129561,0,1899,0
tool_blocksmanager,11.0,0,1,0.11984111694287598,0.5,0.05992055847143799,0.022530949946330203,0.4993353735129561,0,1900,0
block_dixeo_coursegen,10.0,1,0,0.11564476590245984,0.5,0.05782238295122992,-0.019311231216402547,0.4987107783764507,0,1901,0
block_page_tracker,10.0,0,1,0.11564476590245984,0.5,0.05782238295122992,-0.019311231216402547,0.4987107783764507,0,1902,0
filter_wikipediacalls,10.0,0,1,0.11564476590245984,0.5,0.05782238295122992,-0.019311231216402547,0.4987107783764507,0,1903,0
local_admincockpit,10.0,1,0,0.11564476590245984,0.5,0.05782238295122992,-0.019311231216402547,0.4987107783764507,0,1904,0
local_advancedcookiemanager,10.0,1,0,0.11564476590245984,0.5,0.05782238295122992,-0.019311231216402547,0.4987107783764507,0,1905,0
local_assignmentnotice,10.0,1,0,0.11564476590245984,0.5,0.05782238295122992,-0.019311231216402547,0.4987107783764507,0,1906,0
local_courseflowtool,10.0,1,0,0.11564476590245984,0.5,0.05782238295122992,-0.019311231216402547,0.4987107783764507,0,1907,0
local_tier,10.0,1,0,0.11564476590245984,0.5,0.05782238295122992,-0.019311231216402547,0.4987107783764507,0,1908,0
local_trustgrade,10.0,1,0,0.11564476590245984,0.5,0.05782238295122992,-0.019311231216402547,0.4987107783764507,0,1909,0
mod_ardora,10.0,1,0,0.11564476590245984,0.5,0.05782238295122992,-0.019311231216402547,0.4987107783764507,0,1910,0
mod_bacs,10.0,1,0,0.11564476590245984,0.5,0.05782238295122992,-0.019311231216402547,0.4987107783764507,0,1911,0
mod_insightjournal,10.0,1,0,0.11564476590245984,0.5,0.05782238295122992,-0.019311231216402547,0.4987107783764507,0,1912,0
mod_virtualclass,10.0,0,1,0.11564476590245984,0.5,0.05782238295122992,-0.019311231216402547,0.4987107783764507,0,1913,0
paygw_ifthenpay,10.0,1,0,0.11564476590245984,0.5,0.05782238295122992,-0.019311231216402547,0.4987107783764507,0,1914,0
paygw_wechat,10.0,0,1,0.11564476590245984,0.5,0.05782238295122992,-0.019311231216402547,0.4987107783764507,0,1915,0
report_unlocker,10.0,1,0,0.11564476590245984,0.5,0.05782238295122992,-0.019311231216402547,0.4987107783764507,0,1916,0
tiny_imageia,10.0,1,0,0.11564476590245984,0.5,0.05782238295122992,-0.019311231216402547,0.4987107783764507,0,1917,0
tool_proper,10.0,1,0,0.11564476590245984,0.5,0.05782238295122992,-0.019311231216402547,0.4987107783764507,0,1918,0
availability_groupname,9.0,1,0,0.1110481834092096,0.5,0.0555240917046048,-0.06514415500176574,0.49808618323994525,0,1919,0
block_course_ascendants,9.0,0,1,0.1110481834092096,0.5,0.0555240917046048,-0.06514415500176574,0.49808618323994525,0,1920,0
filter_dbconcept,9.0,1,0,0.1110481834092096,0.5,0.0555240917046048,-0.06514415500176574,0.49808618323994525,0,1921,0
local_extendmanualenrol,9.0,1,0,0.1110481834092096,0.5,0.0555240917046048,-0.06514415500176574,0.49808618323994525,0,1922,0
local_whatsapphelper,9.0,1,0,0.1110481834092096,0.5,0.0555240917046048,-0.06514415500176574,0.49808618323994525,0,1923,0
mod_languagelab,9.0,0,1,0.1110481834092096,0.5,0.0555240917046048,-0.06514415500176574,0.49808618323994525,0,1924,0
mod_pptgen,9.0,1,0,0.1110481834092096,0.5,0.0555240917046048,-0.06514415500176574,0.49808618323994525,0,1925,0
mod_streak,9.0,1,0,0.1110481834092096,0.5,0.0555240917046048,-0.06514415500176574,0.49808618323994525,0,1926,0
paygw_fawry,9.0,1,0,0.1110481834092096,0.5,0.0555240917046048,-0.06514415500176574,0.49808618323994525,0,1927,0
qtype_regexmatchcloze,9.0,1,0,0.1110481834092096,0.5,0.0555240917046048,-0.06514415500176574,0.49808618323994525,0,1928,0
report_zabbix,9.0,1,0,0.1110481834092096,0.5,0.0555240917046048,-0.06514415500176574,0.49808618323994525,0,1929,0
tiny_footnotes,9.0,1,0,0.1110481834092096,0.5,0.0555240917046048,-0.06514415500176574,0.49808618323994525,0,1930,0
tiny_ketcher,9.0,1,0,0.1110481834092096,0.5,0.0555240917046048,-0.06514415500176574,0.49808618323994525,0,1931,0
tinymce_planetestream,9.0,1,0,0.1110481834092096,0.5,0.0555240917046048,-0.06514415500176574,0.49808618323994525,0,1932,0
tool_coursesummary,9.0,0,1,0.1110481834092096,0.5,0.0555240917046048,-0.06514415500176574,0.49808618323994525,0,1933,0
auth_zilink_guardian,1.0,1,1,0.053134187264532576,1.0,0.053134187264532576,0.540659113340255,2.646721309597821,0,1934,0
assignsubmission_changes,8.0,0,1,0.10596689720508257,0.5,0.05298344860254128,-0.11581010164089478,0.4974615881034399,0,1935,0
block_ejsapp_collab_session,8.0,0,1,0.10596689720508257,0.5,0.05298344860254128,-0.11581010164089478,0.4974615881034399,0,1936,0
block_workload,8.0,1,0,0.10596689720508257,0.5,0.05298344860254128,-0.11581010164089478,0.4974615881034399,0,1937,0
filter_bsmigrate,8.0,1,0,0.10596689720508257,0.5,0.05298344860254128,-0.11581010164089478,0.4974615881034399,0,1938,0
filter_lti,8.0,1,0,0.10596689720508257,0.5,0.05298344860254128,-0.11581010164089478,0.4974615881034399,0,1939,0
local_aplcore,8.0,1,0,0.10596689720508257,0.5,0.05298344860254128,-0.11581010164089478,0.4974615881034399,0,1940,0
local_bulk_roles_importer,8.0,1,0,0.10596689720508257,0.5,0.05298344860254128,-0.11581010164089478,0.4974615881034399,0,1941,0
local_globalembed,8.0,1,0,0.10596689720508257,0.5,0.05298344860254128,-0.11581010164089478,0.4974615881034399,0,1942,0
local_grader_notifier,8.0,1,0,0.10596689720508257,0.5,0.05298344860254128,-0.11581010164089478,0.4974615881034399,0,1943,0
local_mycoursesfilter,8.0,1,0,0.10596689720508257,0.5,0.05298344860254128,-0.11581010164089478,0.4974615881034399,0,1944,0
ltisource_playquiznow,8.0,1,0,0.10596689720508257,0.5,0.05298344860254128,-0.11581010164089478,0.4974615881034399,0,1945,0
message_pageone,8.0,0,1,0.10596689720508257,0.5,0.05298344860254128,-0.11581010164089478,0.4974615881034399,0,1946,0
mod_forumqta,8.0,0,1,0.10596689720508257,0.5,0.05298344860254128,-0.11581010164089478,0.4974615881034399,0,1947,0
mod_kalmediaassign,8.0,1,0,0.10596689720508257,0.5,0.05298344860254128,-0.11581010164089478,0.4974615881034399,0,1948,0
paygw_cryptocloud,8.0,1,0,0.10596689720508257,0.5,0.05298344860254128,-0.11581010164089478,0.4974615881034399,0,1949,0
quizaccess_edusynch,8.0,1,0,0.10596689720508257,0.5,0.05298344860254128,-0.11581010164089478,0.4974615881034399,0,1950,0
report_edumetrics,8.0,1,0,0.10596689720508257,0.5,0.05298344860254128,-0.11581010164089478,0.4974615881034399,0,1951,0
tool_policy,8.0,0,1,0.10596689720508257,0.5,0.05298344860254128,-0.11581010164089478,0.4974615881034399,0,1952,0
tool_upmon,8.0,1,0,0.10596689720508257,0.5,0.05298344860254128,-0.11581010164089478,0.4974615881034399,0,1953,0
assignment_uploadcode,2.0,1,1,0.052983448602541276,1.0,0.052983448602541276,0.3558873245987304,1.4937140172844074,0,1954,0
assignsubmission_mojec,2.0,1,1,0.052983448602541276,1.0,0.052983448602541276,0.3558873245987304,1.4937140172844074,0,1955,0
atto_applink,2.0,1,1,0.052983448602541276,1.0,0.052983448602541276,0.3558873245987304,1.4937140172844074,0,1956,0
atto_studietube,2.0,1,1,0.052983448602541276,1.0,0.052983448602541276,0.3558873245987304,1.4937140172844074,0,1957,0
auth_azuread,2.0,1,1,0.052983448602541276,1.0,0.052983448602541276,0.3558873245987304,1.4937140172844074,0,1958,0
auth_loginza,2.0,1,1,0.052983448602541276,1.0,0.052983448602541276,0.3558873245987304,1.4937140172844074,0,1959,0
block_achievement,2.0,1,1,0.052983448602541276,1.0,0.052983448602541276,0.3558873245987304,1.4937140172844074,0,1960,0
block_applications_list,2.0,1,1,0.052983448602541276,1.0,0.052983448602541276,0.3558873245987304,1.4937140172844074,0,1961,0
block_ecampus_tbird,2.0,1,1,0.052983448602541276,1.0,0.052983448602541276,0.3558873245987304,1.4937140172844074,0,1962,0
block_ekg,2.0,1,1,0.052983448602541276,1.0,0.052983448602541276,0.3558873245987304,1.4937140172844074,0,1963,0
block_fn_assignment_reset,2.0,1,1,0.052983448602541276,1.0,0.052983448602541276,0.3558873245987304,1.4937140172844074,0,1964,0
block_lightboxgallery_random,2.0,1,1,0.052983448602541276,1.0,0.052983448602541276,0.3558873245987304,1.4937140172844074,0,1965,0
block_rewardstally,2.0,1,1,0.052983448602541276,1.0,0.052983448602541276,0.3558873245987304,1.4937140172844074,0,1966,0
block_savapage,2.0,1,1,0.052983448602541276,1.0,0.052983448602541276,0.3558873245987304,1.4937140172844074,0,1967,0
block_selfenrol_seats,2.0,1,1,0.052983448602541276,1.0,0.052983448602541276,0.3558873245987304,1.4937140172844074,0,1968,0
block_tb_headings,2.0,1,1,0.052983448602541276,1.0,0.052983448602541276,0.3558873245987304,1.4937140172844074,0,1969,0
block_tb_latestentry,2.0,1,1,0.052983448602541276,1.0,0.052983448602541276,0.3558873245987304,1.4937140172844074,0,1970,0
calendartype_japanese,2.0,1,1,0.052983448602541276,1.0,0.052983448602541276,0.3558873245987304,1.4937140172844074,0,1971,0
editor_supsub,2.0,1,1,0.052983448602541276,1.0,0.052983448602541276,0.3558873245987304,1.4937140172844074,0,1972,0
filter_camo,2.0,1,1,0.052983448602541276,1.0,0.052983448602541276,0.3558873245987304,1.4937140172844074,0,1973,0
filter_ecli,2.0,1,1,0.052983448602541276,1.0,0.052983448602541276,0.3558873245987304,1.4937140172844074,0,1974,0
filter_scratchembed,2.0,1,1,0.052983448602541276,1.0,0.052983448602541276,0.3558873245987304,1.4937140172844074,0,1975,0
filter_sketchfab,2.0,1,1,0.052983448602541276,1.0,0.052983448602541276,0.3558873245987304,1.4937140172844074,0,1976,0
format_forumtopic,2.0,1,1,0.052983448602541276,1.0,0.052983448602541276,0.3558873245987304,1.4937140172844074,0,1977,0
gradereport_history,2.0,1,1,0.052983448602541276,1.0,0.052983448602541276,0.3558873245987304,1.4937140172844074,0,1978,0
gradereport_updfgrades,2.0,1,1,0.052983448602541276,1.0,0.052983448602541276,0.3558873245987304,1.4937140172844074,0,1979,0
local_lessonexportepub,2.0,1,1,0.052983448602541276,1.0,0.052983448602541276,0.3558873245987304,1.4937140172844074,0,1980,0
local_profileswitches,2.0,1,1,0.052983448602541276,1.0,0.052983448602541276,0.3558873245987304,1.4937140172844074,0,1981,0
mod_alternative,2.0,1,1,0.052983448602541276,1.0,0.052983448602541276,0.3558873245987304,1.4937140172844074,0,1982,0
mod_customlesson,2.0,1,1,0.052983448602541276,1.0,0.052983448602541276,0.3558873245987304,1.4937140172844074,0,1983,0
mod_ensemblecontent,2.0,1,1,0.052983448602541276,1.0,0.052983448602541276,0.3558873245987304,1.4937140172844074,0,1984,0
mod_videochat,2.0,1,1,0.052983448602541276,1.0,0.052983448602541276,0.3558873245987304,1.4937140172844074,0,1985,0
mod_videoconference,2.0,1,1,0.052983448602541276,1.0,0.052983448602541276,0.3558873245987304,1.4937140172844074,0,1986,0
repository_bitbucket,2.0,1,1,0.052983448602541276,1.0,0.052983448602541276,0.3558873245987304,1.4937140172844074,0,1987,0
theme_aerie,2.0,1,1,0.052983448602541276,1.0,0.052983448602541276,0.3558873245987304,1.4937140172844074,0,1988,0
theme_autoblack,2.0,1,1,0.052983448602541276,1.0,0.052983448602541276,0.3558873245987304,1.4937140172844074,0,1989,0
theme_educationbook,2.0,1,1,0.052983448602541276,1.0,0.052983448602541276,0.3558873245987304,1.4937140172844074,0,1990,0
theme_green,2.0,1,1,0.052983448602541276,1.0,0.052983448602541276,0.3558873245987304,1.4937140172844074,0,1991,0
theme_luna,2.0,1,1,0.052983448602541276,1.0,0.052983448602541276,0.3558873245987304,1.4937140172844074,0,1992,0
theme_mandarin,2.0,1,1,0.052983448602541276,1.0,0.052983448602541276,0.3558873245987304,1.4937140172844074,0,1993,0
theme_mnp,2.0,1,1,0.052983448602541276,1.0,0.052983448602541276,0.3558873245987304,1.4937140172844074,0,1994,0
theme_obsidian,2.0,1,1,0.052983448602541276,1.0,0.052983448602541276,0.3558873245987304,1.4937140172844074,0,1995,0
tinymce_skim,2.0,1,1,0.052983448602541276,1.0,0.052983448602541276,0.3558873245987304,1.4937140172844074,0,1996,0
atto_aceinlineassistant,7.0,1,0,0.10028650251050204,0.5,0.05014325125525102,-0.1724498111402446,0.4968369929669344,0,1997,0
atto_fenomiostream,7.0,1,0,0.10028650251050204,0.5,0.05014325125525102,-0.1724498111402446,0.4968369929669344,0,1998,0
block_lord,7.0,0,1,0.10028650251050204,0.5,0.05014325125525102,-0.1724498111402446,0.4968369929669344,0,1999,0
block_pin_user,7.0,1,0,0.10028650251050204,0.5,0.05014325125525102,-0.1724498111402446,0.4968369929669344,0,2000,0
block_programcurriculum,7.0,1,0,0.10028650251050204,0.5,0.05014325125525102,-0.1724498111402446,0.4968369929669344,0,2001,0
local_certifygencompanion,7.0,1,0,0.10028650251050204,0.5,0.05014325125525102,-0.1724498111402446,0.4968369929669344,0,2002,0
local_feedbackchoicegenerator,7.0,1,0,0.10028650251050204,0.5,0.05014325125525102,-0.1724498111402446,0.4968369929669344,0,2003,0
local_savian_ai,7.0,1,0,0.10028650251050204,0.5,0.05014325125525102,-0.1724498111402446,0.4968369929669344,0,2004,0
local_virus_scanner,7.0,1,0,0.10028650251050204,0.5,0.05014325125525102,-0.1724498111402446,0.4968369929669344,0,2005,0
mod_teamviewerclassroom,7.0,0,1,0.10028650251050204,0.5,0.05014325125525102,-0.1724498111402446,0.4968369929669344,0,2006,0
mod_webex,7.0,0,1,0.10028650251050204,0.5,0.05014325125525102,-0.1724498111402446,0.4968369929669344,0,2007,0
quizaccess_profilefields,7.0,1,0,0.10028650251050204,0.5,0.05014325125525102,-0.1724498111402446,0.4968369929669344,0,2008,0
quizaccess_termsconditions,7.0,1,0,0.10028650251050204,0.5,0.05014325125525102,-0.1724498111402446,0.4968369929669344,0,2009,0
theme_acmebanana,7.0,1,0,0.10028650251050204,0.5,0.05014325125525102,-0.1724498111402446,0.4968369929669344,0,2010,0
tiny_courselink,7.0,1,0,0.10028650251050204,0.5,0.05014325125525102,-0.1724498111402446,0.4968369929669344,0,2011,0
tool_dataprivacy,7.0,0,1,0.10028650251050204,0.5,0.05014325125525102,-0.1724498111402446,0.4968369929669344,0,2012,0
filter_fastpix,2.0,1,0,0.09587672282167328,0.5,0.04793836141083664,0.18250688209598043,1.6748615021901645,0,2013,0
atto_yukaltura,6.0,1,0,0.09384660214626674,0.5,0.04692330107313337,-0.23666261772268937,0.49621239783042903,0,2014,0
auth_shibboleth_link,6.0,0,1,0.09384660214626674,0.5,0.04692330107313337,-0.23666261772268937,0.49621239783042903,0,2015,0
availability_message,6.0,1,0,0.09384660214626674,0.5,0.04692330107313337,-0.23666261772268937,0.49621239783042903,0,2016,0
block_coursectrldates,6.0,1,0,0.09384660214626674,0.5,0.04692330107313337,-0.23666261772268937,0.49621239783042903,0,2017,0
block_courseexpiry,6.0,0,1,0.09384660214626674,0.5,0.04692330107313337,-0.23666261772268937,0.49621239783042903,0,2018,0
filter_couponinput,6.0,1,0,0.09384660214626674,0.5,0.04692330107313337,-0.23666261772268937,0.49621239783042903,0,2019,0
local_ascend_rewards,6.0,1,0,0.09384660214626674,0.5,0.04692330107313337,-0.23666261772268937,0.49621239783042903,0,2020,0
local_autotag,6.0,1,0,0.09384660214626674,0.5,0.04692330107313337,-0.23666261772268937,0.49621239783042903,0,2021,0
local_blocktooltips,6.0,1,0,0.09384660214626674,0.5,0.04692330107313337,-0.23666261772268937,0.49621239783042903,0,2022,0
local_boostcoc,6.0,0,1,0.09384660214626674,0.5,0.04692330107313337,-0.23666261772268937,0.49621239783042903,0,2023,0
local_cohortmembership,6.0,1,0,0.09384660214626674,0.5,0.04692330107313337,-0.23666261772268937,0.49621239783042903,0,2024,0
local_cohortsignup,6.0,1,0,0.09384660214626674,0.5,0.04692330107313337,-0.23666261772268937,0.49621239783042903,0,2025,0
local_examnotice,6.0,1,0,0.09384660214626674,0.5,0.04692330107313337,-0.23666261772268937,0.49621239783042903,0,2026,0
local_moderncommerce,6.0,1,0,0.09384660214626674,0.5,0.04692330107313337,-0.23666261772268937,0.49621239783042903,0,2027,0
local_pmlog,6.0,1,0,0.09384660214626674,0.5,0.04692330107313337,-0.23666261772268937,0.49621239783042903,0,2028,0
local_qbankremotemanager,6.0,1,0,0.09384660214626674,0.5,0.04692330107313337,-0.23666261772268937,0.49621239783042903,0,2029,0
local_quizidnumber,6.0,1,0,0.09384660214626674,0.5,0.04692330107313337,-0.23666261772268937,0.49621239783042903,0,2030,0
local_roletheme,6.0,1,0,0.09384660214626674,0.5,0.04692330107313337,-0.23666261772268937,0.49621239783042903,0,2031,0
local_smartsearch,6.0,1,0,0.09384660214626674,0.5,0.04692330107313337,-0.23666261772268937,0.49621239783042903,0,2032,0
local_sqlquerybuilder,6.0,1,0,0.09384660214626674,0.5,0.04692330107313337,-0.23666261772268937,0.49621239783042903,0,2033,0
local_teachermatic,6.0,1,0,0.09384660214626674,0.5,0.04692330107313337,-0.23666261772268937,0.49621239783042903,0,2034,0
local_timemachine,6.0,1,0,0.09384660214626674,0.5,0.04692330107313337,-0.23666261772268937,0.49621239783042903,0,2035,0
local_townsquaresupport,6.0,1,0,0.09384660214626674,0.5,0.04692330107313337,-0.23666261772268937,0.49621239783042903,0,2036,0
local_userdatasync,6.0,1,0,0.09384660214626674,0.5,0.04692330107313337,-0.23666261772268937,0.49621239783042903,0,2037,0
local_wikicreator,6.0,1,0,0.09384660214626674,0.5,0.04692330107313337,-0.23666261772268937,0.49621239783042903,0,2038,0
mod_chimpaigo,6.0,1,0,0.09384660214626674,0.5,0.04692330107313337,-0.23666261772268937,0.49621239783042903,0,2039,0
mod_coursestudio,6.0,1,0,0.09384660214626674,0.5,0.04692330107313337,-0.23666261772268937,0.49621239783042903,0,2040,0
report_twgraph_lite,6.0,1,0,0.09384660214626674,0.5,0.04692330107313337,-0.23666261772268937,0.49621239783042903,0,2041,0
tiny_studietube,6.0,1,0,0.09384660214626674,0.5,0.04692330107313337,-0.23666261772268937,0.49621239783042903,0,2042,0
tool_cohortheader,6.0,0,1,0.09384660214626674,0.5,0.04692330107313337,-0.23666261772268937,0.49621239783042903,0,2043,0
tool_csvtocourse,6.0,1,0,0.09384660214626674,0.5,0.04692330107313337,-0.23666261772268937,0.49621239783042903,0,2044,0
tool_powerusers,6.0,1,0,0.09384660214626674,0.5,0.04692330107313337,-0.23666261772268937,0.49621239783042903,0,2045,0
aiprovider_yandexai,5.0,1,0,0.08641228277270863,0.5,0.04320614138635431,-0.3107908627274696,0.49558780269392366,0,2046,0
assignment_team,5.0,0,1,0.08641228277270863,0.5,0.04320614138635431,-0.3107908627274696,0.49558780269392366,0,2047,0
assignsubmission_submarker,5.0,0,1,0.08641228277270863,0.5,0.04320614138635431,-0.3107908627274696,0.49558780269392366,0,2048,0
block_auditquiz_results,5.0,1,0,0.08641228277270863,0.5,0.04320614138635431,-0.3107908627274696,0.49558780269392366,0,2049,0
block_private_shares,5.0,1,0,0.08641228277270863,0.5,0.04320614138635431,-0.3107908627274696,0.49558780269392366,0,2050,0
filter_resumebutton,5.0,1,0,0.08641228277270863,0.5,0.04320614138635431,-0.3107908627274696,0.49558780269392366,0,2051,0
local_comp_report_ext,5.0,1,0,0.08641228277270863,0.5,0.04320614138635431,-0.3107908627274696,0.49558780269392366,0,2052,0
local_moodlia,5.0,1,0,0.08641228277270863,0.5,0.04320614138635431,-0.3107908627274696,0.49558780269392366,0,2053,0
mod_aspirelist,5.0,0,1,0.08641228277270863,0.5,0.04320614138635431,-0.3107908627274696,0.49558780269392366,0,2054,0
mod_dmelearn,5.0,0,1,0.08641228277270863,0.5,0.04320614138635431,-0.3107908627274696,0.49558780269392366,0,2055,0
mod_livewebinar,5.0,1,0,0.08641228277270863,0.5,0.04320614138635431,-0.3107908627274696,0.49558780269392366,0,2056,0
mod_pagemenu,5.0,0,1,0.08641228277270863,0.5,0.04320614138635431,-0.3107908627274696,0.49558780269392366,0,2057,0
paygw_payanyway,5.0,1,0,0.08641228277270863,0.5,0.04320614138635431,-0.3107908627274696,0.49558780269392366,0,2058,0
quizaccess_cdexamsave,5.0,1,0,0.08641228277270863,0.5,0.04320614138635431,-0.3107908627274696,0.49558780269392366,0,2059,0
tool_coursesearch,5.0,0,1,0.08641228277270863,0.5,0.04320614138635431,-0.3107908627274696,0.49558780269392366,0,2060,0
tool_mergefiles,5.0,0,1,0.08641228277270863,0.5,0.04320614138635431,-0.3107908627274696,0.49558780269392366,0,2061,0
auth_wallet,4.0,1,0,0.07761934923904223,0.5,0.03880967461952112,-0.39846596767556597,0.4949632075574182,0,2062,0
block_ace_quests,4.0,1,0,0.07761934923904223,0.5,0.03880967461952112,-0.39846596767556597,0.4949632075574182,0,2063,0
block_aceengine,4.0,1,0,0.07761934923904223,0.5,0.03880967461952112,-0.39846596767556597,0.4949632075574182,0,2064,0
block_admin_email,4.0,0,1,0.07761934923904223,0.5,0.03880967461952112,-0.39846596767556597,0.4949632075574182,0,2065,0
block_comp_report_ext,4.0,1,0,0.07761934923904223,0.5,0.03880967461952112,-0.39846596767556597,0.4949632075574182,0,2066,0
block_forum_groups,4.0,0,1,0.07761934923904223,0.5,0.03880967461952112,-0.39846596767556597,0.4949632075574182,0,2067,0
block_openaiagent,4.0,1,0,0.07761934923904223,0.5,0.03880967461952112,-0.39846596767556597,0.4949632075574182,0,2068,0
block_prerequisitemap,4.0,1,0,0.07761934923904223,0.5,0.03880967461952112,-0.39846596767556597,0.4949632075574182,0,2069,0
block_rocketchat,4.0,1,0,0.07761934923904223,0.5,0.03880967461952112,-0.39846596767556597,0.4949632075574182,0,2070,0
block_socialbookmark,4.0,0,1,0.07761934923904223,0.5,0.03880967461952112,-0.39846596767556597,0.4949632075574182,0,2071,0
datafield_gradeentry,4.0,1,0,0.07761934923904223,0.5,0.03880967461952112,-0.39846596767556597,0.4949632075574182,0,2072,0
enrol_dps,4.0,0,1,0.07761934923904223,0.5,0.03880967461952112,-0.39846596767556597,0.4949632075574182,0,2073,0
local_activitytracker,4.0,1,0,0.07761934923904223,0.5,0.03880967461952112,-0.39846596767556597,0.4949632075574182,0,2074,0
local_aireader,4.0,1,0,0.07761934923904223,0.5,0.03880967461952112,-0.39846596767556597,0.4949632075574182,0,2075,0
local_certhistory,4.0,1,0,0.07761934923904223,0.5,0.03880967461952112,-0.39846596767556597,0.4949632075574182,0,2076,0
local_contactme,4.0,1,0,0.07761934923904223,0.5,0.03880967461952112,-0.39846596767556597,0.4949632075574182,0,2077,0
local_dteachwhiteboard,4.0,1,0,0.07761934923904223,0.5,0.03880967461952112,-0.39846596767556597,0.4949632075574182,0,2078,0
local_eflow_aitutor,4.0,1,0,0.07761934923904223,0.5,0.03880967461952112,-0.39846596767556597,0.4949632075574182,0,2079,0
local_evalfp,4.0,1,0,0.07761934923904223,0.5,0.03880967461952112,-0.39846596767556597,0.4949632075574182,0,2080,0
local_ezxlate,4.0,1,0,0.07761934923904223,0.5,0.03880967461952112,-0.39846596767556597,0.4949632075574182,0,2081,0
local_fastcomments,4.0,1,0,0.07761934923904223,0.5,0.03880967461952112,-0.39846596767556597,0.4949632075574182,0,2082,0
local_metacleaner,4.0,1,0,0.07761934923904223,0.5,0.03880967461952112,-0.39846596767556597,0.4949632075574182,0,2083,0
local_newsticker,4.0,1,0,0.07761934923904223,0.5,0.03880967461952112,-0.39846596767556597,0.4949632075574182,0,2084,0
local_su_statboard_api,4.0,1,0,0.07761934923904223,0.5,0.03880967461952112,-0.39846596767556597,0.4949632075574182,0,2085,0
local_timeshift,4.0,1,0,0.07761934923904223,0.5,0.03880967461952112,-0.39846596767556597,0.4949632075574182,0,2086,0
local_tresipuntsepelite,4.0,1,0,0.07761934923904223,0.5,0.03880967461952112,-0.39846596767556597,0.4949632075574182,0,2087,0
local_zsk_ai_generated,4.0,1,0,0.07761934923904223,0.5,0.03880967461952112,-0.39846596767556597,0.4949632075574182,0,2088,0
media_mediasite,4.0,1,0,0.07761934923904223,0.5,0.03880967461952112,-0.39846596767556597,0.4949632075574182,0,2089,0
mod_isardvdi,4.0,0,1,0.07761934923904223,0.5,0.03880967461952112,-0.39846596767556597,0.4949632075574182,0,2090,0
mod_selfprofile,4.0,1,0,0.07761934923904223,0.5,0.03880967461952112,-0.39846596767556597,0.4949632075574182,0,2091,0
mod_teletask,4.0,0,1,0.07761934923904223,0.5,0.03880967461952112,-0.39846596767556597,0.4949632075574182,0,2092,0
paygw_paynl,4.0,0,1,0.07761934923904223,0.5,0.03880967461952112,-0.39846596767556597,0.4949632075574182,0,2093,0
repository_mediasite,4.0,1,0,0.07761934923904223,0.5,0.03880967461952112,-0.39846596767556597,0.4949632075574182,0,2094,0
aiprovider_jokes,3.0,1,0,0.0668576683403347,0.5,0.03342883417016735,-0.5057716238140446,0.4943386124209128,0,2095,0
block_course_overview_lite,3.0,0,1,0.0668576683403347,0.5,0.03342883417016735,-0.5057716238140446,0.4943386124209128,0,2096,0
block_modernlearnerdashboard,3.0,1,0,0.0668576683403347,0.5,0.03342883417016735,-0.5057716238140446,0.4943386124209128,0,2097,0
block_moodpulse,3.0,1,0,0.0668576683403347,0.5,0.03342883417016735,-0.5057716238140446,0.4943386124209128,0,2098,0
block_notifplus,3.0,1,0,0.0668576683403347,0.5,0.03342883417016735,-0.5057716238140446,0.4943386124209128,0,2099,0
enrol_educheckout,3.0,1,0,0.0668576683403347,0.5,0.03342883417016735,-0.5057716238140446,0.4943386124209128,0,2100,0
filter_headingtoc,3.0,1,0,0.0668576683403347,0.5,0.03342883417016735,-0.5057716238140446,0.4943386124209128,0,2101,0
local_beacon,3.0,1,0,0.0668576683403347,0.5,0.03342883417016735,-0.5057716238140446,0.4943386124209128,0,2102,0
local_coursecountdown,3.0,1,0,0.0668576683403347,0.5,0.03342883417016735,-0.5057716238140446,0.4943386124209128,0,2103,0
local_courseinsights,3.0,1,0,0.0668576683403347,0.5,0.03342883417016735,-0.5057716238140446,0.4943386124209128,0,2104,0
local_educheckout,3.0,1,0,0.0668576683403347,0.5,0.03342883417016735,-0.5057716238140446,0.4943386124209128,0,2105,0
local_eledia_webservicesuite,3.0,0,1,0.0668576683403347,0.5,0.03342883417016735,-0.5057716238140446,0.4943386124209128,0,2106,0
local_extracredit,3.0,1,0,0.0668576683403347,0.5,0.03342883417016735,-0.5057716238140446,0.4943386124209128,0,2107,0
local_golden,3.0,1,0,0.0668576683403347,0.5,0.03342883417016735,-0.5057716238140446,0.4943386124209128,0,2108,0
local_grpcalendarimport,3.0,1,0,0.0668576683403347,0.5,0.03342883417016735,-0.5057716238140446,0.4943386124209128,0,2109,0
local_h5pchapter,3.0,1,0,0.0668576683403347,0.5,0.03342883417016735,-0.5057716238140446,0.4943386124209128,0,2110,0
local_inactivitynotifier,3.0,1,0,0.0668576683403347,0.5,0.03342883417016735,-0.5057716238140446,0.4943386124209128,0,2111,0
local_integrationhub,3.0,1,0,0.0668576683403347,0.5,0.03342883417016735,-0.5057716238140446,0.4943386124209128,0,2112,0
local_loop,3.0,1,0,0.0668576683403347,0.5,0.03342883417016735,-0.5057716238140446,0.4943386124209128,0,2113,0
local_moderncoursereminder,3.0,1,0,0.0668576683403347,0.5,0.03342883417016735,-0.5057716238140446,0.4943386124209128,0,2114,0
local_pluginreplace,3.0,1,0,0.0668576683403347,0.5,0.03342883417016735,-0.5057716238140446,0.4943386124209128,0,2115,0
local_realtime_tracker,3.0,1,0,0.0668576683403347,0.5,0.03342883417016735,-0.5057716238140446,0.4943386124209128,0,2116,0
local_remotesupport,3.0,1,0,0.0668576683403347,0.5,0.03342883417016735,-0.5057716238140446,0.4943386124209128,0,2117,0
local_sticky2navigation,3.0,1,0,0.0668576683403347,0.5,0.03342883417016735,-0.5057716238140446,0.4943386124209128,0,2118,0
mod_groupoverview,3.0,0,1,0.0668576683403347,0.5,0.03342883417016735,-0.5057716238140446,0.4943386124209128,0,2119,0
mod_methodos,3.0,1,0,0.0668576683403347,0.5,0.03342883417016735,-0.5057716238140446,0.4943386124209128,0,2120,0
mod_modernflipbook,3.0,1,0,0.0668576683403347,0.5,0.03342883417016735,-0.5057716238140446,0.4943386124209128,0,2121,0
mod_trackedvideo,3.0,1,0,0.0668576683403347,0.5,0.03342883417016735,-0.5057716238140446,0.4943386124209128,0,2122,0
paygw_cashfree,3.0,1,0,0.0668576683403347,0.5,0.03342883417016735,-0.5057716238140446,0.4943386124209128,0,2123,0
quizaccess_useripmapping,3.0,0,1,0.0668576683403347,0.5,0.03342883417016735,-0.5057716238140446,0.4943386124209128,0,2124,0
report_learningtime,3.0,1,0,0.0668576683403347,0.5,0.03342883417016735,-0.5057716238140446,0.4943386124209128,0,2125,0
report_nice,3.0,1,0,0.0668576683403347,0.5,0.03342883417016735,-0.5057716238140446,0.4943386124209128,0,2126,0
tiny_embedmediasite,3.0,1,0,0.0668576683403347,0.5,0.03342883417016735,-0.5057716238140446,0.4943386124209128,0,2127,0
tool_automate,3.0,1,0,0.0668576683403347,0.5,0.03342883417016735,-0.5057716238140446,0.4943386124209128,0,2128,0
tool_installfromgithub,3.0,1,0,0.0668576683403347,0.5,0.03342883417016735,-0.5057716238140446,0.4943386124209128,0,2129,0
tool_onedrive_manager,3.0,1,0,0.0668576683403347,0.5,0.03342883417016735,-0.5057716238140446,0.4943386124209128,0,2130,0
tool_serverterminal,3.0,1,0,0.0668576683403347,0.5,0.03342883417016735,-0.5057716238140446,0.4943386124209128,0,2131,0
assignsubmission_metadata,1.0,1,1,0.03342883417016735,1.0,0.03342883417016735,0.16090656351215582,1.4930894221479019,0,2132,0
atto_eexcesseditor,1.0,1,1,0.03342883417016735,1.0,0.03342883417016735,0.16090656351215582,1.4930894221479019,0,2133,0
atto_mediadrop,1.0,1,1,0.03342883417016735,1.0,0.03342883417016735,0.16090656351215582,1.4930894221479019,0,2134,0
atto_medimgviewer,1.0,1,1,0.03342883417016735,1.0,0.03342883417016735,0.16090656351215582,1.4930894221479019,0,2135,0
auth_bakery,1.0,1,1,0.03342883417016735,1.0,0.03342883417016735,0.16090656351215582,1.4930894221479019,0,2136,0
auth_mojeid,1.0,1,1,0.03342883417016735,1.0,0.03342883417016735,0.16090656351215582,1.4930894221479019,0,2137,0
auth_mwsso,1.0,1,1,0.03342883417016735,1.0,0.03342883417016735,0.16090656351215582,1.4930894221479019,0,2138,0
auth_unilogin,1.0,1,1,0.03342883417016735,1.0,0.03342883417016735,0.16090656351215582,1.4930894221479019,0,2139,0
auth_wstrust,1.0,1,1,0.03342883417016735,1.0,0.03342883417016735,0.16090656351215582,1.4930894221479019,0,2140,0
auth_zilink_saml,1.0,1,1,0.03342883417016735,1.0,0.03342883417016735,0.16090656351215582,1.4930894221479019,0,2141,0
block_amazon,1.0,1,1,0.03342883417016735,1.0,0.03342883417016735,0.16090656351215582,1.4930894221479019,0,2142,0
block_azuread,1.0,1,1,0.03342883417016735,1.0,0.03342883417016735,0.16090656351215582,1.4930894221479019,0,2143,0
block_bfwpub,1.0,1,1,0.03342883417016735,1.0,0.03342883417016735,0.16090656351215582,1.4930894221479019,0,2144,0
block_blurnames,1.0,1,1,0.03342883417016735,1.0,0.03342883417016735,0.16090656351215582,1.4930894221479019,0,2145,0
block_boaidp,1.0,1,1,0.03342883417016735,1.0,0.03342883417016735,0.16090656351215582,1.4930894221479019,0,2146,0
block_contag,1.0,1,1,0.03342883417016735,1.0,0.03342883417016735,0.16090656351215582,1.4930894221479019,0,2147,0
block_desp,1.0,1,1,0.03342883417016735,1.0,0.03342883417016735,0.16090656351215582,1.4930894221479019,0,2148,0
block_edutechpreferences,1.0,1,1,0.03342883417016735,1.0,0.03342883417016735,0.16090656351215582,1.4930894221479019,0,2149,0
block_firephp,1.0,1,1,0.03342883417016735,1.0,0.03342883417016735,0.16090656351215582,1.4930894221479019,0,2150,0
block_flickr_image_carousel,1.0,1,1,0.03342883417016735,1.0,0.03342883417016735,0.16090656351215582,1.4930894221479019,0,2151,0
block_leeloolxp_synchronizer,1.0,1,1,0.03342883417016735,1.0,0.03342883417016735,0.16090656351215582,1.4930894221479019,0,2152,0
block_leeloolxp_tracking,1.0,1,1,0.03342883417016735,1.0,0.03342883417016735,0.16090656351215582,1.4930894221479019,0,2153,0
block_loginplus,1.0,1,1,0.03342883417016735,1.0,0.03342883417016735,0.16090656351215582,1.4930894221479019,0,2154,0
block_low_sequence_list,1.0,1,1,0.03342883417016735,1.0,0.03342883417016735,0.16090656351215582,1.4930894221479019,0,2155,0
block_menteesimproved,1.0,1,1,0.03342883417016735,1.0,0.03342883417016735,0.16090656351215582,1.4930894221479019,0,2156,0
block_menteessimplified,1.0,1,1,0.03342883417016735,1.0,0.03342883417016735,0.16090656351215582,1.4930894221479019,0,2157,0
block_my_files,1.0,1,1,0.03342883417016735,1.0,0.03342883417016735,0.16090656351215582,1.4930894221479019,0,2158,0
block_odsoaipmh,1.0,1,1,0.03342883417016735,1.0,0.03342883417016735,0.16090656351215582,1.4930894221479019,0,2159,0
block_onelogin_desktopsso,1.0,1,1,0.03342883417016735,1.0,0.03342883417016735,0.16090656351215582,1.4930894221479019,0,2160,0
block_openscout,1.0,1,1,0.03342883417016735,1.0,0.03342883417016735,0.16090656351215582,1.4930894221479019,0,2161,0
block_openscout_simple,1.0,1,1,0.03342883417016735,1.0,0.03342883417016735,0.16090656351215582,1.4930894221479019,0,2162,0
block_pcbook,1.0,1,1,0.03342883417016735,1.0,0.03342883417016735,0.16090656351215582,1.4930894221479019,0,2163,0
block_percipio_home,1.0,1,1,0.03342883417016735,1.0,0.03342883417016735,0.16090656351215582,1.4930894221479019,0,2164,0
block_pinned_users,1.0,1,1,0.03342883417016735,1.0,0.03342883417016735,0.16090656351215582,1.4930894221479019,0,2165,0
block_quranrecitation,1.0,1,1,0.03342883417016735,1.0,0.03342883417016735,0.16090656351215582,1.4930894221479019,0,2166,0
block_searchonmath,1.0,1,1,0.03342883417016735,1.0,0.03342883417016735,0.16090656351215582,1.4930894221479019,0,2167,0
block_sitenavigation,1.0,1,1,0.03342883417016735,1.0,0.03342883417016735,0.16090656351215582,1.4930894221479019,0,2168,0
block_smartblock,1.0,1,1,0.03342883417016735,1.0,0.03342883417016735,0.16090656351215582,1.4930894221479019,0,2169,0
block_sookooroo,1.0,1,1,0.03342883417016735,1.0,0.03342883417016735,0.16090656351215582,1.4930894221479019,0,2170,0
block_statics,1.0,1,1,0.03342883417016735,1.0,0.03342883417016735,0.16090656351215582,1.4930894221479019,0,2171,0
block_tb_blog,1.0,1,1,0.03342883417016735,1.0,0.03342883417016735,0.16090656351215582,1.4930894221479019,0,2172,0
block_tb_clients,1.0,1,1,0.03342883417016735,1.0,0.03342883417016735,0.16090656351215582,1.4930894221479019,0,2173,0
block_twitter_search,1.0,1,1,0.03342883417016735,1.0,0.03342883417016735,0.16090656351215582,1.4930894221479019,0,2174,0
block_zilink,1.0,1,1,0.03342883417016735,1.0,0.03342883417016735,0.16090656351215582,1.4930894221479019,0,2175,0
enrol_cvent,1.0,1,1,0.03342883417016735,1.0,0.03342883417016735,0.16090656351215582,1.4930894221479019,0,2176,0
enrol_mmbrio,1.0,1,1,0.03342883417016735,1.0,0.03342883417016735,0.16090656351215582,1.4930894221479019,0,2177,0
enrol_openlml,1.0,1,1,0.03342883417016735,1.0,0.03342883417016735,0.16090656351215582,1.4930894221479019,0,2178,0
filter_akamaitoken,1.0,1,1,0.03342883417016735,1.0,0.03342883417016735,0.16090656351215582,1.4930894221479019,0,2179,0
filter_autolinkhijacker,1.0,1,1,0.03342883417016735,1.0,0.03342883417016735,0.16090656351215582,1.4930894221479019,0,2180,0
filter_botr,1.0,1,1,0.03342883417016735,1.0,0.03342883417016735,0.16090656351215582,1.4930894221479019,0,2181,0
filter_filtermenu,1.0,1,1,0.03342883417016735,1.0,0.03342883417016735,0.16090656351215582,1.4930894221479019,0,2182,0
filter_gurls,1.0,1,1,0.03342883417016735,1.0,0.03342883417016735,0.16090656351215582,1.4930894221479019,0,2183,0
filter_iprbookshop_ru,1.0,1,1,0.03342883417016735,1.0,0.03342883417016735,0.16090656351215582,1.4930894221479019,0,2184,0
filter_silverlight,1.0,1,1,0.03342883417016735,1.0,0.03342883417016735,0.16090656351215582,1.4930894221479019,0,2185,0
filter_timelinewidget,1.0,1,1,0.03342883417016735,1.0,0.03342883417016735,0.16090656351215582,1.4930894221479019,0,2186,0
filter_tinspireurlconverter,1.0,1,1,0.03342883417016735,1.0,0.03342883417016735,0.16090656351215582,1.4930894221479019,0,2187,0
filter_tripleplay,1.0,1,1,0.03342883417016735,1.0,0.03342883417016735,0.16090656351215582,1.4930894221479019,0,2188,0
filter_wikiversity,1.0,1,1,0.03342883417016735,1.0,0.03342883417016735,0.16090656351215582,1.4930894221479019,0,2189,0
local_abintegro,1.0,1,1,0.03342883417016735,1.0,0.03342883417016735,0.16090656351215582,1.4930894221479019,0,2190,0
local_blockusers,1.0,1,1,0.03342883417016735,1.0,0.03342883417016735,0.16090656351215582,1.4930894221479019,0,2191,0
local_camtasia_relay,1.0,1,1,0.03342883417016735,1.0,0.03342883417016735,0.16090656351215582,1.4930894221479019,0,2192,0
local_choicesexport,1.0,1,1,0.03342883417016735,1.0,0.03342883417016735,0.16090656351215582,1.4930894221479019,0,2193,0
local_configlogemailer,1.0,1,1,0.03342883417016735,1.0,0.03342883417016735,0.16090656351215582,1.4930894221479019,0,2194,0
local_eduweb_databasefiledownload,1.0,1,1,0.03342883417016735,1.0,0.03342883417016735,0.16090656351215582,1.4930894221479019,0,2195,0
local_innoedtools,1.0,1,1,0.03342883417016735,1.0,0.03342883417016735,0.16090656351215582,1.4930894221479019,0,2196,0
local_leeloolxp_web_tat,1.0,1,1,0.03342883417016735,1.0,0.03342883417016735,0.16090656351215582,1.4930894221479019,0,2197,0
local_morelockfactories,1.0,1,1,0.03342883417016735,1.0,0.03342883417016735,0.16090656351215582,1.4930894221479019,0,2198,0
local_sanitychecker,1.0,1,1,0.03342883417016735,1.0,0.03342883417016735,0.16090656351215582,1.4930894221479019,0,2199,0
local_user_bulk_editor,1.0,1,1,0.03342883417016735,1.0,0.03342883417016735,0.16090656351215582,1.4930894221479019,0,2200,0
local_webmonetization,1.0,1,1,0.03342883417016735,1.0,0.03342883417016735,0.16090656351215582,1.4930894221479019,0,2201,0
ltisource_ecohub,1.0,1,1,0.03342883417016735,1.0,0.03342883417016735,0.16090656351215582,1.4930894221479019,0,2202,0
message_codeposty,1.0,1,1,0.03342883417016735,1.0,0.03342883417016735,0.16090656351215582,1.4930894221479019,0,2203,0
mod_babelroom,1.0,1,1,0.03342883417016735,1.0,0.03342883417016735,0.16090656351215582,1.4930894221479019,0,2204,0
mod_bim,1.0,1,1,0.03342883417016735,1.0,0.03342883417016735,0.16090656351215582,1.4930894221479019,0,2205,0
mod_certificateswall,1.0,1,1,0.03342883417016735,1.0,0.03342883417016735,0.16090656351215582,1.4930894221479019,0,2206,0
mod_citizencam,1.0,1,1,0.03342883417016735,1.0,0.03342883417016735,0.16090656351215582,1.4930894221479019,0,2207,0
mod_cooradbridge,1.0,1,1,0.03342883417016735,1.0,0.03342883417016735,0.16090656351215582,1.4930894221479019,0,2208,0
mod_courseprovider,1.0,1,1,0.03342883417016735,1.0,0.03342883417016735,0.16090656351215582,1.4930894221479019,0,2209,0
mod_designproject,1.0,1,1,0.03342883417016735,1.0,0.03342883417016735,0.16090656351215582,1.4930894221479019,0,2210,0
mod_dinsysconnect,1.0,1,1,0.03342883417016735,1.0,0.03342883417016735,0.16090656351215582,1.4930894221479019,0,2211,0
mod_ecampusbookpage,1.0,1,1,0.03342883417016735,1.0,0.03342883417016735,0.16090656351215582,1.4930894221479019,0,2212,0
mod_eduvision,1.0,1,1,0.03342883417016735,1.0,0.03342883417016735,0.16090656351215582,1.4930894221479019,0,2213,0
mod_flax,1.0,1,1,0.03342883417016735,1.0,0.03342883417016735,0.16090656351215582,1.4930894221479019,0,2214,0
mod_forumanon,1.0,1,1,0.03342883417016735,1.0,0.03342883417016735,0.16090656351215582,1.4930894221479019,0,2215,0
mod_furnace,1.0,1,1,0.03342883417016735,1.0,0.03342883417016735,0.16090656351215582,1.4930894221479019,0,2216,0
mod_guidedquiz,1.0,1,1,0.03342883417016735,1.0,0.03342883417016735,0.16090656351215582,1.4930894221479019,0,2217,0
mod_hatsize,1.0,1,1,0.03342883417016735,1.0,0.03342883417016735,0.16090656351215582,1.4930894221479019,0,2218,0
mod_leapbuilder,1.0,1,1,0.03342883417016735,1.0,0.03342883417016735,0.16090656351215582,1.4930894221479019,0,2219,0
mod_linkbazaar,1.0,1,1,0.03342883417016735,1.0,0.03342883417016735,0.16090656351215582,1.4930894221479019,0,2220,0
mod_mdid,1.0,1,1,0.03342883417016735,1.0,0.03342883417016735,0.16090656351215582,1.4930894221479019,0,2221,0
mod_media,1.0,1,1,0.03342883417016735,1.0,0.03342883417016735,0.16090656351215582,1.4930894221479019,0,2222,0
mod_movilquizlite,1.0,1,1,0.03342883417016735,1.0,0.03342883417016735,0.16090656351215582,1.4930894221479019,0,2223,0
mod_myeducationpath,1.0,1,1,0.03342883417016735,1.0,0.03342883417016735,0.16090656351215582,1.4930894221479019,0,2224,0
mod_offlinesession,1.0,1,1,0.03342883417016735,1.0,0.03342883417016735,0.16090656351215582,1.4930894221479019,0,2225,0
mod_og,1.0,1,1,0.03342883417016735,1.0,0.03342883417016735,0.16090656351215582,1.4930894221479019,0,2226,0
mod_pdfpager,1.0,1,1,0.03342883417016735,1.0,0.03342883417016735,0.16090656351215582,1.4930894221479019,0,2227,0
mod_pdfparts,1.0,1,1,0.03342883417016735,1.0,0.03342883417016735,0.16090656351215582,1.4930894221479019,0,2228,0
mod_poasassignment,1.0,1,1,0.03342883417016735,1.0,0.03342883417016735,0.16090656351215582,1.4930894221479019,0,2229,0
mod_quizport,1.0,1,1,0.03342883417016735,1.0,0.03342883417016735,0.16090656351215582,1.4930894221479019,0,2230,0
mod_remarks,1.0,1,1,0.03342883417016735,1.0,0.03342883417016735,0.16090656351215582,1.4930894221479019,0,2231,0
mod_sna,1.0,1,1,0.03342883417016735,1.0,0.03342883417016735,0.16090656351215582,1.4930894221479019,0,2232,0
mod_sookooroo,1.0,1,1,0.03342883417016735,1.0,0.03342883417016735,0.16090656351215582,1.4930894221479019,0,2233,0
mod_stupla,1.0,1,1,0.03342883417016735,1.0,0.03342883417016735,0.16090656351215582,1.4930894221479019,0,2234,0
mod_teacherdiary,1.0,1,1,0.03342883417016735,1.0,0.03342883417016735,0.16090656351215582,1.4930894221479019,0,2235,0
mod_tiplayer,1.0,1,1,0.03342883417016735,1.0,0.03342883417016735,0.16090656351215582,1.4930894221479019,0,2236,0
mod_verbosity,1.0,1,1,0.03342883417016735,1.0,0.03342883417016735,0.16090656351215582,1.4930894221479019,0,2237,0
mod_widgetspace,1.0,1,1,0.03342883417016735,1.0,0.03342883417016735,0.16090656351215582,1.4930894221479019,0,2238,0
mod_znanja,1.0,1,1,0.03342883417016735,1.0,0.03342883417016735,0.16090656351215582,1.4930894221479019,0,2239,0
plagiarism_crotpro,1.0,1,1,0.03342883417016735,1.0,0.03342883417016735,0.16090656351215582,1.4930894221479019,0,2240,0
plagiarism_plagium,1.0,1,1,0.03342883417016735,1.0,0.03342883417016735,0.16090656351215582,1.4930894221479019,0,2241,0
qtype_easyomech,1.0,1,1,0.03342883417016735,1.0,0.03342883417016735,0.16090656351215582,1.4930894221479019,0,2242,0
qtype_easyoselect,1.0,1,1,0.03342883417016735,1.0,0.03342883417016735,0.16090656351215582,1.4930894221479019,0,2243,0
qtype_programmedresp,1.0,1,1,0.03342883417016735,1.0,0.03342883417016735,0.16090656351215582,1.4930894221479019,0,2244,0
repository_areafiles,1.0,1,1,0.03342883417016735,1.0,0.03342883417016735,0.16090656351215582,1.4930894221479019,0,2245,0
repository_learn360,1.0,1,1,0.03342883417016735,1.0,0.03342883417016735,0.16090656351215582,1.4930894221479019,0,2246,0
repository_tripleplay,1.0,1,1,0.03342883417016735,1.0,0.03342883417016735,0.16090656351215582,1.4930894221479019,0,2247,0
repository_typo3,1.0,1,1,0.03342883417016735,1.0,0.03342883417016735,0.16090656351215582,1.4930894221479019,0,2248,0
theme_aab,1.0,1,1,0.03342883417016735,1.0,0.03342883417016735,0.16090656351215582,1.4930894221479019,0,2249,0
theme_aardvark_automenu,1.0,1,1,0.03342883417016735,1.0,0.03342883417016735,0.16090656351215582,1.4930894221479019,0,2250,0
theme_aardvark_shs,1.0,1,1,0.03342883417016735,1.0,0.03342883417016735,0.16090656351215582,1.4930894221479019,0,2251,0
theme_allc,1.0,1,1,0.03342883417016735,1.0,0.03342883417016735,0.16090656351215582,1.4930894221479019,0,2252,0
theme_mars,1.0,1,1,0.03342883417016735,1.0,0.03342883417016735,0.16090656351215582,1.4930894221479019,0,2253,0
theme_neptune,1.0,1,1,0.03342883417016735,1.0,0.03342883417016735,0.16090656351215582,1.4930894221479019,0,2254,0
theme_pluto,1.0,1,1,0.03342883417016735,1.0,0.03342883417016735,0.16090656351215582,1.4930894221479019,0,2255,0
theme_red_drop_down_menus,1.0,1,1,0.03342883417016735,1.0,0.03342883417016735,0.16090656351215582,1.4930894221479019,0,2256,0
theme_venus,1.0,1,1,0.03342883417016735,1.0,0.03342883417016735,0.16090656351215582,1.4930894221479019,0,2257,0
tool_lpimportoutcomes,1.0,1,1,0.03342883417016735,1.0,0.03342883417016735,0.16090656351215582,1.4930894221479019,0,2258,0
tool_mentordatabase,1.0,1,1,0.03342883417016735,1.0,0.03342883417016735,0.16090656351215582,1.4930894221479019,0,2259,0
tool_percipioexternalcontentsync,1.0,1,1,0.03342883417016735,1.0,0.03342883417016735,0.16090656351215582,1.4930894221479019,0,2260,0
auth_nostr,2.0,1,0,0.052983448602541276,0.5,0.026491724301270638,-0.6441126754012696,0.49371401728440734,0,2261,0
availability_xpstore,2.0,1,0,0.052983448602541276,0.5,0.026491724301270638,-0.6441126754012696,0.49371401728440734,0,2262,0
block_academic_dashboard_esse3,2.0,1,0,0.052983448602541276,0.5,0.026491724301270638,-0.6441126754012696,0.49371401728440734,0,2263,0
block_activity_copy_cart,2.0,1,0,0.052983448602541276,0.5,0.026491724301270638,-0.6441126754012696,0.49371401728440734,0,2264,0
block_benefitsystem,2.0,1,0,0.052983448602541276,0.5,0.026491724301270638,-0.6441126754012696,0.49371401728440734,0,2265,0
block_cqumymoodle,2.0,0,1,0.052983448602541276,0.5,0.026491724301270638,-0.6441126754012696,0.49371401728440734,0,2266,0
block_educheckout,2.0,1,0,0.052983448602541276,0.5,0.026491724301270638,-0.6441126754012696,0.49371401728440734,0,2267,0
block_facility_to_moodle,2.0,0,1,0.052983448602541276,0.5,0.026491724301270638,-0.6441126754012696,0.49371401728440734,0,2268,0
block_lig_showcase,2.0,1,0,0.052983448602541276,0.5,0.026491724301270638,-0.6441126754012696,0.49371401728440734,0,2269,0
block_mis,2.0,0,1,0.052983448602541276,0.5,0.026491724301270638,-0.6441126754012696,0.49371401728440734,0,2270,0
block_publishflow,2.0,0,1,0.052983448602541276,0.5,0.026491724301270638,-0.6441126754012696,0.49371401728440734,0,2271,0
block_zendesk_dashboard,2.0,1,0,0.052983448602541276,0.5,0.026491724301270638,-0.6441126754012696,0.49371401728440734,0,2272,0
filter_vlabembed,2.0,0,1,0.052983448602541276,0.5,0.026491724301270638,-0.6441126754012696,0.49371401728440734,0,2273,0
local_campusai,2.0,1,0,0.052983448602541276,0.5,0.026491724301270638,-0.6441126754012696,0.49371401728440734,0,2274,0
local_change_auth,2.0,1,0,0.052983448602541276,0.5,0.026491724301270638,-0.6441126754012696,0.49371401728440734,0,2275,0
local_confseed,2.0,0,1,0.052983448602541276,0.5,0.026491724301270638,-0.6441126754012696,0.49371401728440734,0,2276,0
local_csv_user_sync,2.0,1,0,0.052983448602541276,0.5,0.026491724301270638,-0.6441126754012696,0.49371401728440734,0,2277,0
local_elediaai_tutor_premium,2.0,1,0,0.052983448602541276,0.5,0.026491724301270638,-0.6441126754012696,0.49371401728440734,0,2278,0
local_groupgrades,2.0,1,0,0.052983448602541276,0.5,0.026491724301270638,-0.6441126754012696,0.49371401728440734,0,2279,0
local_instantcoursecompletion,2.0,1,0,0.052983448602541276,0.5,0.026491724301270638,-0.6441126754012696,0.49371401728440734,0,2280,0
local_issuebadge,2.0,1,0,0.052983448602541276,0.5,0.026491724301270638,-0.6441126754012696,0.49371401728440734,0,2281,0
local_mathgpt,2.0,1,0,0.052983448602541276,0.5,0.026491724301270638,-0.6441126754012696,0.49371401728440734,0,2282,0
local_skynetaccessibilityscanner,2.0,1,0,0.052983448602541276,0.5,0.026491724301270638,-0.6441126754012696,0.49371401728440734,0,2283,0
local_wproofreader,2.0,1,0,0.052983448602541276,0.5,0.026491724301270638,-0.6441126754012696,0.49371401728440734,0,2284,0
local_zsk_frontpage_elements,2.0,1,0,0.052983448602541276,0.5,0.026491724301270638,-0.6441126754012696,0.49371401728440734,0,2285,0
mod_niceform,2.0,1,0,0.052983448602541276,0.5,0.026491724301270638,-0.6441126754012696,0.49371401728440734,0,2286,0
mod_passionfinder,2.0,1,0,0.052983448602541276,0.5,0.026491724301270638,-0.6441126754012696,0.49371401728440734,0,2287,0
mod_personalityfinder,2.0,1,0,0.052983448602541276,0.5,0.026491724301270638,-0.6441126754012696,0.49371401728440734,0,2288,0
mod_skillsfinder,2.0,1,0,0.052983448602541276,0.5,0.026491724301270638,-0.6441126754012696,0.49371401728440734,0,2289,0
mod_streamassign,2.0,1,0,0.052983448602541276,0.5,0.026491724301270638,-0.6441126754012696,0.49371401728440734,0,2290,0
mod_zsktermine,2.0,1,0,0.052983448602541276,0.5,0.026491724301270638,-0.6441126754012696,0.49371401728440734,0,2291,0
paygw_bepaid,2.0,1,0,0.052983448602541276,0.5,0.026491724301270638,-0.6441126754012696,0.49371401728440734,0,2292,0
paygw_chargebee,2.0,1,0,0.052983448602541276,0.5,0.026491724301270638,-0.6441126754012696,0.49371401728440734,0,2293,0
paygw_helloasso,2.0,1,0,0.052983448602541276,0.5,0.026491724301270638,-0.6441126754012696,0.49371401728440734,0,2294,0
profilefield_tckn,2.0,1,0,0.052983448602541276,0.5,0.026491724301270638,-0.6441126754012696,0.49371401728440734,0,2295,0
qbank_questionchecker,2.0,1,0,0.052983448602541276,0.5,0.026491724301270638,-0.6441126754012696,0.49371401728440734,0,2296,0
quizaccess_failgrade_ext,2.0,1,0,0.052983448602541276,0.5,0.026491724301270638,-0.6441126754012696,0.49371401728440734,0,2297,0
report_coursecoach,2.0,1,0,0.052983448602541276,0.5,0.026491724301270638,-0.6441126754012696,0.49371401728440734,0,2298,0
report_pimenkofeedbackradar,2.0,1,0,0.052983448602541276,0.5,0.026491724301270638,-0.6441126754012696,0.49371401728440734,0,2299,0
repository_autoscorm_global,2.0,1,0,0.052983448602541276,0.5,0.026491724301270638,-0.6441126754012696,0.49371401728440734,0,2300,0
theme_boleh,2.0,1,0,0.052983448602541276,0.5,0.026491724301270638,-0.6441126754012696,0.49371401728440734,0,2301,0
theme_educheckout,2.0,1,0,0.052983448602541276,0.5,0.026491724301270638,-0.6441126754012696,0.49371401728440734,0,2302,0
tiny_omeroembed,2.0,1,0,0.052983448602541276,0.5,0.026491724301270638,-0.6441126754012696,0.49371401728440734,0,2303,0
tool_aischema,2.0,1,0,0.052983448602541276,0.5,0.026491724301270638,-0.6441126754012696,0.49371401728440734,0,2304,0
aiprovider_pollinations,1.0,1,0,0.03342883417016735,0.5,0.016714417085083675,-0.8390934364878442,0.49308942214790197,0,2305,0
assignfeedback_airubric,1.0,1,0,0.03342883417016735,0.5,0.016714417085083675,-0.8390934364878442,0.49308942214790197,0,2306,0
assignsubmission_edulegit,1.0,1,0,0.03342883417016735,0.5,0.016714417085083675,-0.8390934364878442,0.49308942214790197,0,2307,0
block_adeptus_insights,1.0,1,0,0.03342883417016735,0.5,0.016714417085083675,-0.8390934364878442,0.49308942214790197,0,2308,0
block_ask4summary,1.0,0,1,0.03342883417016735,0.5,0.016714417085083675,-0.8390934364878442,0.49308942214790197,0,2309,0
block_edureportbook,1.0,0,1,0.03342883417016735,0.5,0.016714417085083675,-0.8390934364878442,0.49308942214790197,0,2310,0
block_famous_quote,1.0,1,0,0.03342883417016735,0.5,0.016714417085083675,-0.8390934364878442,0.49308942214790197,0,2311,0
block_google_search,1.0,1,0,0.03342883417016735,0.5,0.016714417085083675,-0.8390934364878442,0.49308942214790197,0,2312,0
block_group_network,1.0,0,1,0.03342883417016735,0.5,0.016714417085083675,-0.8390934364878442,0.49308942214790197,0,2313,0
block_iassign_block,1.0,0,1,0.03342883417016735,0.5,0.016714417085083675,-0.8390934364878442,0.49308942214790197,0,2314,0
block_socialflow,1.0,1,0,0.03342883417016735,0.5,0.016714417085083675,-0.8390934364878442,0.49308942214790197,0,2315,0
block_welcomearea,1.0,0,1,0.03342883417016735,0.5,0.016714417085083675,-0.8390934364878442,0.49308942214790197,0,2316,0
booktool_importpptx,1.0,1,0,0.03342883417016735,0.5,0.016714417085083675,-0.8390934364878442,0.49308942214790197,0,2317,0
customfield_keywords,1.0,1,0,0.03342883417016735,0.5,0.016714417085083675,-0.8390934364878442,0.49308942214790197,0,2318,0
filter_iassign_filter,1.0,0,1,0.03342883417016735,0.5,0.016714417085083675,-0.8390934364878442,0.49308942214790197,0,2319,0
filter_sborniktestov,1.0,1,0,0.03342883417016735,0.5,0.016714417085083675,-0.8390934364878442,0.49308942214790197,0,2320,0
local_activitybyidnumber,1.0,1,0,0.03342883417016735,0.5,0.016714417085083675,-0.8390934364878442,0.49308942214790197,0,2321,0
local_adaptive_course_audit,1.0,1,0,0.03342883417016735,0.5,0.016714417085083675,-0.8390934364878442,0.49308942214790197,0,2322,0
local_ai_coursecreator,1.0,1,0,0.03342883417016735,0.5,0.016714417085083675,-0.8390934364878442,0.49308942214790197,0,2323,0
local_certifyme,1.0,1,0,0.03342883417016735,0.5,0.016714417085083675,-0.8390934364878442,0.49308942214790197,0,2324,0
local_chemillusion,1.0,1,0,0.03342883417016735,0.5,0.016714417085083675,-0.8390934364878442,0.49308942214790197,0,2325,0
local_classalias,1.0,1,0,0.03342883417016735,0.5,0.016714417085083675,-0.8390934364878442,0.49308942214790197,0,2326,0
local_coursedateshiftpro,1.0,1,0,0.03342883417016735,0.5,0.016714417085083675,-0.8390934364878442,0.49308942214790197,0,2327,0
local_datatools,1.0,1,0,0.03342883417016735,0.5,0.016714417085083675,-0.8390934364878442,0.49308942214790197,0,2328,0
local_easyconf,1.0,1,0,0.03342883417016735,0.5,0.016714417085083675,-0.8390934364878442,0.49308942214790197,0,2329,0
local_examdates,1.0,1,0,0.03342883417016735,0.5,0.016714417085083675,-0.8390934364878442,0.49308942214790197,0,2330,0
local_fm,1.0,0,1,0.03342883417016735,0.5,0.016714417085083675,-0.8390934364878442,0.49308942214790197,0,2331,0
local_freshdesk,1.0,1,0,0.03342883417016735,0.5,0.016714417085083675,-0.8390934364878442,0.49308942214790197,0,2332,0
local_modernenrolnotifier,1.0,1,0,0.03342883417016735,0.5,0.016714417085083675,-0.8390934364878442,0.49308942214790197,0,2333,0
local_moodlecloudsignup,1.0,0,1,0.03342883417016735,0.5,0.016714417085083675,-0.8390934364878442,0.49308942214790197,0,2334,0
local_mycourseid,1.0,1,0,0.03342883417016735,0.5,0.016714417085083675,-0.8390934364878442,0.49308942214790197,0,2335,0
local_nice_notification,1.0,1,0,0.03342883417016735,0.5,0.016714417085083675,-0.8390934364878442,0.49308942214790197,0,2336,0
local_oookltimenu,1.0,1,0,0.03342883417016735,0.5,0.016714417085083675,-0.8390934364878442,0.49308942214790197,0,2337,0
local_quizinsightspro,1.0,1,0,0.03342883417016735,0.5,0.016714417085083675,-0.8390934364878442,0.49308942214790197,0,2338,0
local_readaloud,1.0,1,0,0.03342883417016735,0.5,0.016714417085083675,-0.8390934364878442,0.49308942214790197,0,2339,0
local_smartnoticespro,1.0,1,0,0.03342883417016735,0.5,0.016714417085083675,-0.8390934364878442,0.49308942214790197,0,2340,0
local_srl_advisor,1.0,1,0,0.03342883417016735,0.5,0.016714417085083675,-0.8390934364878442,0.49308942214790197,0,2341,0
local_themerules,1.0,1,0,0.03342883417016735,0.5,0.016714417085083675,-0.8390934364878442,0.49308942214790197,0,2342,0
local_vulndexbeacon,1.0,1,0,0.03342883417016735,0.5,0.016714417085083675,-0.8390934364878442,0.49308942214790197,0,2343,0
local_webcourse,1.0,1,0,0.03342883417016735,0.5,0.016714417085083675,-0.8390934364878442,0.49308942214790197,0,2344,0
local_webworkers,1.0,1,0,0.03342883417016735,0.5,0.016714417085083675,-0.8390934364878442,0.49308942214790197,0,2345,0
local_writerview,1.0,1,0,0.03342883417016735,0.5,0.016714417085083675,-0.8390934364878442,0.49308942214790197,0,2346,0
media_yandexcloudvideo,1.0,1,0,0.03342883417016735,0.5,0.016714417085083675,-0.8390934364878442,0.49308942214790197,0,2347,0
mod_kitmoo,1.0,0,1,0.03342883417016735,0.5,0.016714417085083675,-0.8390934364878442,0.49308942214790197,0,2348,0
mod_mythtranscode,1.0,0,1,0.03342883417016735,0.5,0.016714417085083675,-0.8390934364878442,0.49308942214790197,0,2349,0
mod_pbm,1.0,0,1,0.03342883417016735,0.5,0.016714417085083675,-0.8390934364878442,0.49308942214790197,0,2350,0
paygw_novalnet,1.0,1,0,0.03342883417016735,0.5,0.016714417085083675,-0.8390934364878442,0.49308942214790197,0,2351,0
plagiarism_dupli,1.0,1,0,0.03342883417016735,0.5,0.016714417085083675,-0.8390934364878442,0.49308942214790197,0,2352,0
plagiarism_edfast,1.0,1,0,0.03342883417016735,0.5,0.016714417085083675,-0.8390934364878442,0.49308942214790197,0,2353,0
plagiarism_pd,1.0,1,0,0.03342883417016735,0.5,0.016714417085083675,-0.8390934364878442,0.49308942214790197,0,2354,0
plagiarism_sst,1.0,1,0,0.03342883417016735,0.5,0.016714417085083675,-0.8390934364878442,0.49308942214790197,0,2355,0
quizaccess_attemptpassword,1.0,1,0,0.03342883417016735,0.5,0.016714417085083675,-0.8390934364878442,0.49308942214790197,0,2356,0
quizaccess_bgwatermark,1.0,1,0,0.03342883417016735,0.5,0.016714417085083675,-0.8390934364878442,0.49308942214790197,0,2357,0
quizaccess_deadman,1.0,1,0,0.03342883417016735,0.5,0.016714417085083675,-0.8390934364878442,0.49308942214790197,0,2358,0
report_twgraph,1.0,1,0,0.03342883417016735,0.5,0.016714417085083675,-0.8390934364878442,0.49308942214790197,0,2359,0
repository_autoscorm_personal_pro,1.0,1,0,0.03342883417016735,0.5,0.016714417085083675,-0.8390934364878442,0.49308942214790197,0,2360,0
repository_res,1.0,0,1,0.03342883417016735,0.5,0.016714417085083675,-0.8390934364878442,0.49308942214790197,0,2361,0
smsgateway_plivo,1.0,1,0,0.03342883417016735,0.5,0.016714417085083675,-0.8390934364878442,0.49308942214790197,0,2362,0
theme_bazis,1.0,1,0,0.03342883417016735,0.5,0.016714417085083675,-0.8390934364878442,0.49308942214790197,0,2363,0
tinymce_iassign,1.0,0,1,0.03342883417016735,0.5,0.016714417085083675,-0.8390934364878442,0.49308942214790197,0,2364,0
tool_moodledt,1.0,0,1,0.03342883417016735,0.5,0.016714417085083675,-0.8390934364878442,0.49308942214790197,0,2365,0
mod_hvp,27383.0,0,0,0.6635595560683889,0.0,0.0,6.032359958995313,20.283652791299563,0,2366,0
block_configurable_reports,16017.0,0,0,0.46691411247707165,0.0,0.0,2.4832259718751972,9.496605128418606,0,2367,0
mod_zoom,10413.0,0,0,0.4461491331522876,0.0,0.0,2.276176557186131,5.996373983442268,0,2368,0
auth_oidc,10155.0,0,0,0.8472540019687649,0.0,0.0,10.017338306459017,10.828199445814061,0,2369,0
theme_boost_union,8896.0,0,0,0.5443337473361491,0.0,0.0,4.238962083280334,6.3263152373647475,0,2370,0
mod_choicegroup,7882.0,0,0,0.432720515330868,0.0,0.0,2.1422786410591668,4.415523692947067,0,2371,0
block_dedication,7466.0,0,0,0.6008894321630225,0.0,0.0,5.4074707033816525,6.710596268163197,0,2372,0
report_benchmark,7312.0,0,0,0.4291007939483307,0.0,0.0,2.1061860843621645,4.059504465138981,0,2373,0
local_o365,7125.0,0,0,0.8208946037106679,0.0,0.0,9.668275876945758,13.375060075296561,0,2374,0
report_coursesize,6965.0,0,0,0.4267563332286928,0.0,0.0,2.08280926263891,3.842769952771603,0,2375,0
tiny_fontcolor,6944.0,0,0,0.4266107246242479,0.0,0.0,2.081357386581031,3.829653454904989,0,2376,0
block_sharing_cart,5951.0,0,0,0.4191694605299232,0.0,0.0,2.007159895161535,3.2094304843551136,0,2377,0
filter_multilang2,5701.0,0,0,0.5878835868159051,0.0,0.0,5.277788288362673,5.608185852231142,0,2378,0
enrol_autoenrol,5666.0,0,0,0.4168030559569589,0.0,0.0,1.9835642693683997,3.0314208704510706,0,2379,0
mod_scheduler,5453.0,0,0,0.414955427504605,0.0,0.0,1.9651414053896168,2.8983821063754176,0,2380,0
local_staticpage,4869.0,0,0,0.4094933924117348,0.0,0.0,1.9106789784687235,2.533618546656256,0,2381,0
report_customsql,4777.0,0,0,0.40857360076354565,0.0,0.0,1.9015076559542747,2.476155794097758,0,2382,0
auth_saml2,4666.0,0,0,0.40743998264801784,0.0,0.0,1.8902042511384163,2.406825733945657,0,2383,0
mod_reengagement,4473.0,0,0,0.40540315673172045,0.0,0.0,1.8698948827929567,2.286278872600112,0,2384,0
theme_trema,4462.0,0,0,0.4052844359050497,0.0,0.0,1.868711107105579,2.2794083260985523,0,2385,0
qtype_coderunner,4186.0,0,0,0.5688808495611526,0.0,0.0,5.050099581811655,4.651089953927204,0,2386,0
mod_board,4171.0,0,0,0.4020326578036234,0.0,0.0,1.8362873448629922,2.097651141375477,0,2387,0
mod_subcourse,4036.0,0,0,0.40044627338890154,0.0,0.0,1.820469367902717,2.0133307979472463,0,2388,0
mod_lightboxgallery,4010.0,0,0,0.4001346624774606,0.0,0.0,1.8173622684052682,1.9970913243981052,0,2389,0
atto_fontsize,3991.0,0,0,0.3999056667573767,0.0,0.0,1.815078932165531,1.9852240168045026,0,2390,0
local_mail,3905.0,0,0,0.5046327611909734,0.0,0.0,3.8431000978014334,3.208960911066228,0,2391,0
mod_journal,3670.0,0,0,0.39586283014468504,0.0,0.0,1.7747674567121339,1.7847289779862645,0,2392,0
mod_bigbluebuttonbn,3466.0,0,0,0.49888286423147465,0.0,0.0,3.7857673751742675,2.9347636461403512,0,2393,0
tool_mergeusers,3464.0,0,0,0.3930776144928514,0.0,0.0,1.7469958292293801,1.6560623798661493,0,2394,0
block_grade_me,3431.0,0,0,0.3926161027099425,0.0,0.0,1.7423940551062855,1.6354507403614706,0,2395,0
atto_teamsmeeting,3353.0,0,0,0.3915073731155083,0.0,0.0,1.7313388158987,1.5867323197140484,0,2396,0
block_attendance,3289.0,0,0,0.39057821516166835,0.0,0.0,1.7220741011360599,1.546758230977702,0,2397,0
block_quickmail,3260.0,0,0,0.39015122388669693,0.0,0.0,1.7178165339997102,1.528644972019045,0,2398,0
mod_videotime,3107.0,0,0,0.493611092529052,0.0,0.0,3.7332020810659223,2.7105339921349074,0,2399,0
tiny_c4l,3051.0,0,0,0.3869567819126954,0.0,0.0,1.685964475269954,1.3981045884894134,0,2400,0
repository_office365,3043.0,0,0,0.4138260377656656,0.0,0.0,2.2049537494437494,2.5549943940840407,0,2401,0
atto_styles,3040.0,0,0,0.3867826462414542,0.0,0.0,1.6842281533481718,1.391234041987854,0,2402,0
block_microsoft,3039.0,0,0,0.4510496928594231,0.0,0.0,2.9229007956108255,3.7336434984437767,0,2403,0
mod_geogebra,3031.0,0,0,0.38663970244521584,0.0,0.0,1.682802848324667,1.3856126857593052,0,2404,0
local_bulkenrol,2997.0,0,0,0.38609583636597034,0.0,0.0,1.677379912350798,1.3643764511181211,0,2405,0
plagiarism_turnitin,2965.0,0,0,0.3855782983260591,0.0,0.0,1.6722194955467684,1.344389406749948,0,2406,0
report_allbackups,2896.0,0,0,0.3844430914486245,0.0,0.0,1.6609002490477693,1.3012923423310745,0,2407,0
atto_cloze,2864.0,0,0,0.3839074095702361,0.0,0.0,1.6555589184523922,1.2813052979629012,0,2408,0
mod_pdfannotator,2774.0,0,0,0.3823680997574561,0.0,0.0,1.6402103264419565,1.225091735677414,0,2409,0
availability_role,2748.0,0,0,0.38191410728645814,0.0,0.0,1.6356835280318478,1.2088522621282731,0,2410,0
local_profilecohort,2664.0,0,0,0.38041745245390723,0.0,0.0,1.620760252538798,1.1563862706618184,0,2411,0
tool_opcache,2530.0,0,0,0.3779294103306562,0.0,0.0,1.5959517681534554,1.0726905223700929,0,2412,0
mod_learningmap,2420.0,0,0,0.48156389479681405,0.0,0.0,3.6130784247843986,2.2814371333556887,0,2413,0
qtype_stack,2401.0,0,0,0.6126933343364636,0.0,0.0,6.143679009650963,6.029697610444084,0,2414,0
auth_userkey,2365.0,0,0,0.37467820770531285,0.0,0.0,1.5635337440329384,0.9696323248466998,0,2415,0
enrol_apply,2265.0,0,0,0.3725955173745716,0.0,0.0,1.5427670576224262,0.9071728111961586,0,2416,0
qtype_formulas,2218.0,0,0,0.371584689814326,0.0,0.0,1.5326880081118583,0.877816839780404,0,2417,0
theme_boost_o365teams,2192.0,0,0,0.3980121083355701,0.0,0.0,2.0472716838263048,2.023463932917934,0,2418,0
mod_turnitintooltwo,2141.0,0,0,0.47565887178147426,0.0,0.0,3.5541989267637915,2.107175090270678,0,2419,0
filter_fontawesome,2062.0,0,0,0.36806911817764615,0.0,0.0,1.4976339375882592,0.7803799984855595,0,2420,0
block_stash,2058.0,0,0,0.5638942972801815,0.0,0.0,5.272357727908172,4.538009402621535,0,2421,0
qtype_matrix,1928.0,0,0,0.3648301757755852,0.0,0.0,1.4653381612203102,0.6966842501938341,0,2422,0
tool_dynamic_cohorts,1902.0,0,0,0.3641757200409731,0.0,0.0,1.4588125261752702,0.6804447766446934,0,2423,0
availability_cohort,1894.0,0,0,0.36397254917375604,0.0,0.0,1.456786691789346,0.67544801555265,0,2424,0
enrol_attributes,1864.0,0,0,0.3632029432688175,0.0,0.0,1.4491128843818621,0.6567101614574876,0,2425,0
tool_migratehvp2h5p,1813.0,0,0,0.3618657506360316,0.0,0.0,1.4357796203504165,0.6248558094957115,0,2426,0
block_people,1686.0,0,0,0.35836526757398374,0.0,0.0,1.4008759993166626,0.545532227159524,0,2427,0
mod_msteams,1669.0,0,0,0.35787680976387753,0.0,0.0,1.3960055440130021,0.534914109838932,0,2428,0
block_course_modulenavigation,1659.0,0,0,0.35758715355815124,0.0,0.0,1.3931173567955413,0.5286681584738778,0,2429,0
local_wunderbyte_table,1644.0,0,0,0.5450911601732007,0.0,0.0,5.010680275324306,4.255350868334435,0,2430,0
qtype_pmatch,1600.0,0,0,0.5517606158877069,0.0,0.0,5.151371735529313,4.251944830102056,0,2431,0
qtype_oumultiresponse,1590.0,0,0,0.3555396573251906,0.0,0.0,1.3727015937946803,0.4855710940550043,0,2432,0
report_editdates,1559.0,0,0,0.354590686046525,0.0,0.0,1.3632393186471226,0.46620864482333646,0,2433,0
gradereport_quizanalytics,1551.0,0,0,0.3543427286197008,0.0,0.0,1.3607669135804594,0.4612118837312932,0,2434,0
mod_booking,1540.0,0,0,0.3539996920967653,0.0,0.0,1.3573464665778472,0.4543413372297336,0,2435,0
mod_facetoface,1429.0,0,0,0.4561717557691878,0.0,0.0,3.3598911982939583,1.6624633530788238,0,2436,0
format_designer,1411.0,0,0,0.34978342110958655,0.0,0.0,1.3153056618935914,0.3737685646205352,0,2437,0
availability_password,1399.0,0,0,0.3493718031348533,0.0,0.0,1.311201383270867,0.36627342298247023,0,2438,0
filter_embedquestion,1389.0,0,0,0.544944863542328,0.0,0.0,5.083411276156643,4.120155256299414,0,2439,0
tiny_multilang2,1383.0,0,0,0.3488174566490153,0.0,0.0,1.3056739462514284,0.3562799007983837,0,2440,0
local_csp,1360.0,0,0,0.3480092518660216,0.0,0.0,1.2976152660740772,0.3419142126587591,0,2441,0
qtype_recordrtc,1346.0,0,0,0.3475105867246833,0.0,0.0,1.2926430325830136,0.3331698807476834,0,2442,0
mod_pulse,1344.0,0,0,0.34743892606769483,0.0,0.0,1.2919284979401595,0.33192069047467254,0,2443,0
qtype_combined,1339.0,0,0,0.3472593071886345,0.0,0.0,1.290137502476362,0.3287977147921455,0,2444,0
block_exaport,1323.0,0,0,0.4524574103158804,0.0,0.0,3.322855136758255,1.5962562686092499,0,2445,0
mod_studentquiz,1273.0,0,0,0.34482342415714023,0.0,0.0,1.2658491009309791,0.2875744357827882,0,2446,0
report_lpmonitoring,1251.0,0,0,0.34398333364200717,0.0,0.0,1.2574724853455002,0.2738333427796691,0,2447,0
format_softcourse,1248.0,0,0,0.3438676335946403,0.0,0.0,1.2563188301112655,0.27195955737015276,0,2448,0
local_autogroup,1209.0,0,0,0.34233771521412926,0.0,0.0,1.2410638808887169,0.2476003470464417,0,2449,0
plagiarism_turnitinsim,1204.0,0,0,0.34213801466675925,0.0,0.0,1.2390726493637862,0.24447737136391465,0,2450,0
qbehaviour_selfassess,1177.0,0,0,0.4468225262534211,0.0,0.0,3.2666692177296524,1.5050653786794594,0,2451,0
availability_stash,1160.0,0,0,0.3403440504559841,0.0,0.0,1.2211848762047348,0.21699518535767645,0,2452,0
local_office365,1154.0,0,0,0.3400941658903101,0.0,0.0,1.218693255469005,0.21324761453864396,0,2453,0
tool_redis,1137.0,0,0,0.33937904644177036,0.0,0.0,1.2115627372567284,0.20262949721805193,0,2454,0
qbehaviour_regexpadaptivewithhelp,1129.0,0,0,0.5162798515921841,0.0,0.0,4.623878431546211,2.7700974284109483,0,2455,0
qbehaviour_regexpadaptivewithhelpnopenalty,1113.0,0,0,0.4098146813734048,0.0,0.0,2.5785267611032197,1.4082113908273723,0,2456,0
tool_heartbeat,1088.0,0,0,0.33725642901000225,0.0,0.0,1.190397934249588,0.17202433552928667,0,2457,0
qtype_regexp,1072.0,0,0,0.36967349217432177,0.0,0.0,1.821763738026699,1.3311402243640282,0,2458,0
local_learning_analytics,1064.0,0,0,0.3361816744879699,0.0,0.0,1.1796814634435888,0.15703405225315673,0,2459,0
mod_evoting,1061.0,0,0,0.3360456303546545,0.0,0.0,1.1783249555591235,0.15516026684364045,0,2460,0
mod_jclic,1046.0,0,0,0.33535959299310597,0.0,0.0,1.1714844173653813,0.14579133979605927,0,2461,0
mod_icontent,1039.0,0,0,0.33503607161415105,0.0,0.0,1.1682585575605478,0.14141917384052136,0,2462,0
quiz_answersheets,1035.0,0,0,0.3957479076700969,0.0,0.0,2.339997762212775,1.3441444259741155,0,2463,0
block_qrcode,1029.0,0,0,0.334570100711154,0.0,0.0,1.1636123211632632,0.13517322247546723,0,2464,0
tool_tcpdffonts,985.0,0,0,0.3324645927549902,0.0,0.0,1.1426181182253117,0.10769103646922903,0,2465,0
local_accessibility,970.0,0,0,0.33172526892634197,0.0,0.0,1.1352462560340215,0.09832210942164785,0,2466,0
report_roster,958.0,0,0,0.33112553958208174,0.0,0.0,1.129266302586501,0.09082696778358287,0,2467,0
block_readspeaker_embhl,948.0,0,0,0.3306200044156688,0.0,0.0,1.124225567477961,0.08458101641852875,0,2468,0
tiny_teamsmeeting,946.0,0,0,0.43629567912143163,0.0,0.0,3.16170510950161,1.3607839021467087,0,2469,0
availability_sectioncompleted,943.0,0,0,0.330365235660074,0.0,0.0,1.1216852460597737,0.08145804073600169,0,2470,0
qbank_importasversion,930.0,0,0,0.4349794213326326,0.0,0.0,3.143981809696136,1.3498875244211024,0,2471,0
auth_ldap_syncplus,919.0,0,0,0.3291232542370521,0.0,0.0,1.1093013412809976,0.06646775745987168,0,2472,0
mod_etherpadlite,917.0,0,0,0.3290182974746699,0.0,0.0,1.1082548082756432,0.06521856718686089,0,2473,0
block_point_view,902.0,0,0,0.32822375539716825,0.0,0.0,1.1003323601229407,0.05584964013927965,0,2474,0
local_onenote,888.0,0,0,0.5822230532646635,0.0,0.0,6.00229918735302,5.156913612232968,0,2475,0
local_ai_manager,887.0,0,0,0.6335726156797767,0.0,0.0,6.992389289329058,7.682843505095126,0,2476,0
format_kickstart,882.0,0,0,0.32714358452720593,0.0,0.0,1.089561882440695,0.0433577374091714,0,2477,0
block_filtered_course_list,834.0,0,0,0.3244479755937102,0.0,0.0,1.0626837313392021,0.013377170856911563,0,2478,0
mod_wooclap,821.0,0,0,0.32369122020852364,0.0,0.0,1.0551380575817204,0.005257434082341167,0,2479,0
plagiarism_compilatio,821.0,0,0,0.32369122020852364,0.0,0.0,1.0551380575817204,0.005257434082341167,0,2480,0
mod_kanban,818.0,0,0,0.3235148850457887,0.0,0.0,1.053379804338974,0.0033836486728249238,0,2481,0
local_ldap,804.0,0,0,0.3226833538728167,0.0,0.0,1.0450885346985526,-0.0053606832382508685,0,2482,0
qtype_varnumericset,799.0,0,0,0.4637173289409207,0.0,0.0,3.765825423687617,2.4741920497600285,0,2483,0
tool_htmlbootstrapeditor,789.0,0,0,0.49255981266476356,0.0,0.0,4.327306646399766,2.5401745417165498,0,2484,0
quizaccess_honestycheck,786.0,0,0,0.3215927332274461,0.0,0.0,1.034213861396938,-0.0166033956953483,0,2485,0
mod_ratingallocate,772.0,0,0,0.3207270861593603,0.0,0.0,1.0255824191994232,-0.025347727606424092,0,2486,0
tool_editrolesbycap,764.0,0,0,0.3202253639410035,0.0,0.0,1.020579703327547,-0.030344488698467426,0,2487,0
mod_adaptivequiz,749.0,0,0,0.36216360470896736,0.0,0.0,1.8376765392280157,1.1414340691597087,0,2488,0
local_sitenotice,748.0,0,0,0.3192059840983285,0.0,0.0,1.0104153782651197,-0.04033801088255404,0,2489,0
local_navbarplus,736.0,0,0,0.3184270555117174,0.0,0.0,1.0026486135879253,-0.04783315252061898,0,2490,0
availability_ipaddress,733.0,0,0,0.3182303416566091,0.0,0.0,1.0006871626312752,-0.049706937930135225,0,2491,0
block_dash,728.0,0,0,0.3179006916152477,0.0,0.0,0.9974001934006036,-0.052829913612662316,0,2492,0
mod_pcast,728.0,0,0,0.3179006916152477,0.0,0.0,0.9974001934006036,-0.052829913612662316,0,2493,0
block_cohortspecifichtml,716.0,0,0,0.31710021492710916,0.0,0.0,0.9894185707291328,-0.06032505525072726,0,2494,0
qtype_varnumeric,673.0,0,0,0.31411754299273004,0.0,0.0,0.9596780894811876,-0.08718264612046006,0,2495,0
local_codechecker,660.0,0,0,0.31317824892388196,0.0,0.0,0.9503123066343067,-0.09530238289503043,0,2496,0
assignsubmission_onenote,657.0,0,0,0.3129588659226261,0.0,0.0,0.9481248196499812,-0.09717616830454667,0,2497,0
tiny_ai,657.0,0,0,0.41674982464842325,0.0,0.0,2.948336692864027,2.3096596748886062,0,2498,0
mod_collabora,649.0,0,0,0.41814633910577015,0.0,0.0,2.9807364618347947,1.1752791466046009,0,2499,0
atto_embedquestion,642.0,0,0,0.3118467271730439,0.0,0.0,0.9370355874599354,-0.10654509535212789,0,2500,0
mod_custommailing,641.0,0,0,0.3117716647247704,0.0,0.0,0.9362871332603397,-0.10716969048863328,0,2501,0
tool_webanalytics,640.0,0,0,0.3116964852656183,0.0,0.0,0.9355375123350966,-0.10779428562513871,0,2502,0
mod_poster,632.0,0,0,0.31109079299324743,0.0,0.0,0.9294981020128148,-0.11279104671718201,0,2503,0
tool_usersuspension,627.0,0,0,0.3107083356892949,0.0,0.0,0.9256845869744241,-0.11591402239970909,0,2504,0
mod_accredible,613.0,0,0,0.3096210326542415,0.0,0.0,0.9148429938538021,-0.12465835431078488,0,2505,0
assignfeedback_onenote,611.0,0,0,0.30946368304229593,0.0,0.0,0.9132740471890683,-0.12590754458379572,0,2506,0
local_resort_courses,610.0,0,0,0.30938481530063144,0.0,0.0,0.9124876500781405,-0.1265321397203011,0,2507,0
block_coupon,607.0,0,0,0.5050662148104847,0.0,0.0,4.685777801575522,3.6317218595521803,0,2508,0
local_obf,597.0,0,0,0.4141250431151934,0.0,0.0,2.9406397697978015,1.1428001995063195,0,2509,0
mod_oublog,588.0,0,0,0.3076162713201748,0.0,0.0,0.8948533442462836,-0.14027323272342024,0,2510,0
enrol_waitlist,587.0,0,0,0.30753432123540947,0.0,0.0,0.8940362128242398,-0.14089782785992563,0,2511,0
mod_kialo,579.0,0,0,0.30687365866732114,0.0,0.0,0.8874486889028266,-0.14589458895196894,0,2512,0
mod_onlyofficeeditor,575.0,0,0,0.4123173229891657,0.0,0.0,2.922614835211473,1.1290591065032003,0,2513,0
report_myfeedback,556.0,0,0,0.30492223132878327,0.0,0.0,0.867990837202957,-0.16026027709159346,0,2514,0
local_learningtools,538.0,0,0,0.3033379701949933,0.0,0.0,0.8521940316615071,-0.17150298954869092,0,2515,0
report_embedquestion,529.0,0,0,0.3025258864247124,0.0,0.0,0.8440966737645754,-0.17712434577723962,0,2516,0
block_timetable,525.0,0,0,0.3021605239706291,0.0,0.0,0.8404536129608973,-0.1796227263232613,0,2517,0
block_user_favorites,511.0,0,0,0.30085950753150614,0.0,0.0,0.8274810649025548,-0.18836705823433708,0,2518,0
local_session_keepalive,504.0,0,0,0.3001955967658561,0.0,0.0,0.8208611529207714,-0.19273922418987496,0,2519,0
mod_peerwork,499.0,0,0,0.2997157160574614,0.0,0.0,0.8160762206441907,-0.19586219987240203,0,2520,0
local_maintenance_livecheck,486.0,0,0,0.29844520900252525,0.0,0.0,0.803407884308845,-0.2039819366469724,0,2521,0
mod_moodleoverflow,485.0,0,0,0.29834607718287376,0.0,0.0,0.8024194323140288,-0.20460653178347782,0,2522,0
block_download_certificates,469.0,0,0,0.29673161301540163,0.0,0.0,0.7863214696971048,-0.21460005396756443,0,2523,0
filter_translations,467.0,0,0,0.46730953921950474,0.0,0.0,4.075533973968556,2.3390549077618066,0,2524,0
block_ai_chat,463.0,0,0,0.3390052519877456,0.0,0.0,1.606762590261598,0.9627998601191603,0,2525,0
quiz_export,461.0,0,0,0.40168107158451416,0.0,0.0,2.816559847466295,1.0578552609415832,0,2526,0
mod_jazzquiz,442.0,0,0,0.2938783263644351,0.0,0.0,0.7578711003621532,-0.23146412265321062,0,2527,0
block_workflow,440.0,0,0,0.39943752226069507,0.0,0.0,2.794189222046583,1.0447387630749694,0,2528,0
block_myprogress,436.0,0,0,0.2932206669013047,0.0,0.0,0.7513135206614425,-0.2352116934722431,0,2529,0
plagiarism_copyleaks,436.0,0,0,0.2932206669013047,0.0,0.0,0.7513135206614425,-0.2352116934722431,0,2530,0
block_exacomp,430.0,0,0,0.2925539150842027,0.0,0.0,0.7446652803085583,-0.23895926429127556,0,2531,0
tool_apcu,426.0,0,0,0.2921042371104763,0.0,0.0,0.7401815021259577,-0.24145764483729723,0,2532,0
local_datacleaner,420.0,0,0,0.29142175949586424,0.0,0.0,0.7333764584784948,-0.24520521565632972,0,2533,0
auth_outage,405.0,0,0,0.2896720774043783,0.0,0.0,0.7159302261819029,-0.25457414270391093,0,2534,0
block_livemood,392.0,0,0,0.2881025797695774,0.0,0.0,0.7002806287727916,-0.2626938794784813,0,2535,0
local_envbar,388.0,0,0,0.2876091983486264,0.0,0.0,0.6953610797172125,-0.26519226002450297,0,2536,0
tiny_embedquestion,383.0,0,0,0.28698528779371274,0.0,0.0,0.6891400133153296,-0.26831523570703003,0,2537,0
mod_kuet,361.0,0,0,0.28413993863128345,0.0,0.0,0.6607687893688721,-0.28205632871014913,0,2538,0
mod_groupmembers,360.0,0,0,0.2840065288275939,0.0,0.0,0.6594385486142023,-0.28268092384665455,0,2539,0
tool_lifecycle,360.0,0,0,0.4253409884395934,0.0,0.0,3.383171595122307,2.199994784834152,0,2540,0
tool_supporter,360.0,0,0,0.2840065288275939,0.0,0.0,0.6594385486142023,-0.28268092384665455,0,2541,0
format_learningmap,357.0,0,0,0.28360407074841626,0.0,0.0,0.6554256041066602,-0.28455470925617077,0,2542,0
auth_basic,356.0,0,0,0.38924658900876563,0.0,0.0,2.692574540329617,0.9922727716085147,0,2543,0
mod_ouwiki,355.0,0,0,0.2833338873343193,0.0,0.0,0.6527315817880006,-0.2858038995291816,0,2544,0
mod_mootimeter,351.0,0,0,0.2827889367532966,0.0,0.0,0.6472978321525966,-0.28830228007520325,0,2545,0
tool_coursefields,351.0,0,0,0.2827889367532966,0.0,0.0,0.6472978321525966,-0.28830228007520325,0,2546,0
local_sandbox,349.0,0,0,0.28251413479451853,0.0,0.0,0.6445577579232671,-0.2895514703482141,0,2547,0
block_quickcourselist,343.0,0,0,0.28168020715886233,0.0,0.0,0.6362425929450106,-0.2932990411672466,0,2548,0
atto_htmlbootstrapeditor,340.0,0,0,0.2812577728088376,0.0,0.0,0.632030463303602,-0.2951728265767628,0,2549,0
tool_opencast,327.0,0,0,0.5759475118696049,0.0,0.0,6.32859049158229,7.278357182836,0,2550,0
qtype_crossword,321.0,0,0,0.2784928388039418,0.0,0.0,0.6044610658862739,-0.3070401341703657,0,2551,0
media_ottflix,320.0,0,0,0.27834283055460307,0.0,0.0,0.6029653205865397,-0.30766472930687105,0,2552,0
quiz_markspersection,320.0,0,0,0.27834283055460307,0.0,0.0,0.6029653205865397,-0.30766472930687105,0,2553,0
qtype_pmatchjme,317.0,0,0,0.27788998578821145,0.0,0.0,0.5984499660388716,-0.3095385147163873,0,2554,0
tool_userrestore,316.0,0,0,0.2777380876680593,0.0,0.0,0.5969353766729033,-0.31016310985289275,0,2555,0
tool_groupautoenrol,314.0,0,0,0.2774328485903915,0.0,0.0,0.5938918112841383,-0.3114123001259036,0,2556,0
tiny_elements,306.0,0,0,0.27619219848407417,0.0,0.0,0.5815211811800021,-0.3164090612179469,0,2557,0
block_socialcomments,305.0,0,0,0.2760348488721286,0.0,0.0,0.5799522345152683,-0.3170336563544523,0,2558,0
assignfeedback_structured,304.0,0,0,0.2758769842032518,0.0,0.0,0.5783781521730813,-0.3176582514909577,0,2559,0
auth_casattras,304.0,0,0,0.2758769842032518,0.0,0.0,0.5783781521730813,-0.3176582514909577,0,2560,0
repository_ottflix,299.0,0,0,0.27507981542096044,0.0,0.0,0.5704295129184869,-0.3207812271734848,0,2561,0
block_quickfindlist,298.0,0,0,0.2749187881819471,0.0,0.0,0.568823896314433,-0.32140582230999015,0,2562,0
format_ludilearn,291.0,0,0,0.2737762870615641,0.0,0.0,0.5574319182846466,-0.32577798826552806,0,2563,0
tiny_htmlbootstrapeditor,285.0,0,0,0.27277498576706655,0.0,0.0,0.5474478559983109,-0.32952555908456055,0,2564,0
aiprovider_claude,284.0,0,0,0.2726060622553805,0.0,0.0,0.5457635049727323,-0.330150154221066,0,2565,0
block_groups,284.0,0,0,0.2726060622553805,0.0,0.0,0.5457635049727323,-0.330150154221066,0,2566,0
block_selectrss,282.0,0,0,0.27226642977231363,0.0,0.0,0.5423769999476846,-0.3313993444940768,0,2567,0
block_opencast,281.0,0,0,0.2720957123789007,0.0,0.0,0.540674761971401,-0.3320239396305822,0,2568,0
local_notificationsagent,281.0,0,0,0.2720957123789007,0.0,0.0,0.540674761971401,-0.3320239396305822,0,2569,0
mod_cardbox,281.0,0,0,0.2720957123789007,0.0,0.0,0.540674761971401,-0.3320239396305822,0,2570,0
customfield_semester,280.0,0,0,0.33282207303477507,0.0,0.0,1.7125587926726582,0.8725750979125282,0,2571,0
report_editgroups,272.0,0,0,0.2705314364432474,0.0,0.0,0.5250772305785991,-0.33764529585913095,0,2572,0
local_listcoursefiles,270.0,0,0,0.2701768200419956,0.0,0.0,0.5215413196022423,-0.3388944861321418,0,2573,0
mod_livepoll,266.0,0,0,0.26945966759652584,0.0,0.0,0.5143905302007754,-0.34139286667816343,0,2574,0
report_trainingsessions,264.0,0,0,0.269097052254545,0.0,0.0,0.5107748610907754,-0.3426420569511742,0,2575,0
auth_antihammer,260.0,0,0,0.2683635382930268,0.0,0.0,0.5034609295898977,-0.3451404374971959,0,2576,0
mod_newsletter,258.0,0,0,0.2679925548230971,0.0,0.0,0.49976182114837947,-0.3463896277702067,0,2577,0
qtype_varnumunit,258.0,0,0,0.2679925548230971,0.0,0.0,0.49976182114837947,-0.3463896277702067,0,2578,0
local_multiple_enrollments,256.0,0,0,0.26761869548362294,0.0,0.0,0.49603403716153144,-0.34763881804321756,0,2579,0
block_floatingbutton,254.0,0,0,0.2672419153384622,0.0,0.0,0.4922771295671721,-0.34888800831622835,0,2580,0
mod_gcanvas,254.0,0,0,0.2672419153384622,0.0,0.0,0.4922771295671721,-0.34888800831622835,0,2581,0
tool_syncgroups,252.0,0,0,0.26686216838996757,0.0,0.0,0.4884906397187608,-0.3501371985892392,0,2582,0
media_jwplayer,251.0,0,0,0.26667116769168403,0.0,0.0,0.48658615514565967,-0.3507617937257446,0,2583,0
theme_boosted,251.0,0,0,0.26667116769168403,0.0,0.0,0.48658615514565967,-0.3507617937257446,0,2584,0
tool_langpackdropper,250.0,0,0,0.2664794075452868,0.0,0.0,0.4846740980493717,-0.35138638886225004,0,2585,0
filter_ace_inline,235.0,0,0,0.3244052518264044,0.0,0.0,1.6286339364289701,0.8444683167697846,0,2586,0
local_ai_connector,235.0,0,0,0.2635075673197393,0.0,0.0,0.4550416207121743,-0.36075531590983123,0,2587,0
qtype_tcs,232.0,0,0,0.43367416249262375,0.0,0.0,3.740152707499639,2.1922750506830346,0,2588,0
gradingform_rubric_ranges,231.0,0,0,0.26268314359844624,0.0,0.0,0.446821220090548,-0.3632536964558529,0,2589,0
block_custom_course_menu,228.0,0,0,0.2620554434584405,0.0,0.0,0.4405623674061479,-0.36512748186536914,0,2590,0
local_oauth2,225.0,0,0,0.4027539253276082,0.0,0.0,3.1579540245322066,2.1156744414059214,0,2591,0
block_taggedcoursesearch,218.0,0,0,0.2599020673237707,0.0,0.0,0.4190908666974215,-0.37137343323042327,0,2592,0
tool_passwordvalidator,218.0,0,0,0.2599020673237707,0.0,0.0,0.4190908666974215,-0.37137343323042327,0,2593,0
local_coursetocal,217.0,0,0,0.2596813455962613,0.0,0.0,0.41689003115719897,-0.3719980283669287,0,2594,0
local_commander,216.0,0,0,0.25945960905264454,0.0,0.0,0.41467907679731525,-0.3726226235034341,0,2595,0
lifecycletrigger_customfieldsemester,213.0,0,0,0.25878821612222913,0.0,0.0,0.40798455949996487,-0.37449640891295033,0,2596,0
qtype_poasquestion,212.0,0,0,0.5092514753204183,0.0,0.0,5.236898794298504,5.85021674886265,0,2597,0
mod_datalynx,210.0,0,0,0.25810734439070615,0.0,0.0,0.4011955282524405,-0.37637019432246654,0,2598,0
local_chunkupload,209.0,0,0,0.2578782341580176,0.0,0.0,0.3989110501975634,-0.376994789458972,0,2599,0
mod_forumng,209.0,0,0,0.2578782341580176,0.0,0.0,0.3989110501975634,-0.376994789458972,0,2600,0
filter_recitactivity,206.0,0,0,0.3629617204556692,0.0,0.0,2.430485830103837,0.8985835011327027,0,2601,0
mod_opencast,206.0,0,0,0.3180819841992554,0.0,0.0,1.5655840850110643,0.8263550578111276,0,2602,0
local_moodlecheck,202.0,0,0,0.2562432432342109,0.0,0.0,0.382608413508103,-0.38136695541450993,0,2603,0
report_sphorphanedfiles,200.0,0,0,0.2557657382117989,0.0,0.0,0.37784716940305835,-0.3826161456875207,0,2604,0
tiny_molstructure,200.0,0,0,0.2557657382117989,0.0,0.0,0.37784716940305835,-0.3826161456875207,0,2605,0
mod_description,199.0,0,0,0.2555252009885865,0.0,0.0,0.3754487518319121,-0.38324074082402615,0,2606,0
block_onlinesurvey,197.0,0,0,0.2550404972777097,0.0,0.0,0.3706157289781464,-0.384489931097037,0,2607,0
assignsubmission_maharaws,195.0,0,0,0.2545508726328682,0.0,0.0,0.3657336390638653,-0.3857391213700478,0,2608,0
plagiarism_strike,191.0,0,0,0.2535564536235454,0.0,0.0,0.35581820064152964,-0.3882375019160694,0,2609,0
qbank_questiongen,190.0,0,0,0.2533046117286526,0.0,0.0,0.3533070632059386,-0.38886209705257485,0,2610,0
block_coursefeedback,188.0,0,0,0.25279694795389057,0.0,0.0,0.3482451035584346,-0.39011128732558564,0,2611,0
local_profiletheme,184.0,0,0,0.2517653019158726,0.0,0.0,0.33795847119550354,-0.39260966787160734,0,2612,0
tool_attestoodle,183.0,0,0,0.2515039049980098,0.0,0.0,0.33535205979491894,-0.39323426300811276,0,2613,0
auth_saml2sso,178.0,0,0,0.2501752365782489,0.0,0.0,0.32210379143286033,-0.3963572386906398,0,2614,0
local_coursetransfer,171.0,0,0,0.24825137298869496,0.0,0.0,0.3029207802712108,-0.4007294046461777,0,2615,0
block_exaaichat,170.0,0,0,0.38930462123087906,0.0,0.0,3.0238498437551335,2.0813217088981233,0,2616,0
tool_crawler,170.0,0,0,0.24797016161887955,0.0,0.0,0.3001167972470286,-0.40135399978268316,0,2617,0
assignsubmission_collabora,168.0,0,0,0.24740277138887878,0.0,0.0,0.29445929992018366,-0.40260319005569395,0,2618,0
block_links,167.0,0,0,0.24711655325931006,0.0,0.0,0.29160539405908475,-0.4032277851921994,0,2619,0
mod_concordance,165.0,0,0,0.2465389701489417,0.0,0.0,0.2858462626356632,-0.4044769754652102,0,2620,0
mod_contentdesigner,165.0,0,0,0.2465389701489417,0.0,0.0,0.2858462626356632,-0.4044769754652102,0,2621,0
tiny_corrections,164.0,0,0,0.24624756374404333,0.0,0.0,0.2829406240300502,-0.4051015706017156,0,2622,0
mod_verbalfeedback,162.0,0,0,0.2456594148294307,0.0,0.0,0.27707614005364617,-0.40635076087472644,0,2623,0
enrol_credit,160.0,0,0,0.3508414253968535,0.0,0.0,2.309633314022043,0.8698521248534536,0,2624,0
tiny_injectcss,160.0,0,0,0.24506400463377448,0.0,0.0,0.27113925321247406,-0.4075999511477373,0,2625,0
enrol_gwpayments,157.0,0,0,0.2441568754460732,0.0,0.0,0.2620941891927501,-0.4094737365572535,0,2626,0
repository_opencast,155.0,0,0,0.24354250263731536,0.0,0.0,0.25596822448724416,-0.41072292683026435,0,2627,0
qtype_tcsjudgment,154.0,0,0,0.24323235614542005,0.0,0.0,0.2528757268444389,-0.4113475219667697,0,2628,0
block_deft,153.0,0,0,0.34869762298197293,0.0,0.0,2.288257273705921,0.8654799588979157,0,2629,0
block_mfavatar,151.0,0,0,0.24228976692429902,0.0,0.0,0.2434770877476788,-0.413221307376286,0,2630,0
quizaccess_quiztimer,151.0,0,0,0.348067187687378,0.0,0.0,2.2819711485572474,0.8642307686249049,0,2631,0
editor_ousupsub,150.0,0,0,0.2419714316874515,0.0,0.0,0.24030293941681496,-0.4138459025127914,0,2632,0
auth_magic,147.0,0,0,0.24100362101716505,0.0,0.0,0.23065281505702445,-0.4157196879223076,0,2633,0
local_redirectafterlogin,146.0,0,0,0.24067665289507476,0.0,0.0,0.22739258747663987,-0.41634428305881305,0,2634,0
workshopallocation_live,145.0,0,0,0.24034745289139672,0.0,0.0,0.2241101056108467,-0.41696887819531847,0,2635,0
tool_cohortdatabase,144.0,0,0,0.24001599032698642,0.0,0.0,0.2208050635552266,-0.4175934733318239,0,2636,0
tool_updatepluginscli,144.0,0,0,0.24001599032698642,0.0,0.0,0.2208050635552266,-0.4175934733318239,0,2637,0
mod_wooflash,143.0,0,0,0.23968223388575197,0.0,0.0,0.2174771490543046,-0.4182180684683293,0,2638,0
tool_directsso,143.0,0,0,0.23968223388575197,0.0,0.0,0.2174771490543046,-0.4182180684683293,0,2639,0
aiprovider_openaicompatible,137.0,0,0,0.23762968526021638,0.0,0.0,0.1970110082076939,-0.42196563928736175,0,2640,0
filter_opencast,134.0,0,0,0.23656969504666608,0.0,0.0,0.1864417536055582,-0.423839424696878,0,2641,0
tool_securityquestions,128.0,0,0,0.23437715325090153,0.0,0.0,0.16457972868398568,-0.4275869955159105,0,2642,0
quiz_filedownloader,125.0,0,0,0.23324233352151666,0.0,0.0,0.15326434247185972,-0.4294607809254267,0,2643,0
tool_sentry,125.0,0,0,0.23324233352151666,0.0,0.0,0.15326434247185972,-0.4294607809254267,0,2644,0
tool_cohortsync,122.0,0,0,0.23208016612296686,0.0,0.0,0.14167627027218016,-0.431334566334943,0,2645,0
workshopeval_weightiest,121.0,0,0,0.23168646913437693,0.0,0.0,0.13775068336080282,-0.4319591614714484,0,2646,0
assignsubmission_onlyoffice,120.0,0,0,0.23128953180491968,0.0,0.0,0.13379278672883893,-0.4325837566079538,0,2647,0
tiny_cursive,120.0,0,0,0.23128953180491968,0.0,0.0,0.13379278672883893,-0.4325837566079538,0,2648,0
atto_recitautolink,118.0,0,0,0.23048571964314543,0.0,0.0,0.12577790575967412,-0.43383294688096463,0,2649,0
block_ai_control,117.0,0,0,0.23007873314957195,0.0,0.0,0.1217198080383744,-0.43445754201747006,0,2650,0
local_feedbackviewer,116.0,0,0,0.22966828289952196,0.0,0.0,0.11762717290001906,-0.4350821371539755,0,2651,0
local_remote_courses,115.0,0,0,0.22925430942827887,0.0,0.0,0.11349940741674802,-0.43570673229048085,0,2652,0
mod_margic,112.0,0,0,0.22799063154544136,0.0,0.0,0.10089916535030197,-0.4375805176999971,0,2653,0
qtype_molsimilarity,112.0,0,0,0.22799063154544136,0.0,0.0,0.10089916535030197,-0.4375805176999971,0,2654,0
mod_otopo,111.0,0,0,0.22756193882693612,0.0,0.0,0.0966246329725099,-0.43820511283650254,0,2655,0
mod_videoconnect,111.0,0,0,0.22756193882693612,0.0,0.0,0.0966246329725099,-0.43820511283650254,0,2656,0
mod_rocketchat,110.0,0,0,0.22712940127937162,0.0,0.0,0.09231176346979941,-0.4388297079730079,0,2657,0
report_workflow,110.0,0,0,0.22712940127937162,0.0,0.0,0.09231176346979941,-0.4388297079730079,0,2658,0
mod_collaborativefolders,107.0,0,0,0.22580801414795856,0.0,0.0,0.07913609746707956,-0.4407034933825242,0,2659,0
local_shopping_cart,106.0,0,0,0.22535938195206176,0.0,0.0,0.07466274682616492,-0.4413280885190296,0,2660,0
editor_customeditor,105.0,0,0,0.22490653718567014,0.0,0.0,0.07014739227849692,-0.44195268365553503,0,2661,0
filter_ubicast,105.0,0,0,0.22490653718567014,0.0,0.0,0.07014739227849692,-0.44195268365553503,0,2662,0
gradeexport_groupfilter_xls,98.0,0,0,0.22161166310754238,0.0,0.0,0.037293916304346475,-0.4463248496110729,0,2663,0
tool_cmcompetency,98.0,0,0,0.3273890838706214,0.0,0.0,2.075787977113915,0.8311272263901179,0,2664,0
atto_translations,97.0,0,0,0.22112203846270084,0.0,0.0,0.0324118263900654,-0.44694944474757836,0,2665,0
availability_gwpayments,96.0,0,0,0.2206273919390314,0.0,0.0,0.027479662885259715,-0.44757403988408373,0,2666,0
local_copilot,96.0,0,0,0.2206273919390314,0.0,0.0,0.027479662885259715,-0.44757403988408373,0,2667,0
bbbext_bnx,91.0,0,0,0.21807507082784244,0.0,0.0,0.0020302471211190443,-0.4506970155666108,0,2668,0
auth_dev,90.0,0,0,0.21754798784070611,0.0,0.0,-0.0032253431817756417,-0.4513216107031162,0,2669,0
mod_mooduell,89.0,0,0,0.21701508061429214,0.0,0.0,-0.008539007481016658,-0.45194620583962164,0,2670,0
block_motrain,85.0,0,0,0.2148225388185276,0.0,0.0,-0.03040103240258918,-0.4544445863856433,0,2671,0
qtype_pmatchreverse,85.0,0,0,0.2148225388185276,0.0,0.0,-0.03040103240258918,-0.4544445863856433,0,2672,0
block_logreport,83.0,0,0,0.21368771908914272,0.0,0.0,-0.04171641861471517,-0.4556937766586541,0,2673,0
mod_via,82.0,0,0,0.3838937239584225,0.0,0.0,3.2437876256828004,2.0985857802072223,0,2674,0
local_levitate,81.0,0,0,0.21252555169059295,0.0,0.0,-0.053304490814394284,-0.4569429669316649,0,2675,0
local_lionai_reports,81.0,0,0,0.21252555169059295,0.0,0.0,-0.053304490814394284,-0.4569429669316649,0,2676,0
block_badgeawarder,80.0,0,0,0.21193379441016513,0.0,0.0,-0.05920495412014551,-0.4575675620681704,0,2677,0
quiz_randomsummary,80.0,0,0,0.21193379441016513,0.0,0.0,-0.05920495412014551,-0.4575675620681704,0,2678,0
report_cmcompetency,78.0,0,0,0.21072804127590586,0.0,0.0,-0.07122762348104986,-0.4588167523411812,0,2679,0
gradereport_gradeconfigwizard,76.0,0,0,0.2094913680487266,0.0,0.0,-0.08355859977744778,-0.460065942614192,0,2680,0
tool_advancedreplace,76.0,0,0,0.2094913680487266,0.0,0.0,-0.08355859977744778,-0.460065942614192,0,2681,0
mod_gwpayments,74.0,0,0,0.20822214708062575,0.0,0.0,-0.09621411242911287,-0.46131513288720283,0,2682,0
mod_sortvoting,73.0,0,0,0.20757478684699768,0.0,0.0,-0.10266899761677542,-0.46193972802370825,0,2683,0
local_och5pcore,71.0,0,0,0.20625339971558462,0.0,0.0,-0.1158446636194953,-0.46318891829671904,0,2684,0
plagiarism_advacheck,71.0,0,0,0.20625339971558462,0.0,0.0,-0.1158446636194953,-0.46318891829671904,0,2685,0
tool_token,68.0,0,0,0.20420085109004904,0.0,0.0,-0.13631080446610602,-0.4650627037062353,0,2686,0
mod_goone,67.0,0,0,0.2034967858372134,0.0,0.0,-0.14333110033168087,-0.46568729884274074,0,2687,0
dataformat_markdown,66.0,0,0,0.20278228960925757,0.0,0.0,-0.15045540435731639,-0.46631189397924616,0,2688,0
mod_aichat,66.0,0,0,0.20278228960925757,0.0,0.0,-0.15045540435731639,-0.46631189397924616,0,2689,0
mod_capquiz,66.0,0,0,0.20278228960925757,0.0,0.0,-0.15045540435731639,-0.46631189397924616,0,2690,0
repository_panopto,66.0,0,0,0.30855971037233654,0.0,0.0,1.8880386564522522,0.8111401820219447,0,2691,0
atto_molstructure,62.0,0,0,0.1998134993513493,0.0,0.0,-0.18005747020194024,-0.4688102745252678,0,2692,0
report_editidnumber,62.0,0,0,0.1998134993513493,0.0,0.0,-0.18005747020194024,-0.4688102745252678,0,2693,0
block_obf_displayer,61.0,0,0,0.19904184107654516,0.0,0.0,-0.18775174196783972,-0.4694348696617732,0,2694,0
block_ungraded_assignments,59.0,0,0,0.1974604661819182,0.0,0.0,-0.20351976856759152,-0.470684059934784,0,2695,0
block_completedcourse,58.0,0,0,0.1966498989794046,0.0,0.0,-0.21160200463542553,-0.4713086550712895,0,2696,0
qbank_quiztimer,58.0,0,0,0.1966498989794046,0.0,0.0,-0.21160200463542553,-0.4713086550712895,0,2697,0
mod_pokcertificate,57.0,0,0,0.19582547525811153,0.0,0.0,-0.21982240525705193,-0.47193325020779486,0,2698,0
quiz_editquizsettings,56.0,0,0,0.19498671301633824,0.0,0.0,-0.2281857765133462,-0.4725578453443003,0,2699,0
plagiarism_origai,55.0,0,0,0.1941331046567688,0.0,0.0,-0.2366971797012896,-0.4731824404808057,0,2700,0
mod_autopdfform,53.0,0,0,0.1923791799777912,0.0,0.0,-0.2541857152067204,-0.47443163075381656,0,2701,0
mod_panopto,52.0,0,0,0.1914777030155028,0.0,0.0,-0.2631744203953028,-0.4750562258903219,0,2702,0
block_fastnav,51.0,0,0,0.1905590540347741,0.0,0.0,-0.27233434927313044,-0.47568082102682735,0,2703,0
editor_codemirror,51.0,0,0,0.1905590540347741,0.0,0.0,-0.27233434927313044,-0.47568082102682735,0,2704,0
qtype_reacsimilarity,51.0,0,0,0.1905590540347741,0.0,0.0,-0.27233434927313044,-0.47568082102682735,0,2705,0
auth_coupon,50.0,0,0,0.18962256609941996,0.0,0.0,-0.28167215191890616,-0.4763054161633328,0,2706,0
enrol_classicpay,50.0,0,0,0.18962256609941996,0.0,0.0,-0.28167215191890616,-0.4763054161633328,0,2707,0
qbehaviour_guessit,50.0,0,0,0.356297671369164,0.0,0.0,2.9304142246074574,2.067764469340813,0,2708,0
bbbext_bnreminders,49.0,0,0,0.18866753264825184,0.0,0.0,-0.2911948735156875,-0.4769300112998382,0,2709,0
block_section,49.0,0,0,0.18866753264825184,0.0,0.0,-0.2911948735156875,-0.4769300112998382,0,2710,0
local_course_checker,49.0,0,0,0.2944449534113308,0.0,0.0,1.747299187293881,0.8005220647013527,0,2711,0
mod_sertifier,49.0,0,0,0.18866753264825184,0.0,0.0,-0.2911948735156875,-0.4769300112998382,0,2712,0
block_calculator,48.0,0,0,0.18769320429253347,0.0,0.0,-0.3009099862837347,-0.4775546064363436,0,2713,0
mod_videoassessment,48.0,0,0,0.18769320429253347,0.0,0.0,-0.3009099862837347,-0.4775546064363436,0,2714,0
block_course_tree_list,47.0,0,0,0.18669878528321068,0.0,0.0,-0.31082542470607016,-0.478179201572849,0,2715,0
mod_stackview,47.0,0,0,0.29247620604628966,0.0,0.0,1.7276686361034983,0.7992728744283419,0,2716,0
qtype_guessit,47.0,0,0,0.24759646978987582,0.0,0.0,0.8627668910107257,0.7270444311067668,0,2717,0
mod_leganto,45.0,0,0,0.1846462366576751,0.0,0.0,-0.3312915655526809,-0.47942839184585984,0,2718,0
block_vexturintroduction,43.0,0,0,0.18250243424279453,0.0,0.0,-0.352667605868803,-0.4806775821188707,0,2719,0
qtype_shortanssimilarity,43.0,0,0,0.18250243424279453,0.0,0.0,-0.352667605868803,-0.4806775821188707,0,2720,0
block_disealytics,42.0,0,0,0.18139370464836024,0.0,0.0,-0.36372284507638886,-0.48130217725537605,0,2721,0
block_integrityadvocate,42.0,0,0,0.2871711254114392,0.0,0.0,1.6747712157331798,0.7961498987458149,0,2722,0
local_moodlemobileapp,42.0,0,0,0.18139370464836024,0.0,0.0,-0.36372284507638886,-0.48130217725537605,0,2723,0
mod_openbook,42.0,0,0,0.2871711254114392,0.0,0.0,1.6747712157331798,0.7961498987458149,0,2724,0
paygw_mollie,42.0,0,0,0.18139370464836024,0.0,0.0,-0.36372284507638886,-0.48130217725537605,0,2725,0
block_analytics,41.0,0,0,0.18025888491897538,0.0,0.0,-0.3750382312885149,-0.48192677239188153,0,2726,0
local_hlai_quizgen,41.0,0,0,0.18025888491897538,0.0,0.0,-0.3750382312885149,-0.48192677239188153,0,2727,0
quizaccess_oneconnection,41.0,0,0,0.18025888491897538,0.0,0.0,-0.3750382312885149,-0.48192677239188153,0,2728,0
local_pluginsfetcher,40.0,0,0,0.1790967175204256,0.0,0.0,-0.3866263034881942,-0.4825513675283869,0,2729,0
local_regperiod,40.0,0,0,0.1790967175204256,0.0,0.0,-0.3866263034881942,-0.4825513675283869,0,2730,0
local_parentmanager,39.0,0,0,0.1779058517495443,0.0,0.0,-0.39850052965416616,-0.4831759626648923,0,2731,0
block_eledia_coursewizard,38.0,0,0,0.17668483429698068,0.0,0.0,-0.4106754008603557,-0.48380055780139775,0,2732,0
local_integrity,38.0,0,0,0.17668483429698068,0.0,0.0,-0.4106754008603557,-0.48380055780139775,0,2733,0
local_table_sql,38.0,0,0,0.2375825188036458,0.0,0.0,0.7629169148564401,0.7214230748782181,0,2734,0
filter_moddata,37.0,0,0,0.1754320985839643,0.0,0.0,-0.42316653759992107,-0.4844251529379031,0,2735,0
local_automatic_badges,37.0,0,0,0.1754320985839643,0.0,0.0,-0.42316653759992107,-0.4844251529379031,0,2736,0
mod_alfaview,37.0,0,0,0.1754320985839643,0.0,0.0,-0.42316653759992107,-0.4844251529379031,0,2737,0
mod_exammanagement,37.0,0,0,0.1754320985839643,0.0,0.0,-0.42316653759992107,-0.4844251529379031,0,2738,0
tool_abconfig,36.0,0,0,0.17414595267683033,0.0,0.0,-0.4359908102905752,-0.4850497480744086,0,2739,0
aiplacement_exaaichat,35.0,0,0,0.17282456554541725,0.0,0.0,-0.4491664762932952,-0.48567434321091396,0,2740,0
availability_useragent,35.0,0,0,0.17282456554541725,0.0,0.0,-0.4491664762932952,-0.48567434321091396,0,2741,0
aiprovider_bedrock,32.0,0,0,0.16862821450500112,0.0,0.0,-0.49100865745602806,-0.4875481286204302,0,2742,0
local_plugininstalltimer,32.0,0,0,0.16862821450500112,0.0,0.0,-0.49100865745602806,-0.4875481286204302,0,2743,0
media_kinescope,32.0,0,0,0.16862821450500112,0.0,0.0,-0.49100865745602806,-0.4875481286204302,0,2744,0
qtype_essayannotate,31.0,0,0,0.16714417085083677,0.0,0.0,-0.5058061857926448,-0.48817272375693566,0,2745,0
availability_credit,30.0,0,0,0.16561300690637779,0.0,0.0,-0.5210735546416396,-0.488797318893441,0,2746,0
block_openbook,30.0,0,0,0.16561300690637779,0.0,0.0,-0.5210735546416396,-0.488797318893441,0,2747,0
local_catquiz,30.0,0,0,0.16561300690637779,0.0,0.0,-0.5210735546416396,-0.488797318893441,0,2748,0
block_enrolcode,29.0,0,0,0.26980905277482986,0.0,0.0,1.5016524795681774,0.7880301619712444,0,2749,0
block_quizonepagepaginate,29.0,0,0,0.1640316320117509,0.0,0.0,-0.5368415812413913,-0.48942191402994645,0,2750,0
enrol_semco,29.0,0,0,0.1640316320117509,0.0,0.0,-0.5368415812413913,-0.48942191402994645,0,2751,0
local_honorlockproctoring,28.0,0,0,0.1623966410879442,0.0,0.0,-0.5531442179308517,-0.49004650916645187,0,2752,0
local_och5p,28.0,0,0,0.1623966410879442,0.0,0.0,-0.5531442179308517,-0.49004650916645187,0,2753,0
block_openai_chatbot,27.0,0,0,0.16070427048660144,0.0,0.0,-0.5700189923750898,-0.49067110430295724,0,2754,0
block_qr,26.0,0,0,0.15895034580762385,0.0,0.0,-0.5875075278805203,-0.4912956994394627,0,2755,0
enrol_campusonline,26.0,0,0,0.15895034580762385,0.0,0.0,-0.5875075278805203,-0.4912956994394627,0,2756,0
local_ai_injection,26.0,0,0,0.15895034580762385,0.0,0.0,-0.5875075278805203,-0.4912956994394627,0,2757,0
mod_scratchpad,26.0,0,0,0.15895034580762385,0.0,0.0,-0.5875075278805203,-0.4912956994394627,0,2758,0
mod_timetableevents,26.0,0,0,0.15895034580762385,0.0,0.0,-0.5875075278805203,-0.4912956994394627,0,2759,0
quizaccess_ai,26.0,0,0,0.15895034580762385,0.0,0.0,-0.5875075278805203,-0.4912956994394627,0,2760,0
mod_certifygen,25.0,0,0,0.32791380784425483,0.0,0.0,2.685607013774007,2.062983857426414,0,2761,0
local_quizanalytics,24.0,0,0,0.15523869847808447,0.0,0.0,-0.6245166861894875,-0.49254488971247357,0,2762,0
local_purgeoldassignments,23.0,0,0,0.15326995111304334,0.0,0.0,-0.6441472373798699,-0.49316948484897893,0,2763,0
block_report_free_seats,22.0,0,0,0.15121740248750773,0.0,0.0,-0.6646133782264808,-0.4937940799854843,0,2764,0
availability_week,21.0,0,0,0.14907360007262718,0.0,0.0,-0.6859894185426028,-0.4944186751219898,0,2765,0
mod_pandavideo,21.0,0,0,0.31153964509692156,0.0,0.0,2.4449818745373917,0.9058217545258788,0,2766,0
block_townsquare,20.0,0,0,0.252607471511887,0.0,0.0,1.3301340168472537,0.7824088057426957,0,2767,0
local_coursetemplatewizard,20.0,0,0,0.14683005074880803,0.0,0.0,-0.7083600439623148,-0.49504327025849515,0,2768,0
tool_opensesame,20.0,0,0,0.14683005074880803,0.0,0.0,-0.7083600439623148,-0.49504327025849515,0,2769,0
mod_aiescape,19.0,0,0,0.14447701757937695,0.0,0.0,-0.7318223423279662,-0.49566786539500063,0,2770,0
mod_glaaster,19.0,0,0,0.14447701757937695,0.0,0.0,-0.7318223423279662,-0.49566786539500063,0,2771,0
block_course_checker_info,18.0,0,0,0.14200326441379696,0.0,0.0,-0.756488350273721,-0.496292460531506,0,2772,0
local_guestredirect,18.0,0,0,0.14200326441379696,0.0,0.0,-0.756488350273721,-0.496292460531506,0,2773,0
quiz_downloadquiz,18.0,0,0,0.14200326441379696,0.0,0.0,-0.756488350273721,-0.496292460531506,0,2774,0
repository_pandavideo,18.0,0,0,0.24778068517687593,0.0,0.0,1.2820057105358476,0.7811596154696849,0,2775,0
auth_cognito,17.0,0,0,0.1393957313752499,0.0,0.0,-0.7824882889670952,-0.4969170556680115,0,2776,0
availability_integrityadvocate,17.0,0,0,0.1393957313752499,0.0,0.0,-0.7824882889670952,-0.4969170556680115,0,2777,0
block_loginas,17.0,0,0,0.1393957313752499,0.0,0.0,-0.7824882889670952,-0.4969170556680115,0,2778,0
mod_quizquest,17.0,0,0,0.1393957313752499,0.0,0.0,-0.7824882889670952,-0.4969170556680115,0,2779,0
profilefield_coupon,17.0,0,0,0.1393957313752499,0.0,0.0,-0.7824882889670952,-0.4969170556680115,0,2780,0
block_skillscard,16.0,0,0,0.13663911749687868,0.0,0.0,-0.8099747256792806,-0.49754165080451684,0,2781,0
local_openeducationbadges,16.0,0,0,0.13663911749687868,0.0,0.0,-0.8099747256792806,-0.49754165080451684,0,2782,0
mod_cloudstudio,16.0,0,0,0.30331422276662273,0.0,0.0,2.4021116508470826,2.046528234699629,0,2783,0
mod_pingo,16.0,0,0,0.13663911749687868,0.0,0.0,-0.8099747256792806,-0.49754165080451684,0,2784,0
local_reactforum,15.0,0,0,0.1337153366806694,0.0,0.0,-0.8391279984664448,-0.4981662459410222,0,2785,0
qbank_delayedanswers,15.0,0,0,0.1337153366806694,0.0,0.0,-0.8391279984664448,-0.4981662459410222,0,2786,0
local_activityfilter,14.0,0,0,0.13060279784158352,0.0,0.0,-0.8701633939151912,-0.4987908410775277,0,2787,0
tool_selfsignuphardlifecycle,14.0,0,0,0.13060279784158352,0.0,0.0,-0.8701633939151912,-0.4987908410775277,0,2788,0
quizaccess_honorlock,13.0,0,0,0.1272754363164341,0.0,0.0,-0.9033408050488894,-0.49941543621403306,0,2789,0
format_focusjourney,12.0,0,0,0.12370138569443939,0.0,0.0,-0.9389779746207303,-0.5000400313505385,0,2790,0
media_pandavideo,12.0,0,0,0.12370138569443939,0.0,0.0,-0.9389779746207303,-0.5000400313505385,0,2791,0
tool_deleted_user_anonymizer,12.0,0,0,0.12370138569443939,0.0,0.0,-0.9389779746207303,-0.5000400313505385,0,2792,0
tool_imageoptimizer,12.0,0,0,0.12370138569443939,0.0,0.0,-0.9389779746207303,-0.5000400313505385,0,2793,0
assignsubmission_recording,11.0,0,0,0.11984111694287598,0.0,0.0,-0.9774690500536698,-0.5006646264870439,0,2794,0
local_forumpostratelimit,11.0,0,0,0.11984111694287598,0.0,0.0,-0.9774690500536698,-0.5006646264870439,0,2795,0
local_hlai_grading,11.0,0,0,0.11984111694287598,0.0,0.0,-0.9774690500536698,-0.5006646264870439,0,2796,0
local_newupdate_indicator,11.0,0,0,0.11984111694287598,0.0,0.0,-0.9774690500536698,-0.5006646264870439,0,2797,0
local_wswizard,11.0,0,0,0.11984111694287598,0.0,0.0,-0.9774690500536698,-0.5006646264870439,0,2798,0
mod_vitero,11.0,0,0,0.11984111694287598,0.0,0.0,-0.9774690500536698,-0.5006646264870439,0,2799,0
assignsubmission_responsetemplate,10.0,0,0,0.11564476590245984,0.0,0.0,-1.0193112312164025,-0.5012892216235493,0,2800,0
mod_cobra,10.0,0,0,0.11564476590245984,0.0,0.0,-1.0193112312164025,-0.5012892216235493,0,2801,0
qtype_jack,10.0,0,0,0.11564476590245984,0.0,0.0,-1.0193112312164025,-0.5012892216235493,0,2802,0
qformat_gift_guessit,9.0,0,0,0.1110481834092096,0.0,0.0,-1.0651441550017657,-0.5019138167600548,0,2803,0
assignsubmission_atmegacode,8.0,0,0,0.10596689720508257,0.0,0.0,-1.1158101016408948,-0.5025384118965601,0,2804,0
filter_stackview,8.0,0,0,0.10596689720508257,0.0,0.0,-1.1158101016408948,-0.5025384118965601,0,2805,0
local_aise,8.0,0,0,0.10596689720508257,0.0,0.0,-1.1158101016408948,-0.5025384118965601,0,2806,0
local_oc_calendarcleanup,8.0,0,0,0.10596689720508257,0.0,0.0,-1.1158101016408948,-0.5025384118965601,0,2807,0
media_cloudstudio,8.0,0,0,0.1668645817117477,0.0,0.0,0.057782214075901006,0.7026852207830556,0,2808,0
mod_zipdownload,8.0,0,0,0.10596689720508257,0.0,0.0,-1.1158101016408948,-0.5025384118965601,0,2809,0
tool_userupsert,8.0,0,0,0.10596689720508257,0.0,0.0,-1.1158101016408948,-0.5025384118965601,0,2810,0
auth_coursetransit,7.0,0,0,0.10028650251050204,0.0,0.0,-1.1724498111402446,-0.5031630070330656,0,2811,0
local_aplplot,7.0,0,0,0.10028650251050204,0.0,0.0,-1.1724498111402446,-0.5031630070330656,0,2812,0
local_forumownpostfilter,7.0,0,0,0.10028650251050204,0.0,0.0,-1.1724498111402446,-0.5031630070330656,0,2813,0
local_groupmerge,7.0,0,0,0.10028650251050204,0.0,0.0,-1.1724498111402446,-0.5031630070330656,0,2814,0
local_information_center,7.0,0,0,0.10028650251050204,0.0,0.0,-1.1724498111402446,-0.5031630070330656,0,2815,0
local_moodleappbehat,7.0,0,0,0.10028650251050204,0.0,0.0,-1.1724498111402446,-0.5031630070330656,0,2816,0
local_oc_seasonal_animations,7.0,0,0,0.10028650251050204,0.0,0.0,-1.1724498111402446,-0.5031630070330656,0,2817,0
quizaccess_campla,7.0,0,0,0.10028650251050204,0.0,0.0,-1.1724498111402446,-0.5031630070330656,0,2818,0
tiny_inject_bootstrapjs,7.0,0,0,0.10028650251050204,0.0,0.0,-1.1724498111402446,-0.5031630070330656,0,2819,0
customfield_checkbox_multi,6.0,0,0,0.09384660214626674,0.0,0.0,-1.2366626177226894,-0.503787602169571,0,2820,0
enrol_poasdatabase,6.0,0,0,0.09384660214626674,0.0,0.0,-1.2366626177226894,-0.503787602169571,0,2821,0
availability_plugin,5.0,0,0,0.08641228277270863,0.0,0.0,-1.3107908627274696,-0.5044121973060763,0,2822,0
filter_timezone,5.0,0,0,0.08641228277270863,0.0,0.0,-1.3107908627274696,-0.5044121973060763,0,2823,0
local_forumcare,5.0,0,0,0.08641228277270863,0.0,0.0,-1.3107908627274696,-0.5044121973060763,0,2824,0
local_singleloginlock,5.0,0,0,0.08641228277270863,0.0,0.0,-1.3107908627274696,-0.5044121973060763,0,2825,0
local_textless_forum,5.0,0,0,0.08641228277270863,0.0,0.0,-1.3107908627274696,-0.5044121973060763,0,2826,0
smsgateway_messagebird,5.0,0,0,0.08641228277270863,0.0,0.0,-1.3107908627274696,-0.5044121973060763,0,2827,0
tool_activitydates,5.0,0,0,0.08641228277270863,0.0,0.0,-1.3107908627274696,-0.5044121973060763,0,2828,0
local_fastpix,4.0,0,0,0.18141030796483937,0.0,0.0,0.6017459055384795,1.901799050750571,0,2829,0
mod_exaaifeedback,4.0,0,0,0.07761934923904223,0.0,0.0,-1.398465967675566,-0.5050367924425818,0,2830,0
mod_fastpix,4.0,0,0,0.18141030796483937,0.0,0.0,0.6017459055384795,1.901799050750571,0,2831,0
block_worldclock,3.0,0,0,0.0668576683403347,0.0,0.0,-1.5057716238140446,-0.5056613875790872,0,2832,0
local_volunteer,3.0,0,0,0.0668576683403347,0.0,0.0,-1.5057716238140446,-0.5056613875790872,0,2833,0
mod_customgroups,2.0,0,0,0.052983448602541276,0.0,0.0,-1.6441126754012696,-0.5062859827155927,0,2834,0
mod_typorepo,2.0,0,0,0.052983448602541276,0.0,0.0,-1.6441126754012696,-0.5062859827155927,0,2835,0
repository_cloudstudio,2.0,0,0,0.052983448602541276,0.0,0.0,-1.6441126754012696,-0.5062859827155927,0,2836,0
smsgateway_textmagic,2.0,0,0,0.052983448602541276,0.0,0.0,-1.6441126754012696,-0.5062859827155927,0,2837,0
auth_kipmi,1.0,0,0,0.03342883417016735,0.0,0.0,-1.8390934364878442,-0.506910577852098,0,2838,0
block_bgwidget,1.0,0,0,0.03342883417016735,0.0,0.0,-1.8390934364878442,-0.506910577852098,0,2839,0
block_inferable_mastery_practice,1.0,0,0,0.03342883417016735,0.0,0.0,-1.8390934364878442,-0.506910577852098,0,2840,0
local_aatplugin,1.0,0,0,0.03342883417016735,0.0,0.0,-1.8390934364878442,-0.506910577852098,0,2841,0
local_enrolkeycreator,1.0,0,0,0.03342883417016735,0.0,0.0,-1.8390934364878442,-0.506910577852098,0,2842,0
smsgateway_sinch,1.0,0,0,0.03342883417016735,0.0,0.0,-1.8390934364878442,-0.506910577852098,0,2843,0
tiny_fastpix,1.0,0,0,0.03342883417016735,0.0,0.0,-1.8390934364878442,-0.506910577852098,0,2844,0
tiny_timezone,1.0,0,0,0.03342883417016735,0.0,0.0,-1.8390934364878442,-0.506910577852098,0,2845,0
auth_igovt,0.0,1,1,0.0,1.0,0.0,-0.1724152491616442,1.4924648270113967,0,2846,0
block_attentiontag,0.0,1,0,0.0,0.5,0.0,-1.1724152491616442,0.4924648270113966,0,2847,0
block_continue_course,0.0,1,0,0.0,0.5,0.0,-1.1724152491616442,0.4924648270113966,0,2848,0
block_coursenews,0.0,1,0,0.0,0.5,0.0,-1.1724152491616442,0.4924648270113966,0,2849,0
block_sociallink,0.0,1,0,0.0,0.5,0.0,-1.1724152491616442,0.4924648270113966,0,2850,0
block_topicwordcloud,0.0,1,0,0.0,0.5,0.0,-1.1724152491616442,0.4924648270113966,0,2851,0
datapreset_national_education_network_resources,0.0,1,1,0.0,1.0,0.0,-0.1724152491616442,1.4924648270113967,0,2852,0
local_accessibilitytoolkit,0.0,1,0,0.0,0.5,0.0,-1.1724152491616442,0.4924648270113966,0,2853,0
local_courseheatmappro,0.0,1,0,0.0,0.5,0.0,-1.1724152491616442,0.4924648270113966,0,2854,0
local_coursepersonalisation,0.0,1,0,0.0,0.5,0.0,-1.1724152491616442,0.4924648270113966,0,2855,0
local_courseprogresspro,0.0,1,0,0.0,0.5,0.0,-1.1724152491616442,0.4924648270113966,0,2856,0
local_coursesignal,0.0,0,0,0.0,0.0,0.0,-2.172415249161644,-0.5075351729886034,0,2857,0
local_edc_exporter,0.0,1,0,0.0,0.5,0.0,-1.1724152491616442,0.4924648270113966,0,2858,0
local_haccomp,0.0,1,0,0.0,0.5,0.0,-1.1724152491616442,0.4924648270113966,0,2859,0
local_informationbanner,0.0,0,0,0.0,0.0,0.0,-2.172415249161644,-0.5075351729886034,0,2860,0
local_kwtsms,0.0,1,0,0.0,0.5,0.0,-1.1724152491616442,0.4924648270113966,0,2861,0
local_plannot,0.0,1,0,0.0,0.5,0.0,-1.1724152491616442,0.4924648270113966,0,2862,0
local_quizbulkmarks,0.0,1,0,0.0,0.5,0.0,-1.1724152491616442,0.4924648270113966,0,2863,0
local_reportbuilderpro,0.0,1,0,0.0,0.5,0.0,-1.1724152491616442,0.4924648270113966,0,2864,0
local_simplecert_autoissue,0.0,1,0,0.0,0.5,0.0,-1.1724152491616442,0.4924648270113966,0,2865,0
local_studentsuccesspro,0.0,1,0,0.0,0.5,0.0,-1.1724152491616442,0.4924648270113966,0,2866,0
mod_eledialeitnerflow,0.0,1,0,0.0,0.5,0.0,-1.1724152491616442,0.4924648270113966,0,2867,0
mod_trackedpdf,0.0,1,0,0.0,0.5,0.0,-1.1724152491616442,0.4924648270113966,0,2868,0
paygw_librapay,0.0,1,0,0.0,0.5,0.0,-1.1724152491616442,0.4924648270113966,0,2869,0
qformat_markdown,0.0,1,0,0.0,0.5,0.0,-1.1724152491616442,0.4924648270113966,0,2870,0
qtype_multichoicefixed,0.0,1,0,0.0,0.5,0.0,-1.1724152491616442,0.4924648270113966,0,2871,0
qtype_omerohotspot,0.0,1,0,0.0,0.5,0.0,-1.1724152491616442,0.4924648270113966,0,2872,0
qtype_omerohotspotmulti,0.0,1,0,0.0,0.5,0.0,-1.1724152491616442,0.4924648270113966,0,2873,0
tiny_dictate,0.0,1,0,0.0,0.5,0.0,-1.1724152491616442,0.4924648270113966,0,2874,0
tool_eqwpdfcheck,0.0,1,0,0.0,0.5,0.0,-1.1724152491616442,0.4924648270113966,0,2875,0
tool_forced_settings,0.0,1,0,0.0,0.5,0.0,-1.1724152491616442,0.4924648270113966,0,2876,0
