component,SM,ST,I,V0,V1,V2,installations
mod_certificate,1,1,0.9771900969529086,6.60929377159245,6.6280625484123,0.9771900969529086,4084.0
block_progress,1,1,0.9466326177285318,5.106632052748994,5.47380417780298,0.9466326177285318,2062.0
theme_bootstrap,1,1,0.9387551939058172,5.8372438436184275,6.820479412740953,0.9387551939058172,805.0
qtype_geogebra,1,1,0.9338209833795015,3.6490493354773132,4.957088211574271,0.9338209833795015,1399.0
mod_dataform,1,1,0.9286703601108033,10.79437886423914,9.771176907023122,0.9286703601108033,545.0
block_slider,1,1,0.9281942520775623,3.5213853431442836,4.881754291387191,0.9281942520775623,1195.0
theme_base,1,1,0.9220481301939059,11.55438675429265,16.24613087473901,0.9220481301939059,480.0
theme_canvas,1,1,0.9102319944598338,23.421490018069818,15.708367875912277,0.9102319944598338,385.0
enrol_easy,1,1,0.9082842797783934,3.1972189312398265,4.610251705813205,0.9082842797783934,677.0
assignsubmission_pdf,1,1,0.9045186980609419,3.852634914260076,7.156789001006168,0.9045186980609419,484.0
assignfeedback_pdf,1,1,0.900623268698061,3.8288543666686294,7.117760915283563,0.900623268698061,446.0
mod_aulaplaneta,1,1,0.8970740997229917,6.806099750048765,7.210405254582938,0.8970740997229917,331.0
block_course_overview,1,1,0.8772939750692521,3.01010356992818,4.33204255323356,0.8772939750692521,378.0
tinymce_mathslate,1,1,0.8754761080332409,2.9988391000164425,4.308767258121089,0.8754761080332409,360.0
mod_aulaplanetastudynot,1,1,0.8592451523545706,2.8766874062744052,3.914603085836384,0.8592451523545706,319.0
qbehaviour_adaptivehints,1,1,0.8553497229916898,5.291335663025463,5.570794727489236,0.8553497229916898,192.0
mod_externalcontent,1,1,0.8541810941828254,5.446742220011513,6.108669289505306,0.8541810941828254,181.0
mod_aulaplanetateacher,1,1,0.848424515235457,2.8441456043071627,3.8297767343972486,0.848424515235457,267.0
filter_cincopa,1,1,0.8457842797783934,4.162400585209383,5.121145255044081,0.8457842797783934,174.0
qbehaviour_interactivehints,1,1,0.8411963296398892,3.957316264643394,4.415282797171005,0.8411963296398892,199.0
qbehaviour_adaptivehintsnopenalties,1,1,0.8357427285318559,3.950432421919554,4.388222808094831,0.8357427285318559,188.0
block_formal_langs,1,1,0.8321935595567866,3.9448001869636853,4.36488441130724,0.8321935595567866,179.0
local_leeloolxpcontentapi,1,1,0.8315443213296398,16.926339839964534,12.345215116793483,0.8315443213296398,117.0
profilefield_afaqr,1,1,0.8063971606648199,2.8530267950478354,3.8127992015988292,0.8063971606648199,127.0
mod_wavefront,1,1,0.7828514542936289,2.8311236591083446,3.660001968770867,0.7828514542936289,92.0
filter_easychem,1,1,0.7506492382271468,2.8136011503567526,3.4886539287946237,0.7506492382271468,64.0
gradereport_laegrader,1,1,0.7461478531855956,2.811723738704796,3.466050877651556,0.7461478531855956,61.0
format_flexpage,1,1,0.7301765927977839,5.72267921270348,6.646140336570841,0.7301765927977839,38.0
theme_fordson,1,1,0.7135560941828255,3.9154497251911002,3.8208218459985974,0.7135560941828255,3870.0
mod_googlemeet,1,1,0.7132098337950139,3.8660112183562507,3.810958769814972,0.7132098337950139,3791.0
theme_klass,1,1,0.7113054016620499,3.64385083954142,3.7639403163736596,0.7113054016620499,3436.0
theme_eguru,1,1,0.7106128808864266,3.549980256943604,3.7425949138974355,0.7106128808864266,3286.0
report_coursestats,1,1,0.7074099722991689,3.268994313034142,3.6723380538207984,0.7074099722991689,2837.0
local_bbliveusers,1,1,0.7062413434903048,2.7979560532571166,3.256415028986026,0.7062413434903048,39.0
theme_standard,1,1,0.7037309556786704,2.797330249373131,3.244304451811548,0.7037309556786704,38.0
availability_othercompleted,1,1,0.6983206371191135,2.684493485391742,3.4814112651734304,0.6983206371191135,1903.0
atto_justify,1,1,0.6967624653739612,2.5925003144458825,3.442976883096277,0.6967624653739612,1756.0
mod_groupselect,1,1,0.6930401662049861,2.4373009512174937,3.3701920256298448,0.6930401662049861,1508.0
theme_flexpage,1,1,0.6917416897506925,2.8542595034769036,3.3634782309739153,0.6917416897506925,31.0
block_advnotifications,1,1,0.6915685595567866,2.377849582238877,3.339088006430174,0.6915685595567866,1413.0
theme_enlightlite,1,1,0.6912222991689752,2.3759721705869206,3.3380720579118592,0.6912222991689752,1410.0
local_resourcenotif,1,1,0.6893178670360112,2.343430368619678,3.3201105276528318,0.6893178670360112,1358.0
auth_emailadmin,1,1,0.6868940443213296,2.2714629219613527,3.277816873774915,0.6868940443213296,1243.0
atto_hr,1,1,0.6867209141274238,2.270837118077367,3.277432199650799,0.6867209141274238,1242.0
block_linkedin,1,1,0.6855090027700831,3.566642539278731,5.792583515998386,0.6855090027700831,27.0
tool_brcli,1,1,0.6855090027700831,2.2495597860218624,3.2641657405262956,0.6855090027700831,1208.0
auth_linkedin,1,1,0.6855090027700831,3.566642539278731,5.792583515998386,0.6855090027700831,27.0
block_flexpagemod,1,1,0.6842970914127424,2.8530078957089327,3.3326067297188198,0.6842970914127424,29.0
block_flexpagenav,1,1,0.6842970914127424,2.8530078957089327,3.3326067297188198,0.6842970914127424,29.0
enrol_notificationeabc,1,1,0.6832583102493075,2.1844761820873764,3.2211396988369545,0.6832583102493075,1104.0
mod_activequiz,1,1,0.6829120498614958,2.170708496639697,3.2115200607104377,0.6829120498614958,1082.0
enrol_groupsync,1,1,0.6778912742382271,2.08247014899775,3.144798505500103,0.6778912742382271,941.0
mod_engagement,1,1,0.6777614265927978,4.057048653596485,4.132951459253157,0.6777614265927978,23.0
qformat_hotpot,1,1,0.6771987534626038,2.074960502389925,3.138665828581688,0.6771987534626038,929.0
atto_generico,1,1,0.6761599722991689,2.066825051898114,3.131932150283998,0.6761599722991689,916.0
block_globalad,1,1,0.6760301246537397,2.791072210533277,3.102587995442649,0.6760301246537397,28.0
mod_reservation,1,1,0.6753808864265929,2.0586896014063036,3.1251023261639324,0.6753808864265929,903.0
local_webhooks,1,1,0.6728704986149585,2.01801234894725,3.0894090715356164,0.6728704986149585,838.0
block_simple_clock,1,1,0.6714854570637119,2.004870467383556,3.077283875322688,0.6714854570637119,817.0
local_userenrols,1,1,0.6692347645429363,1.9729544693002983,3.0464903371103143,0.6692347645429363,766.0
atto_wordcount,1,1,0.6673303324099723,1.9535545488967498,3.0267555228102334,0.6673303324099723,735.0
atto_poodll,1,1,0.666637811634349,1.9472965100568953,3.020211751161911,0.666637811634349,725.0
assignfeedback_poodll,1,1,0.6657721606648199,1.93978686344907,3.0122391958159476,0.6657721606648199,713.0
format_collapsibletopics,1,1,0.6650796398891967,1.916632119741609,2.9867857966988636,0.6650796398891967,676.0
block_quiz_results,1,1,0.6643871191135734,1.9078708653658127,2.9767902218538786,0.6643871191135734,662.0
block_moodletxt,1,1,0.6639975761772854,2.788568994997335,3.0315924366116196,0.6639975761772854,24.0
atto_templates4u,1,1,0.6625692520775623,1.8947289838021184,2.961393969893944,0.6625692520775623,641.0
atto_chemistry,1,1,0.6607513850415512,1.874077455630599,2.9361518322794584,0.6607513850415512,608.0
report_assign,1,1,0.6597126038781164,1.8715742400946573,2.932999647906591,0.6597126038781164,604.0
repository_poodll,1,1,0.6597126038781164,1.8715742400946573,2.932999647906591,0.6597126038781164,604.0
qbehaviour_asyncevaluation,1,1,0.6592797783933518,2.716824498007345,2.797980847793612,0.6592797783933518,25.0
auth_uniquelogin,1,1,0.6592797783933518,1.8709484362106719,2.9322083454142103,0.6592797783933518,603.0
block_courseaward_vote,1,1,0.6581977146814405,4.053919634176558,4.021203606275777,0.6581977146814405,18.0
atto_count,1,1,0.6564231301939059,1.854051731343065,2.91033283055033,0.6564231301939059,576.0
datafield_poodll,1,1,0.6560768698060941,1.8521743196911087,2.9078392945081126,0.6560768698060941,573.0
local_analytics,1,1,0.6558171745152355,1.8434130653153125,2.8960277747035246,0.6558171745152355,559.0
calendartype_jalali,1,1,0.6558171745152355,1.8434130653153125,2.8960277747035246,0.6558171745152355,559.0
atto_recordrtc,1,1,0.6555574792243768,1.8421614575473417,2.8943163515986123,0.6555574792243768,557.0
availability_courseprogress,1,1,0.6550380886426592,1.8390324381274143,2.8900108117511367,0.6550380886426592,552.0
atto_pastespecial,1,1,0.6544321329639889,1.83277439928756,2.8812816963851486,0.6544321329639889,542.0
block_mrbs,1,1,0.6539127423822715,1.8290195759836474,2.875966727842183,0.6539127423822715,536.0
mod_webexactivity,1,1,0.6539127423822715,1.8290195759836474,2.875966727842183,0.6539127423822715,536.0
format_board,1,1,0.6528739612188366,1.8215099293758221,2.865156273448429,0.6528739612188366,524.0
report_filetrash,1,1,0.6526142659279779,1.8208841254918366,2.864244276513331,0.6526142659279779,523.0
theme_aardvark,1,1,0.6513157894736843,1.8121228711160406,2.851290309909271,0.6513157894736843,509.0
filter_censor,1,1,0.649671052631579,1.80398742062423,2.838939178418655,0.649671052631579,496.0
filter_multiembed,1,1,0.6476800554016621,1.7939745584804627,2.8232865017716504,0.6476800554016621,480.0
availability_enroldate,1,1,0.6469009695290859,1.791471342944521,2.8192919712719187,0.6469009695290859,476.0
message_culactivity_stream,1,1,0.64538608033241,2.7854399755774075,2.924853448747629,0.64538608033241,19.0
filter_applink,1,1,0.64538608033241,2.7854399755774075,2.924853448747629,0.64538608033241,19.0
qtype_conceptmap,1,1,0.6448234072022161,1.7783294613808267,2.7977552423301097,0.6448234072022161,455.0
mod_tincanlaunch,1,1,0.6433518005540166,1.7689424031210452,2.781755682372029,0.6433518005540166,440.0
mod_debate,1,1,0.6429189750692521,1.76831659923706,2.7806697744197244,0.6429189750692521,439.0
local_dashboard,1,1,0.6423995844875346,1.767064991469089,2.778490534898493,0.6423995844875346,437.0
assignsubmission_geogebra,1,1,0.6417936288088643,1.765813383701118,2.7763013217062706,0.6417936288088643,435.0
local_catdup,1,1,0.6415339335180055,1.7645617759331471,2.7741020431306573,0.6415339335180055,433.0
local_cohortauto,1,1,0.6399757617728532,1.7583037370932928,2.7629513692716934,0.6399757617728532,423.0
qtype_type_calc_sheet,1,1,0.6374653739612188,1.7439102477616277,2.7362732520829267,0.6374653739612188,400.0
profilefield_associated,1,1,0.6374653739612188,1.7439102477616277,2.7362732520829267,0.6374653739612188,400.0
profilefield_multiselect,1,1,0.6369459833795015,1.7420328361096713,2.732681178274989,0.6369459833795015,397.0
report_modstats,1,1,0.6358206371191135,1.737026405037788,2.7229683116223695,0.6358206371191135,389.0
qformat_giftmedia,1,1,0.6346952908587258,1.7320199739659043,2.7130541277676055,0.6346952908587258,381.0
block_remlab_manager,1,1,0.6343490304709142,2.712443870819447,2.647945186126946,0.6343490304709142,18.0
auth_googleoauth2,1,1,0.6340893351800554,1.7270135428940208,2.702930104412837,0.6340893351800554,373.0
atto_filedragdrop,1,1,0.6339162049861495,1.7263877390100355,2.701649401512427,0.6339162049861495,372.0
block_poll,1,1,0.6336565096952909,1.724510327358079,2.697786589827043,0.6336565096952909,369.0
local_lessonexport,1,1,0.6332236842105263,1.7232587195901083,2.6951939425718363,0.6332236842105263,367.0
local_metadata,1,1,0.6320117728531855,1.7182522885182248,2.6846805029330825,0.6320117728531855,359.0
message_jabber,1,1,0.631578947368421,1.7163748768662683,2.6806776155775505,0.631578947368421,356.0
block_heatmap,1,1,0.6294148199445984,1.7107426419103995,2.6684639585087915,0.6294148199445984,347.0
assignfeedback_solutionsheet,1,1,0.6292416897506925,1.710116838026414,2.667087433105449,0.6292416897506925,346.0
portfolio_blogexport,1,1,0.6290685595567866,1.7088652302584433,2.664322441316741,0.6290685595567866,344.0
assignsubmission_snap,1,1,0.6287222991689752,1.7082394263744578,2.662933928737827,0.6287222991689752,343.0
local_disablerightclick,1,1,0.6279432132963989,1.705736210838516,2.6573392187899603,0.6279432132963989,339.0
block_repo_filemanager,1,1,0.6276835180055402,1.7038587991865597,2.6530998210476273,0.6276835180055402,336.0
block_aulaplanetarepo,1,1,0.6269909972299169,1.6994781719986616,2.6430592853006383,0.6269909972299169,329.0
block_aulaplaneta_contentbank,1,1,0.6268178670360112,1.698852368114676,2.6416075626459725,0.6268178670360112,328.0
block_supervised,1,1,0.6259089335180056,2.782936760041466,2.818114460883639,0.6259089335180056,15.0
repository_boxnet,1,1,0.6258656509695291,1.6950975448107635,2.632803469067901,0.6258656509695291,322.0
local_notifyemailsignup,1,1,0.6242209141274238,1.6919685253908363,2.6253408801526077,0.6242209141274238,317.0
local_ganalytics,1,1,0.6224896121883656,1.6882137020869237,2.616229323758379,0.6224896121883656,311.0
repository_skydrive,1,1,0.6206717451523546,1.6825814671310546,2.6022280633020243,0.6206717451523546,302.0
booktool_importepub,1,1,0.62023891966759,1.6819556632470691,2.6006467651758136,0.62023891966759,301.0
local_cnw_smartcohort,1,1,0.6195463988919667,1.680078251595113,2.595871262142037,0.6195463988919667,298.0
portfolio_boxnet,1,1,0.6192001385041551,1.6794524477111274,2.594268774051813,0.6192001385041551,297.0
local_cohort_profile,1,1,0.6190270083102494,1.6769492321751858,2.587804591252718,0.6190270083102494,293.0
assignsubmission_turtlestitch,1,1,0.6187673130193906,1.6756976244072148,2.584539443779182,0.6187673130193906,291.0
block_grade_overview,1,1,0.616516620498615,1.670065389451346,2.569564028656716,0.616516620498615,282.0
theme_classic,1,1,0.615953947368421,2.781685152273495,2.754240754415909,0.615953947368421,13.0
tinymce_managefiles,1,1,0.6141793628808865,1.6606783311915643,2.5435135494937224,0.6141793628808865,267.0
block_courseaward_medal,1,1,0.6140927977839336,2.7099406552835053,2.5348704467299186,0.6140927977839336,14.0
block_verify_certificate,1,1,0.6126211911357341,1.6581751156556226,2.5363202974366477,0.6126211911357341,263.0
filter_imageopt,1,1,0.6114958448753463,1.6562977040036664,2.5308534693897053,0.6114958448753463,260.0
block_quick_user,1,1,0.6101973684210527,1.65442029235171,2.5253234396187416,0.6101973684210527,257.0
theme_contemporary,1,1,0.6097645429362881,1.653168684583739,2.521600913068867,0.6097645429362881,255.0
local_temporary_enrolments,1,1,0.6096346952908587,2.7810593483895096,2.7187917804538397,0.6096346952908587,12.0
theme_elegance,1,1,0.6084660664819945,1.6506654690477973,2.514067808601362,0.6084660664819945,251.0
block_learning_plan,1,1,0.6076869806094183,1.6487880573958411,2.508339090458877,0.6076869806094183,248.0
report_questionnairestats,1,1,0.6056094182825484,1.6406526069040304,2.4826898570633196,0.6056094182825484,235.0
local_wsmanagesections,1,1,0.6043975069252078,1.637523587484103,2.472446590968918,0.6043975069252078,230.0
theme_vxg_boost,1,1,0.6037915512465374,1.6362719797161323,2.468287066953942,0.6037915512465374,228.0
block_notifications,1,1,0.6034452908587258,1.6356461758321468,2.4661936620917126,0.6034452908587258,227.0
atto_sketchfab,1,1,0.6022766620498615,2.780433544505524,2.680503971764553,0.6022766620498615,11.0
quiz_cbmgrades,1,1,0.6007617728531855,1.6275107253403363,2.438111336363421,0.6007617728531855,214.0
datafield_jsignature,1,1,0.600415512465374,1.6268849214563508,2.4358812985362364,0.600415512465374,213.0
block_fn_marking,1,1,0.5998961218836565,1.6262591175723653,2.4336408155289018,0.5998961218836565,212.0
availability_maxviews,1,1,0.5993767313019391,1.6250075098043943,2.4291281193468506,0.5993767313019391,210.0
local_wsgetroles,1,1,0.5977319944598338,1.6218784903844672,2.4176565324578307,0.5977319944598338,205.0
tinymce_recordrtc,1,1,0.5974722991689752,1.6212526865004817,2.415328828363039,0.5974722991689752,204.0
repository_pixabay,1,1,0.5974722991689752,1.6212526865004817,2.415328828363039,0.5974722991689752,204.0
message_telegram,1,1,0.5947887811634349,1.617497863196569,2.4011195980365923,0.5947887811634349,198.0
block_slideshow,1,1,0.5947887811634349,1.617497863196569,2.4011195980365923,0.5947887811634349,198.0
local_culcourse_visibility,1,1,0.5942693905817175,1.6168720593125836,2.398709808317562,0.5942693905817175,197.0
qtype_freehanddrawing,1,1,0.59375,1.6162462554285981,2.396287817079596,0.59375,196.0
quiz_liveviewgrid,1,1,0.5932306094182825,1.6156204515446126,2.3938535001334076,0.5932306094182825,195.0
block_gchat,1,1,0.5926246537396123,1.614368843776642,2.3889473827913426,0.5926246537396123,193.0
block_mynotes,1,1,0.5919321329639889,1.6137430398926564,2.3864753243304335,0.5919321329639889,192.0
filter_slider,1,1,0.5919321329639889,1.6137430398926564,2.3864753243304335,0.5919321329639889,192.0
enrol_badgeenrol,1,1,0.5919321329639889,1.6137430398926564,2.3864753243304335,0.5919321329639889,192.0
block_export_quiz,1,1,0.589941135734072,1.6112398243567148,2.3764573194822765,0.589941135734072,188.0
theme_rebel,1,1,0.589941135734072,1.6112398243567148,2.3764573194822765,0.589941135734072,188.0
block_countdown,1,1,0.5875173130193906,1.6081108049367874,2.3636323623334397,0.5875173130193906,183.0
mod_videofile,1,1,0.5869979224376731,1.6074850010528021,2.361025586140613,0.5869979224376731,182.0
profilefield_masked,1,1,0.5853531855955678,1.6037301777488895,2.3450793679442334,0.5853531855955678,176.0
mod_revealjs,1,1,0.5853531855955678,1.6037301777488895,2.3450793679442334,0.5853531855955678,176.0
auth_saml,1,1,0.5853531855955678,1.6037301777488895,2.3450793679442334,0.5853531855955678,176.0
customfield_dynamic,1,1,0.5846606648199446,1.603104373864904,2.3423692063173367,0.5846606648199446,175.0
tool_downloaddata,1,1,0.5842278393351801,1.6024785699809185,2.3396436020907214,0.5842278393351801,174.0
report_failedemails,1,1,0.5838815789473684,1.601852766096933,2.3369023782703944,0.5838815789473684,173.0
gradingform_erubric,1,1,0.5836218836565097,1.6012269622129476,2.334145354801916,0.5836218836565097,172.0
assignsubmission_onlineaudio,1,1,0.5826696675900277,1.5999753544449768,2.328583172972627,0.5826696675900277,170.0
filter_medimgviewer,1,1,0.581933864265928,2.778556132853568,2.542893482645467,0.581933864265928,8.0
filter_filmsondemand,1,1,0.581933864265928,2.778556132853568,2.542893482645467,0.581933864265928,8.0
enrol_saml,1,1,0.5810249307479225,1.5974721389090352,2.317260934387423,0.5810249307479225,166.0
scormreport_trends,1,1,0.5798995844875346,1.5955947272570787,2.3085898404990486,0.5798995844875346,163.0
theme_evolved,1,1,0.5779085872576177,1.591839903953166,2.290761357742073,0.5779085872576177,157.0
repository_geogebratube,1,1,0.5771295013850415,1.5905882961851951,2.2846677435199823,0.5771295013850415,155.0
filter_collapsible,1,1,0.5765235457063712,1.58996249230121,2.281591576985584,0.5765235457063712,154.0
gradereport_multigrader,1,1,0.5765235457063712,1.58996249230121,2.281591576985584,0.5765235457063712,154.0
local_ciabinitialsprofilepics,1,1,0.5747056786703602,1.5880850806492535,2.272242570972402,0.5747056786703602,151.0
tool_imageoptimize,1,1,0.5747056786703602,1.5880850806492535,2.272242570972402,0.5747056786703602,151.0
block_fn_mentor,1,1,0.5747056786703602,1.5880850806492535,2.272242570972402,0.5747056786703602,151.0
block_teaching_team,1,1,0.5747056786703602,1.5880850806492535,2.272242570972402,0.5747056786703602,151.0
block_low_wizard,1,1,0.5745758310249307,4.056639728815844,3.5076841757111565,0.5745758310249307,5.0
atto_code,1,1,0.573753462603878,1.587459276765268,2.2690851849374165,0.573753462603878,150.0
webservice_restjson,1,1,0.573753462603878,1.587459276765268,2.2690851849374165,0.573753462603878,150.0
block_catalogue,1,1,0.5733206371191135,1.5868334728812825,2.265906819439365,0.5733206371191135,149.0
tinymce_poodll,1,1,0.5730609418282548,1.586207668997297,2.262707193813416,0.5730609418282548,148.0
customfield_duration,1,1,0.5713296398891967,1.5849560612293263,2.2562430110143215,0.5713296398891967,146.0
repository_coursefilearea,1,1,0.5707236842105263,1.5843302573453408,2.252977863540785,0.5707236842105263,145.0
theme_archaius,1,1,0.5701177285318559,1.5837044534613554,2.249690275015074,0.5701177285318559,144.0
atto_mediagallery,1,1,0.5701177285318559,1.5837044534613554,2.249690275015074,0.5701177285318559,144.0
theme_schoollege,1,1,0.5689923822714682,1.5824528456933846,2.2430465258875376,0.5689923822714682,142.0
block_homework,1,1,0.5689923822714682,1.5824528456933846,2.2430465258875376,0.5689923822714682,142.0
block_simple_certificate,1,1,0.5682998614958449,1.5818270418093991,2.239689724409591,0.5682998614958449,141.0
block_enroleasy,1,1,0.5682998614958449,1.5818270418093991,2.239689724409591,0.5682998614958449,141.0
atto_computing,1,1,0.5682998614958449,1.5818270418093991,2.239689724409591,0.5682998614958449,141.0
qtype_correctwriting,1,1,0.5682998614958449,1.5818270418093991,2.239689724409591,0.5682998614958449,141.0
report_graphic,1,1,0.5670013850415512,1.5786980223894718,2.222543005170924,0.5670013850415512,136.0
block_simple_calculator,1,1,0.566308864265928,1.5780722185054863,2.219038650687573,0.566308864265928,135.0
mod_notetaker,1,1,0.566308864265928,1.5780722185054863,2.219038650687573,0.566308864265928,135.0
block_exalib,1,1,0.5654432132963989,1.577446414621501,2.2155084335755997,0.5654432132963989,134.0
plagiarism_unicheck,1,1,0.5654432132963989,1.577446414621501,2.2155084335755997,0.5654432132963989,134.0
profilefield_autocomplete,1,1,0.5650103878116344,1.5768206107375156,2.211951969255326,0.5650103878116344,133.0
filter_cvod,1,1,0.564967105263158,2.777304525085597,2.422679174177512,0.564967105263158,6.0
atto_subtitle,1,1,0.5626731301939059,1.5724399835496174,2.186287609695757,0.5626731301939059,126.0
profilefield_cpf,1,1,0.5626731301939059,1.5724399835496174,2.186287609695757,0.5626731301939059,126.0
block_horario,1,1,0.5616343490304709,1.571814179665632,2.182506228362965,0.5616343490304709,125.0
block_forum_aggregator,1,1,0.5616343490304709,1.571814179665632,2.182506228362965,0.5616343490304709,125.0
qbehaviour_survey,1,1,0.5607686980609419,1.5711883757816465,2.1786947161840446,0.5607686980609419,124.0
enrol_pagseguro,1,1,0.5607686980609419,1.5711883757816465,2.1786947161840446,0.5607686980609419,124.0
enrol_elediacohortgreeting,1,1,0.5607686980609419,1.5711883757816465,2.1786947161840446,0.5607686980609419,124.0
block_coursefiles,1,1,0.5601627423822715,1.570562571897661,2.1748525891215937,0.5601627423822715,123.0
tinymce_glatex,1,1,0.5601627423822715,1.570562571897661,2.1748525891215937,0.5601627423822715,123.0
theme_decaf,1,1,0.5589508310249307,1.5693109641296903,2.167074495021302,0.5589508310249307,121.0
mod_advmindmap,1,1,0.5574792243767313,1.5680593563617196,2.159167831575375,0.5574792243767313,119.0
qtype_jme,1,1,0.5574792243767313,1.5680593563617196,2.159167831575375,0.5574792243767313,119.0
booktool_exportepub,1,1,0.5570463988919667,1.567433552477734,2.155164944219843,0.5570463988919667,118.0
atto_fontawesomepicker,1,1,0.5561807479224377,1.5661819447097631,2.147057254400896,0.5561807479224377,116.0
theme_morecandy,1,1,0.5561807479224377,1.5661819447097631,2.147057254400896,0.5561807479224377,116.0
tool_navdb,1,1,0.5554016620498615,1.5655561408257777,2.1429512871510834,0.5554016620498615,115.0
availability_game,1,1,0.5533240997229917,1.563052925289836,2.12616562636274,0.5533240997229917,111.0
atto_imagedragdrop,1,1,0.5526315789473684,1.5624271214058505,2.1218755326055696,0.5526315789473684,110.0
quiz_mcq,1,1,0.5516793628808865,1.5611755136378795,2.113178161229477,0.5516793628808865,108.0
block_time,1,1,0.5506405817174516,1.5605497097538943,2.1087694457116095,0.5506405817174516,107.0
theme_pioneer,1,1,0.5506405817174516,1.5605497097538943,2.1087694457116095,0.5506405817174516,107.0
quizaccess_offlinemode,1,1,0.5506405817174516,1.5605497097538943,2.1087694457116095,0.5506405817174516,107.0
filter_ipa,1,1,0.5506405817174516,1.5605497097538943,2.1087694457116095,0.5506405817174516,107.0
availability_otherenrolled,1,1,0.5497749307479225,1.5599239058699088,2.1043197182978393,0.5497749307479225,106.0
format_collapsibleweeks,1,1,0.5487361495844876,1.5592981019859233,2.0998282087948996,0.5487361495844876,105.0
theme_aigne,1,1,0.5487361495844876,1.5592981019859233,2.0998282087948996,0.5487361495844876,105.0
report_forumgraph,1,1,0.5487361495844876,1.5592981019859233,2.0998282087948996,0.5487361495844876,105.0
local_vxg_menus,1,1,0.5469182825484764,1.5580464942179524,2.090716652400671,0.5469182825484764,103.0
auth_azureb2c,1,1,0.5460526315789473,1.557420690333967,2.0860949522194336,0.5460526315789473,102.0
format_fntabs,1,1,0.5451004155124655,1.5567948864499814,2.0814281615684864,0.5451004155124655,101.0
availability_enrol,1,1,0.5451004155124655,1.5567948864499814,2.0814281615684864,0.5451004155124655,101.0
theme_rocket,1,1,0.5441481994459834,1.556169082565996,2.076715391944317,0.5441481994459834,100.0
tool_adhoc,1,1,0.5433691135734072,1.5555432786820107,2.0719557283200545,0.5433691135734072,99.0
theme_simple,1,1,0.542503462603878,1.5549174747980252,2.067148228079165,0.542503462603878,98.0
auth_leeloolxp_tracking_sso,1,1,0.5420273545706371,4.423850851621163,4.463222411255746,0.5420273545706371,2.0
block_public_files,1,1,0.5412049861495845,1.5536658670300543,2.0573858025529455,0.5412049861495845,96.0
block_searchcourses,1,1,0.5412049861495845,1.5536658670300543,2.0573858025529455,0.5412049861495845,96.0
filter_scratch,1,1,0.539819944598338,1.5511626514941126,2.0372421000025076,0.539819944598338,92.0
profilefield_dynamicmenu,1,1,0.5393005540166205,1.5505368476101271,2.0320707820950425,0.5393005540166205,91.0
block_videochat,1,1,0.5393005540166205,1.5505368476101271,2.0320707820950425,0.5393005540166205,91.0
block_fbcomments,1,1,0.5393005540166205,1.5505368476101271,2.0320707820950425,0.5393005540166205,91.0
block_ajax_marking,1,1,0.5383483379501386,1.5499110437261416,2.026842945932941,0.5383483379501386,90.0
repository_recordaudio,1,1,0.5383483379501386,1.5499110437261416,2.026842945932941,0.5383483379501386,90.0
block_formillalivechat,1,1,0.5383483379501386,1.5499110437261416,2.026842945932941,0.5383483379501386,90.0
block_course_status_tracker,1,1,0.5373961218836565,1.5492852398421562,2.0215573424562887,0.5373961218836565,89.0
block_inactiveuseralert,1,1,0.5360976454293629,1.5480336320741854,2.0108076260789405,0.5360976454293629,87.0
local_leeloolxp_web_login_tracking,1,1,0.5359677977839336,3.9823920162899125,2.9237500825741347,0.5359677977839336,2.0
format_mindmap,1,1,0.5353185595567866,1.5474078281902,2.0053407980319973,0.5353185595567866,86.0
block_dataformaccessfield,1,1,0.5353185595567866,1.5474078281902,2.0053407980319973,0.5353185595567866,86.0
report_deviceanalytics,1,1,0.5342797783933518,1.5467820243062145,1.9998107682610333,0.5342797783933518,85.0
assignsubmission_mediagallery,1,1,0.5342797783933518,1.5467820243062145,1.9998107682610333,0.5342797783933518,85.0
block_course_menu,1,1,0.5342797783933518,1.5467820243062145,1.9998107682610333,0.5342797783933518,85.0
theme_dynamic,1,1,0.5314231301939059,1.5449046126542583,1.9828264191011695,0.5314231301939059,82.0
mod_jupyternotebook,1,1,0.5291724376731302,1.5430272010023018,1.9652167404560634,0.5291724376731302,79.0
qbehaviour_interactiveexplain,1,1,0.5291724376731302,1.5430272010023018,1.9652167404560634,0.5291724376731302,79.0
block_dataformnotification,1,1,0.5291724376731302,1.5430272010023018,1.9652167404560634,0.5291724376731302,79.0
local_wikiexport,1,1,0.5277873961218837,1.5424013971183164,1.959199777503676,0.5277873961218837,78.0
local_importtosection,1,1,0.5277873961218837,1.5424013971183164,1.959199777503676,0.5277873961218837,78.0
gradeexport_apogee,1,1,0.5262292243767313,1.5417755932343309,1.9531061632815852,0.5262292243767313,77.0
block_resetcompletion,1,1,0.5262292243767313,1.5417755932343309,1.9531061632815852,0.5262292243767313,77.0
block_sms,1,1,0.5262292243767313,1.5417755932343309,1.9531061632815852,0.5262292243767313,77.0
block_mycoursestatus,1,1,0.5262292243767313,1.5417755932343309,1.9531061632815852,0.5262292243767313,77.0
block_completeyourprofile,1,1,0.5247576177285318,1.5411497893503454,1.9469339196112103,0.5247576177285318,76.0
report_daily,1,1,0.5233725761772854,1.5405239854663602,1.940680990734005,0.5233725761772854,75.0
local_zilink,1,1,0.5220308171745153,9.043001230312411,5.911048349740711,0.5220308171745153,1.0
block_user_preferences,1,1,0.5217278393351801,6.281280817216365,7.253988848054299,0.5217278393351801,1.0
block_enrol_duration,1,1,0.5216412742382271,1.5398981815823747,1.9343452392009681,0.5216412742382271,74.0
block_remaining_lesson_timer,1,1,0.5216412742382271,1.5398981815823747,1.9343452392009681,0.5216412742382271,74.0
local_loginas,1,1,0.5216412742382271,1.5398981815823747,1.9343452392009681,0.5216412742382271,74.0
auth_onelogin_saml,1,1,0.5199099722991689,1.5392723776983892,1.9279244414862584,0.5199099722991689,73.0
gradeexport_pdf,1,1,0.5199099722991689,1.5392723776983892,1.9279244414862584,0.5199099722991689,73.0
mod_eduplayer,1,1,0.5199099722991689,1.5392723776983892,1.9279244414862584,0.5199099722991689,73.0
block_side_bar,1,1,0.5199099722991689,1.5392723776983892,1.9279244414862584,0.5199099722991689,73.0
filter_learn360,1,1,0.5197801246537396,2.7748013095496553,2.017380811287759,0.5197801246537396,2.0
local_applications,1,1,0.5197801246537396,2.7748013095496553,2.017380811287759,0.5197801246537396,2.0
block_dataformaccessentry,1,1,0.5186114958448753,1.5386465738144037,1.9214162833023885,0.5186114958448753,72.0
atto_matrix,1,1,0.5186114958448753,1.5386465738144037,1.9214162833023885,0.5186114958448753,72.0
repository_pod,1,1,0.5186114958448753,1.5386465738144037,1.9214162833023885,0.5186114958448753,72.0
qformat_canvas,1,1,0.5186114958448753,1.5386465738144037,1.9214162833023885,0.5186114958448753,72.0
block_semantic_web,1,1,0.5177025623268698,4.685592044161391,5.18420765990028,0.5177025623268698,1.0
block_gismo,1,1,0.5166204986149585,1.537394966046433,1.9081281441711937,0.5166204986149585,70.0
local_notifycohorts,1,1,0.5166204986149585,1.537394966046433,1.9081281441711937,0.5166204986149585,70.0
block_quick_course,1,1,0.5166204986149585,1.537394966046433,1.9081281441711937,0.5166204986149585,70.0
theme_photo,1,1,0.5166204986149585,1.537394966046433,1.9081281441711937,0.5166204986149585,70.0
calendartype_hijri,1,1,0.5166204986149585,1.537394966046433,1.9081281441711937,0.5166204986149585,70.0
local_bs_badge_pool,1,1,0.5148891966759003,1.5367691621624475,1.9013430339883342,0.5148891966759003,69.0
block_eledia_course_archiving,1,1,0.5148891966759003,1.5367691621624475,1.9013430339883342,0.5148891966759003,69.0
mod_groupformation,1,1,0.5135041551246537,1.536143358278462,1.8944602929759569,0.5135041551246537,68.0
block_dyslexic,1,1,0.5135041551246537,1.536143358278462,1.8944602929759569,0.5135041551246537,68.0
auth_lenauth,1,1,0.5135041551246537,1.536143358278462,1.8944602929759569,0.5135041551246537,68.0
atto_structure,1,1,0.5135041551246537,1.536143358278462,1.8944602929759569,0.5135041551246537,68.0
mod_qcreate,1,1,0.5120325484764543,1.5355175543944766,1.887477070449176,0.5120325484764543,67.0
block_dataformaccessview,1,1,0.5120325484764543,1.5355175543944766,1.887477070449176,0.5120325484764543,67.0
filter_multilangsecond,1,1,0.5100415512465374,1.534891750510491,1.8803903890169287,0.5100415512465374,66.0
tool_leeloolxp_sync,1,1,0.5095654432132964,3.981766212405927,2.7297989914548237,0.5095654432132964,1.0
report_questionstats,1,1,0.508569944598338,1.5342659466265056,1.873197136959854,0.508569944598338,65.0
qformat_htmltable,1,1,0.5076177285318559,1.5336401427425201,1.8658940600262646,0.5076177285318559,64.0
mod_richmedia,1,1,0.5076177285318559,1.5336401427425201,1.8658940600262646,0.5076177285318559,64.0
theme_crisp,1,1,0.5076177285318559,1.5336401427425201,1.8658940600262646,0.5076177285318559,64.0
block_cmanager,1,1,0.5064923822714682,1.5330143388585349,1.8584777525920733,0.5064923822714682,63.0
block_dataform_view,1,1,0.5064923822714682,1.5330143388585349,1.8584777525920733,0.5064923822714682,63.0
atto_qrcode,1,1,0.5064923822714682,1.5330143388585349,1.8584777525920733,0.5064923822714682,63.0
local_megamenu,1,1,0.5064923822714682,1.5330143388585349,1.8584777525920733,0.5064923822714682,63.0
block_search_course,1,1,0.5050207756232687,1.5323885349745494,1.8509446481245684,0.5050207756232687,62.0
theme_educator,1,1,0.5050207756232687,1.5323885349745494,1.8509446481245684,0.5050207756232687,62.0
tool_genmobilecss,1,1,0.5050207756232687,1.5323885349745494,1.8509446481245684,0.5050207756232687,62.0
block_case_repository,1,1,0.5039819944598338,3.0899032711064143,2.9244477979418635,0.5039819944598338,1.0
block_my_courses,1,1,0.5031163434903048,1.531762731090564,1.8432910088831966,0.5031163434903048,61.0
block_dukreminder,1,1,0.5031163434903048,1.531762731090564,1.8432910088831966,0.5031163434903048,61.0
mod_teambuilder,1,1,0.5031163434903048,1.531762731090564,1.8432910088831966,0.5031163434903048,61.0
block_sitenews,1,1,0.5031163434903048,1.531762731090564,1.8432910088831966,0.5031163434903048,61.0
local_coursefiles,1,1,0.5017313019390581,1.5311369272065787,1.8355129147829052,0.5017313019390581,60.0
block_bs_recent_badges,1,1,0.5017313019390581,1.5311369272065787,1.8355129147829052,0.5017313019390581,60.0
local_bs_badge_ladder,1,1,0.5007790858725762,1.5305111233225932,1.8276062513369777,0.5007790858725762,59.0
enrol_metabulk,1,1,0.5007790858725762,1.5305111233225932,1.8276062513369777,0.5007790858725762,59.0
mod_dataformembed,1,1,0.5007790858725762,1.5305111233225932,1.8276062513369777,0.5007790858725762,59.0
block_login_info,1,1,0.4992209141274238,1.5298853194386077,1.819566696586526,0.4992209141274238,58.0
gradereport_sitewideuser,1,1,0.4992209141274238,1.5298853194386077,1.819566696586526,0.4992209141274238,58.0
local_recyclebin,1,1,0.4992209141274238,1.5298853194386077,1.819566696586526,0.4992209141274238,58.0
mod_customcert,1,0,0.9963209833795014,27.93418407991373,9.490713299373091,0.4981604916897507,31808.0
mod_ipal,1,1,0.49722991689750695,1.5292595155546223,1.8113897069126863,0.49722991689750695,57.0
theme_joomdlebs,1,1,0.49722991689750695,1.5292595155546223,1.8113897069126863,0.49722991689750695,57.0
local_gradebook,1,1,0.49722991689750695,1.5292595155546223,1.8113897069126863,0.49722991689750695,57.0
local_lpautocomplete,1,1,0.49722991689750695,1.5292595155546223,1.8113897069126863,0.49722991689750695,57.0
booktool_wordimport,1,0,0.9934643351800554,13.326192647007112,9.246966982431104,0.4967321675900277,8282.0
filter_wiris,1,0,0.9916031855955678,9.702362755673049,10.523530098424825,0.4958015927977839,5183.0
enrol_zilink,1,1,0.4958015927977839,3.8168502478550046,2.1546976599943712,0.4958015927977839,1.0
enrol_zilink_guardian,1,1,0.4958015927977839,3.8168502478550046,2.1546976599943712,0.4958015927977839,1.0
enrol_zilink_cohort,1,1,0.4958015927977839,3.8168502478550046,2.1546976599943712,0.4958015927977839,1.0
block_xp,1,0,0.991430055401662,11.529336725299338,7.512690054531221,0.495715027700831,11302.0
format_periods,1,1,0.49549861495844877,1.5286337116706368,1.8030705016149189,0.49549861495844877,56.0
local_kopere_dashboard,1,0,0.9893524930747923,9.257054982864904,7.558215251410425,0.49467624653739617,5857.0
local_vxg_dashboard,1,1,0.4942001385041551,1.5280079077866513,1.7946040461243435,0.4942001385041551,55.0
filter_mediagallery,1,1,0.4942001385041551,1.5280079077866513,1.7946040461243435,0.4942001385041551,55.0
quizaccess_passgrade,1,1,0.4942001385041551,1.5280079077866513,1.7946040461243435,0.4942001385041551,55.0
tinymce_sketch,1,1,0.4942001385041551,1.5280079077866513,1.7946040461243435,0.4942001385041551,55.0
block_eexcess,1,1,0.4933777700831025,2.77417550566567,1.8234297201684482,0.4933777700831025,1.0
tool_certificate,1,0,0.9865391274238227,9.528195789674506,6.912165931513633,0.49326956371191133,9953.0
mod_attendance,1,0,0.9858466066481995,17.470780588652456,6.455530875483987,0.4929233033240997,23038.0
block_annotate,1,1,0.49272853185595566,1.5273821039026658,1.7859850337045338,0.49272853185595566,54.0
local_course_announcement,1,1,0.49272853185595566,1.5273821039026658,1.7859850337045338,0.49272853185595566,54.0
block_meet_the_students,1,1,0.49272853185595566,1.5273821039026658,1.7859850337045338,0.49272853185595566,54.0
auth_emailotp,1,1,0.49272853185595566,1.5273821039026658,1.7859850337045338,0.49272853185595566,54.0
report_mygrades,1,1,0.49272853185595566,1.5273821039026658,1.7859850337045338,0.49272853185595566,54.0
mod_supervideo,1,0,0.9844615650969528,7.1089119424855705,6.636256051800432,0.4922307825484764,4435.0
mod_checklist,1,0,0.9832496537396123,8.432920896134748,5.983992985687143,0.49162482686980613,8596.0
local_usersynccsv,1,1,0.49125692520775627,1.5267563000186803,1.7772078654732124,0.49125692520775627,53.0
block_search_course_category,1,1,0.49125692520775627,1.5267563000186803,1.7772078654732124,0.49125692520775627,53.0
mod_simplecertificate,1,0,0.9794407894736843,6.004176022387261,5.696771272182107,0.48972039473684215,4715.0
block_login_logout,1,1,0.4896987534626039,1.5261304961346949,1.768266628556503,0.4896987534626039,52.0
theme_afterburner,1,1,0.4896987534626039,1.5261304961346949,1.768266628556503,0.4896987534626039,52.0
qbehaviour_adaptivemultipart,0,1,0.9787049861495845,6.7713678692615,5.854931416582069,0.4893524930747922,4244.0
filter_poodll,1,0,0.9773632271468145,12.16699345329195,10.152111788459427,0.4886816135734072,2291.0
qtype_wq,1,0,0.9763677285318559,10.835881137771452,9.381514855643319,0.48818386426592797,2239.0
message_slack,1,1,0.48788088642659283,1.5255046922507096,1.7591550721622744,0.48788088642659283,51.0
atto_easychem,1,1,0.48788088642659283,1.5255046922507096,1.7591550721622744,0.48788088642659283,51.0
tinymce_html_components,1,1,0.4858898891966759,1.5248788883667241,1.7498665813300898,0.4858898891966759,50.0
theme_sharp,1,1,0.4858898891966759,1.5248788883667241,1.7498665813300898,0.4858898891966759,50.0
theme_anomaly,1,1,0.4858898891966759,1.5248788883667241,1.7498665813300898,0.4858898891966759,50.0
qbehaviour_adaptive_adapted_for_coderunner,1,0,0.9689231301939059,4.65127390181032,5.310875683208913,0.48446156509695293,4220.0
mod_questionnaire,1,0,0.9668022853185596,12.322725774124226,5.147372618952182,0.4834011426592798,16857.0
auth_zilink_guardian,1,1,0.48320637119113574,2.6501121327388546,1.3907911266279487,0.48320637119113574,1.0
assignment_onlineaudio,1,1,0.48320637119113574,1.5242530844827387,1.7403941480816574,0.48320637119113574,49.0
local_adminer,1,0,0.9650709833795014,6.435248305058812,4.9669435844008385,0.4825354916897507,5783.0
local_aws,1,0,0.9648978531855956,5.4968411373390795,6.220492172154053,0.4824489265927978,1859.0
qformat_wordtable,1,0,0.9644650277008311,5.593013930884975,5.043762218319541,0.48223251385041555,4339.0
profilefield_dynamicmultiselect,1,1,0.4806959833795014,1.5236272805987534,1.7307303396566134,0.4806959833795014,48.0
report_coursemodstats,1,1,0.4806959833795014,1.5236272805987534,1.7307303396566134,0.4806959833795014,48.0
mod_mediagallery,1,0,0.9609158587257618,7.75262246495062,7.739112891866265,0.4804579293628809,1373.0
mod_hotpot,1,0,0.959703947368421,4.49079016604646,4.498616177573622,0.4798519736842105,4342.0
tool_datatables,1,1,0.4784452908587258,1.523001476714768,1.7208672634729871,0.4784452908587258,47.0
theme_serenity,1,1,0.4784452908587258,1.523001476714768,1.7208672634729871,0.4784452908587258,47.0
tool_uploadexternalcontentresults,1,1,0.4784452908587258,1.523001476714768,1.7208672634729871,0.4784452908587258,47.0
assignment_poodllonline,1,1,0.4784452908587258,1.523001476714768,1.7208672634729871,0.4784452908587258,47.0
block_activity_track,1,1,0.4784452908587258,1.523001476714768,1.7208672634729871,0.4784452908587258,47.0
theme_uikit,1,1,0.4784452908587258,1.523001476714768,1.7208672634729871,0.4784452908587258,47.0
block_enrollment,1,1,0.4784452908587258,1.523001476714768,1.7208672634729871,0.4784452908587258,47.0
local_kopere_bi,1,0,0.9567174515235457,4.3487448446984605,4.848967474970248,0.47835872576177285,2301.0
theme_mb2nl,1,0,0.955029432132964,3.9582310607748514,4.394294174513515,0.477514716066482,3491.0
mod_coursebadges,1,1,0.4767139889196676,1.5223756728307825,1.7107965283985118,0.4767139889196676,46.0
filter_toc,1,1,0.4767139889196676,1.5223756728307825,1.7107965283985118,0.4767139889196676,46.0
theme_sky_high,1,1,0.4767139889196676,1.5223756728307825,1.7107965283985118,0.4767139889196676,46.0
qtype_multichoiceset,0,1,0.9509175900277008,4.195007878589683,4.205212838678737,0.4754587950138504,3985.0
block_enrolltranscripts,1,1,0.4753289473684211,1.521749868946797,1.700509201856646,0.4753289473684211,45.0
block_semester_sortierung,1,1,0.4753289473684211,1.521749868946797,1.700509201856646,0.4753289473684211,45.0
enrol_lmb,1,1,0.4753289473684211,1.521749868946797,1.700509201856646,0.4753289473684211,45.0
qformat_simplecsv,1,1,0.4753289473684211,1.521749868946797,1.700509201856646,0.4753289473684211,45.0
filter_generico,1,0,0.948450484764543,3.4037688195637523,4.254303412839501,0.4742252423822715,2605.0
mod_vpl,1,0,0.9481042243767313,3.3756076447844077,4.245971326371745,0.4740521121883656,2560.0
availability_dataformcontent,1,1,0.4736842105263158,1.5211240650628115,1.6899957622178918,0.4736842105263158,44.0
block_socialshare,1,1,0.4736842105263158,1.5211240650628115,1.6899957622178918,0.4736842105263158,44.0
theme_eadtraining,1,0,0.946546052631579,3.2373049864236254,4.202802431986833,0.4732730263157895,2339.0
mod_offlinequiz,1,0,0.944641620498615,3.1058861707866834,4.157824412876442,0.4723208102493075,2129.0
filter_shortcodes,1,0,0.9443386426592798,3.5473008586647534,4.061402051813825,0.4721693213296399,2950.0
local_searchquestions,1,1,0.47212603878116344,1.520498261178826,1.6792460458405432,0.47212603878116344,43.0
theme_splash,1,1,0.47212603878116344,1.520498261178826,1.6792460458405432,0.47212603878116344,43.0
theme_fusion,1,1,0.47212603878116344,1.520498261178826,1.6792460458405432,0.47212603878116344,43.0
qbehaviour_dfcbmexplicitvaildate,0,1,0.9437326869806094,3.419760895670435,4.256079222177288,0.4718663434903047,2632.0
local_recompletion,1,0,0.9436028393351801,3.054570252299878,4.139045522552417,0.47180141966759004,2047.0
qbehaviour_dfexplicitvaildate,0,1,0.9435595567867037,3.416006072366522,4.25498794661449,0.47177977839335183,2626.0
block_twitter,1,1,0.4699619113573407,1.5198724572948406,1.6682491880226367,0.4699619113573407,42.0
tool_themetester,1,1,0.4699619113573407,1.5198724572948406,1.6682491880226367,0.4699619113573407,42.0
theme_darkb,1,1,0.4699619113573407,1.5198724572948406,1.6682491880226367,0.4699619113573407,42.0
logstore_trax,1,1,0.4699619113573407,1.5198724572948406,1.6682491880226367,0.4699619113573407,42.0
enrol_temporaryaccess,1,1,0.4676246537396122,1.519246653410855,1.6569935570052574,0.4676246537396122,41.0
local_boostnavigation,0,1,0.9337777008310248,2.9167734614582046,3.7868796519246404,0.4668888504155124,1981.0
qtype_multichoicewiris,1,0,0.9329120498614958,2.914235978389441,3.7002953478715925,0.4664560249307479,2021.0
logstore_lanalytics,0,1,0.9326956371191135,2.6296494150737644,3.946377320102391,0.46634781855955676,1368.0
qtype_shortanswerwiris,1,0,0.9325657894736842,2.8954618618698778,3.6931451064019276,0.4662828947368421,1991.0
qtype_multianswerwiris,1,0,0.9322195290858726,2.8735587259303874,3.6846657865428125,0.4661097645429363,1956.0
qtype_truefalsewiris,1,0,0.9320463988919667,2.858539432714737,3.678763288029356,0.46602319944598336,1932.0
qtype_matchwiris,1,0,0.9318732686980609,2.856662021062781,3.678020328137475,0.46593663434903043,1929.0
qtype_essaywiris,1,0,0.9316135734072022,2.8560362171787954,3.677772418182426,0.4658067867036011,1928.0
block_panopto,1,0,0.9313971606648199,3.4974286128099283,4.611068451127118,0.46569858033240996,825.0
mod_interactivevideo,1,0,0.9311374653739612,2.6008624364104342,3.9300282224980965,0.4655687326869806,1322.0
theme_leatherbound,1,1,0.4654605263157895,1.5186208495268698,1.6454666800222548,0.4654605263157895,40.0
qtype_ordering,1,0,0.9288867728531855,2.531398205288051,3.8881110925471773,0.4644433864265928,1211.0
theme_overlay,1,1,0.4632098337950139,1.5179950456428843,1.6336551602176668,0.4632098337950139,39.0
tinymce_virtualkeyboard,1,1,0.4632098337950139,1.5179950456428843,1.6336551602176668,0.4632098337950139,39.0
theme_formfactor,1,1,0.4632098337950139,1.5179950456428843,1.6336551602176668,0.4632098337950139,39.0
webservice_restful,1,0,0.9228704986149585,2.475924609281682,3.646277758061429,0.46143524930747926,1238.0
block_game,1,0,0.9217018698060941,2.3668117837998803,3.771099792594536,0.46085093490304707,948.0
block_unanswered_discussions,1,1,0.46069944598337953,1.5173692417588989,1.6215445830431883,0.46069944598337953,38.0
plagiarism_vericite,1,1,0.46069944598337953,1.5173692417588989,1.6215445830431883,0.46069944598337953,38.0
theme_boxxie,1,1,0.46069944598337953,1.5173692417588989,1.6215445830431883,0.46069944598337953,38.0
theme_magazine,1,1,0.46069944598337953,1.5173692417588989,1.6215445830431883,0.46069944598337953,38.0
tiny_wordimport,1,0,0.9178497229916898,2.379309098618535,3.460858258919287,0.4589248614958449,1153.0
repository_s3links,1,1,0.4579293628808864,1.5167434378749134,1.609119410495608,0.4579293628808864,37.0
enrol_extendedguest,1,1,0.4579293628808864,1.5167434378749134,1.609119410495608,0.4579293628808864,37.0
block_login_userinfo,1,1,0.4579293628808864,1.5167434378749134,1.609119410495608,0.4579293628808864,37.0
theme_brick,1,1,0.4579293628808864,1.5167434378749134,1.609119410495608,0.4579293628808864,37.0
local_hub,1,1,0.4579293628808864,1.5167434378749134,1.609119410495608,0.4579293628808864,37.0
logstore_graylog,1,1,0.4579293628808864,1.5167434378749134,1.609119410495608,0.4579293628808864,37.0
aiprovider_datacurso,1,0,0.9144304016620499,10.993792915166205,9.329236781556428,0.45721520083102496,424.0
filter_oembed,0,1,0.9143871191135734,2.3078662823403726,3.4639284646279407,0.4571935595567867,1008.0
tinymce_panoptobutton,1,1,0.4551592797783933,1.5161176339909281,1.5963628612478618,0.4551592797783933,36.0
block_mymentees,1,1,0.4551592797783933,1.5161176339909281,1.5963628612478618,0.4551592797783933,36.0
local_wstemplate,1,1,0.4551592797783933,1.5161176339909281,1.5963628612478618,0.4551592797783933,36.0
block_vxg_orgs,1,1,0.4551592797783933,1.5161176339909281,1.5963628612478618,0.4551592797783933,36.0
mod_nln,1,1,0.4551592797783933,1.5161176339909281,1.5963628612478618,0.4551592797783933,36.0
message_msgraph,1,1,0.45290858725761773,1.5154918301069427,1.5832567743539014,0.45290858725761773,35.0
qbank_purgecategory,1,0,0.9043022853185596,2.1565416787807727,3.5620432490412175,0.4521511426592798,612.0
report_duplicateaccounts,1,1,0.45100415512465375,1.5148660262229572,1.5697814537499368,0.45100415512465375,34.0
local_unusedquestions,1,1,0.45100415512465375,1.5148660262229572,1.5697814537499368,0.45100415512465375,34.0
local_googleanalytics,1,1,0.45100415512465375,1.5148660262229572,1.5697814537499368,0.45100415512465375,34.0
repository_github,1,1,0.45100415512465375,1.5148660262229572,1.5697814537499368,0.45100415512465375,34.0
mod_grouptool,1,0,0.9015322022160666,2.145277208869035,3.5477869613289865,0.4507661011080333,594.0
search_azure,1,1,0.4489265927977839,1.5142402223389717,1.5559154902107792,0.4489265927977839,33.0
report_siteoutcomes,1,1,0.4489265927977839,1.5142402223389717,1.5559154902107792,0.4489265927977839,33.0
local_get_user_cohorts,1,1,0.4489265927977839,1.5142402223389717,1.5559154902107792,0.4489265927977839,33.0
qtype_externaltask,1,1,0.4489265927977839,1.5142402223389717,1.5559154902107792,0.4489265927977839,33.0
report_allylti,1,0,0.8969442520775623,3.903371795788323,6.654742990829308,0.44847212603878117,349.0
tool_ally,1,0,0.8969442520775623,3.903371795788323,6.654742990829308,0.44847212603878117,349.0
filter_ally,1,0,0.8964248614958449,3.9027459919043377,6.65337434254921,0.44821243074792244,348.0
local_openlms,1,0,0.8948234072022161,2.129415232666055,3.5034559635577898,0.44741170360110805,586.0
enrol_programs,1,0,0.8947801246537397,2.092709682614258,3.4749871863182085,0.44739006232686984,510.0
auth_enrolkey,0,1,0.8943472991689752,2.0920838787302727,3.47405017867763,0.4471736495844876,509.0
local_lesson_wordimport,1,0,0.8936980609418282,2.0369943740784997,3.1535421847557723,0.4468490304709141,606.0
block_weather,1,1,0.4465893351800554,1.5136144184549862,1.5416355567214572,0.4465893351800554,32.0
local_azure_storage,1,1,0.4465893351800554,1.5136144184549862,1.5416355567214572,0.4465893351800554,32.0
repository_evernote,1,1,0.4465893351800554,1.5136144184549862,1.5416355567214572,0.4465893351800554,32.0
theme_arialist,1,1,0.4465893351800554,1.5136144184549862,1.5416355567214572,0.4465893351800554,32.0
block_eledia_trainerinfo,1,1,0.4465893351800554,1.5136144184549862,1.5416355567214572,0.4465893351800554,32.0
theme_nonzero,1,1,0.4465893351800554,1.5136144184549862,1.5416355567214572,0.4465893351800554,32.0
local_mr,1,0,0.8918369113573408,7.158259731531097,7.281168716063746,0.4459184556786704,301.0
availability_user,1,0,0.8886772853185596,2.016241672403158,3.1675448812886753,0.4443386426592798,542.0
block_grades_sorter,1,1,0.4436461218836565,1.5129886145710008,1.5269161723536764,0.4436461218836565,31.0
auth_wordpress,1,1,0.4436461218836565,1.5129886145710008,1.5269161723536764,0.4436461218836565,31.0
booktool_epubexport,1,1,0.4436461218836565,1.5129886145710008,1.5269161723536764,0.4436461218836565,31.0
portfolio_evernote,1,1,0.4436461218836565,1.5129886145710008,1.5269161723536764,0.4436461218836565,31.0
mod_klassenbuch,1,1,0.4436461218836565,1.5129886145710008,1.5269161723536764,0.4436461218836565,31.0
atto_sharing,1,1,0.4436461218836565,1.5129886145710008,1.5269161723536764,0.4436461218836565,31.0
availability_coursecat,1,1,0.4436461218836565,1.5129886145710008,1.5269161723536764,0.4436461218836565,31.0
datafield_tag,1,1,0.4436461218836565,1.5129886145710008,1.5269161723536764,0.4436461218836565,31.0
local_glossary_wordimport,1,0,0.8832236842105263,1.9687817507240868,3.058864518827834,0.44161184210526316,497.0
mod_checkmark,1,0,0.880237188365651,2.022619647607889,3.356641404630739,0.4401185941828255,398.0
auth_drupalservices,1,1,0.4400103878116344,1.5123628106870153,1.5117294286447998,0.4400103878116344,30.0
theme_nimble,1,1,0.4400103878116344,1.5123628106870153,1.5117294286447998,0.4400103878116344,30.0
block_databasetags,1,1,0.4400103878116344,1.5123628106870153,1.5117294286447998,0.4400103878116344,30.0
mod_courseboard,1,1,0.4400103878116344,1.5123628106870153,1.5117294286447998,0.4400103878116344,30.0
local_yuja,1,1,0.4400103878116344,1.5123628106870153,1.5117294286447998,0.4400103878116344,30.0
block_availdep,1,1,0.4400103878116344,1.5123628106870153,1.5117294286447998,0.4400103878116344,30.0
atto_templates,1,1,0.4400103878116344,1.5123628106870153,1.5117294286447998,0.4400103878116344,30.0
mod_treasurehunt,1,0,0.8777268005540166,2.0119809815801366,3.3358139965359648,0.4388634002770083,381.0
atto_recittakepicture,0,1,0.8754761080332409,1.9372189400043873,3.020502421126693,0.43773805401662047,435.0
theme_binarius,1,1,0.4362015235457064,1.5117370068030298,1.496044671098581,0.4362015235457064,29.0
report_forumkeywords,1,1,0.4362015235457064,1.5117370068030298,1.496044671098581,0.4362015235457064,29.0
theme_bandeau,1,1,0.4362015235457064,1.5117370068030298,1.496044671098581,0.4362015235457064,29.0
theme_zebra,1,1,0.4362015235457064,1.5117370068030298,1.496044671098581,0.4362015235457064,29.0
block_dndupload,1,1,0.4362015235457064,1.5117370068030298,1.496044671098581,0.4362015235457064,29.0
mod_braincert,1,1,0.4362015235457064,1.5117370068030298,1.496044671098581,0.4362015235457064,29.0
auth_elcentra,1,1,0.4362015235457064,1.5117370068030298,1.496044671098581,0.4362015235457064,29.0
qtype_answersselect,1,0,0.8707150277008311,3.1438494183581556,4.0599826094444404,0.43535751385041555,260.0
qformat_multichoiceset,1,1,0.43299861495844877,1.5111112029190445,1.4798281266742896,0.43299861495844877,28.0
block_tb_slider,1,1,0.43299861495844877,1.5111112029190445,1.4798281266742896,0.43299861495844877,28.0
atto_cincopa,1,1,0.43299861495844877,1.5111112029190445,1.4798281266742896,0.43299861495844877,28.0
quiz_exportresults,1,1,0.43299861495844877,1.5111112029190445,1.4798281266742896,0.43299861495844877,28.0
mod_ubicast,1,0,0.8625779085872576,5.723357329102474,5.96602168344125,0.4312889542936288,193.0
qbehaviour_studentfeedbackdeferred,1,0,0.8600242382271468,4.779224262538136,6.271231943036637,0.4300121191135734,189.0
theme_standardold,1,1,0.4292763157894737,1.510485399035059,1.4630424658859464,0.4292763157894737,27.0
theme_aardvark_postitnote,1,1,0.4292763157894737,1.510485399035059,1.4630424658859464,0.4292763157894737,27.0
tool_asynccourseimport,1,1,0.4292763157894737,1.510485399035059,1.4630424658859464,0.4292763157894737,27.0
theme_cerulean,1,1,0.4292763157894737,1.510485399035059,1.4630424658859464,0.4292763157894737,27.0
filter_cloudfront_signurl,1,1,0.4292763157894737,1.510485399035059,1.4630424658859464,0.4292763157894737,27.0
local_custompage,1,0,0.8545273545706371,1.9362587116178984,3.1536133381580647,0.42726367728531855,260.0
enrol_wallet,1,0,0.8534020083102494,4.4442390044755715,5.098039024307891,0.4267010041551247,177.0
mod_edusharing,1,0,0.8526229224376731,6.997902980864181,6.733868290798269,0.42631146121883656,167.0
local_coursegen,1,0,0.8510214681440442,1.8541584664509294,2.857514489551514,0.4255107340720221,283.0
qtype_easyonamejs,1,1,0.4254674515235457,1.5098595951510736,1.4456462852348153,0.4254674515235457,26.0
block_assignments,1,1,0.4254674515235457,1.5098595951510736,1.4456462852348153,0.4254674515235457,26.0
block_lastcourse,1,1,0.4254674515235457,1.5098595951510736,1.4456462852348153,0.4254674515235457,26.0
local_mo_api,1,1,0.4254674515235457,1.5098595951510736,1.4456462852348153,0.4254674515235457,26.0
theme_earth,1,1,0.4254674515235457,1.5098595951510736,1.4456462852348153,0.4254674515235457,26.0
mod_ivs,1,0,0.8491603185595569,1.9212394184022479,3.1074723176297434,0.42458015927977844,236.0
block_course_list_advanced,1,1,0.42295706371191133,1.5092337912670881,1.4275934919238775,0.42295706371191133,25.0
quizaccess_announcements,1,1,0.42295706371191133,1.5092337912670881,1.4275934919238775,0.42295706371191133,25.0
enrol_guestcohort,1,1,0.42295706371191133,1.5092337912670881,1.4275934919238775,0.42295706371191133,25.0
local_clickview,1,0,0.843187326869806,5.706051699454226,5.877637371398117,0.421593663434903,148.0
local_autocompleteactivities,1,1,0.42096606648199447,1.5086079873831029,1.4088325678432603,0.42096606648199447,24.0
block_csv_enrol,1,1,0.42096606648199447,1.5086079873831029,1.4088325678432603,0.42096606648199447,24.0
local_macromucho,1,1,0.42096606648199447,1.5086079873831029,1.4088325678432603,0.42096606648199447,24.0
assignsubmission_estream,1,0,0.841845567867036,5.683714805308048,5.7987044454397685,0.420922783933518,147.0
tool_realtime,1,0,0.8392053324099723,1.8993362824627575,3.031036840951073,0.41960266620498615,201.0
mod_quest,1,0,0.8384262465373962,1.8980846746947868,3.02627717732681,0.4192131232686981,199.0
assignment_uploadpdf,1,1,0.41759002770083103,1.5079821834991174,1.3893056832345905,0.41759002770083103,23.0
block_tog,1,1,0.41759002770083103,1.5079821834991174,1.3893056832345905,0.41759002770083103,23.0
format_colours,1,1,0.41759002770083103,1.5079821834991174,1.3893056832345905,0.41759002770083103,23.0
mod_swf,1,1,0.41759002770083103,1.5079821834991174,1.3893056832345905,0.41759002770083103,23.0
block_birthday,1,1,0.41759002770083103,1.5079821834991174,1.3893056832345905,0.41759002770083103,23.0
local_globalmessage,1,1,0.41759002770083103,1.5079821834991174,1.3893056832345905,0.41759002770083103,23.0
gradeexport_xlsgd,1,1,0.41759002770083103,1.5079821834991174,1.3893056832345905,0.41759002770083103,23.0
local_jquery,1,1,0.41759002770083103,1.5079821834991174,1.3893056832345905,0.41759002770083103,23.0
block_mooprofile,1,1,0.41759002770083103,1.5079821834991174,1.3893056832345905,0.41759002770083103,23.0
qbehaviour_asyncevaluationimmediate,1,1,0.41759002770083103,1.5079821834991174,1.3893056832345905,0.41759002770083103,23.0
block_course_results,1,1,0.41759002770083103,1.5079821834991174,1.3893056832345905,0.41759002770083103,23.0
mod_glossaryfocus,1,1,0.41759002770083103,1.5079821834991174,1.3893056832345905,0.41759002770083103,23.0
block_hiddencourse,1,1,0.41759002770083103,1.5079821834991174,1.3893056832345905,0.41759002770083103,23.0
block_fn_myprogress,1,1,0.41759002770083103,1.5079821834991174,1.3893056832345905,0.41759002770083103,23.0
local_ousearch,1,1,0.41378116343490307,1.507356379615132,1.3689476216182488,0.41378116343490307,22.0
tool_lpimportrdf,1,1,0.41378116343490307,1.507356379615132,1.3689476216182488,0.41378116343490307,22.0
mod_webinar,1,1,0.41378116343490307,1.507356379615132,1.3689476216182488,0.41378116343490307,22.0
cachestore_apc,1,1,0.41378116343490307,1.507356379615132,1.3689476216182488,0.41378116343490307,22.0
local_map,1,1,0.41378116343490307,1.507356379615132,1.3689476216182488,0.41378116343490307,22.0
report_rawrecordscount,1,1,0.41378116343490307,1.507356379615132,1.3689476216182488,0.41378116343490307,22.0
filter_dfmtex,1,1,0.41378116343490307,1.507356379615132,1.3689476216182488,0.41378116343490307,22.0
tool_rebuildcoursecache,1,1,0.4102319944598338,1.5067305757311464,1.3476844656021465,0.4102319944598338,21.0
mod_virtualpc,1,1,0.4102319944598338,1.5067305757311464,1.3476844656021465,0.4102319944598338,21.0
qtype_blocklymoodle,1,1,0.4102319944598338,1.5067305757311464,1.3476844656021465,0.4102319944598338,21.0
block_my_unread_forum_posts,1,1,0.4102319944598338,1.5067305757311464,1.3476844656021465,0.4102319944598338,21.0
mod_cado,1,1,0.4102319944598338,1.5067305757311464,1.3476844656021465,0.4102319944598338,21.0
block_pbltool,1,1,0.4102319944598338,1.5067305757311464,1.3476844656021465,0.4102319944598338,21.0
mod_labelwithgroup,1,1,0.4102319944598338,1.5067305757311464,1.3476844656021465,0.4102319944598338,21.0
local_gdpr_deleteuserdata,1,1,0.4102319944598338,1.5067305757311464,1.3476844656021465,0.4102319944598338,21.0
atto_ruby,1,1,0.4102319944598338,1.5067305757311464,1.3476844656021465,0.4102319944598338,21.0
theme_training,1,1,0.4102319944598338,1.5067305757311464,1.3476844656021465,0.4102319944598338,21.0
theme_bbytefusionmod,1,1,0.4102319944598338,1.5067305757311464,1.3476844656021465,0.4102319944598338,21.0
block_course_overview_campus,0,1,0.8184729916897506,1.7859458430965167,2.6259067869942476,0.4092364958448753,174.0
filter_planetestream,1,0,0.8173476454293629,2.988873004798102,3.470518486536455,0.40867382271468145,128.0
theme_simplespace,1,1,0.40633656509695293,1.506104771847161,1.3254319767668605,0.40633656509695293,20.0
mod_qrcode,1,1,0.40633656509695293,1.506104771847161,1.3254319767668605,0.40633656509695293,20.0
local_flavours,1,1,0.40633656509695293,1.506104771847161,1.3254319767668605,0.40633656509695293,20.0
block_banners,1,1,0.40633656509695293,1.506104771847161,1.3254319767668605,0.40633656509695293,20.0
editor_contenteditable,1,1,0.40633656509695293,1.506104771847161,1.3254319767668605,0.40633656509695293,20.0
block_eledia_userdelete,1,1,0.40633656509695293,1.506104771847161,1.3254319767668605,0.40633656509695293,20.0
local_checkboxes,1,1,0.40633656509695293,1.506104771847161,1.3254319767668605,0.40633656509695293,20.0
mod_stream,1,0,0.8121970221606648,3.242249628700146,4.310363133675922,0.4060985110803324,105.0
mod_ejsapp,0,1,0.8060509002770083,5.657022117400018,5.587881926728848,0.40302545013850416,87.0
qtype_opaque,0,1,0.8060076177285318,2.61608104611358,5.433860768410279,0.4030038088642659,106.0
block_my_external_backup_restore_courses,1,0,0.8057046398891967,3.116091097794461,3.8582170448976765,0.40285231994459836,100.0
qbehaviour_opaque,0,1,0.8049688365650969,2.615455242229595,5.429369258907339,0.40248441828254844,105.0
mod_swipe,1,1,0.4023545706371191,1.5054789679631755,1.3020935799792699,0.4023545706371191,19.0
atto_etitle,1,1,0.4023545706371191,1.5054789679631755,1.3020935799792699,0.4023545706371191,19.0
tool_globaladtool,1,1,0.4023545706371191,1.5054789679631755,1.3020935799792699,0.4023545706371191,19.0
block_mymentors,1,1,0.4023545706371191,1.5054789679631755,1.3020935799792699,0.4023545706371191,19.0
report_mergeusers,1,1,0.4023545706371191,1.5054789679631755,1.3020935799792699,0.4023545706371191,19.0
theme_standard_fluid,1,1,0.4023545706371191,1.5054789679631755,1.3020935799792699,0.4023545706371191,19.0
block_anderspink,1,1,0.4023545706371191,1.5054789679631755,1.3020935799792699,0.4023545706371191,19.0
block_mystats,1,1,0.4023545706371191,1.5054789679631755,1.3020935799792699,0.4023545706371191,19.0
block_gps,0,1,0.8046658587257618,1.8517751872798642,2.8052660971313244,0.4023329293628809,125.0
block_znanium_com,1,0,0.8043195983379502,3.105235552663364,3.820361167962883,0.4021597991689751,100.0
qbehaviour_certaintywithstudentfbdeferred,1,0,0.7987361495844876,5.447011936605275,4.834840899149478,0.3993680747922438,81.0
block_playerhud,1,0,0.796875,3.1073298434186647,3.786842450985357,0.3984375,86.0
local_qbehaviour_interactiveexplain,1,0,0.7963556094182825,1.8430139329040682,2.7489254951310995,0.39817780470914127,111.0
block_tb_teachers,1,1,0.3980263157894737,1.50485316407919,1.277557830257211,0.3980263157894737,18.0
block_iclicker,1,1,0.3980263157894737,1.50485316407919,1.277557830257211,0.3980263157894737,18.0
auth_classlink,1,1,0.3980263157894737,1.50485316407919,1.277557830257211,0.3980263157894737,18.0
qtype_easyoddname,1,1,0.3980263157894737,1.50485316407919,1.277557830257211,0.3980263157894737,18.0
filter_chemrender,1,1,0.3980263157894737,1.50485316407919,1.277557830257211,0.3980263157894737,18.0
format_days,1,1,0.3980263157894737,1.50485316407919,1.277557830257211,0.3980263157894737,18.0
qtype_easyoselectjs,1,1,0.3980263157894737,1.50485316407919,1.277557830257211,0.3980263157894737,18.0
local_customgradingform_renderer,1,0,0.7947108725761773,1.8411365212521118,2.735938029997836,0.39735543628808867,108.0
local_eportfolio,1,0,0.7922870498614958,3.1042008239987378,3.7585299132140118,0.3961435249307479,81.0
tiny_ubicast,1,0,0.791724376731302,1.7731468475660346,2.513338643020818,0.395862188365651,115.0
qbank_bulkupdate,1,0,0.7890841412742382,1.8373816979481992,2.708854820987793,0.3945420706371191,102.0
qtype_musicscale,1,1,0.39352493074792244,1.5042273601952045,1.2516951941155043,0.39352493074792244,17.0
calendartype_jewish,1,1,0.39352493074792244,1.5042273601952045,1.2516951941155043,0.39352493074792244,17.0
gradeexport_profiles,1,1,0.39352493074792244,1.5042273601952045,1.2516951941155043,0.39352493074792244,17.0
block_yammer,1,1,0.39352493074792244,1.5042273601952045,1.2516951941155043,0.39352493074792244,17.0
mod_flexquiz,1,1,0.39352493074792244,1.5042273601952045,1.2516951941155043,0.39352493074792244,17.0
theme_bootswatch,1,1,0.39352493074792244,1.5042273601952045,1.2516951941155043,0.39352493074792244,17.0
quizaccess_fullface,1,1,0.39352493074792244,1.5042273601952045,1.2516951941155043,0.39352493074792244,17.0
format_folderview,1,1,0.39352493074792244,1.5042273601952045,1.2516951941155043,0.39352493074792244,17.0
mod_iconactivatecontent,1,1,0.39352493074792244,1.5042273601952045,1.2516951941155043,0.39352493074792244,17.0
block_quickmailsms,1,1,0.39352493074792244,1.5042273601952045,1.2516951941155043,0.39352493074792244,17.0
local_timetable,1,0,0.7855349722991689,1.8348784824122575,2.689908096847524,0.39276748614958445,98.0
filter_ws,1,0,0.7849290166204986,3.100446000694825,3.722182643687365,0.3924645083102493,75.0
block_behaviour,0,1,0.7833708448753463,1.8323752668763156,2.6701798473663545,0.3916854224376731,94.0
qbehaviour_adaptiveexternalgrading,1,0,0.7806007617728532,1.9478951317542488,3.034619559797191,0.3903003808864266,82.0
qbehaviour_studentfeedbackimmediate,1,0,0.7788261772853186,1.7625081815382821,2.4375355839488995,0.3894130886426593,98.0
block_culactivity_stream,1,1,0.38850415512465375,1.503601556311219,1.2243539099723821,0.38850415512465375,16.0
repository_mediawiki,1,1,0.38850415512465375,1.503601556311219,1.2243539099723821,0.38850415512465375,16.0
mod_znaniumcombook,1,0,0.7770083102493075,1.7606307698863257,2.422816199581119,0.38850415512465375,95.0
filter_wavefront,1,1,0.38850415512465375,1.503601556311219,1.2243539099723821,0.38850415512465375,16.0
block_mediagallery,1,1,0.38850415512465375,1.503601556311219,1.2243539099723821,0.38850415512465375,16.0
qtype_musickeysignature,1,1,0.38850415512465375,1.503601556311219,1.2243539099723821,0.38850415512465375,16.0
scormreport_numbas,1,1,0.38850415512465375,1.503601556311219,1.2243539099723821,0.38850415512465375,16.0
block_course_program,1,1,0.38850415512465375,1.503601556311219,1.2243539099723821,0.38850415512465375,16.0
local_openid_idp,1,1,0.38850415512465375,1.503601556311219,1.2243539099723821,0.38850415512465375,16.0
theme_fadeback,1,1,0.38850415512465375,1.503601556311219,1.2243539099723821,0.38850415512465375,16.0
mod_videolesson,1,0,0.7750605955678671,3.0858356322598155,3.6449888100069003,0.38753029778393355,69.0
local_ibob,1,0,0.772203947368421,1.822988208616534,2.5879766092244227,0.3861019736842105,79.0
auth_mumie,1,0,0.772203947368421,1.822988208616534,2.5879766092244227,0.3861019736842105,79.0
local_datacurso_ratings,1,0,0.7708189058171746,1.8223624047325486,2.5819596462720353,0.3854094529085873,78.0
qbank_resortcategory,1,0,0.7664040858725762,1.8204849930805924,2.5634408595023643,0.3832020429362881,75.0
block_smb_web_client,1,1,0.3828774238227147,1.5029757524272338,1.1953545921152795,0.3828774238227147,15.0
block_clipboard,1,1,0.3828774238227147,1.5029757524272338,1.1953545921152795,0.3828774238227147,15.0
mod_autoview,1,1,0.3828774238227147,1.5029757524272338,1.1953545921152795,0.3828774238227147,15.0
format_event,1,1,0.3828774238227147,1.5029757524272338,1.1953545921152795,0.3828774238227147,15.0
block_tabbed_navigation,1,1,0.3828774238227147,1.5029757524272338,1.1953545921152795,0.3828774238227147,15.0
block_quickset,1,1,0.3828774238227147,1.5029757524272338,1.1953545921152795,0.3828774238227147,15.0
block_tb_courses,1,1,0.3828774238227147,1.5029757524272338,1.1953545921152795,0.3828774238227147,15.0
mod_recommend,1,1,0.3828774238227147,1.5029757524272338,1.1953545921152795,0.3828774238227147,15.0
qformat_qtex,1,1,0.3828774238227147,1.5029757524272338,1.1953545921152795,0.3828774238227147,15.0
block_chessblock,1,1,0.3828774238227147,1.5029757524272338,1.1953545921152795,0.3828774238227147,15.0
plagiarism_unplag,1,1,0.3828774238227147,1.5029757524272338,1.1953545921152795,0.3828774238227147,15.0
mod_labellud,1,1,0.3828774238227147,1.5029757524272338,1.1953545921152795,0.3828774238227147,15.0
local_latesubmissions,1,1,0.3828774238227147,1.5029757524272338,1.1953545921152795,0.3828774238227147,15.0
mod_videofront,0,1,0.764672783933518,3.0916847463190287,3.6247926618365565,0.382336391966759,61.0
qtype_gapselect,0,1,0.7598684210526316,4.356409581614267,4.498393920103708,0.3799342105263158,54.0
qtype_proforma,1,0,0.7579207063711911,1.8167301697766796,2.5241029027566935,0.37896035318559557,69.0
local_msaccount,0,1,0.7576177285318559,1.7239912585819583,2.226944175637531,0.37880886426592797,75.0
block_quest_classification,1,1,0.37777008310249305,1.5023499485432483,1.164483090860184,0.37777008310249305,14.0
block_userinfo,1,1,0.37777008310249305,1.5023499485432483,1.164483090860184,0.37777008310249305,14.0
tinymce_cloudpoodll,1,1,0.37777008310249305,1.5023499485432483,1.164483090860184,0.37777008310249305,14.0
filter_flowchart,1,1,0.37777008310249305,1.5023499485432483,1.164483090860184,0.37777008310249305,14.0
enrol_sber,1,1,0.37777008310249305,1.5023499485432483,1.164483090860184,0.37777008310249305,14.0
assignment_random,1,1,0.37777008310249305,1.5023499485432483,1.164483090860184,0.37777008310249305,14.0
block_cam_mycourses,1,1,0.37777008310249305,1.5023499485432483,1.164483090860184,0.37777008310249305,14.0
plagiarism_plagiarisma,1,1,0.37777008310249305,1.5023499485432483,1.164483090860184,0.37777008310249305,14.0
block_course_discuss,0,1,0.7550640581717452,1.8154785620087088,2.510236939217535,0.3775320290858726,67.0
qbank_quickrenamecategories,1,0,0.7530730609418282,1.8148527581247234,2.503150257785288,0.3765365304709141,66.0
local_yukaltura,1,0,0.7525969529085872,5.611530479546378,5.241756694861976,0.3762984764542936,49.0
quiz_feedback,1,0,0.7512119113573408,1.7443598689027042,2.2717303898580683,0.3756059556786704,69.0
local_bongo,1,1,0.3729224376731302,1.501724144659263,1.1314808856475498,0.3729224376731302,13.0
block_analytics_recommendations,1,1,0.3729224376731302,1.501724144659263,1.1314808856475498,0.3729224376731302,13.0
tool_uploadexternalcontent,1,1,0.3729224376731302,1.501724144659263,1.1314808856475498,0.3729224376731302,13.0
theme_cloudyday,1,1,0.3729224376731302,1.501724144659263,1.1314808856475498,0.3729224376731302,13.0
block_profile_field_identifier,1,1,0.3729224376731302,1.501724144659263,1.1314808856475498,0.3729224376731302,13.0
block_open_courses,1,1,0.3729224376731302,1.501724144659263,1.1314808856475498,0.3729224376731302,13.0
local_discoursesso,1,1,0.3729224376731302,1.501724144659263,1.1314808856475498,0.3729224376731302,13.0
atto_chemrender,1,1,0.3729224376731302,1.501724144659263,1.1314808856475498,0.3729224376731302,13.0
local_culactivity_stream,1,1,0.3729224376731302,1.501724144659263,1.1314808856475498,0.3729224376731302,13.0
qtype_musicinterval,1,1,0.3729224376731302,1.501724144659263,1.1314808856475498,0.3729224376731302,13.0
theme_cafe_con_leche,1,1,0.3729224376731302,1.501724144659263,1.1314808856475498,0.3729224376731302,13.0
filter_urlresource,0,1,0.7394390581717452,2.5804102247264105,5.069935198194096,0.3697195290858726,49.0
qbank_renumbercategory,1,0,0.7385301246537397,1.808594719284869,2.425830370383278,0.36926506232686984,56.0
mod_percipio,1,0,0.7385301246537397,1.808594719284869,2.425830370383278,0.36926506232686984,56.0
local_resume,1,0,0.7357600415512465,1.807343111516898,2.4087449024728933,0.36788002077562326,54.0
theme_aardvark_postit,1,1,0.36660318559556787,1.5010983407752776,1.0960319116854804,0.36660318559556787,12.0
qtype_easyomechjs,1,1,0.36660318559556787,1.5010983407752776,1.0960319116854804,0.36660318559556787,12.0
datafield_linkedcheckbox,1,1,0.36660318559556787,1.5010983407752776,1.0960319116854804,0.36660318559556787,12.0
qtype_calculatedobjects,1,1,0.36660318559556787,1.5010983407752776,1.0960319116854804,0.36660318559556787,12.0
assignsubmission_beetleblocks,1,1,0.36660318559556787,1.5010983407752776,1.0960319116854804,0.36660318559556787,12.0
auth_pwdexp,1,1,0.36660318559556787,1.5010983407752776,1.0960319116854804,0.36660318559556787,12.0
datafield_latlongmap,1,1,0.36660318559556787,1.5010983407752776,1.0960319116854804,0.36660318559556787,12.0
block_bbliveusers,1,1,0.36660318559556787,1.5010983407752776,1.0960319116854804,0.36660318559556787,12.0
mod_dicomviewer,1,1,0.36660318559556787,1.5010983407752776,1.0960319116854804,0.36660318559556787,12.0
block_tb_testimonials,1,1,0.36660318559556787,1.5010983407752776,1.0960319116854804,0.36660318559556787,12.0
theme_educacionbe,1,1,0.36660318559556787,1.5010983407752776,1.0960319116854804,0.36660318559556787,12.0
local_xpstore,1,0,0.7327302631578947,1.8060915037489274,2.3910264973248623,0.36636513157894735,52.0
local_yumymedia,1,0,0.7304362880886427,4.142018773631626,3.6501407816433513,0.36521814404432135,41.0
theme_moove,1,0,0.7246364265927978,17.76327267662962,3.760378914062602,0.3623182132963989,27596.0
format_tiles,1,0,0.7241170360110804,14.64864674603409,3.6652497473733643,0.3620585180055402,22619.0
block_completion_progress,1,0,0.7239439058171746,11.410111646409446,3.540985330513094,0.3619719529085873,17444.0
local_stream,1,0,0.7237274930747923,1.8035882882129854,2.3534902084249727,0.36186374653739617,48.0
theme_academi,1,0,0.723424515235457,8.284847049786165,3.379663386899972,0.3617122576177285,12450.0
local_mailtest,1,0,0.7230782548476454,7.446269845245678,3.3251967878957887,0.3615391274238227,11110.0
format_onetopic,1,0,0.7227319944598338,6.960646031272978,3.290565088778784,0.3613659972299169,10334.0
format_remuiformat,1,0,0.7223857340720221,6.732227613618292,3.2733660018808344,0.36119286703601106,9969.0
mod_coursecertificate,1,0,0.7220394736842106,6.107049533516839,3.222860986001568,0.3610197368421053,8970.0
mod_game,1,0,0.721520083102493,5.804786257551871,3.196387731632886,0.3607600415512465,8487.0
filter_filtercodes,1,0,0.7210006925207757,5.399891144613292,3.158461398340356,0.36050034626038785,7840.0
atto_morefontcolors,0,1,0.7190962603878117,3.962419623098739,2.9926440030418164,0.35954813019390586,5543.0
format_flexsections,1,0,0.7185768698060941,3.5750470189117527,2.9360121137611643,0.35928843490304707,4924.0
block_tb_top_cats,1,1,0.35924515235457066,1.5004725368912921,1.0577441029961936,0.35924515235457066,11.0
block_css_theme_tool,1,1,0.35924515235457066,1.5004725368912921,1.0577441029961936,0.35924515235457066,11.0
filter_vowels,1,1,0.35924515235457066,1.5004725368912921,1.0577441029961936,0.35924515235457066,11.0
qtype_easyolewis,1,1,0.35924515235457066,1.5004725368912921,1.0577441029961936,0.35924515235457066,11.0
theme_responsive,1,1,0.35924515235457066,1.5004725368912921,1.0577441029961936,0.35924515235457066,11.0
local_qsearchbytype,1,1,0.35924515235457066,1.5004725368912921,1.0577441029961936,0.35924515235457066,11.0
tinymce_mediagallery,1,1,0.35924515235457066,1.5004725368912921,1.0577441029961936,0.35924515235457066,11.0
theme_solstice,1,1,0.35924515235457066,1.5004725368912921,1.0577441029961936,0.35924515235457066,11.0
tool_cmdlinetools,1,1,0.35924515235457066,1.5004725368912921,1.0577441029961936,0.35924515235457066,11.0
local_news_forum,1,1,0.35924515235457066,1.5004725368912921,1.0577441029961936,0.35924515235457066,11.0
qtype_easyonewman,1,1,0.35924515235457066,1.5004725368912921,1.0577441029961936,0.35924515235457066,11.0
enrol_bitcoin,1,1,0.35924515235457066,1.5004725368912921,1.0577441029961936,0.35924515235457066,11.0
repository_sword_upload,1,1,0.35924515235457066,1.5004725368912921,1.0577441029961936,0.35924515235457066,11.0
block_common_courses,1,1,0.35924515235457066,1.5004725368912921,1.0577441029961936,0.35924515235457066,11.0
theme_cover,1,1,0.35924515235457066,1.5004725368912921,1.0577441029961936,0.35924515235457066,11.0
format_buttons,1,0,0.7180574792243768,3.455518477070534,2.917091877613717,0.3590287396121884,4733.0
local_contact,1,0,0.7177112188365651,3.4392475760869123,2.914457492976691,0.35885560941828254,4707.0
qtype_ddimageortext,0,1,0.7170186980609419,1.7312179873390101,2.101117695526348,0.35850934903047094,48.0
qtype_gapfill,1,0,0.716845567867036,3.2127065700841837,2.876186617655463,0.358422783933518,4345.0
atto_fullscreen,1,0,0.7154605263157895,3.0456169330600718,2.845857795507424,0.35773026315789475,4078.0
qformat_h5p,1,0,0.714941135734072,2.9936752106892803,2.836024035797779,0.357470567867036,3995.0
report_overviewstats,1,0,0.7144217451523546,2.9811591330095712,2.8336239191338453,0.3572108725761773,3975.0
theme_degrade,1,0,0.7142486149584488,2.953623762114212,2.8283008852219016,0.3571243074792244,3931.0
enrol_coursecompleted,1,0,0.714075484764543,2.9498689388102997,2.827570405699602,0.3570377423822715,3925.0
local_boost_dark,1,0,0.7137292243767313,2.926088391218853,2.8229179489038185,0.3568646121883656,3887.0
theme_boost_magnific,1,0,0.7133829639889198,2.9123207057711733,2.820203593039893,0.3566914819944599,3865.0
filter_mb2shortcodes,1,0,0.713036703601108,2.8466112979527023,2.807032199461366,0.356518351800554,3760.0
format_multitopic,1,0,0.7126904432132963,2.779024478482275,2.7930951567507383,0.35634522160664817,3652.0
local_changeloglib,0,1,0.7125605955678671,3.074788041451422,3.3512831067032964,0.35628029778393355,34.0
availability_coursecompleted,1,0,0.7125173130193906,2.755243930890828,2.78809318343215,0.3562586565096953,3614.0
theme_almondb,1,0,0.7123441828254848,2.725205344459527,2.78169920689256,0.3561720914127424,3566.0
atto_wiris,1,0,0.712171052631579,2.6926635424922845,2.774674568684165,0.3560855263157895,3514.0
local_mb2builder,1,0,0.7118247922437673,2.675141033740692,2.770848903353121,0.35591239612188363,3486.0
qtype_ddmatch,1,0,0.7104397506925209,2.5443480219877355,2.74128338825387,0.3552198753462604,3277.0
local_reminders,1,0,0.710266620498615,2.535586767611939,2.739236062760471,0.3551333102493075,3263.0
atto_wordimport,1,0,0.7099203601108033,2.524322297700201,2.736590845433895,0.35496018005540164,3245.0
mod_jitsi,1,0,0.7097472299168975,2.4636193209536135,2.7220786462537485,0.35487361495844877,3148.0
quizaccess_seb,0,1,0.7084920360110804,1.798581857141102,2.268226548790614,0.3542460180055402,40.0
local_dimensions,1,0,0.7084487534626038,1.728088967919083,2.0496334017102775,0.3542243767313019,43.0
theme_lambda2,1,0,0.708362188365651,2.349723014068264,2.693601209836901,0.3541810941828255,2966.0
block_checklist,1,0,0.7074099722991689,2.268994313034142,2.6723380538207984,0.35370498614958445,2837.0
tiny_fontsize,1,0,0.7071502770083102,2.255852431470448,2.668785362972179,0.3535751385041551,2816.0
mod_certificatebeautiful,1,0,0.7069771468144044,2.2539750198184914,2.668275674860494,0.3534885734072022,2813.0
block_openai_chat,1,0,0.7066308864265929,2.227691256691103,2.6610824228034193,0.35331544321329644,2771.0
block_accessibility,1,0,0.7062846260387812,2.1770011420882827,2.646896604857453,0.3531423130193906,2690.0
atto_morebackcolors,0,1,0.7059383656509696,2.141956124585098,2.636837215796274,0.3529691828254848,2634.0
block_online_users_map,1,1,0.3526662049861496,1.4998467330073066,1.0161228853637496,0.3526662049861496,10.0
mod_socialwiki,1,1,0.3526662049861496,1.4998467330073066,1.0161228853637496,0.3526662049861496,10.0
block_bookmarks,1,1,0.3526662049861496,1.4998467330073066,1.0161228853637496,0.3526662049861496,10.0
qtype_easyofischer,1,1,0.3526662049861496,1.4998467330073066,1.0161228853637496,0.3526662049861496,10.0
assignsubmission_wordcount,1,1,0.3526662049861496,1.4998467330073066,1.0161228853637496,0.3526662049861496,10.0
assignsubmission_snap4arduino,1,1,0.3526662049861496,1.4998467330073066,1.0161228853637496,0.3526662049861496,10.0
block_tb_faq,1,1,0.3526662049861496,1.4998467330073066,1.0161228853637496,0.3526662049861496,10.0
theme_aadar,1,1,0.3526662049861496,1.4998467330073066,1.0161228853637496,0.3526662049861496,10.0
mod_quickom,1,1,0.3526662049861496,1.4998467330073066,1.0161228853637496,0.3526662049861496,10.0
local_goodbye,1,1,0.3526662049861496,1.4998467330073066,1.0161228853637496,0.3526662049861496,10.0
theme_easy,1,1,0.3526662049861496,1.4998467330073066,1.0161228853637496,0.3526662049861496,10.0
mod_publication,1,0,0.7052458448753463,2.1225562041815493,2.631176294726762,0.3526229224376731,2603.0
format_page,0,1,0.7052025623268698,3.0729106297994657,3.3084178253070364,0.3526012811634349,31.0
block_analytics_graphs,1,0,0.7048995844875346,2.0887627944463354,2.621152458250055,0.3524497922437673,2549.0
availability_language,1,0,0.704553324099723,2.0618532274349617,2.6130175116860332,0.3522766620498615,2506.0
availability_relativedate,1,0,0.7043801939058172,2.0186727594399665,2.5996675592514564,0.3521900969529086,2437.0
qtype_preg,1,0,0.7037309556786704,1.7973302493731311,2.244304451811548,0.3518654778393352,38.0
availability_xp,1,0,0.703687673130194,1.9679826448371458,2.583505136655363,0.351843836565097,2356.0
block_massaction,1,0,0.7033414127423823,1.941073077825772,2.5746979014977116,0.35167070637119113,2313.0
tiny_cloze,1,0,0.7026488919667591,1.9072796680905584,2.5634028942663196,0.35132444598337953,2259.0
quizaccess_proctoring,1,0,0.7019563711911357,1.8484541029959272,2.543081640948835,0.35097818559556787,2165.0
mod_unilabel,1,0,0.7014369806094183,1.8002672039290484,2.525767246378153,0.35071849030470914,2088.0
tiny_wiris,1,0,0.7007444598337951,1.7777382641055726,2.5174520582819255,0.35037222991689754,2052.0
auth_edwiserbridge,1,0,0.7003981994459834,1.7708544213817328,2.514882203640191,0.3501990997229917,2041.0
tiny_fontfamily,1,0,0.7002250692520775,1.7670995980778201,2.513474623671411,0.35011253462603875,2035.0
mod_mindmap,1,0,0.699878808864266,1.7514545009781841,2.5075647109918284,0.349939404432133,2010.0
mod_attendanceregister,1,0,0.6984937673130194,1.6869967009276838,2.482415131748712,0.3492468836565097,1907.0
filter_ensemble,0,1,0.6981907894736842,1.7960786416051602,2.219122730016221,0.3490953947368421,36.0
paygw_stripe,1,0,0.6978012465373962,1.6776096426679024,2.4786397195092493,0.3489006232686981,1892.0
block_edwiser_site_monitor,1,0,0.6972818559556787,1.6475710562366013,2.4663541710784544,0.34864092797783935,1844.0
theme_snap,1,0,0.6969355955678671,1.6106486270814604,2.4508076677324278,0.34846779778393355,1785.0
qtype_essayautograde,1,0,0.6965893351800554,1.5806100406501593,2.4377759719441308,0.3482946675900277,1737.0
local_mass_enroll,1,0,0.6964162049861495,1.5655907474345088,2.4311245241339687,0.34820810249307477,1713.0
local_geniai,1,0,0.6962430747922438,1.5593327085946544,2.4283255562440917,0.3481215373961219,1703.0
tool_objectfs,1,0,0.696069944598338,1.5580811008266835,2.427763791942816,0.348034972299169,1701.0
availability_prerequisite,1,0,0.6959400969529086,1.7954528377211747,2.2060166431222603,0.3479700484764543,35.0
block_iprbookshop_ru,1,0,0.6959400969529086,1.7954528377211747,2.2060166431222603,0.3479700484764543,35.0
theme_learnr,1,0,0.6957236842105263,1.5436876114950184,2.4212556337589453,0.34786184210526316,1678.0
tool_courserating,1,0,0.6950311634349031,1.5067651823398776,2.404144265410101,0.34751558171745156,1619.0
local_wirisquizzes,1,0,0.6948580332409973,1.5042619668039356,2.4029617128979037,0.34742901662049863,1615.0
local_cohortrole,1,0,0.6945117728531855,1.489242673588285,2.395804338751783,0.3472558864265928,1591.0
qtype_wordselect,1,0,0.694165512465374,1.4754749881406055,2.3891479824831787,0.347082756232687,1569.0
local_qtracker,0,1,0.6940356648199446,1.7948270338371892,2.192541322518296,0.3470178324099723,34.0
local_welcome,1,0,0.6935595567867037,1.4573266755050278,2.380229739473485,0.34677977839335183,1540.0
local_course_templates,0,1,0.6932998614958449,1.4491912250132173,2.376177288244399,0.34664993074792244,1527.0
format_trail,1,0,0.6930401662049861,1.4373009512174937,2.3701920256298448,0.34652008310249305,1508.0
mod_quizgame,0,1,0.6927804709141274,1.4335461279135813,2.368286277102839,0.3463902354570637,1502.0
assignsubmission_youtube,1,1,0.3463469529085873,1.4992209291233212,0.9705319997408732,0.3463469529085873,9.0
repository_datatelcmm,1,1,0.3463469529085873,1.4992209291233212,0.9705319997408732,0.3463469529085873,9.0
mod_etherpad,1,1,0.3463469529085873,1.4992209291233212,0.9705319997408732,0.3463469529085873,9.0
tool_uploadpageresults,1,1,0.3463469529085873,1.4992209291233212,0.9705319997408732,0.3463469529085873,9.0
mod_iadlearning,1,1,0.3463469529085873,1.4992209291233212,0.9705319997408732,0.3463469529085873,9.0
theme_cubic,1,1,0.3463469529085873,1.4992209291233212,0.9705319997408732,0.3463469529085873,9.0
block_faculty_tbird,1,1,0.3463469529085873,1.4992209291233212,0.9705319997408732,0.3463469529085873,9.0
local_courseteam,1,1,0.3463469529085873,1.4992209291233212,0.9705319997408732,0.3463469529085873,9.0
atto_filterws,1,1,0.3463469529085873,1.4992209291233212,0.9705319997408732,0.3463469529085873,9.0
theme_mercury,1,1,0.3463469529085873,1.4992209291233212,0.9705319997408732,0.3463469529085873,9.0
block_files,1,1,0.3463469529085873,1.4992209291233212,0.9705319997408732,0.3463469529085873,9.0
block_compile_discussions,1,1,0.3463469529085873,1.4992209291233212,0.9705319997408732,0.3463469529085873,9.0
theme_liven,1,1,0.3463469529085873,1.4992209291233212,0.9705319997408732,0.3463469529085873,9.0
repository_datatelcmmlinks,1,1,0.3463469529085873,1.4992209291233212,0.9705319997408732,0.3463469529085873,9.0
block_rss_plus,1,1,0.3463469529085873,1.4992209291233212,0.9705319997408732,0.3463469529085873,9.0
local_messageprovider,1,1,0.3463469529085873,1.4992209291233212,0.9705319997408732,0.3463469529085873,9.0
filter_viewermecaobj,1,1,0.3463469529085873,1.4992209291233212,0.9705319997408732,0.3463469529085873,9.0
filter_leeloolxp,1,1,0.3463469529085873,1.4992209291233212,0.9705319997408732,0.3463469529085873,9.0
block_moossenger,1,1,0.3463469529085873,1.4992209291233212,0.9705319997408732,0.3463469529085873,9.0
theme_custom_corners,1,1,0.3463469529085873,1.4992209291233212,0.9705319997408732,0.3463469529085873,9.0
tinymce_cincopa,1,1,0.3463469529085873,1.4992209291233212,0.9705319997408732,0.3463469529085873,9.0
local_externalzip,1,1,0.3463469529085873,1.4992209291233212,0.9705319997408732,0.3463469529085873,9.0
local_externaldisclaimer,1,1,0.3463469529085873,1.4992209291233212,0.9705319997408732,0.3463469529085873,9.0
gradeexport_checklist,1,0,0.6926073407202216,1.4060107570182219,2.3540738481896666,0.3463036703601108,1458.0
block_rbreport,1,0,0.6924342105263158,1.3928688754545275,2.3471388373854705,0.3462171052631579,1437.0
mod_pdfprotect,1,0,0.69226108033241,1.392243071570542,2.3468060775476616,0.346130540166205,1436.0
theme_eadflix,1,0,0.6919148199445984,1.3853592288467023,2.3431303593397534,0.3459574099722992,1425.0
mod_organizer,1,0,0.6917416897506925,1.3828560133107608,2.3417867004574884,0.34587084487534625,1421.0
mod_realtimequiz,1,0,0.6910491689750693,1.3697141317470665,2.3346698938718755,0.34552458448753465,1400.0
block_admin_presets,0,1,0.690270083102493,1.359075465719314,2.328830095517107,0.3451350415512465,1383.0
format_popups,1,0,0.6900103878116344,1.353443230763445,2.325709330386102,0.3450051939058172,1374.0
block_messageteacher,1,0,0.6886253462603878,1.3246562521001148,2.3094328019818517,0.3443126731301939,1328.0
enrol_stripepayment,1,0,0.688452216066482,1.323404644332144,2.3087124068945464,0.344226108033241,1326.0
block_ranking,1,0,0.6879328254847645,1.3183982132602603,2.305819927952154,0.34396641274238227,1318.0
atto_multilang2,0,1,0.6877596952908587,1.2908628423649011,2.289590878011658,0.34387984764542934,1274.0
mod_hsuforum,1,0,0.6874134349030472,1.2795983724531632,2.282789688827551,0.3437067174515236,1256.0
mod_dialogue,1,0,0.6863746537396123,1.2658306870054836,2.274343619121784,0.34318732686980613,1234.0
quizaccess_onesession,1,0,0.6862015235457064,1.263327471469542,2.272791818093143,0.3431007617728532,1230.0
mod_stickynotes,1,0,0.6860283933518005,1.2520630015578038,2.2657457328713324,0.3430141966759003,1212.0
local_filterurlresbak,0,1,0.6855090027700831,2.566642539278731,4.792583515998386,0.34275450138504154,27.0
mod_diary,1,0,0.6842970914127424,1.209508337446794,2.238149215294726,0.3421485457063712,1144.0
qtype_poodllrecording,1,0,0.683777700831025,1.1963664558831,2.229294676703744,0.3418888504155125,1123.0
quiz_archive,1,0,0.6836045706371191,1.1957406519991145,2.2288689158856405,0.34180228531855955,1122.0
enrol_xp,1,0,0.68273891966759,1.1669536733357844,2.208862596944499,0.341369459833795,1076.0
mod_threesixo,1,0,0.6823060941828255,1.159444026727959,2.2035029638696857,0.34115304709141275,1064.0
report_extendedlog,1,0,0.6819598337950139,1.1575666150760027,2.202153619540338,0.34097991689750695,1061.0
tiny_preview,1,0,0.6817001385041551,1.156315007308032,2.2012519373740806,0.34085006925207756,1059.0
tiny_htmlblock,1,0,0.6815270083102494,1.155063399540061,2.2003485523132023,0.3407635041551247,1057.0
block_multiblock,1,0,0.6813538781163435,1.1488053607002067,2.1958058567517282,0.34067693905817176,1047.0
block_autoattend,1,0,0.6806613573407203,1.139418302440425,2.188909885601541,0.34033067867036015,1032.0
mod_mootyper,1,0,0.6803150969529086,1.128153832528687,2.1805013092625343,0.3401575484764543,1014.0
format_cards,1,0,0.6797957063711911,1.1062506965891967,2.1637156484741915,0.33989785318559557,979.0
tool_deletecourses,0,1,0.6796225761772854,1.1018700694012986,2.160286657105387,0.3398112880886427,972.0
local_downloadcenter,1,0,0.6791031855955678,1.0924830111415171,2.1528549864283506,0.3395515927977839,957.0
tool_coursearchiver,1,0,0.6789300554016621,1.08935399172159,2.1503518815665252,0.33946502770083103,952.0
format_menutopic,1,0,0.6783240997229917,1.0855991684176773,2.147330762592045,0.33916204986149584,946.0
qtype_fwstructmatch,1,1,0.3389023545706371,1.4985951252393357,0.9201336138771077,0.3389023545706371,8.0
block_roster_tbird,1,1,0.3389023545706371,1.4985951252393357,0.9201336138771077,0.3389023545706371,8.0
gradingform_offline,1,1,0.3389023545706371,1.4985951252393357,0.9201336138771077,0.3389023545706371,8.0
block_spam_deletion,1,1,0.3389023545706371,1.4985951252393357,0.9201336138771077,0.3389023545706371,8.0
tinymce_youtube,1,1,0.3389023545706371,1.4985951252393357,0.9201336138771077,0.3389023545706371,8.0
local_yujaverity,1,1,0.3389023545706371,1.4985951252393357,0.9201336138771077,0.3389023545706371,8.0
block_wpfeed,1,1,0.3389023545706371,1.4985951252393357,0.9201336138771077,0.3389023545706371,8.0
local_institutions,1,1,0.3389023545706371,1.4985951252393357,0.9201336138771077,0.3389023545706371,8.0
logstore_splunk,1,1,0.3389023545706371,1.4985951252393357,0.9201336138771077,0.3389023545706371,8.0
local_questionfinder,1,1,0.3389023545706371,1.4985951252393357,0.9201336138771077,0.3389023545706371,8.0
block_twitter_feed,1,1,0.3389023545706371,1.4985951252393357,0.9201336138771077,0.3389023545706371,8.0
local_problemsection,1,1,0.3389023545706371,1.4985951252393357,0.9201336138771077,0.3389023545706371,8.0
block_live_services,1,1,0.3389023545706371,1.4985951252393357,0.9201336138771077,0.3389023545706371,8.0
plagiarism_crot,1,1,0.3389023545706371,1.4985951252393357,0.9201336138771077,0.3389023545706371,8.0
repository_filmsondemand,1,1,0.3389023545706371,1.4985951252393357,0.9201336138771077,0.3389023545706371,8.0
theme_laura,1,1,0.3389023545706371,1.4985951252393357,0.9201336138771077,0.3389023545706371,8.0
block_vlebooks,1,1,0.3389023545706371,1.4985951252393357,0.9201336138771077,0.3389023545706371,8.0
tool_datewatch,1,0,0.6777181440443214,1.0768379140418811,2.140206384655829,0.3388590720221607,932.0
atto_c4l,1,0,0.6775450138504155,1.0762121101578956,2.1396934170489645,0.3387725069252078,931.0
tool_clearbackupfiles,1,0,0.6770256232686981,1.073708894621954,2.1376360278662743,0.33851281163434904,927.0
logstore_xapi,1,0,0.6768524930747923,1.0718314829699975,2.1360871579294303,0.33842624653739617,924.0
tiny_codepro,1,0,0.6766793628808865,1.0705798752020268,2.1350517846949817,0.33833968144044324,922.0
qbank_yetkinlik,1,0,0.6760301246537397,1.7910722105332768,2.102587995442649,0.33801506232686984,28.0
enrol_shared,0,1,0.6760301246537397,1.7910722105332768,2.102587995442649,0.33801506232686984,28.0
block_moderator_guide,0,1,0.6760301246537397,1.7910722105332768,2.102587995442649,0.33801506232686984,28.0
report_growth,1,0,0.6759868421052632,1.0655734441301432,2.130887734481397,0.3379934210526316,914.0
mod_hotquestion,1,0,0.6758137119113574,1.062444424710216,2.128266674512122,0.3379068559556787,909.0
block_page_module,0,1,0.6758137119113573,2.0352538218528373,2.90841990454756,0.33790685595567865,25.0
qtype_mtf,1,0,0.6756405817174516,1.061192816942245,2.127214215897096,0.3378202908587258,907.0
qtype_kprime,1,0,0.6753808864265929,1.0586896014063034,2.1251023261639324,0.33769044321329644,903.0
gradereport_rubrics,1,0,0.6749480609418282,1.0543089742184053,2.121383933499745,0.3374740304709141,896.0
atto_preview,1,0,0.6746883656509696,1.049302543146522,2.117098643943218,0.3373441828254848,888.0
mod_securepdf,1,0,0.6740824099722992,1.0442961120746383,2.112774616780751,0.3370412049861496,880.0
quiz_downloadsubmissions,0,1,0.6739092797783934,1.0436703081906529,2.112231354658121,0.3369546398891967,879.0
assignsubmission_onlinepoodll,1,0,0.6737361495844876,1.038038073234784,2.107314029540717,0.3368680747922438,870.0
tool_uploadenrolmentmethods,1,0,0.6735630193905817,1.0317800343949295,2.101790385627423,0.33678150969529086,860.0
filter_h5p,0,1,0.6733898891966759,1.0280252110910169,2.0984453213134104,0.33669494459833793,854.0
block_navbuttons,1,0,0.6732167590027701,1.0273994072070314,2.097885529268763,0.33660837950138506,853.0
media_supervideo,1,0,0.6730436288088643,1.0242703877871042,2.095076700014424,0.33652181440443213,848.0
enrol_auto,0,1,0.672437673130194,1.0148833295273227,2.086549874454031,0.336218836565097,833.0
profilefield_conditional,1,0,0.672437673130194,1.0148833295273227,2.086549874454031,0.336218836565097,833.0
filter_syntaxhighlighter,1,0,0.6709660664819945,0.9942318013558032,2.067238023450942,0.33548303324099726,800.0
customfield_picture,1,0,0.6706198060941828,0.9923543897038469,2.0654431161007767,0.3353099030470914,797.0
report_advancedgrading,1,0,0.670446675900277,0.9917285858198615,2.06484331383089,0.3352233379501385,796.0
local_pages,0,1,0.6702735457063712,0.9885995663999343,2.0618329687943557,0.3351367728531856,791.0
block_course_contacts,0,1,0.6701004155124655,0.9879737625159488,2.0612286196962026,0.33505020775623273,790.0
qtype_drawing,1,0,0.6694944598337951,0.9767092926042109,2.0502176981591456,0.33474722991689754,772.0
mod_flashcard,0,1,0.6689750692520775,0.9717028615323274,2.0452414010285818,0.33448753462603875,764.0
tool_health,1,0,0.6687153739612188,0.9704512537643566,2.0439891954769376,0.3343576869806094,762.0
atto_sketch,1,0,0.668542243767313,0.9691996459963856,2.0427337032927806,0.3342711218836565,760.0
tool_trigger,1,0,0.6683691135734072,0.9679480382284148,2.0414749071780136,0.3341845567867036,758.0
tinymce_clozeeditor,0,1,0.6679362880886427,0.9616899993885604,2.0351307525453004,0.33396814404432135,748.0
local_kopere_wpbridge,1,0,0.6676765927977839,0.959812587736604,2.0332109817508233,0.33383829639889195,745.0
enrol_invitation,1,0,0.6664646814404432,0.9447932945209536,2.017568969591127,0.3332323407202216,721.0
tinymce_tiny_mce_wiris,1,0,0.6662915512465374,0.9429158828689972,2.0155772571470734,0.3331457756232687,718.0
profilefield_file,1,0,0.6660318559556787,0.9416642751010263,2.0142448266265953,0.33301592797783935,716.0
block_pageone,0,1,0.6659885734072022,1.7891947988813204,2.0503533606922364,0.3329942867036011,25.0
report_engagement,0,1,0.6655990304709142,1.718076105775316,1.833429821755681,0.3327995152354571,27.0
local_helpdesk,1,0,0.6655990304709141,0.9335288246092157,2.0054923667941305,0.33279951523545703,703.0
mod_skype,1,0,0.6654259002770083,0.925393374117405,1.9965767693193144,0.33271295013850416,690.0
theme_stream,1,0,0.664733379501385,0.9135031003216816,1.983239877958845,0.3323666897506925,671.0
mod_autoattendmod,1,0,0.6645602493074793,0.9103740809017544,1.9796674771308462,0.33228012465373963,666.0
qformat_csv,1,0,0.6642139889196677,0.9072450614818273,1.9760681956827386,0.3321069944598338,661.0
aiprovider_gemini,1,0,0.6639542936288089,0.9066192575978418,1.9753450780128143,0.33197714681440443,660.0
block_mycertificates,1,0,0.6636945983379501,0.905367649829871,1.973895554941297,0.33184729916897504,658.0
block_timestat,1,0,0.662915512465374,0.8953547876861039,1.9621384715968582,0.331457756232687,642.0
theme_leoblue,1,1,0.33093836565096957,1.4979693213553502,0.8637930118768826,0.33093836565096957,7.0
tool_uploadpage,1,1,0.33093836565096957,1.4979693213553502,0.8637930118768826,0.33093836565096957,7.0
repository_giphy,1,1,0.33093836565096957,1.4979693213553502,0.8637930118768826,0.33093836565096957,7.0
theme_slate,1,1,0.33093836565096957,1.4979693213553502,0.8637930118768826,0.33093836565096957,7.0
cachestore_memcachedcluster,1,1,0.33093836565096957,1.4979693213553502,0.8637930118768826,0.33093836565096957,7.0
repository_mediacapture,1,1,0.33093836565096957,1.4979693213553502,0.8637930118768826,0.33093836565096957,7.0
local_hide_inactive_courses,1,1,0.33093836565096957,1.4979693213553502,0.8637930118768826,0.33093836565096957,7.0
datapreset_infomap_latlongmap,1,1,0.33093836565096957,1.4979693213553502,0.8637930118768826,0.33093836565096957,7.0
tool_ischolarsync,1,1,0.33093836565096957,1.4979693213553502,0.8637930118768826,0.33093836565096957,7.0
mod_enhancedchoice,1,1,0.33093836565096957,1.4979693213553502,0.8637930118768826,0.33093836565096957,7.0
theme_newsie,1,1,0.33093836565096957,1.4979693213553502,0.8637930118768826,0.33093836565096957,7.0
block_recommender,1,1,0.33093836565096957,1.4979693213553502,0.8637930118768826,0.33093836565096957,7.0
block_openbiblio,1,1,0.33093836565096957,1.4979693213553502,0.8637930118768826,0.33093836565096957,7.0
tool_lpcustomfields,1,1,0.33093836565096957,1.4979693213553502,0.8637930118768826,0.33093836565096957,7.0
theme_melbourne,1,1,0.33093836565096957,1.4979693213553502,0.8637930118768826,0.33093836565096957,7.0
repository_emailed_files,1,1,0.33093836565096957,1.4979693213553502,0.8637930118768826,0.33093836565096957,7.0
block_course_publish,1,1,0.33093836565096957,1.4979693213553502,0.8637930118768826,0.33093836565096957,7.0
enrol_elightenment,1,1,0.33093836565096957,1.4979693213553502,0.8637930118768826,0.33093836565096957,7.0
theme_saturn,1,1,0.33093836565096957,1.4979693213553502,0.8637930118768826,0.33093836565096957,7.0
enrol_shebang,1,1,0.33093836565096957,1.4979693213553502,0.8637930118768826,0.33093836565096957,7.0
gradereport_laeuser,1,1,0.33093836565096957,1.4979693213553502,0.8637930118768826,0.33093836565096957,7.0
local_modcustomfields,1,0,0.6617901662049861,0.8809612983544388,1.9447147374623779,0.33089508310249305,619.0
quizaccess_delayed,1,0,0.6616170360110804,0.878458082818497,1.9416186603264005,0.3308085180055402,615.0
theme_boost_campus,0,1,0.6603185595567866,0.8728258478626281,1.9345783366252127,0.3301592797783933,606.0
availability_paypal,1,0,0.660058864265928,0.8722000439786426,1.9337896435404212,0.330029432132964,605.0
filter_videoeasy,1,0,0.6597126038781164,0.8715742400946572,1.9329996479065912,0.3298563019390582,604.0
quizaccess_safeexambrowser,0,1,0.6592797783933518,0.8709484362106718,1.9322083454142103,0.3296398891966759,603.0
tool_bulkemail,1,0,0.659020083102493,0.8678194167907446,1.9282320777335542,0.3295100415512465,598.0
qtype_algebra,1,0,0.6586738227146814,0.8665678090227737,1.9266322693943,0.3293369113573407,596.0
plagiarism_urkund,1,0,0.6583275623268698,0.864064593486832,1.923416511080956,0.3291637811634349,592.0
theme_roshnilite,1,0,0.658154432132964,0.8628129857188611,1.921800488437304,0.329077216066482,590.0
tiny_generico,1,0,0.6578947368421053,0.8621871818348756,1.9209904251657066,0.32894736842105265,589.0
mod_wordcloud,1,0,0.6578947368421053,0.8621871818348756,1.9209904251657066,0.32894736842105265,589.0
gradingform_checklist,1,0,0.6571156509695291,0.858432358530963,1.916101024017579,0.32855782548476453,583.0
mod_consentform,1,0,0.6568559556786704,0.8559291429950213,1.9128134354918676,0.3284279778393352,579.0
format_etask,1,0,0.6565962603878117,0.8553033391110358,1.9119879956881416,0.32829813019390586,578.0
fileconverter_librelambda,1,0,0.655297783933518,0.8415356536633561,1.8934583383684556,0.327648891966759,556.0
tool_resendnewaccountemail,1,0,0.6548649584487535,0.8359034187074872,1.8856661656477178,0.32743247922437674,547.0
report_coursemanager,1,0,0.6536530470914128,0.8277679682156764,1.8741818666386236,0.3268265235457064,534.0
atto_corrections,0,1,0.6533067867036011,0.822761537143793,1.86697506745549,0.32665339335180055,526.0
block_coursesearch,1,0,0.6528739612188366,0.8215099293758221,1.8651562734484288,0.3264369806094183,524.0
block_completion_levels,1,0,0.652441135734072,0.8190067138398803,1.8614978063028276,0.326220567867036,520.0
format_topicsactivitycards,1,0,0.6522680055401662,0.8177551060719095,1.8596580261596238,0.3261340027700831,518.0
qtype_vplquestion,1,0,0.6520948753462603,0.8152518905359677,1.855957100560218,0.32604743767313016,514.0
tool_forcedcache,1,0,0.6513157894736843,0.8121228711160405,1.8512903099092708,0.32565789473684215,509.0
gradereport_gradedist,1,0,0.6513157894736843,0.8121228711160405,1.8512903099092708,0.32565789473684215,509.0
report_completionoverview,0,1,0.6508829639889198,0.8114970672320552,1.850351463194617,0.3254414819944599,508.0
tiny_sketch,1,0,0.650536703601108,0.8077422439281425,1.844679354272137,0.325268351800554,502.0
theme_nice,1,0,0.6503635734072022,0.8071164400441571,1.843727429087213,0.3251817867036011,501.0
tool_coursedates,0,1,0.6500173130193906,0.8052390283922007,1.840860234203729,0.3250086565096953,498.0
mod_bootstrapelements,0,1,0.6494979224376731,0.8033616167402444,1.8379757495983873,0.32474896121883656,495.0
block_studentstracker,1,0,0.6493247922437673,0.802735812856259,1.8370103764199492,0.32466239612188363,494.0
tool_mfa,0,1,0.6491516620498615,0.8002325973203173,1.833129282126198,0.32457583102493076,490.0
webservice_mcp,1,0,0.6489785318559557,0.7996067934363318,1.8321540682357944,0.32448926592797783,489.0
atto_bsgrid,0,1,0.6485457063711911,0.79710357790039,1.828233208188628,0.32427285318559557,485.0
report_modulecompletion,1,0,0.6481128808864266,0.7958519701324192,1.8262606600426008,0.3240564404432133,483.0
local_kopere_recert,1,0,0.6479397506925209,0.7952261662484337,1.8252713272234171,0.3239698753462604,482.0
tool_userdebug,1,0,0.6474203601108033,0.7933487545964774,1.8222909920521684,0.32371018005540164,479.0
filter_tabs,1,0,0.6472472299168975,0.792722950712492,1.8212934061899537,0.32362361495844877,478.0
block_enrolmenttimer,0,1,0.6470740997229917,0.7920971468285065,1.8202937355072846,0.32353704986149584,477.0
local_login,0,1,0.6467278393351801,0.7908455390605356,1.8182881046966368,0.32336391966759004,475.0
local_metagroups,1,0,0.6465547091412742,0.7895939312925647,1.816274029099781,0.3232773545706371,473.0
atto_reciteditor,0,1,0.6462950138504155,0.7870907157566229,1.8122202569776928,0.3231475069252078,469.0
atto_snippet,1,0,0.6455159279778393,0.7814584808007541,1.8029716762241732,0.32275796398891965,460.0
format_masonry,1,0,0.6452562326869806,0.7808326769167686,1.801932930435827,0.3226281163434903,459.0
block_graph_stats,0,1,0.6452562326869806,0.7808326769167686,1.801932930435827,0.3226281163434903,459.0
mod_wordcards,1,0,0.644996537396122,0.7789552652648123,1.7988030899507936,0.322498268698061,456.0
mod_minilesson,1,0,0.6446502770083102,0.7745746380769142,1.7914194907970729,0.3223251385041551,449.0
atto_mathslate,1,0,0.6443905817174516,0.7726972264249579,1.7882198651711239,0.3221952908587258,446.0
filter_jsxgraph,1,0,0.6441308864265929,0.7720714225409725,1.7871485494992172,0.32206544321329644,445.0
report_securityaudit,1,0,0.643957756232687,0.771445618656987,1.7860748290763107,0.3219788781163435,444.0
mod_livestreaming,1,1,0.32193559556786705,1.4973435174713647,0.7999193054091527,0.32193559556786705,6.0
cachestore_memcachecluster,1,1,0.32193559556786705,1.4973435174713647,0.7999193054091527,0.32193559556786705,6.0
auth_liveid,1,1,0.32193559556786705,1.4973435174713647,0.7999193054091527,0.32193559556786705,6.0
tinymce_clickview,1,1,0.32193559556786705,1.4973435174713647,0.7999193054091527,0.32193559556786705,6.0
filter_chemdoodle,1,1,0.32193559556786705,1.4973435174713647,0.7999193054091527,0.32193559556786705,6.0
repository_mytube,1,1,0.32193559556786705,1.4973435174713647,0.7999193054091527,0.32193559556786705,6.0
tool_advancedspamcleaner,1,1,0.32193559556786705,1.4973435174713647,0.7999193054091527,0.32193559556786705,6.0
quizaccess_supervisedcheck,1,1,0.32193559556786705,1.4973435174713647,0.7999193054091527,0.32193559556786705,6.0
local_adminsettingsconfig,1,1,0.32193559556786705,1.4973435174713647,0.7999193054091527,0.32193559556786705,6.0
mod_lessonspace,1,1,0.32193559556786705,1.4973435174713647,0.7999193054091527,0.32193559556786705,6.0
theme_ville,1,1,0.32193559556786705,1.4973435174713647,0.7999193054091527,0.32193559556786705,6.0
mod_appsanywhere,1,1,0.32193559556786705,1.4973435174713647,0.7999193054091527,0.32193559556786705,6.0
qtype_easyostructure,1,1,0.32193559556786705,1.4973435174713647,0.7999193054091527,0.32193559556786705,6.0
plagiarism_copycheck,1,1,0.32193559556786705,1.4973435174713647,0.7999193054091527,0.32193559556786705,6.0
mod_playlist,1,1,0.32193559556786705,1.4973435174713647,0.7999193054091527,0.32193559556786705,6.0
mod_clearlesson,1,1,0.32193559556786705,1.4973435174713647,0.7999193054091527,0.32193559556786705,6.0
block_google_adsense,1,1,0.32193559556786705,1.4973435174713647,0.7999193054091527,0.32193559556786705,6.0
block_mindmap,1,1,0.32193559556786705,1.4973435174713647,0.7999193054091527,0.32193559556786705,6.0
message_moodletxtplus,1,1,0.32193559556786705,1.4973435174713647,0.7999193054091527,0.32193559556786705,6.0
block_switchrole,1,1,0.32193559556786705,1.4973435174713647,0.7999193054091527,0.32193559556786705,6.0
enrol_gapply,1,0,0.6433518005540166,0.7689424031210452,1.781755682372029,0.3216759002770083,440.0
mod_childcourse,1,0,0.6433518005540166,0.7689424031210452,1.781755682372029,0.3216759002770083,440.0
block_featuredcourses,1,0,0.6426592797783934,0.7676907953530744,1.7795813956849662,0.3213296398891967,438.0
mod_readaloud,1,0,0.6426592797783934,0.7676907953530744,1.7795813956849662,0.3213296398891967,438.0
filter_videolesson,1,0,0.6426592797783934,1.7136954785874179,1.6958193326365951,0.3213296398891967,20.0
tiny_widgethub,1,0,0.6412742382271468,0.7639359720491617,1.7729986003170972,0.3206371191135734,432.0
local_aiquestions,0,1,0.6412742382271468,0.7639359720491617,1.7729986003170972,0.3206371191135734,432.0
mod_tab,0,1,0.6407548476454294,0.7601811487452491,1.766323949030366,0.3203774238227147,426.0
mod_surveypro,1,0,0.6404085872576177,0.7595553448612637,1.7652023957672986,0.32020429362880887,425.0
local_invitation,1,0,0.6404085872576177,0.7595553448612637,1.7652023957672986,0.32020429362880887,425.0
tool_redirects,1,0,0.6397160664819945,0.7576779332093073,1.761821871113927,0.31985803324099726,422.0
mod_openmeetings,1,0,0.6397160664819945,0.7576779332093073,1.761821871113927,0.31985803324099726,422.0
webservice_xmlrpc,1,0,0.6393698060941828,0.7564263254413365,1.7595548420006015,0.3196849030470914,420.0
auth_joomdle,1,0,0.6391101108033241,0.7558005215573511,1.7584172855844384,0.31955505540166207,419.0
format_flexible,0,1,0.6388504155124655,0.7532973060214093,1.7538398128774648,0.31942520775623273,415.0
local_kopere_mobile,1,0,0.6388504155124655,0.7532973060214093,1.7538398128774648,0.31942520775623273,415.0
block_todo,1,0,0.6385907202216067,0.750168286601482,1.7480556765286317,0.31929536011080334,410.0
auth_loginlogoutredir,1,0,0.6380713296398892,0.7464134632975694,1.7410211049333073,0.3190356648199446,404.0
tiny_snippet,1,0,0.6380713296398892,0.7464134632975694,1.7410211049333073,0.3190356648199446,404.0
qtype_multinumerical,0,1,0.6380713296398892,0.7464134632975694,1.7410211049333073,0.3190356648199446,404.0
qtype_aitext,1,0,0.6377250692520775,0.745787659413584,1.7398385524211106,0.31886253462603875,403.0
tool_deletemessage,1,0,0.6369459833795015,0.7420328361096714,1.7326811782749891,0.31847299168975074,397.0
availability_mobileapp,1,0,0.6366862880886427,0.7414070322256859,1.7314778009169018,0.31834314404432135,396.0
block_lw_courses,0,1,0.6363400277008311,0.7382780128057588,1.725415080371804,0.31817001385041555,391.0
mod_labelcollapsed,1,0,0.6358206371191135,0.7370264050377879,1.7229683116223695,0.31791031855955676,389.0
mod_recordingsbn,0,1,0.6358206371191135,0.7370264050377879,1.7229683116223695,0.31791031855955676,389.0
mod_helixmedia,1,0,0.6358206371191135,0.7370264050377879,1.7229683116223695,0.31791031855955676,389.0
contenttype_repurpose,1,0,0.6358206371191135,0.7370264050377879,1.7229683116223695,0.31791031855955676,389.0
local_aigrade,1,0,0.6344355955678671,0.7307683661979335,1.7105431390747892,0.31721779778393355,379.0
availability_quizquestion,0,1,0.6336565096952909,0.7245103273580791,1.6977865898270428,0.31682825484764543,369.0
report_componentgrades,0,1,0.6333968144044322,0.7238845234740936,1.6964920227376703,0.3166984072022161,368.0
qformat_printout,1,0,0.6330505540166205,0.7213813079381519,1.6912784316431726,0.31652527700831024,364.0
qbehaviour_deferredallnothing,1,0,0.6311461218836565,0.7144974652143121,1.6766409481826305,0.31557306094182824,353.0
antivirus_mimeblocker,0,1,0.6307998614958449,0.7132458574463412,1.6739307865557338,0.31539993074792244,351.0
local_wordimport,1,0,0.6301939058171746,0.7119942496783703,1.6712051823291179,0.3150969529085873,349.0
mod_collaborate,1,0,0.629674515235457,0.711368445794385,1.66983653404902,0.3148372576177285,348.0
local_course_template,0,1,0.6287222991689752,0.7082394263744577,1.662933928737827,0.3143611495844876,343.0
availability_badge,1,0,0.6283760387811634,0.7076136224904723,1.6615413739040745,0.3141880193905817,342.0
block_myprograms,1,0,0.6279432132963989,0.7057362108385159,1.6573392187899603,0.31397160664819945,339.0
tool_registrationrules,1,0,0.6275103878116344,0.7013555836506179,1.6473882039632775,0.3137551939058172,332.0
quiz_archiver,1,0,0.6272506925207757,0.7007297797666324,1.645949579577963,0.31362534626038785,331.0
mod_onlyoffice,1,0,0.6264716066481995,0.6969749564627198,1.6372257709593425,0.3132358033240997,325.0
availability_time,1,0,0.6262119113573408,0.6963491525787344,1.6357562083670487,0.3131059556786704,324.0
theme_bcu,0,1,0.6262119113573408,0.6963491525787344,1.6357562083670487,0.3131059556786704,324.0
theme_jupiter,1,1,0.31301939058171746,1.4967177135873793,0.7261825227577967,0.31301939058171746,5.0
local_davroot,1,1,0.31301939058171746,1.4967177135873793,0.7261825227577967,0.31301939058171746,5.0
mod_completionmarker,1,1,0.31301939058171746,1.4967177135873793,0.7261825227577967,0.31301939058171746,5.0
mod_videoconsultation,1,1,0.31301939058171746,1.4967177135873793,0.7261825227577967,0.31301939058171746,5.0
theme_uranus,1,1,0.31301939058171746,1.4967177135873793,0.7261825227577967,0.31301939058171746,5.0
repository_areafilesplus,1,1,0.31301939058171746,1.4967177135873793,0.7261825227577967,0.31301939058171746,5.0
block_knowledge_sharing,1,1,0.31301939058171746,1.4967177135873793,0.7261825227577967,0.31301939058171746,5.0
repository_cvod,1,1,0.31301939058171746,1.4967177135873793,0.7261825227577967,0.31301939058171746,5.0
filter_simplespeak,1,1,0.31301939058171746,1.4967177135873793,0.7261825227577967,0.31301939058171746,5.0
report_courseawards,1,1,0.31301939058171746,1.4967177135873793,0.7261825227577967,0.31301939058171746,5.0
local_twittercard,1,1,0.31301939058171746,1.4967177135873793,0.7261825227577967,0.31301939058171746,5.0
local_question_filters,1,1,0.31301939058171746,1.4967177135873793,0.7261825227577967,0.31301939058171746,5.0
mod_folderexamtimer,1,1,0.31301939058171746,1.4967177135873793,0.7261825227577967,0.31301939058171746,5.0
filter_formattimestamp,1,1,0.31301939058171746,1.4967177135873793,0.7261825227577967,0.31301939058171746,5.0
block_tincanlearnerstream,1,1,0.31301939058171746,1.4967177135873793,0.7261825227577967,0.31301939058171746,5.0
search_algolia,1,1,0.31301939058171746,1.4967177135873793,0.7261825227577967,0.31301939058171746,5.0
mod_mposter,1,1,0.31301939058171746,1.4967177135873793,0.7261825227577967,0.31301939058171746,5.0
qtype_easyoname,1,1,0.31301939058171746,1.4967177135873793,0.7261825227577967,0.31301939058171746,5.0
local_getcontexts,1,1,0.31301939058171746,1.4967177135873793,0.7261825227577967,0.31301939058171746,5.0
block_eledia_suspenduser,1,1,0.31301939058171746,1.4967177135873793,0.7261825227577967,0.31301939058171746,5.0
local_alternative_file_system,1,0,0.6258656509695291,0.6950975448107635,1.6328034690679012,0.31293282548476453,322.0
qbank_genai,1,0,0.625,0.6932201331588072,1.6283399009328574,0.3125,319.0
tool_vault,1,0,0.6246537396121884,0.6925943292748218,1.626842740876347,0.3123268698060942,318.0
mod_lanebs,1,0,0.6246537396121884,0.6925943292748218,1.626842740876347,0.3123268698060942,318.0
mod_exagames,1,0,0.6242209141274238,0.6919685253908363,1.6253408801526077,0.3121104570637119,317.0
local_copy,1,0,0.6237015235457064,0.6907169176228654,1.62232293798047,0.3118507617728532,315.0
tool_inactive_user_cleanup,1,0,0.6234418282548477,0.69009111373888,1.6208067964653525,0.31172091412742386,314.0
mod_apply,1,0,0.623095567867036,0.6894653098548945,1.6192858341423948,0.311547783933518,313.0
lifecyclestep_adminapprove,0,1,0.623095567867036,0.6894653098548945,1.6192858341423948,0.311547783933518,313.0
block_evalcomix,1,0,0.6227493074792244,0.6888395059709091,1.6177600202567637,0.3113746537396122,312.0
repository_txttoimg,1,0,0.6227493074792244,0.6888395059709091,1.6177600202567637,0.3113746537396122,312.0
local_kopere_status,1,0,0.622229916897507,0.6875878982029382,1.6146937132981212,0.3111149584487535,310.0
tiny_stash,1,0,0.622229916897507,0.6875878982029382,1.6146937132981212,0.3111149584487535,310.0
mod_solo,1,0,0.6218836565096952,0.6869620943189527,1.613153157223981,0.3109418282548476,309.0
tool_excimer,1,0,0.6218836565096952,0.6869620943189527,1.613153157223981,0.3109418282548476,309.0
local_kopere_proctoring,1,0,0.6211045706371191,0.6838330748990256,1.6053750631236896,0.31055228531855955,304.0
local_rocketchat,1,0,0.6208015927977839,1.7823109561574806,1.7872429596285433,0.31040079639889195,14.0
repository_s3bucket,1,0,0.6206717451523546,0.6825814671310547,1.6022280633020243,0.3103358725761773,302.0
quizaccess_hidecorrect,1,0,0.62023891966759,0.6819556632470692,1.6006467651758134,0.310119459833795,301.0
quiz_gradingstudents,0,1,0.6195463988919667,0.6800782515951129,1.595871262142037,0.30977319944598336,298.0
atto_panoptobutton,1,0,0.6185076177285318,0.6744460166392441,1.5812518552534707,0.3092538088642659,289.0
block_my_enrolled_courses,1,0,0.6180747922437673,0.6738202127552586,1.5795995487830723,0.30903739612188363,288.0
local_deleteoldquizattempts,1,0,0.6180747922437673,0.6738202127552586,1.5795995487830723,0.30903739612188363,288.0
qbehaviour_deferredfeedbackexplain,0,1,0.6180747922437673,0.6738202127552586,1.5795995487830723,0.30903739612188363,288.0
report_lmsace_reports,1,0,0.6180747922437673,0.6738202127552586,1.5795995487830723,0.30903739612188363,288.0
customfield_multiselect,0,1,0.6176419667590027,0.6725686049872877,1.5762777142697157,0.30882098337950137,286.0
customfield_file,1,0,0.6171225761772854,0.6713169972193168,1.5729326499557033,0.3085612880886427,284.0
local_backupftp,1,0,0.6159972299168975,0.6694395855673605,1.5678707799946165,0.30799861495844877,281.0
local_courseexpiry,0,1,0.615953947368421,1.781685152273495,1.754240754415909,0.3079769736842105,13.0
mod_plugnmeet,1,0,0.6154778393351801,0.668813781683375,1.5661715162269498,0.30773891966759004,280.0
assignsubmission_cloudpoodll,1,0,0.6152181440443214,0.6656847622634479,1.5575834534527502,0.3076090720221607,275.0
local_assignsubmission_download,1,0,0.6146987534626038,0.6619299389595352,1.5470700138139966,0.3073493767313019,269.0
report_upgradelog,1,0,0.6145256232686981,0.6613041350755497,1.5452950869257105,0.30726281163434904,268.0
local_moofactory_notification,1,0,0.6141793628808865,0.6606783311915644,1.5435135494937224,0.30708968144044324,267.0
quizaccess_quilgo,1,0,0.6135734072022161,0.6600525273075789,1.5417253520932344,0.30678670360110805,266.0
block_powerbi,1,0,0.6135734072022161,0.6600525273075789,1.5417253520932344,0.30678670360110805,266.0
message_kopereemail,1,0,0.6135734072022161,0.6600525273075789,1.5417253520932344,0.30678670360110805,266.0
qbehaviour_adaptiveallnothing,1,0,0.6130540166204986,0.6588009195396081,1.538128776897287,0.3065270083102493,264.0
tool_speedtest,0,1,0.6126211911357341,0.6581751156556226,1.5363202974366479,0.30631059556786705,263.0
quizaccess_ipaddresslist,1,0,0.6126211911357341,0.6581751156556226,1.5363202974366479,0.30631059556786705,263.0
block_rate_course,0,1,0.6122749307479225,0.6575493117716371,1.534504954659904,0.30613746537396125,262.0
mod_congrea,0,1,0.6121018005540166,0.6569235078876517,1.5326826962749343,0.3060509002770083,261.0
mod_panoptosubmission,1,0,0.6114958448753463,0.6562977040036663,1.5308534693897053,0.3057479224376731,260.0
assignfeedback_editpdfplus,0,1,0.6114958448753463,0.6562977040036663,1.5308534693897053,0.3057479224376731,260.0
fileconverter_flasksoffice,1,0,0.6108898891966759,0.6556719001196809,1.5290172205030583,0.30544494459833793,259.0
qtype_cloudpoodll,1,0,0.6105436288088643,0.6550460962356954,1.5271738954953222,0.30527181440443213,258.0
qtype_shortmath,0,1,0.6097645429362881,0.6531686845837391,1.521600913068867,0.30488227146814406,255.0
report_offlinequizcron,1,0,0.6090720221606648,0.6519170768157683,1.517849189934154,0.3045360110803324,253.0
block_vitrina,1,0,0.6090720221606648,0.6519170768157683,1.517849189934154,0.3045360110803324,253.0
local_page,1,0,0.607946675900277,0.6494138612798265,1.5102562964224413,0.3039733379501385,249.0
filter_studietube,1,0,0.6079033933518005,3.059142944351786,2.752033652694233,0.3039516966759003,9.0
block_turnitin,0,1,0.6076869806094183,0.648788057395841,1.5083390904588772,0.30384349030470914,248.0
theme_liquid,1,0,0.6073407202216067,0.6481622535118556,1.5064141693599906,0.30367036011080334,247.0
local_nolej,1,0,0.6073407202216067,0.6481622535118556,1.5064141693599906,0.30367036011080334,247.0
format_timeline,1,0,0.6070810249307479,0.6450332340919284,1.496671627950231,0.30354051246537395,242.0
tool_lockstats,0,1,0.606907894736842,0.643155822439972,1.4907294118137715,0.303453947368421,239.0
local_instructor_files,0,1,0.6066481994459834,0.6425300185559866,1.488732155268888,0.3033240997229917,238.0
tiny_justify,1,0,0.6066481994459834,0.6425300185559866,1.488732155268888,0.3033240997229917,238.0
mod_dataplus,1,1,0.3032375346260388,1.496091909703394,0.6389704195024759,0.3032375346260388,4.0
filter_youku,1,1,0.3032375346260388,1.496091909703394,0.6389704195024759,0.3032375346260388,4.0
cachestore_xcache,1,1,0.3032375346260388,1.496091909703394,0.6389704195024759,0.3032375346260388,4.0
qformat_fronter,1,1,0.3032375346260388,1.496091909703394,0.6389704195024759,0.3032375346260388,4.0
block_course_quick_access,1,1,0.3032375346260388,1.496091909703394,0.6389704195024759,0.3032375346260388,4.0
block_usersprofile,1,1,0.3032375346260388,1.496091909703394,0.6389704195024759,0.3032375346260388,4.0
theme_fabric,1,1,0.3032375346260388,1.496091909703394,0.6389704195024759,0.3032375346260388,4.0
block_low_generator,1,1,0.3032375346260388,1.496091909703394,0.6389704195024759,0.3032375346260388,4.0
block_pdf2submission,1,1,0.3032375346260388,1.496091909703394,0.6389704195024759,0.3032375346260388,4.0
block_advrssfeed,1,1,0.3032375346260388,1.496091909703394,0.6389704195024759,0.3032375346260388,4.0
message_pushover,1,1,0.3032375346260388,1.496091909703394,0.6389704195024759,0.3032375346260388,4.0
tool_lpimportcsv,1,1,0.3032375346260388,1.496091909703394,0.6389704195024759,0.3032375346260388,4.0
local_ajaxcategories,1,1,0.3032375346260388,1.496091909703394,0.6389704195024759,0.3032375346260388,4.0
filter_ivs,1,1,0.3032375346260388,1.496091909703394,0.6389704195024759,0.3032375346260388,4.0
cachestore_wincache,1,1,0.3032375346260388,1.496091909703394,0.6389704195024759,0.3032375346260388,4.0
block_tb_m_slots,1,1,0.3032375346260388,1.496091909703394,0.6389704195024759,0.3032375346260388,4.0
enrol_idlist2,1,1,0.3032375346260388,1.496091909703394,0.6389704195024759,0.3032375346260388,4.0
block_internships,1,1,0.3032375346260388,1.496091909703394,0.6389704195024759,0.3032375346260388,4.0
block_tb_course_nav,1,1,0.3032375346260388,1.496091909703394,0.6389704195024759,0.3032375346260388,4.0
mod_cardtobrain,1,1,0.3032375346260388,1.496091909703394,0.6389704195024759,0.3032375346260388,4.0
tool_my_external_backup_restore_courses_admin,1,1,0.3032375346260388,1.496091909703394,0.6389704195024759,0.3032375346260388,4.0
mod_smartchoice,1,1,0.3032375346260388,1.496091909703394,0.6389704195024759,0.3032375346260388,4.0
block_mediawiki_search,1,1,0.3032375346260388,1.496091909703394,0.6389704195024759,0.3032375346260388,4.0
block_course_overview_plus,1,1,0.3032375346260388,1.496091909703394,0.6389704195024759,0.3032375346260388,4.0
auth_ldapcapture,1,1,0.3032375346260388,1.496091909703394,0.6389704195024759,0.3032375346260388,4.0
filter_screencast,1,1,0.3032375346260388,1.496091909703394,0.6389704195024759,0.3032375346260388,4.0
repository_mycoursesfiles,1,1,0.3032375346260388,1.496091909703394,0.6389704195024759,0.3032375346260388,4.0
block_news_slider,0,1,0.6063885041551247,0.6419042146720012,1.48672652445824,0.30319425207756234,237.0
block_openai_questions,1,0,0.606128808864266,0.6412784107880157,1.484712448861384,0.303064404432133,236.0
block_helpdesk,0,1,0.6056094182825484,0.6406526069040304,1.4826898570633198,0.3028047091412742,235.0
assignsubmission_helixassign,1,0,0.6051765927977839,0.6394009991360594,1.478618834639293,0.30258829639889195,233.0
paygw_bank,1,0,0.6049168975069252,0.6387751952520739,1.476570256572171,0.3024584487534626,232.0
block_lpprogress,1,0,0.6043975069252078,0.6375235874841031,1.472446590968918,0.3021987534626039,230.0
mod_ispring,1,0,0.604137811634349,0.6368977836001177,1.47037135019743,0.3020689058171745,229.0
local_myddleware,1,0,0.6037915512465374,0.6362719797161323,1.4682870669539418,0.3018957756232687,228.0
local_purgequestioncategory,1,0,0.6031855955678671,0.6343945680641759,1.4619791656871388,0.30159279778393355,225.0
quizaccess_failgrade,1,0,0.6029259002770083,0.6331429602962051,1.457727206601137,0.30146295013850416,223.0
tiny_wordlimit,1,0,0.6026662049861495,0.6318913525282341,1.4534371128439663,0.30133310249307477,221.0
qformat_glossary,1,0,0.6026662049861495,0.6318913525282341,1.4534371128439663,0.30133310249307477,221.0
local_preventcopy,1,0,0.6024065096952909,0.6312655486442487,1.4512775504961704,0.30120325484764543,220.0
profilefield_database,1,0,0.6019736842105263,0.6300139408762778,1.4469289546600963,0.30098684210526316,218.0
mod_scormremote,1,0,0.6019736842105263,0.6300139408762778,1.4469289546600963,0.30098684210526316,218.0
block_bulkactivity,1,0,0.6014542936288089,0.6293881369922925,1.4447397414678738,0.30072714681440443,217.0
block_my_grades,1,0,0.6011080332409973,0.628762333108307,1.4425404628922605,0.30055401662049863,216.0
block_timezoneclock,1,0,0.6007617728531855,0.6275107253403361,1.4381113363634206,0.3003808864265928,214.0
block_exastud,1,0,0.5998961218836565,0.6262591175723652,1.4336408155289018,0.29994806094182824,212.0
local_easycustmenu,1,0,0.5998961218836565,0.6262591175723652,1.4336408155289018,0.29994806094182824,212.0
tool_userautodelete,1,0,0.5988573407202216,0.6243817059204089,1.4268557053460416,0.2994286703601108,209.0
mod_giportfolio,0,1,0.5988573407202216,0.6243817059204089,1.4268557053460416,0.2994286703601108,209.0
block_uicustomcss,0,1,0.5981648199445984,0.6225042942684526,1.4199729643336643,0.2990824099722992,206.0
availability_dedicationtime,1,0,0.5981648199445984,0.6225042942684526,1.4199729643336643,0.2990824099722992,206.0
mod_taskchain,1,0,0.5971260387811634,0.6206268826164962,1.4129897418068835,0.2985630193905817,203.0
block_featured_courses,0,1,0.5971260387811634,0.6206268826164962,1.4129897418068835,0.2985630193905817,203.0
mod_collabwordcloud,1,0,0.596606648199446,0.6200010787325109,1.4106391609217503,0.298303324099723,202.0
local_checkmarkreport,1,0,0.596606648199446,0.6200010787325109,1.4106391609217503,0.298303324099723,202.0
quiz_essaydownload,1,0,0.596606648199446,0.6200010787325109,1.4106391609217503,0.298303324099723,202.0
availability_enrolmentmethod,1,0,0.5953947368421053,0.6181236670805546,1.403517308558451,0.29769736842105265,199.0
plagiarism_pchkorg,1,0,0.5947887811634349,0.6174978631965691,1.401119598036592,0.29739439058171746,198.0
qtype_splitset,0,1,0.5942693905817175,0.6168720593125836,1.398709808317562,0.29713469529085873,197.0
block_glossary_export_to_quiz,1,0,0.59375,0.6162462554285982,1.3962878170795963,0.296875,196.0
block_counter,1,0,0.59375,0.6162462554285982,1.3962878170795963,0.296875,196.0
block_objectives,1,0,0.5932306094182825,0.6156204515446128,1.3938535001334074,0.29661530470914127,195.0
plagiarism_originality,1,0,0.5928843490304709,0.6149946476606274,1.3914067313839724,0.29644217451523547,194.0
mod_linkedincert,0,1,0.5919321329639889,0.6137430398926564,1.3864753243304337,0.29596606648199447,192.0
local_courseicons,1,0,0.5919321329639889,0.6137430398926564,1.3864753243304337,0.29596606648199447,192.0
local_slow_queries,1,0,0.5910664819944598,0.6124914321246856,1.3814925475292086,0.2955332409972299,190.0
local_ws_enrolcohort,0,1,0.5907202216066483,0.6118656282407001,1.3789815588363923,0.29536011080332414,189.0
format_letstudy,1,0,0.589941135734072,0.6112398243567148,1.3764573194822762,0.294970567867036,188.0
qformat_crossxml,1,0,0.589941135734072,0.6112398243567148,1.3764573194822762,0.294970567867036,188.0
gradingform_btec,1,0,0.589941135734072,0.6112398243567148,1.3764573194822762,0.294970567867036,188.0
local_coursectrl,1,0,0.5893784626038782,1.7791819367375534,1.5932918685092323,0.2946892313019391,9.0
mod_kahoodle,1,0,0.5891620498614958,0.6099882165887438,1.3713685241744398,0.2945810249307479,186.0
block_cinfo,1,0,0.5891620498614958,0.6099882165887438,1.3713685241744398,0.2945810249307479,186.0
assignfeedback_cloudpoodll,1,0,0.5887292243767313,0.6093624127047583,1.3688036802409047,0.2943646121883656,185.0
format_simple,1,0,0.5887292243767313,0.6093624127047583,1.3688036802409047,0.2943646121883656,185.0
mod_clickmeeting,1,0,0.5887292243767313,0.6093624127047583,1.3688036802409047,0.2943646121883656,185.0
tiny_supersub,1,0,0.5882098337950139,0.608736608820773,1.3662250095886461,0.29410491689750695,184.0
format_tabtopics,0,1,0.5882098337950139,0.608736608820773,1.3662250095886461,0.29410491689750695,184.0
block_signinsheet,0,1,0.5875173130193906,0.6081108049367875,1.3636323623334397,0.2937586565096953,183.0
enrol_signup,1,0,0.5875173130193906,0.6081108049367875,1.3636323623334397,0.2937586565096953,183.0
atto_cloudpoodll,1,0,0.5875173130193906,0.6081108049367875,1.3636323623334397,0.2937586565096953,183.0
assignsubmission_mahara,0,1,0.5867382271468145,0.6068591971688166,1.358404526171338,0.2933691135734072,181.0
mod_dynamo,1,0,0.5863919667590027,0.6056075894008457,1.3531189226946856,0.29319598337950137,179.0
mod_reader,1,0,0.5853531855955678,0.6037301777488895,1.3450793679442334,0.2926765927977839,176.0
tiny_poodll,1,0,0.5853531855955678,0.6037301777488895,1.3450793679442334,0.2926765927977839,176.0
mod_teamup,1,0,0.5853531855955678,0.6037301777488895,1.3450793679442334,0.2926765927977839,176.0
quiz_group,1,0,0.5846606648199446,0.603104373864904,1.3423692063173367,0.2923303324099723,175.0
atto_helixatto,1,0,0.5836218836565097,0.6012269622129477,1.3341453548019164,0.29181094182825484,172.0
qbank_comp_ext,1,0,0.5834920360110804,3.0572655326998297,2.5814209583625125,0.2917460180055402,6.0
message_localmail,1,0,0.5832756232686981,0.6006011583289622,1.3313723484994302,0.29163781163434904,171.0
tool_hidecourses,0,1,0.5826696675900277,0.5999753544449768,1.328583172972627,0.29133483379501385,170.0
report_payments,1,0,0.5826696675900277,0.5999753544449768,1.328583172972627,0.29133483379501385,170.0
filter_tudou,1,1,0.2912915512465374,1.4954661058194085,0.5322314316384855,0.2912915512465374,3.0
block_regex_constructor,1,1,0.2912915512465374,1.4954661058194085,0.5322314316384855,0.2912915512465374,3.0
auth_vulnerablepassword,1,1,0.2912915512465374,1.4954661058194085,0.5322314316384855,0.2912915512465374,3.0
theme_accessible_for_vip,1,1,0.2912915512465374,1.4954661058194085,0.5322314316384855,0.2912915512465374,3.0
local_session_dynamodb,1,1,0.2912915512465374,1.4954661058194085,0.5322314316384855,0.2912915512465374,3.0
block_credly,1,1,0.2912915512465374,1.4954661058194085,0.5322314316384855,0.2912915512465374,3.0
block_usermap,1,1,0.2912915512465374,1.4954661058194085,0.5322314316384855,0.2912915512465374,3.0
block_countuser,1,1,0.2912915512465374,1.4954661058194085,0.5322314316384855,0.2912915512465374,3.0
enrol_sslcommerz,1,1,0.2912915512465374,1.4954661058194085,0.5322314316384855,0.2912915512465374,3.0
tool_environment,1,1,0.2912915512465374,1.4954661058194085,0.5322314316384855,0.2912915512465374,3.0
block_jumpto_menu,1,1,0.2912915512465374,1.4954661058194085,0.5322314316384855,0.2912915512465374,3.0
mod_meetzi,1,1,0.2912915512465374,1.4954661058194085,0.5322314316384855,0.2912915512465374,3.0
theme_strawberry,1,1,0.2912915512465374,1.4954661058194085,0.5322314316384855,0.2912915512465374,3.0
block_kuracloud,1,1,0.2912915512465374,1.4954661058194085,0.5322314316384855,0.2912915512465374,3.0
mod_easycastms,1,1,0.2912915512465374,1.4954661058194085,0.5322314316384855,0.2912915512465374,3.0
mod_unedtrivial,1,1,0.2912915512465374,1.4954661058194085,0.5322314316384855,0.2912915512465374,3.0
filter_dxf,1,1,0.2912915512465374,1.4954661058194085,0.5322314316384855,0.2912915512465374,3.0
profilefield_certificateswall,1,1,0.2912915512465374,1.4954661058194085,0.5322314316384855,0.2912915512465374,3.0
plagiarism_programming,1,1,0.2912915512465374,1.4954661058194085,0.5322314316384855,0.2912915512465374,3.0
local_revoke_consent,1,1,0.2912915512465374,1.4954661058194085,0.5322314316384855,0.2912915512465374,3.0
block_interactivetree,1,1,0.2912915512465374,1.4954661058194085,0.5322314316384855,0.2912915512465374,3.0
block_temporary_enrolments,1,1,0.2912915512465374,1.4954661058194085,0.5322314316384855,0.2912915512465374,3.0
mod_domoscio,1,1,0.2912915512465374,1.4954661058194085,0.5322314316384855,0.2912915512465374,3.0
tool_wincache,1,1,0.2912915512465374,1.4954661058194085,0.5322314316384855,0.2912915512465374,3.0
block_nice_mail,1,1,0.2912915512465374,1.4954661058194085,0.5322314316384855,0.2912915512465374,3.0
block_smartest,1,1,0.2912915512465374,1.4954661058194085,0.5322314316384855,0.2912915512465374,3.0
format_scormcloud,1,1,0.2912915512465374,1.4954661058194085,0.5322314316384855,0.2912915512465374,3.0
block_fn_my_menu,1,1,0.2912915512465374,1.4954661058194085,0.5322314316384855,0.2912915512465374,3.0
paygw_cardinity,1,1,0.2912915512465374,1.4954661058194085,0.5322314316384855,0.2912915512465374,3.0
editor_webvi,1,1,0.2912915512465374,1.4954661058194085,0.5322314316384855,0.2912915512465374,3.0
mod_amvonetroom,1,1,0.2912915512465374,1.4954661058194085,0.5322314316384855,0.2912915512465374,3.0
local_annoto,1,0,0.5820637119113574,0.5987237466770059,1.3229555522092689,0.2910318559556787,168.0
mod_whiteboard,0,1,0.5815443213296398,0.5980979427930204,1.3201167174820512,0.2907721606648199,167.0
tiny_styles,1,0,0.5815443213296398,0.5980979427930204,1.3201167174820512,0.2907721606648199,167.0
report_completionall,1,0,0.5810249307479225,0.597472138909035,1.317260934387423,0.29051246537396125,166.0
block_site_stats,1,0,0.5805055401662049,0.5968463350250496,1.3143879993395666,0.29025277008310246,165.0
local_dyslexia,1,0,0.5805055401662049,0.5968463350250496,1.3143879993395666,0.29025277008310246,165.0
ltisource_message_handler,0,1,0.579553324099723,0.5949689233730933,1.3056641907209456,0.2897766620498615,162.0
local_course_merge,0,1,0.579553324099723,0.5949689233730933,1.3056641907209456,0.2897766620498615,162.0
search_elastic,1,0,0.5790339335180055,0.5937173156051224,1.2997586558657097,0.28951696675900274,160.0
theme_eduhub,0,1,0.5786011080332409,0.5930915117211369,1.2967783206944605,0.28930055401662047,159.0
gradereport_markingguide,1,0,0.5786011080332409,0.5930915117211369,1.2967783206944605,0.28930055401662047,159.0
auth_companion,1,0,0.5782548476454294,0.5924657078371516,1.2937792999142108,0.2891274238227147,158.0
mod_pdfjsfolder,1,0,0.5782548476454294,0.5924657078371516,1.2937792999142108,0.2891274238227147,158.0
block_faces,0,1,0.5775623268698061,0.5912141000691806,1.2877242539039977,0.28878116343490307,156.0
local_dttutor,1,0,0.5775623268698061,0.5912141000691806,1.2877242539039977,0.28878116343490307,156.0
local_assign_ai,1,0,0.5771295013850415,0.5905882961851951,1.284667743519982,0.28856475069252074,155.0
local_whatsappgen,1,0,0.5765235457063712,0.5899624923012098,1.281591576985584,0.2882617728531856,154.0
theme_simplest,1,0,0.575657894736842,0.5887108845332389,1.2753792526877976,0.287828947368421,152.0
search_postgresfulltext,0,1,0.575657894736842,0.5887108845332389,1.2753792526877976,0.287828947368421,152.0
mod_randomactivity,1,0,0.575657894736842,0.5887108845332389,1.2753792526877976,0.287828947368421,152.0
tool_gdpr_plus,0,1,0.575657894736842,0.5887108845332389,1.2753792526877976,0.287828947368421,152.0
mod_subjectattendance,1,0,0.5747056786703602,0.5880850806492535,1.272242570972402,0.2873528393351801,151.0
local_mahara,0,1,0.5739698753462604,1.7779303289695825,1.4865528806452417,0.2869849376731302,7.0
repository_personalyoutube,1,0,0.573753462603878,0.587459276765268,1.2690851849374165,0.286876731301939,150.0
block_clampmail,1,0,0.5722818559556787,0.5855818651133117,1.2594860217246553,0.28614092797783935,147.0
atto_linkadv,1,0,0.5722818559556787,0.5855818651133117,1.2594860217246553,0.28614092797783935,147.0
mod_structlabel,0,1,0.5722818559556787,0.5855818651133117,1.2594860217246553,0.28614092797783935,147.0
block_ube_ta,1,0,0.5722818559556787,0.5855818651133117,1.2594860217246553,0.28614092797783935,147.0
mod_customlabel,0,1,0.5722818559556787,0.5855818651133117,1.2594860217246553,0.28614092797783935,147.0
filter_sectionnames,1,0,0.5713296398891967,0.5849560612293263,1.2562430110143212,0.28566481994459836,146.0
mod_courselinks,1,0,0.5713296398891967,0.5849560612293263,1.2562430110143212,0.28566481994459836,146.0
quizaccess_quizproctoring,1,0,0.5707236842105263,0.5843302573453408,1.2529778635407853,0.28536184210526316,145.0
tiny_orphanedfiles,1,0,0.5695117728531855,0.5830786495773699,1.2463799348306952,0.2847558864265928,143.0
assignsubmission_physical,0,1,0.5692520775623269,2.552874853831051,4.055723572870235,0.28462603878116344,5.0
tool_moodlenet,0,1,0.5689923822714682,0.5824528456933845,1.2430465258875378,0.2844961911357341,142.0
local_custom_registration,0,1,0.5682998614958449,0.581827041809399,1.2396897244095908,0.28414993074792244,141.0
gradingform_multigraders,1,0,0.5676939058171746,0.5805754340414282,1.2329046142267306,0.2838469529085873,139.0
mod_tracker,0,1,0.5676939058171746,0.5805754340414282,1.2329046142267306,0.2838469529085873,139.0
filter_stash,0,1,0.5673476454293629,0.5793238262734574,1.2260218732143537,0.28367382271468145,137.0
qbank_filtername,1,0,0.5670013850415512,0.5786980223894719,1.222543005170924,0.2835006925207756,136.0
qtype_sc,1,0,0.566308864265928,0.5780722185054864,1.219038650687573,0.283154432132964,135.0
mod_simplelesson,1,0,0.566308864265928,0.5780722185054864,1.219038650687573,0.283154432132964,135.0
auth_mcae,0,1,0.566308864265928,0.5780722185054864,1.219038650687573,0.283154432132964,135.0
block_mymindmap_overview,1,0,0.566308864265928,0.5780722185054864,1.219038650687573,0.283154432132964,135.0
tool_copy_courses,1,0,0.5654432132963989,0.577446414621501,1.2155084335755997,0.28272160664819945,134.0
logstore_socialflow,1,0,0.564967105263158,1.777304525085597,1.422679174177512,0.282483552631579,6.0
mod_iassign,0,1,0.5647939750692521,3.0560139249318587,2.4204720724558357,0.28239698753462605,4.0
local_aceengine,1,0,0.5647939750692521,3.0560139249318587,2.4204720724558357,0.28239698753462605,4.0
block_demostudent,0,1,0.5646641274238227,0.5761948068535301,1.208368864504672,0.28233206371191133,132.0
qbank_bulktags,1,0,0.5646641274238227,0.5761948068535301,1.208368864504672,0.28233206371191133,132.0
local_remote_backup_provider,0,1,0.5646641274238227,0.5761948068535301,1.208368864504672,0.28233206371191133,132.0
format_wplist,1,0,0.5642313019390581,0.5749431990855592,1.2011211160365374,0.28211565096952906,130.0
auth_ip,0,1,0.5642313019390581,0.5749431990855592,1.2011211160365374,0.28211565096952906,130.0
availability_weekday,1,0,0.5637984764542936,0.5736915913175884,1.1937618593803443,0.2818992382271468,128.0
enrol_authorizedotnet,1,0,0.5633656509695291,0.5730657874336029,1.1900393328304701,0.28168282548476453,127.0
local_smart_klass,0,1,0.5626731301939059,0.5724399835496174,1.186287609695757,0.28133656509695293,126.0
mod_videotrack,1,0,0.5626731301939059,0.5724399835496174,1.186287609695757,0.28133656509695293,126.0
filter_html5avtomp4,0,1,0.5626731301939059,0.5724399835496174,1.186287609695757,0.28133656509695293,126.0
local_corolair,1,0,0.5626731301939059,0.5724399835496174,1.186287609695757,0.28133656509695293,126.0
enrol_arlo,1,0,0.5616343490304709,0.5718141796656321,1.1825062283629653,0.28081717451523547,125.0
block_site_announcements,1,0,0.5607686980609419,0.5711883757816466,1.1786947161840449,0.28038434903047094,124.0
block_mhaairs,1,0,0.5601627423822715,0.5705625718976611,1.1748525891215935,0.28008137119113574,123.0
format_weeksrev,1,0,0.559643351800554,0.5699367680136758,1.1709793513799625,0.279821675900277,122.0
block_newsslider,1,0,0.559643351800554,0.5699367680136758,1.1709793513799625,0.279821675900277,122.0
local_barcode,0,1,0.5594702216066482,2.552249049947066,3.968511469614915,0.2797351108033241,4.0
block_ubicast,1,0,0.5589508310249307,0.5693109641296903,1.1670744950213021,0.27947541551246535,121.0
tiny_qrcode,1,0,0.5589508310249307,0.5693109641296903,1.1670744950213021,0.27947541551246535,121.0
paygw_razorpay,1,0,0.5589508310249307,0.5693109641296903,1.1670744950213021,0.27947541551246535,121.0
local_omeroembed,1,0,0.5587344182825484,4.335349128662106,3.2824961949724534,0.2793672091412742,3.0
media_rutube,1,0,0.5580851800554016,0.5686851602457048,1.163137499565807,0.2790425900277008,120.0
block_accessibility_overview,1,0,0.5580851800554016,0.5686851602457048,1.163137499565807,0.2790425900277008,120.0
quiz_stack,0,1,0.5580851800554016,0.5686851602457048,1.163137499565807,0.2790425900277008,120.0
local_courselist,1,0,0.5570463988919667,0.567433552477734,1.1551649442198428,0.27852319944598336,118.0
report_adeptus_insights,1,0,0.5560509002770083,1.7766787212016117,1.348942391526156,0.27802545013850416,5.0
block_mylearning,1,0,0.5554016620498615,0.5655561408257777,1.1429512871510834,0.27770083102493076,115.0
mod_activitymap,0,1,0.5554016620498615,0.5655561408257777,1.1429512871510834,0.27770083102493076,115.0
block_faq_list,1,0,0.5554016620498615,0.5655561408257777,1.1429512871510834,0.27770083102493076,115.0
dataformat_xml,1,0,0.5547957063711911,0.5649303369417922,1.1388097699590332,0.27739785318559557,114.0
local_treestudyplan,1,0,0.5544494459833795,0.5643045330578068,1.134632081853316,0.27722472299168976,113.0
mod_mplayer,0,1,0.5544494459833795,0.5643045330578068,1.134632081853316,0.27722472299168976,113.0
fileconverter_onlyoffice,0,1,0.5544494459833795,0.5643045330578068,1.134632081853316,0.27722472299168976,113.0
mod_videoprogress,1,0,0.5539300554016621,0.5636787291738213,1.1304175854487417,0.27696502770083103,112.0
block_applications_list,1,1,0.27674861495844877,1.494840301935423,0.3946209425193996,0.27674861495844877,2.0
format_forumtopic,1,1,0.27674861495844877,1.494840301935423,0.3946209425193996,0.27674861495844877,2.0
repository_bitbucket,1,1,0.27674861495844877,1.494840301935423,0.3946209425193996,0.27674861495844877,2.0
assignment_uploadcode,1,1,0.27674861495844877,1.494840301935423,0.3946209425193996,0.27674861495844877,2.0
theme_luna,1,1,0.27674861495844877,1.494840301935423,0.3946209425193996,0.27674861495844877,2.0
block_tb_headings,1,1,0.27674861495844877,1.494840301935423,0.3946209425193996,0.27674861495844877,2.0
block_savapage,1,1,0.27674861495844877,1.494840301935423,0.3946209425193996,0.27674861495844877,2.0
theme_mandarin,1,1,0.27674861495844877,1.494840301935423,0.3946209425193996,0.27674861495844877,2.0
theme_educationbook,1,1,0.27674861495844877,1.494840301935423,0.3946209425193996,0.27674861495844877,2.0
theme_obsidian,1,1,0.27674861495844877,1.494840301935423,0.3946209425193996,0.27674861495844877,2.0
mod_videoconference,1,1,0.27674861495844877,1.494840301935423,0.3946209425193996,0.27674861495844877,2.0
auth_azuread,1,1,0.27674861495844877,1.494840301935423,0.3946209425193996,0.27674861495844877,2.0
mod_videochat,1,1,0.27674861495844877,1.494840301935423,0.3946209425193996,0.27674861495844877,2.0
block_selfenrol_seats,1,1,0.27674861495844877,1.494840301935423,0.3946209425193996,0.27674861495844877,2.0
assignsubmission_mojec,1,1,0.27674861495844877,1.494840301935423,0.3946209425193996,0.27674861495844877,2.0
gradereport_history,1,1,0.27674861495844877,1.494840301935423,0.3946209425193996,0.27674861495844877,2.0
theme_aerie,1,1,0.27674861495844877,1.494840301935423,0.3946209425193996,0.27674861495844877,2.0
filter_scratchembed,1,1,0.27674861495844877,1.494840301935423,0.3946209425193996,0.27674861495844877,2.0
filter_sketchfab,1,1,0.27674861495844877,1.494840301935423,0.3946209425193996,0.27674861495844877,2.0
filter_ecli,1,1,0.27674861495844877,1.494840301935423,0.3946209425193996,0.27674861495844877,2.0
theme_autoblack,1,1,0.27674861495844877,1.494840301935423,0.3946209425193996,0.27674861495844877,2.0
block_rewardstally,1,1,0.27674861495844877,1.494840301935423,0.3946209425193996,0.27674861495844877,2.0
mod_alternative,1,1,0.27674861495844877,1.494840301935423,0.3946209425193996,0.27674861495844877,2.0
local_lessonexportepub,1,1,0.27674861495844877,1.494840301935423,0.3946209425193996,0.27674861495844877,2.0
mod_customlesson,1,1,0.27674861495844877,1.494840301935423,0.3946209425193996,0.27674861495844877,2.0
block_fn_assignment_reset,1,1,0.27674861495844877,1.494840301935423,0.3946209425193996,0.27674861495844877,2.0
editor_supsub,1,1,0.27674861495844877,1.494840301935423,0.3946209425193996,0.27674861495844877,2.0
tinymce_skim,1,1,0.27674861495844877,1.494840301935423,0.3946209425193996,0.27674861495844877,2.0
local_profileswitches,1,1,0.27674861495844877,1.494840301935423,0.3946209425193996,0.27674861495844877,2.0
block_tb_latestentry,1,1,0.27674861495844877,1.494840301935423,0.3946209425193996,0.27674861495844877,2.0
mod_ensemblecontent,1,1,0.27674861495844877,1.494840301935423,0.3946209425193996,0.27674861495844877,2.0
block_ekg,1,1,0.27674861495844877,1.494840301935423,0.3946209425193996,0.27674861495844877,2.0
block_achievement,1,1,0.27674861495844877,1.494840301935423,0.3946209425193996,0.27674861495844877,2.0
block_ecampus_tbird,1,1,0.27674861495844877,1.494840301935423,0.3946209425193996,0.27674861495844877,2.0
atto_studietube,1,1,0.27674861495844877,1.494840301935423,0.3946209425193996,0.27674861495844877,2.0
theme_mnp,1,1,0.27674861495844877,1.494840301935423,0.3946209425193996,0.27674861495844877,2.0
gradereport_updfgrades,1,1,0.27674861495844877,1.494840301935423,0.3946209425193996,0.27674861495844877,2.0
auth_loginza,1,1,0.27674861495844877,1.494840301935423,0.3946209425193996,0.27674861495844877,2.0
filter_camo,1,1,0.27674861495844877,1.494840301935423,0.3946209425193996,0.27674861495844877,2.0
calendartype_japanese,1,1,0.27674861495844877,1.494840301935423,0.3946209425193996,0.27674861495844877,2.0
theme_green,1,1,0.27674861495844877,1.494840301935423,0.3946209425193996,0.27674861495844877,2.0
atto_applink,1,1,0.27674861495844877,1.494840301935423,0.3946209425193996,0.27674861495844877,2.0
block_lightboxgallery_random,1,1,0.27674861495844877,1.494840301935423,0.3946209425193996,0.27674861495844877,2.0
tool_bulkchangeprofilefields,1,0,0.5526315789473684,0.5624271214058505,1.1218755326055694,0.2763157894736842,110.0
block_course_search,0,1,0.5521987534626038,0.561801317521865,1.1175466139429306,0.2760993767313019,109.0
assignsubmission_random,1,0,0.5516793628808865,0.5611755136378795,1.1131781612294769,0.27583968144044324,108.0
profilefield_phone,1,0,0.5516793628808865,0.5611755136378795,1.1131781612294769,0.27583968144044324,108.0
block_tts,0,1,0.5516793628808865,0.5611755136378795,1.1131781612294769,0.27583968144044324,108.0
local_resend_password_profile,1,0,0.5506405817174516,0.5605497097538942,1.1087694457116093,0.2753202908587258,107.0
local_whatsapp,1,0,0.5506405817174516,0.5605497097538942,1.1087694457116093,0.2753202908587258,107.0
auth_samlidp,1,0,0.5487361495844876,0.5592981019859233,1.0998282087948996,0.2743680747922438,105.0
assignfeedback_helixfeedback,1,0,0.5487361495844876,0.5592981019859233,1.0998282087948996,0.2743680747922438,105.0
tinymce_wordcount,0,1,0.5476108033240997,0.5586722981019379,1.0952941251076447,0.27380540166204986,104.0
block_mystudents,1,0,0.5476108033240997,0.5586722981019379,1.0952941251076447,0.27380540166204986,104.0
mod_goodhabits,1,0,0.5476108033240997,0.5586722981019379,1.0952941251076447,0.27380540166204986,104.0
tool_resetpasswords,1,0,0.5476108033240997,0.5586722981019379,1.0952941251076447,0.27380540166204986,104.0
enrol_bycategory,1,0,0.5469182825484764,0.5580464942179524,1.090716652400671,0.2734591412742382,103.0
availability_gps,0,1,0.5469182825484764,0.5580464942179524,1.090716652400671,0.2734591412742382,103.0
local_deepler,1,0,0.5469182825484764,0.5580464942179524,1.090716652400671,0.2734591412742382,103.0
local_zendesk,1,0,0.5462690443213296,1.7760529173176263,1.2617302882708352,0.2731345221606648,4.0
local_kopere_sitemap,1,0,0.5460526315789473,0.5574206903339669,1.0860949522194336,0.2730263157894737,102.0
block_importrubric,1,0,0.5460526315789473,0.5574206903339669,1.0860949522194336,0.2730263157894737,102.0
local_forum_ai,1,0,0.5460526315789473,0.5574206903339669,1.0860949522194336,0.2730263157894737,102.0
local_coursecatalog,1,0,0.5460526315789473,0.5574206903339669,1.0860949522194336,0.2730263157894737,102.0
auth_a2fa,0,1,0.5451004155124655,0.5567948864499815,1.0814281615684866,0.27255020775623273,101.0
qtype_numericalrecit,0,1,0.5451004155124655,0.5567948864499815,1.0814281615684866,0.27255020775623273,101.0
profilefield_statictext,1,0,0.5451004155124655,0.5567948864499815,1.0814281615684866,0.27255020775623273,101.0
atto_ubicast,1,0,0.5441481994459834,0.5561690825659961,1.0767153919443169,0.2720740997229917,100.0
block_zoomonline,1,0,0.5441481994459834,0.5561690825659961,1.0767153919443169,0.2720740997229917,100.0
report_lifestory,1,0,0.5441481994459834,0.5561690825659961,1.0767153919443169,0.2720740997229917,100.0
mod_discourse,0,1,0.5433691135734072,0.5555432786820107,1.0719557283200545,0.2716845567867036,99.0
block_analyticswidget,1,0,0.5433691135734072,0.5555432786820107,1.0719557283200545,0.2716845567867036,99.0
report_apocalypse,0,1,0.542503462603878,0.5549174747980252,1.0671482280791649,0.271251731301939,98.0
mod_registration,0,1,0.542503462603878,0.5549174747980252,1.0671482280791649,0.271251731301939,98.0
block_lesson_essay_feedback,1,0,0.541724376731302,0.5542916709140397,1.0622919198950105,0.270862188365651,97.0
availability_examus2,1,0,0.5406855955678671,0.5530400631460689,1.0524288437113842,0.27034279778393355,95.0
block_enhanced_myoverview,0,1,0.5403393351800554,0.5524142592620834,1.0474199785979952,0.2701696675900277,94.0
quizaccess_wifiresilience,1,0,0.5400796398891967,0.5517884553780981,1.0423581086369087,0.27003981994459836,93.0
mod_pptbook,1,0,0.5383483379501386,0.5499110437261416,1.0268429459329411,0.2691741689750693,90.0
block_my_certificates,1,0,0.5383483379501386,0.5499110437261416,1.0268429459329411,0.2691741689750693,90.0
tool_untoken_oauth2,1,0,0.5383483379501386,0.5499110437261416,1.0268429459329411,0.2691741689750693,90.0
repository_searchable,0,1,0.5373961218836565,0.5492852398421563,1.0215573424562887,0.26869806094182824,89.0
block_alphabees,1,0,0.5373961218836565,0.5492852398421563,1.0215573424562887,0.26869806094182824,89.0
local_customcleanurl,1,0,0.5367901662049861,0.5486594359581708,1.0162126807355263,0.26839508310249305,88.0
mod_flexbook,1,0,0.5367901662049861,0.5486594359581708,1.0162126807355263,0.26839508310249305,88.0
tool_browse_users_classic,1,0,0.5367901662049861,0.5486594359581708,1.0162126807355263,0.26839508310249305,88.0
mod_scormcloud,0,1,0.5360976454293629,0.5480336320741854,1.0108076260789403,0.26804882271468145,87.0
local_qrlinks,0,1,0.5360976454293629,0.5480336320741854,1.0108076260789403,0.26804882271468145,87.0
enrol_ibobenrol,1,0,0.5360976454293629,0.5480336320741854,1.0108076260789403,0.26804882271468145,87.0
format_streamdeck,1,0,0.5353185595567866,0.5474078281902,1.0053407980319975,0.2676592797783933,86.0
mod_clickview,1,0,0.5342797783933518,0.5467820243062145,0.9998107682610333,0.2671398891966759,85.0
customfield_textregex,1,0,0.5342797783933518,0.5467820243062145,0.9998107682610333,0.2671398891966759,85.0
enrol_cart,1,0,0.5342797783933518,0.5467820243062145,0.9998107682610333,0.2671398891966759,85.0
block_verify_certs,1,0,0.533154432132964,0.546156220422229,0.9942160583131665,0.266577216066482,84.0
block_rate,1,0,0.533154432132964,0.546156220422229,0.9942160583131665,0.266577216066482,84.0
local_activitysetting,1,0,0.533154432132964,0.546156220422229,0.9942160583131665,0.266577216066482,84.0
filter_estreamauth,1,0,0.533154432132964,0.546156220422229,0.9942160583131665,0.266577216066482,84.0
local_meccertbulkdownload,1,0,0.533154432132964,0.546156220422229,0.9942160583131665,0.266577216066482,84.0
local_dompdf,1,0,0.532202216066482,0.5455304165382436,0.9885551372436542,0.266101108033241,83.0
local_tresipuntimportgc,1,0,0.532202216066482,0.5455304165382436,0.9885551372436542,0.266101108033241,83.0
qtype_lti,1,0,0.532202216066482,0.5455304165382436,0.9885551372436542,0.266101108033241,83.0
block_mycourse,1,0,0.532202216066482,0.5455304165382436,0.9885551372436542,0.266101108033241,83.0
mod_moochat,1,0,0.532202216066482,0.5455304165382436,0.9885551372436542,0.266101108033241,83.0
atto_aic,1,0,0.5307306094182825,0.5442788087702728,0.9770282602606518,0.26536530470914127,81.0
qformat_stack,0,1,0.5300380886426592,0.5436530048862873,0.9711589565925234,0.2650190443213296,80.0
local_differentiator,1,0,0.5291724376731302,0.5430272010023018,0.9652167404560635,0.2645862188365651,79.0
mod_codeframe,1,0,0.5291724376731302,0.5430272010023018,0.9652167404560635,0.2645862188365651,79.0
local_unifiedgrader,1,0,0.5277873961218837,0.5424013971183164,0.959199777503676,0.2638936980609419,78.0
local_docviewer,1,0,0.5277873961218837,0.5424013971183164,0.959199777503676,0.2638936980609419,78.0
local_aspiredu,1,0,0.5277873961218837,0.5424013971183164,0.959199777503676,0.2638936980609419,78.0
block_smartedu,1,0,0.5277873961218837,0.5424013971183164,0.959199777503676,0.2638936980609419,78.0
format_sections,0,1,0.5277873961218837,0.5424013971183164,0.959199777503676,0.2638936980609419,78.0
local_attendance,1,0,0.5262292243767313,0.541775593234331,0.9531061632815852,0.2631146121883656,77.0
theme_moodle2mobile,0,1,0.5262292243767313,0.541775593234331,0.9531061632815852,0.2631146121883656,77.0
mod_coursesearch,1,0,0.5262292243767313,0.541775593234331,0.9531061632815852,0.2631146121883656,77.0
format_redirected,1,0,0.5262292243767313,0.541775593234331,0.9531061632815852,0.2631146121883656,77.0
filter_medial,1,0,0.5262292243767313,0.541775593234331,0.9531061632815852,0.2631146121883656,77.0
local_selfcohort,1,0,0.5247576177285318,0.5411497893503455,0.9469339196112103,0.2623788088642659,76.0
block_course_status,0,1,0.5247576177285318,0.5411497893503455,0.9469339196112103,0.2623788088642659,76.0
local_coursedynamicrules,1,0,0.5247576177285318,0.5411497893503455,0.9469339196112103,0.2623788088642659,76.0
repository_owncloud,0,1,0.5247576177285318,0.5411497893503455,0.9469339196112103,0.2623788088642659,76.0
block_masterdashboard,1,0,0.5247576177285318,0.5411497893503455,0.9469339196112103,0.2623788088642659,76.0
mod_confman,0,1,0.5233725761772854,0.5405239854663602,0.9406809907340049,0.2616862880886427,75.0
block_mylivechat,1,0,0.5233725761772854,0.5405239854663602,0.9406809907340049,0.2616862880886427,75.0
local_socialcert,1,0,0.5233725761772854,0.5405239854663602,0.9406809907340049,0.2616862880886427,75.0
filter_mermaid,1,0,0.5233725761772854,0.5405239854663602,0.9406809907340049,0.2616862880886427,75.0
atto_planetestream,1,0,0.5216412742382271,0.5398981815823747,0.9343452392009681,0.2608206371191136,74.0
local_sync_service,1,0,0.5216412742382271,0.5398981815823747,0.9343452392009681,0.2608206371191136,74.0
filter_cssinject,1,0,0.5216412742382271,0.5398981815823747,0.9343452392009681,0.2608206371191136,74.0
block_dashboard,0,1,0.5216412742382271,0.5398981815823747,0.9343452392009681,0.2608206371191136,74.0
tool_ribbons,1,0,0.5216412742382271,0.5398981815823747,0.9343452392009681,0.2608206371191136,74.0
local_enrolstats,1,0,0.5216412742382271,0.5398981815823747,0.9343452392009681,0.2608206371191136,74.0
local_resortquestioncategory,1,0,0.5216412742382271,0.5398981815823747,0.9343452392009681,0.2608206371191136,74.0
block_culupcoming_events,0,1,0.5216412742382271,0.5398981815823747,0.9343452392009681,0.2608206371191136,74.0
repository_onenote,0,1,0.5199099722991689,0.5392723776983892,0.9279244414862584,0.25995498614958445,73.0
paygw_duitku,0,1,0.5199099722991689,0.5392723776983892,0.9279244414862584,0.25995498614958445,73.0
mod_magtest,0,1,0.5199099722991689,0.5392723776983892,0.9279244414862584,0.25995498614958445,73.0
local_benefitsystem,1,0,0.5197801246537396,1.7748013095496553,1.017380811287759,0.2598900623268698,2.0
tool_moodlebox,1,0,0.5186114958448753,0.5386465738144037,0.9214162833023883,0.25930574792243766,72.0
tool_upgradecopy,1,0,0.5186114958448753,0.5386465738144037,0.9214162833023883,0.25930574792243766,72.0
mod_observation,0,1,0.5186114958448753,0.5386465738144037,0.9214162833023883,0.25930574792243766,72.0
block_whatsapp_messenger,1,0,0.5177458448753463,0.5380207699304184,0.9148183545922983,0.2588729224376731,71.0
tiny_clickview,1,0,0.5166204986149585,0.5373949660464329,0.9081281441711938,0.25831024930747926,70.0
local_edudashboard,1,0,0.5166204986149585,0.5373949660464329,0.9081281441711938,0.25831024930747926,70.0
local_hvpreport,1,0,0.5166204986149585,0.5373949660464329,0.9081281441711938,0.25831024930747926,70.0
block_course_checker,0,1,0.5166204986149585,0.5373949660464329,0.9081281441711938,0.25831024930747926,70.0
mod_mediasite,0,1,0.5166204986149585,0.5373949660464329,0.9081281441711938,0.25831024930747926,70.0
report_simultaneous,1,0,0.5148891966759003,0.5367691621624475,0.901343033988334,0.25744459833795014,69.0
block_intelligent_learning,1,0,0.5148891966759003,0.5367691621624475,0.901343033988334,0.25744459833795014,69.0
mod_techproject,0,1,0.5148891966759003,0.5367691621624475,0.901343033988334,0.25744459833795014,69.0
tinymce_h5p,0,1,0.5148891966759003,0.5367691621624475,0.901343033988334,0.25744459833795014,69.0
plagiarism_plagiarismsearch,1,0,0.5148891966759003,0.5367691621624475,0.901343033988334,0.25744459833795014,69.0
block_telegram_forum,1,0,0.5135041551246537,0.536143358278462,0.8944602929759568,0.2567520775623269,68.0
block_remote_courses,0,1,0.5120325484764543,0.5355175543944766,0.887477070449176,0.25601627423822715,67.0
local_augmented_teacher,0,1,0.5120325484764543,0.5355175543944766,0.887477070449176,0.25601627423822715,67.0
filter_bookchapters,1,0,0.5120325484764543,0.5355175543944766,0.887477070449176,0.25601627423822715,67.0
block_blc_modules,1,0,0.5120325484764543,0.5355175543944766,0.887477070449176,0.25601627423822715,67.0
local_allinoneaccessibility,1,0,0.5120325484764543,0.5355175543944766,0.887477070449176,0.25601627423822715,67.0
block_mwa_dashboard,1,0,0.5120325484764543,0.5355175543944766,0.887477070449176,0.25601627423822715,67.0
block_moodleversion,0,1,0.5120325484764543,0.5355175543944766,0.887477070449176,0.25601627423822715,67.0
filter_fastpix,1,0,0.5109937673130194,1.6783075750510212,0.680884127422926,0.2554968836565097,2.0
message_appcrue,1,0,0.5100415512465374,0.5348917505104911,0.8803903890169286,0.2550207756232687,66.0
filter_codepen,1,0,0.5100415512465374,0.5348917505104911,0.8803903890169286,0.2550207756232687,66.0
local_quicknote,1,0,0.5100415512465374,0.5348917505104911,0.8803903890169286,0.2550207756232687,66.0
gradereport_htmlexport,1,0,0.5100415512465374,0.5348917505104911,0.8803903890169286,0.2550207756232687,66.0
theme_moodle2tablet,0,1,0.5100415512465374,0.5348917505104911,0.8803903890169286,0.2550207756232687,66.0
local_mc_plugin,1,0,0.5100415512465374,0.5348917505104911,0.8803903890169286,0.2550207756232687,66.0
local_questionbulkupdate,1,0,0.508569944598338,0.5342659466265057,0.8731971369598539,0.254284972299169,65.0
profilefield_brasilufmunicipio,1,0,0.508569944598338,0.5342659466265057,0.8731971369598539,0.254284972299169,65.0
local_imprint,1,0,0.508569944598338,0.5342659466265057,0.8731971369598539,0.254284972299169,65.0
report_enrolaudit,0,1,0.508569944598338,0.5342659466265057,0.8731971369598539,0.254284972299169,65.0
tool_category_backup,1,0,0.5076177285318559,0.5336401427425203,0.8658940600262646,0.25380886426592797,64.0
mod_mumie,1,0,0.5076177285318559,0.5336401427425203,0.8658940600262646,0.25380886426592797,64.0
filter_playerhud,1,0,0.5064923822714682,0.5330143388585349,0.8584777525920732,0.2532461911357341,63.0
mod_easycertificate,1,0,0.5064923822714682,0.5330143388585349,0.8584777525920732,0.2532461911357341,63.0
local_edusupport,0,1,0.5064923822714682,0.5330143388585349,0.8584777525920732,0.2532461911357341,63.0
local_learnwise,1,0,0.5050207756232687,0.5323885349745494,0.8509446481245683,0.2525103878116344,62.0
block_moochat,1,0,0.5050207756232687,0.5323885349745494,0.8509446481245683,0.2525103878116344,62.0
local_reactions,1,0,0.5050207756232687,0.5323885349745494,0.8509446481245683,0.2525103878116344,62.0
availability_examus,0,1,0.5050207756232687,0.5323885349745494,0.8509446481245683,0.2525103878116344,62.0
enrol_gapplya,1,0,0.5050207756232687,0.5323885349745494,0.8509446481245683,0.2525103878116344,62.0
tiny_medial,1,0,0.5031163434903048,0.5317627310905639,0.8432910088831966,0.2515581717451524,61.0
local_delete_course,1,0,0.5031163434903048,0.5317627310905639,0.8432910088831966,0.2515581717451524,61.0
block_actvtmodal,1,0,0.5031163434903048,0.5317627310905639,0.8432910088831966,0.2515581717451524,61.0
report_usercoursereports,1,0,0.5031163434903048,0.5317627310905639,0.8432910088831966,0.2515581717451524,61.0
local_asyntai,1,0,0.5031163434903048,0.5317627310905639,0.8432910088831966,0.2515581717451524,61.0
block_servermon,1,0,0.5017313019390581,0.5311369272065786,0.8355129147829052,0.25086565096952906,60.0
theme_seo,1,0,0.5017313019390581,0.5311369272065786,0.8355129147829052,0.25086565096952906,60.0
filter_threedviewer,1,0,0.5007790858725762,0.5305111233225931,0.8276062513369776,0.2503895429362881,59.0
theme_xy,1,0,0.5007790858725762,0.5305111233225931,0.8276062513369776,0.2503895429362881,59.0
tool_rssfeeds,0,1,0.5007790858725762,0.5305111233225931,0.8276062513369776,0.2503895429362881,59.0
block_statics,1,1,0.25034626038781166,1.4942144980514378,0.20066985140008886,0.25034626038781166,1.0
block_openscout,1,1,0.25034626038781166,1.4942144980514378,0.20066985140008886,0.25034626038781166,1.0
block_openscout_simple,1,1,0.25034626038781166,1.4942144980514378,0.20066985140008886,0.25034626038781166,1.0
mod_teacherdiary,1,1,0.25034626038781166,1.4942144980514378,0.20066985140008886,0.25034626038781166,1.0
mod_pdfpager,1,1,0.25034626038781166,1.4942144980514378,0.20066985140008886,0.25034626038781166,1.0
filter_filtermenu,1,1,0.25034626038781166,1.4942144980514378,0.20066985140008886,0.25034626038781166,1.0
repository_typo3,1,1,0.25034626038781166,1.4942144980514378,0.20066985140008886,0.25034626038781166,1.0
block_blurnames,1,1,0.25034626038781166,1.4942144980514378,0.20066985140008886,0.25034626038781166,1.0
repository_learn360,1,1,0.25034626038781166,1.4942144980514378,0.20066985140008886,0.25034626038781166,1.0
block_twitter_search,1,1,0.25034626038781166,1.4942144980514378,0.20066985140008886,0.25034626038781166,1.0
block_loginplus,1,1,0.25034626038781166,1.4942144980514378,0.20066985140008886,0.25034626038781166,1.0
mod_designproject,1,1,0.25034626038781166,1.4942144980514378,0.20066985140008886,0.25034626038781166,1.0
mod_mdid,1,1,0.25034626038781166,1.4942144980514378,0.20066985140008886,0.25034626038781166,1.0
block_contag,1,1,0.25034626038781166,1.4942144980514378,0.20066985140008886,0.25034626038781166,1.0
block_pcbook,1,1,0.25034626038781166,1.4942144980514378,0.20066985140008886,0.25034626038781166,1.0
qtype_easyomech,1,1,0.25034626038781166,1.4942144980514378,0.20066985140008886,0.25034626038781166,1.0
block_searchonmath,1,1,0.25034626038781166,1.4942144980514378,0.20066985140008886,0.25034626038781166,1.0
local_camtasia_relay,1,1,0.25034626038781166,1.4942144980514378,0.20066985140008886,0.25034626038781166,1.0
mod_media,1,1,0.25034626038781166,1.4942144980514378,0.20066985140008886,0.25034626038781166,1.0
mod_dinsysconnect,1,1,0.25034626038781166,1.4942144980514378,0.20066985140008886,0.25034626038781166,1.0
tool_lpimportoutcomes,1,1,0.25034626038781166,1.4942144980514378,0.20066985140008886,0.25034626038781166,1.0
plagiarism_plagium,1,1,0.25034626038781166,1.4942144980514378,0.20066985140008886,0.25034626038781166,1.0
atto_mediadrop,1,1,0.25034626038781166,1.4942144980514378,0.20066985140008886,0.25034626038781166,1.0
filter_gurls,1,1,0.25034626038781166,1.4942144980514378,0.20066985140008886,0.25034626038781166,1.0
block_pinned_users,1,1,0.25034626038781166,1.4942144980514378,0.20066985140008886,0.25034626038781166,1.0
local_morelockfactories,1,1,0.25034626038781166,1.4942144980514378,0.20066985140008886,0.25034626038781166,1.0
filter_tripleplay,1,1,0.25034626038781166,1.4942144980514378,0.20066985140008886,0.25034626038781166,1.0
repository_tripleplay,1,1,0.25034626038781166,1.4942144980514378,0.20066985140008886,0.25034626038781166,1.0
qtype_easyoselect,1,1,0.25034626038781166,1.4942144980514378,0.20066985140008886,0.25034626038781166,1.0
theme_aardvark_shs,1,1,0.25034626038781166,1.4942144980514378,0.20066985140008886,0.25034626038781166,1.0
local_user_bulk_editor,1,1,0.25034626038781166,1.4942144980514378,0.20066985140008886,0.25034626038781166,1.0
mod_tiplayer,1,1,0.25034626038781166,1.4942144980514378,0.20066985140008886,0.25034626038781166,1.0
mod_eduvision,1,1,0.25034626038781166,1.4942144980514378,0.20066985140008886,0.25034626038781166,1.0
mod_poasassignment,1,1,0.25034626038781166,1.4942144980514378,0.20066985140008886,0.25034626038781166,1.0
mod_verbosity,1,1,0.25034626038781166,1.4942144980514378,0.20066985140008886,0.25034626038781166,1.0
mod_certificateswall,1,1,0.25034626038781166,1.4942144980514378,0.20066985140008886,0.25034626038781166,1.0
enrol_mmbrio,1,1,0.25034626038781166,1.4942144980514378,0.20066985140008886,0.25034626038781166,1.0
mod_offlinesession,1,1,0.25034626038781166,1.4942144980514378,0.20066985140008886,0.25034626038781166,1.0
local_choicesexport,1,1,0.25034626038781166,1.4942144980514378,0.20066985140008886,0.25034626038781166,1.0
block_percipio_home,1,1,0.25034626038781166,1.4942144980514378,0.20066985140008886,0.25034626038781166,1.0
atto_medimgviewer,1,1,0.25034626038781166,1.4942144980514378,0.20066985140008886,0.25034626038781166,1.0
filter_botr,1,1,0.25034626038781166,1.4942144980514378,0.20066985140008886,0.25034626038781166,1.0
tool_mentordatabase,1,1,0.25034626038781166,1.4942144980514378,0.20066985140008886,0.25034626038781166,1.0
theme_venus,1,1,0.25034626038781166,1.4942144980514378,0.20066985140008886,0.25034626038781166,1.0
tool_percipioexternalcontentsync,1,1,0.25034626038781166,1.4942144980514378,0.20066985140008886,0.25034626038781166,1.0
filter_wikiversity,1,1,0.25034626038781166,1.4942144980514378,0.20066985140008886,0.25034626038781166,1.0
block_onelogin_desktopsso,1,1,0.25034626038781166,1.4942144980514378,0.20066985140008886,0.25034626038781166,1.0
mod_znanja,1,1,0.25034626038781166,1.4942144980514378,0.20066985140008886,0.25034626038781166,1.0
mod_hatsize,1,1,0.25034626038781166,1.4942144980514378,0.20066985140008886,0.25034626038781166,1.0
theme_pluto,1,1,0.25034626038781166,1.4942144980514378,0.20066985140008886,0.25034626038781166,1.0
block_edutechpreferences,1,1,0.25034626038781166,1.4942144980514378,0.20066985140008886,0.25034626038781166,1.0
filter_silverlight,1,1,0.25034626038781166,1.4942144980514378,0.20066985140008886,0.25034626038781166,1.0
mod_bim,1,1,0.25034626038781166,1.4942144980514378,0.20066985140008886,0.25034626038781166,1.0
block_bfwpub,1,1,0.25034626038781166,1.4942144980514378,0.20066985140008886,0.25034626038781166,1.0
mod_og,1,1,0.25034626038781166,1.4942144980514378,0.20066985140008886,0.25034626038781166,1.0
mod_stupla,1,1,0.25034626038781166,1.4942144980514378,0.20066985140008886,0.25034626038781166,1.0
local_sanitychecker,1,1,0.25034626038781166,1.4942144980514378,0.20066985140008886,0.25034626038781166,1.0
block_flickr_image_carousel,1,1,0.25034626038781166,1.4942144980514378,0.20066985140008886,0.25034626038781166,1.0
theme_allc,1,1,0.25034626038781166,1.4942144980514378,0.20066985140008886,0.25034626038781166,1.0
local_innoedtools,1,1,0.25034626038781166,1.4942144980514378,0.20066985140008886,0.25034626038781166,1.0
theme_mars,1,1,0.25034626038781166,1.4942144980514378,0.20066985140008886,0.25034626038781166,1.0
mod_citizencam,1,1,0.25034626038781166,1.4942144980514378,0.20066985140008886,0.25034626038781166,1.0
atto_eexcesseditor,1,1,0.25034626038781166,1.4942144980514378,0.20066985140008886,0.25034626038781166,1.0
local_abintegro,1,1,0.25034626038781166,1.4942144980514378,0.20066985140008886,0.25034626038781166,1.0
block_boaidp,1,1,0.25034626038781166,1.4942144980514378,0.20066985140008886,0.25034626038781166,1.0
mod_remarks,1,1,0.25034626038781166,1.4942144980514378,0.20066985140008886,0.25034626038781166,1.0
local_eduweb_databasefiledownload,1,1,0.25034626038781166,1.4942144980514378,0.20066985140008886,0.25034626038781166,1.0
theme_neptune,1,1,0.25034626038781166,1.4942144980514378,0.20066985140008886,0.25034626038781166,1.0
mod_linkbazaar,1,1,0.25034626038781166,1.4942144980514378,0.20066985140008886,0.25034626038781166,1.0
enrol_cvent,1,1,0.25034626038781166,1.4942144980514378,0.20066985140008886,0.25034626038781166,1.0
block_azuread,1,1,0.25034626038781166,1.4942144980514378,0.20066985140008886,0.25034626038781166,1.0
mod_ecampusbookpage,1,1,0.25034626038781166,1.4942144980514378,0.20066985140008886,0.25034626038781166,1.0
mod_cooradbridge,1,1,0.25034626038781166,1.4942144980514378,0.20066985140008886,0.25034626038781166,1.0
local_blockusers,1,1,0.25034626038781166,1.4942144980514378,0.20066985140008886,0.25034626038781166,1.0
mod_babelroom,1,1,0.25034626038781166,1.4942144980514378,0.20066985140008886,0.25034626038781166,1.0
mod_guidedquiz,1,1,0.25034626038781166,1.4942144980514378,0.20066985140008886,0.25034626038781166,1.0
block_my_files,1,1,0.25034626038781166,1.4942144980514378,0.20066985140008886,0.25034626038781166,1.0
mod_movilquizlite,1,1,0.25034626038781166,1.4942144980514378,0.20066985140008886,0.25034626038781166,1.0
assignsubmission_metadata,1,1,0.25034626038781166,1.4942144980514378,0.20066985140008886,0.25034626038781166,1.0
local_webmonetization,1,1,0.25034626038781166,1.4942144980514378,0.20066985140008886,0.25034626038781166,1.0
ltisource_ecohub,1,1,0.25034626038781166,1.4942144980514378,0.20066985140008886,0.25034626038781166,1.0
block_sookooroo,1,1,0.25034626038781166,1.4942144980514378,0.20066985140008886,0.25034626038781166,1.0
mod_sookooroo,1,1,0.25034626038781166,1.4942144980514378,0.20066985140008886,0.25034626038781166,1.0
mod_sna,1,1,0.25034626038781166,1.4942144980514378,0.20066985140008886,0.25034626038781166,1.0
auth_zilink_saml,1,1,0.25034626038781166,1.4942144980514378,0.20066985140008886,0.25034626038781166,1.0
auth_mojeid,1,1,0.25034626038781166,1.4942144980514378,0.20066985140008886,0.25034626038781166,1.0
block_zilink,1,1,0.25034626038781166,1.4942144980514378,0.20066985140008886,0.25034626038781166,1.0
theme_aab,1,1,0.25034626038781166,1.4942144980514378,0.20066985140008886,0.25034626038781166,1.0
mod_flax,1,1,0.25034626038781166,1.4942144980514378,0.20066985140008886,0.25034626038781166,1.0
auth_mwsso,1,1,0.25034626038781166,1.4942144980514378,0.20066985140008886,0.25034626038781166,1.0
block_odsoaipmh,1,1,0.25034626038781166,1.4942144980514378,0.20066985140008886,0.25034626038781166,1.0
plagiarism_crotpro,1,1,0.25034626038781166,1.4942144980514378,0.20066985140008886,0.25034626038781166,1.0
block_low_sequence_list,1,1,0.25034626038781166,1.4942144980514378,0.20066985140008886,0.25034626038781166,1.0
auth_wstrust,1,1,0.25034626038781166,1.4942144980514378,0.20066985140008886,0.25034626038781166,1.0
block_amazon,1,1,0.25034626038781166,1.4942144980514378,0.20066985140008886,0.25034626038781166,1.0
theme_red_drop_down_menus,1,1,0.25034626038781166,1.4942144980514378,0.20066985140008886,0.25034626038781166,1.0
block_quranrecitation,1,1,0.25034626038781166,1.4942144980514378,0.20066985140008886,0.25034626038781166,1.0
qtype_programmedresp,1,1,0.25034626038781166,1.4942144980514378,0.20066985140008886,0.25034626038781166,1.0
mod_forumanon,1,1,0.25034626038781166,1.4942144980514378,0.20066985140008886,0.25034626038781166,1.0
block_tb_blog,1,1,0.25034626038781166,1.4942144980514378,0.20066985140008886,0.25034626038781166,1.0
block_tb_clients,1,1,0.25034626038781166,1.4942144980514378,0.20066985140008886,0.25034626038781166,1.0
block_firephp,1,1,0.25034626038781166,1.4942144980514378,0.20066985140008886,0.25034626038781166,1.0
filter_autolinkhijacker,1,1,0.25034626038781166,1.4942144980514378,0.20066985140008886,0.25034626038781166,1.0
enrol_openlml,1,1,0.25034626038781166,1.4942144980514378,0.20066985140008886,0.25034626038781166,1.0
mod_pdfparts,1,1,0.25034626038781166,1.4942144980514378,0.20066985140008886,0.25034626038781166,1.0
block_smartblock,1,1,0.25034626038781166,1.4942144980514378,0.20066985140008886,0.25034626038781166,1.0
block_menteessimplified,1,1,0.25034626038781166,1.4942144980514378,0.20066985140008886,0.25034626038781166,1.0
repository_areafiles,1,1,0.25034626038781166,1.4942144980514378,0.20066985140008886,0.25034626038781166,1.0
block_desp,1,1,0.25034626038781166,1.4942144980514378,0.20066985140008886,0.25034626038781166,1.0
filter_tinspireurlconverter,1,1,0.25034626038781166,1.4942144980514378,0.20066985140008886,0.25034626038781166,1.0
filter_timelinewidget,1,1,0.25034626038781166,1.4942144980514378,0.20066985140008886,0.25034626038781166,1.0
auth_unilogin,1,1,0.25034626038781166,1.4942144980514378,0.20066985140008886,0.25034626038781166,1.0
local_configlogemailer,1,1,0.25034626038781166,1.4942144980514378,0.20066985140008886,0.25034626038781166,1.0
filter_akamaitoken,1,1,0.25034626038781166,1.4942144980514378,0.20066985140008886,0.25034626038781166,1.0
block_leeloolxp_synchronizer,1,1,0.25034626038781166,1.4942144980514378,0.20066985140008886,0.25034626038781166,1.0
block_leeloolxp_tracking,1,1,0.25034626038781166,1.4942144980514378,0.20066985140008886,0.25034626038781166,1.0
local_leeloolxp_web_tat,1,1,0.25034626038781166,1.4942144980514378,0.20066985140008886,0.25034626038781166,1.0
theme_aardvark_automenu,1,1,0.25034626038781166,1.4942144980514378,0.20066985140008886,0.25034626038781166,1.0
block_sitenavigation,1,1,0.25034626038781166,1.4942144980514378,0.20066985140008886,0.25034626038781166,1.0
mod_quizport,1,1,0.25034626038781166,1.4942144980514378,0.20066985140008886,0.25034626038781166,1.0
mod_leapbuilder,1,1,0.25034626038781166,1.4942144980514378,0.20066985140008886,0.25034626038781166,1.0
block_menteesimproved,1,1,0.25034626038781166,1.4942144980514378,0.20066985140008886,0.25034626038781166,1.0
mod_furnace,1,1,0.25034626038781166,1.4942144980514378,0.20066985140008886,0.25034626038781166,1.0
mod_myeducationpath,1,1,0.25034626038781166,1.4942144980514378,0.20066985140008886,0.25034626038781166,1.0
mod_courseprovider,1,1,0.25034626038781166,1.4942144980514378,0.20066985140008886,0.25034626038781166,1.0
auth_bakery,1,1,0.25034626038781166,1.4942144980514378,0.20066985140008886,0.25034626038781166,1.0
message_codeposty,1,1,0.25034626038781166,1.4942144980514378,0.20066985140008886,0.25034626038781166,1.0
filter_iprbookshop_ru,1,1,0.25034626038781166,1.4942144980514378,0.20066985140008886,0.25034626038781166,1.0
mod_widgetspace,1,1,0.25034626038781166,1.4942144980514378,0.20066985140008886,0.25034626038781166,1.0
tool_cloudmetrics,1,0,0.4992209141274238,0.5298853194386076,0.819566696586526,0.2496104570637119,58.0
mod_scicalc,1,0,0.4992209141274238,0.5298853194386076,0.819566696586526,0.2496104570637119,58.0
block_onenote,0,1,0.4992209141274238,0.5298853194386076,0.819566696586526,0.2496104570637119,58.0
quizaccess_cheatdetect,1,0,0.4992209141274238,0.5298853194386076,0.819566696586526,0.2496104570637119,58.0
block_course_recommender,1,0,0.4992209141274238,0.5298853194386076,0.819566696586526,0.2496104570637119,58.0
mod_listgrades,1,0,0.4992209141274238,0.5298853194386076,0.819566696586526,0.2496104570637119,58.0
mod_roadmap,1,0,0.49722991689750695,0.5292595155546223,0.8113897069126864,0.24861495844875348,57.0
block_course_statistics,1,0,0.49722991689750695,0.5292595155546223,0.8113897069126864,0.24861495844875348,57.0
local_pg,1,0,0.49722991689750695,0.5292595155546223,0.8113897069126864,0.24861495844875348,57.0
block_graderanking,1,0,0.49722991689750695,0.5292595155546223,0.8113897069126864,0.24861495844875348,57.0
enrol_accesscodes,1,0,0.49722991689750695,0.5292595155546223,0.8113897069126864,0.24861495844875348,57.0
tool_s3logs,0,1,0.49722991689750695,0.5292595155546223,0.8113897069126864,0.24861495844875348,57.0
tiny_translations,1,0,0.49722991689750695,0.5292595155546223,0.8113897069126864,0.24861495844875348,57.0
block_profilespecifichtml,0,1,0.49549861495844877,0.5286337116706368,0.803070501614919,0.24774930747922438,56.0
quiz_exportattemptscsv,1,0,0.49549861495844877,0.5286337116706368,0.803070501614919,0.24774930747922438,56.0
atto_znaniumcombook,1,0,0.49549861495844877,0.5286337116706368,0.803070501614919,0.24774930747922438,56.0
block_userexpire,1,0,0.49549861495844877,0.5286337116706368,0.803070501614919,0.24774930747922438,56.0
repository_osp,0,1,0.4942001385041551,0.5280079077866513,0.7946040461243435,0.24710006925207756,55.0
block_terusrag,1,0,0.4942001385041551,0.5280079077866513,0.7946040461243435,0.24710006925207756,55.0
paygw_yookassa,1,0,0.49272853185595566,0.5273821039026659,0.7859850337045338,0.24636426592797783,54.0
customcertelement_textreplace,1,0,0.49272853185595566,0.5273821039026659,0.7859850337045338,0.24636426592797783,54.0
profilefield_textregex,1,0,0.49272853185595566,0.5273821039026659,0.7859850337045338,0.24636426592797783,54.0
repository_aiimage,1,0,0.49125692520775627,0.5267563000186805,0.7772078654732124,0.24562846260387813,53.0
block_eportfolio,1,0,0.49125692520775627,0.5267563000186805,0.7772078654732124,0.24562846260387813,53.0
mod_nextblocks,1,0,0.49125692520775627,0.5267563000186805,0.7772078654732124,0.24562846260387813,53.0
qformat_qml,0,1,0.49125692520775627,0.5267563000186805,0.7772078654732124,0.24562846260387813,53.0
local_contactlist,1,0,0.4896987534626039,0.526130496134695,0.768266628556503,0.24484937673130194,52.0
quiz_heartbeat,1,0,0.4896987534626039,0.526130496134695,0.768266628556503,0.24484937673130194,52.0
local_quickrenamequestioncategories,1,0,0.4896987534626039,0.526130496134695,0.768266628556503,0.24484937673130194,52.0
datafield_regex,1,0,0.4896987534626039,0.526130496134695,0.768266628556503,0.24484937673130194,52.0
local_microsoftservices,0,1,0.4896987534626039,0.526130496134695,0.768266628556503,0.24484937673130194,52.0
local_webuntis,0,1,0.4896987534626039,0.526130496134695,0.768266628556503,0.24484937673130194,52.0
smsgateway_customapi,1,0,0.4896987534626039,0.526130496134695,0.768266628556503,0.24484937673130194,52.0
report_coursestats_v2,1,0,0.48788088642659283,0.5255046922507096,0.7591550721622744,0.24394044321329642,51.0
tool_skills,1,0,0.48788088642659283,0.5255046922507096,0.7591550721622744,0.24394044321329642,51.0
tiny_filterws,1,0,0.48788088642659283,0.5255046922507096,0.7591550721622744,0.24394044321329642,51.0
local_resetpassword,0,1,0.48788088642659283,0.5255046922507096,0.7591550721622744,0.24394044321329642,51.0
mod_eportfolio,1,0,0.48788088642659283,0.5255046922507096,0.7591550721622744,0.24394044321329642,51.0
qbank_bulkxmlexport,1,0,0.4858898891966759,0.5248788883667241,0.7498665813300899,0.24294494459833796,50.0
local_webshell,1,0,0.4858898891966759,0.5248788883667241,0.7498665813300899,0.24294494459833796,50.0
local_categorybanner,1,0,0.4858898891966759,0.5248788883667241,0.7498665813300899,0.24294494459833796,50.0
tool_customfields_exportimport,1,0,0.4858898891966759,0.5248788883667241,0.7498665813300899,0.24294494459833796,50.0
local_fullaccessibility,1,0,0.4858898891966759,0.5248788883667241,0.7498665813300899,0.24294494459833796,50.0
local_aigrader,1,0,0.4858898891966759,0.5248788883667241,0.7498665813300899,0.24294494459833796,50.0
tool_gnotify,1,0,0.4858898891966759,0.5248788883667241,0.7498665813300899,0.24294494459833796,50.0
local_smartnoticeslite,1,0,0.48320637119113574,0.5242530844827387,0.7403941480816573,0.24160318559556787,49.0
assignfeedback_mahara,0,1,0.48320637119113574,0.5242530844827387,0.7403941480816573,0.24160318559556787,49.0
local_msgraph_api_mailer,1,0,0.48320637119113574,0.5242530844827387,0.7403941480816573,0.24160318559556787,49.0
mod_viewer3d,1,0,0.48320637119113574,0.5242530844827387,0.7403941480816573,0.24160318559556787,49.0
block_datacurso_recomendate,1,0,0.48320637119113574,0.5242530844827387,0.7403941480816573,0.24160318559556787,49.0
atto_clickview,1,0,0.48320637119113574,0.5242530844827387,0.7403941480816573,0.24160318559556787,49.0
local_renumberquestioncategory,1,0,0.48320637119113574,0.5242530844827387,0.7403941480816573,0.24160318559556787,49.0
auth_relogin,1,0,0.48320637119113574,0.5242530844827387,0.7403941480816573,0.24160318559556787,49.0
plagiarism_safeassign,0,1,0.48320637119113574,0.5242530844827387,0.7403941480816573,0.24160318559556787,49.0
local_bbb_lad,1,0,0.48320637119113574,0.5242530844827387,0.7403941480816573,0.24160318559556787,49.0
local_devassist,1,0,0.48320637119113574,0.5242530844827387,0.7403941480816573,0.24160318559556787,49.0
auth_jwtsso,1,0,0.4806959833795014,0.5236272805987533,0.7307303396566134,0.2403479916897507,48.0
mod_trainingevaluation,1,0,0.4806959833795014,0.5236272805987533,0.7307303396566134,0.2403479916897507,48.0
filter_multilangenhanced,0,1,0.4806959833795014,0.5236272805987533,0.7307303396566134,0.2403479916897507,48.0
enrol_yafee,1,0,0.4806959833795014,0.5236272805987533,0.7307303396566134,0.2403479916897507,48.0
filter_imagefullscreen,1,0,0.4806959833795014,0.5236272805987533,0.7307303396566134,0.2403479916897507,48.0
block_vmoodle,0,1,0.4784452908587258,0.5230014767147678,0.7208672634729872,0.2392226454293629,47.0
filter_aijammer,1,0,0.4784452908587258,0.5230014767147678,0.7208672634729872,0.2392226454293629,47.0
availability_competency,1,0,0.4784452908587258,0.5230014767147678,0.7208672634729872,0.2392226454293629,47.0
local_course_creator,1,0,0.4784452908587258,0.5230014767147678,0.7208672634729872,0.2392226454293629,47.0
mod_certstudio,1,0,0.4784452908587258,0.5230014767147678,0.7208672634729872,0.2392226454293629,47.0
quizaccess_startlimit,1,0,0.4767139889196676,0.5223756728307823,0.7107965283985117,0.2383569944598338,46.0
mod_naas,1,0,0.4767139889196676,0.5223756728307823,0.7107965283985117,0.2383569944598338,46.0
availability_playerhud,1,0,0.4753289473684211,0.521749868946797,0.7005092018566458,0.23766447368421054,45.0
tiny_bootstrap,1,0,0.4753289473684211,0.521749868946797,0.7005092018566458,0.23766447368421054,45.0
datafield_email,1,0,0.4753289473684211,0.521749868946797,0.7005092018566458,0.23766447368421054,45.0
block_student_attendance,1,0,0.4753289473684211,0.521749868946797,0.7005092018566458,0.23766447368421054,45.0
format_learningjourney,1,0,0.4753289473684211,0.521749868946797,0.7005092018566458,0.23766447368421054,45.0
filter_forumembed,0,1,0.4753289473684211,0.521749868946797,0.7005092018566458,0.23766447368421054,45.0
qbank_qtoactivity,1,0,0.4736842105263158,0.5211240650628115,0.6899957622178918,0.2368421052631579,44.0
local_prometheus,1,0,0.4736842105263158,0.5211240650628115,0.6899957622178918,0.2368421052631579,44.0
aiprovider_openwebui,1,0,0.4736842105263158,0.5211240650628115,0.6899957622178918,0.2368421052631579,44.0
block_uteluqchatbot,1,0,0.4736842105263158,0.5211240650628115,0.6899957622178918,0.2368421052631579,44.0
mod_elang,0,1,0.4736842105263158,0.5211240650628115,0.6899957622178918,0.2368421052631579,44.0
availability_facetoface,1,0,0.4736842105263158,0.5211240650628115,0.6899957622178918,0.2368421052631579,44.0
filter_edusharing,1,0,0.47212603878116344,0.520498261178826,0.6792460458405432,0.23606301939058172,43.0
paygw_paymob,1,0,0.47212603878116344,0.520498261178826,0.6792460458405432,0.23606301939058172,43.0
report_rolessitemap,1,0,0.47212603878116344,0.520498261178826,0.6792460458405432,0.23606301939058172,43.0
mod_edumeet,0,1,0.47212603878116344,0.520498261178826,0.6792460458405432,0.23606301939058172,43.0
local_quizdemo,1,0,0.4699619113573407,0.5198724572948407,0.6682491880226367,0.23498095567867036,42.0
block_definitions,1,0,0.4699619113573407,0.5198724572948407,0.6682491880226367,0.23498095567867036,42.0
local_ulibot,1,0,0.4699619113573407,0.5198724572948407,0.6682491880226367,0.23498095567867036,42.0
mod_labnbook,1,0,0.4699619113573407,0.5198724572948407,0.6682491880226367,0.23498095567867036,42.0
mod_guestquiz,1,0,0.4699619113573407,0.5198724572948407,0.6682491880226367,0.23498095567867036,42.0
local_latepenalty,1,0,0.4699619113573407,0.5198724572948407,0.6682491880226367,0.23498095567867036,42.0
block_aipromptgen,1,0,0.4676246537396122,0.5192466534108552,0.6569935570052574,0.2338123268698061,41.0
logstore_error_log,1,0,0.4676246537396122,0.5192466534108552,0.6569935570052574,0.2338123268698061,41.0
tool_amoslink,1,0,0.4676246537396122,0.5192466534108552,0.6569935570052574,0.2338123268698061,41.0
assignsubmission_cincopa,1,0,0.4676246537396122,0.5192466534108552,0.6569935570052574,0.2338123268698061,41.0
block_progressanalytics,1,0,0.4676246537396122,0.5192466534108552,0.6569935570052574,0.2338123268698061,41.0
block_key_figures,1,0,0.4676246537396122,0.5192466534108552,0.6569935570052574,0.2338123268698061,41.0
profilefield_o365,0,1,0.4676246537396122,0.5192466534108552,0.6569935570052574,0.2338123268698061,41.0
local_academic_ticket_system,1,0,0.4654605263157895,0.5186208495268698,0.6454666800222549,0.23273026315789475,40.0
report_rubric_list,1,0,0.4654605263157895,0.5186208495268698,0.6454666800222549,0.23273026315789475,40.0
block_teacher_checklist,1,0,0.4654605263157895,0.5186208495268698,0.6454666800222549,0.23273026315789475,40.0
local_icalsender,1,0,0.4654605263157895,0.5186208495268698,0.6454666800222549,0.23273026315789475,40.0
block_quicksearch,1,0,0.4654605263157895,0.5186208495268698,0.6454666800222549,0.23273026315789475,40.0
block_menubuilder,1,0,0.4654605263157895,0.5186208495268698,0.6454666800222549,0.23273026315789475,40.0
mod_qpractice,1,0,0.4654605263157895,0.5186208495268698,0.6454666800222549,0.23273026315789475,40.0
mod_playergroup,1,0,0.4654605263157895,0.5186208495268698,0.6454666800222549,0.23273026315789475,40.0
antivirus_savdi,1,0,0.4654605263157895,0.5186208495268698,0.6454666800222549,0.23273026315789475,40.0
qtype_ddwtos,0,1,0.4632098337950139,0.5179950456428843,0.6336551602176668,0.23160491689750695,39.0
mod_wims,1,0,0.4632098337950139,0.5179950456428843,0.6336551602176668,0.23160491689750695,39.0
local_bftranslate,1,0,0.4632098337950139,0.5179950456428843,0.6336551602176668,0.23160491689750695,39.0
local_accountdate_profile,1,0,0.4632098337950139,0.5179950456428843,0.6336551602176668,0.23160491689750695,39.0
local_metasync,0,1,0.4632098337950139,0.5179950456428843,0.6336551602176668,0.23160491689750695,39.0
local_category_reset,1,0,0.4632098337950139,0.5179950456428843,0.6336551602176668,0.23160491689750695,39.0
gradeexport_group,1,0,0.4632098337950139,0.5179950456428843,0.6336551602176668,0.23160491689750695,39.0
block_rss_thumbnails,0,1,0.4632098337950139,0.5179950456428843,0.6336551602176668,0.23160491689750695,39.0
block_teamdashboard,1,0,0.46069944598337953,0.5173692417588989,0.6215445830431883,0.23034972299168976,38.0
qtype_multianswerrgx,1,0,0.46069944598337953,0.5173692417588989,0.6215445830431883,0.23034972299168976,38.0
filter_dictionary,0,1,0.46069944598337953,0.5173692417588989,0.6215445830431883,0.23034972299168976,38.0
mod_sectionprogress,1,0,0.46069944598337953,0.5173692417588989,0.6215445830431883,0.23034972299168976,38.0
local_h5pthemer,1,0,0.46069944598337953,0.5173692417588989,0.6215445830431883,0.23034972299168976,38.0
mod_whatsappmb,1,0,0.46069944598337953,0.5173692417588989,0.6215445830431883,0.23034972299168976,38.0
block_rolespecifichtml,0,1,0.4579293628808864,0.5167434378749134,0.6091194104956079,0.2289646814404432,37.0
coursereport_frictionradar,1,0,0.4579293628808864,0.5167434378749134,0.6091194104956079,0.2289646814404432,37.0
report_patches,0,1,0.4579293628808864,0.5167434378749134,0.6091194104956079,0.2289646814404432,37.0
auth_neesgov,1,0,0.4579293628808864,0.5167434378749134,0.6091194104956079,0.2289646814404432,37.0
mod_attendancecontrol,1,0,0.4579293628808864,0.5167434378749134,0.6091194104956079,0.2289646814404432,37.0
local_groupimport,1,0,0.4579293628808864,0.5167434378749134,0.6091194104956079,0.2289646814404432,37.0
auth_igovt,1,1,0.22861842105263158,1.4935886941674523,-0.13089172883830802,0.22861842105263158,0.0
datapreset_national_education_network_resources,1,1,0.22861842105263158,1.4935886941674523,-0.13089172883830802,0.22861842105263158,0.0
aiprovider_openrouter,1,0,0.4551592797783933,0.516117633990928,0.5963628612478618,0.22757963988919666,36.0
profilefield_oidc,0,1,0.4551592797783933,0.516117633990928,0.5963628612478618,0.22757963988919666,36.0
tool_tutor_follow,1,0,0.4551592797783933,0.516117633990928,0.5963628612478618,0.22757963988919666,36.0
mod_modernvideoplayer,1,0,0.4551592797783933,0.516117633990928,0.5963628612478618,0.22757963988919666,36.0
tiny_c4lauthor,1,0,0.4551592797783933,0.516117633990928,0.5963628612478618,0.22757963988919666,36.0
block_overviewmyrolesincourses,1,0,0.4551592797783933,0.516117633990928,0.5963628612478618,0.22757963988919666,36.0
media_videofront,0,1,0.4551592797783933,0.516117633990928,0.5963628612478618,0.22757963988919666,36.0
profilefield_radio,1,0,0.4551592797783933,0.516117633990928,0.5963628612478618,0.22757963988919666,36.0
tiny_aipromptgen,1,0,0.4551592797783933,0.516117633990928,0.5963628612478618,0.22757963988919666,36.0
local_aiconfig,1,0,0.45290858725761773,0.5154918301069426,0.5832567743539013,0.22645429362880887,35.0
local_stackmatheditor,1,0,0.45290858725761773,0.5154918301069426,0.5832567743539013,0.22645429362880887,35.0
tool_driprelease,1,0,0.45290858725761773,0.5154918301069426,0.5832567743539013,0.22645429362880887,35.0
tool_quizpasschange,0,1,0.45290858725761773,0.5154918301069426,0.5832567743539013,0.22645429362880887,35.0
block_xtoscorm,1,0,0.45290858725761773,0.5154918301069426,0.5832567743539013,0.22645429362880887,35.0
logstore_caliper,1,0,0.45100415512465375,0.5148660262229572,0.5697814537499368,0.22550207756232687,34.0
enrol_selfwithcapability,1,0,0.45100415512465375,0.5148660262229572,0.5697814537499368,0.22550207756232687,34.0
local_agentdetect,1,0,0.45100415512465375,0.5148660262229572,0.5697814537499368,0.22550207756232687,34.0
qformat_ohie,0,1,0.45100415512465375,0.5148660262229572,0.5697814537499368,0.22550207756232687,34.0
enrol_dbuserrel,0,1,0.45100415512465375,0.5148660262229572,0.5697814537499368,0.22550207756232687,34.0
block_course_slider,0,1,0.45100415512465375,0.5148660262229572,0.5697814537499368,0.22550207756232687,34.0
atto_edusharing,1,0,0.4489265927977839,0.5142402223389717,0.5559154902107791,0.22446329639889195,33.0
local_usertours,0,1,0.4489265927977839,0.5142402223389717,0.5559154902107791,0.22446329639889195,33.0
block_edusharing_workspace,1,0,0.4489265927977839,0.5142402223389717,0.5559154902107791,0.22446329639889195,33.0
paygw_robokassa,1,0,0.4489265927977839,0.5142402223389717,0.5559154902107791,0.22446329639889195,33.0
filter_jwplayer,0,1,0.4489265927977839,0.5142402223389717,0.5559154902107791,0.22446329639889195,33.0
tiny_fileimport,1,0,0.4489265927977839,0.5142402223389717,0.5559154902107791,0.22446329639889195,33.0
block_alerts,0,1,0.4489265927977839,0.5142402223389717,0.5559154902107791,0.22446329639889195,33.0
tool_uploadblocksettings,1,0,0.4489265927977839,0.5142402223389717,0.5559154902107791,0.22446329639889195,33.0
tool_inspire,0,1,0.4465893351800554,0.5136144184549862,0.5416355567214572,0.2232946675900277,32.0
block_precondition,1,0,0.4465893351800554,0.5136144184549862,0.5416355567214572,0.2232946675900277,32.0
theme_govbrds,1,0,0.4465893351800554,0.5136144184549862,0.5416355567214572,0.2232946675900277,32.0
tool_modedit,1,0,0.4465893351800554,0.5136144184549862,0.5416355567214572,0.2232946675900277,32.0
local_gototop,1,0,0.4465893351800554,0.5136144184549862,0.5416355567214572,0.2232946675900277,32.0
qbehaviour_certaintywithstudentfeedback,1,0,0.4465893351800554,0.5136144184549862,0.5416355567214572,0.2232946675900277,32.0
tool_mediatime,1,0,0.4436461218836565,0.5129886145710008,0.5269161723536764,0.22182306094182824,31.0
local_debugtoolbar,1,0,0.4436461218836565,0.5129886145710008,0.5269161723536764,0.22182306094182824,31.0
repository_ensemble,0,1,0.4436461218836565,0.5129886145710008,0.5269161723536764,0.22182306094182824,31.0
block_dictionary,0,1,0.4436461218836565,0.5129886145710008,0.5269161723536764,0.22182306094182824,31.0
local_copygroups,1,0,0.4436461218836565,0.5129886145710008,0.5269161723536764,0.22182306094182824,31.0
block_bcu_course_checks,0,1,0.4436461218836565,0.5129886145710008,0.5269161723536764,0.22182306094182824,31.0
local_mseb,1,0,0.4436461218836565,0.5129886145710008,0.5269161723536764,0.22182306094182824,31.0
local_cleangradereport,1,0,0.4436461218836565,0.5129886145710008,0.5269161723536764,0.22182306094182824,31.0
local_ssologin,1,0,0.4400103878116344,0.5123628106870154,0.5117294286447998,0.2200051939058172,30.0
block_enrolkey,0,1,0.4400103878116344,0.5123628106870154,0.5117294286447998,0.2200051939058172,30.0
format_calendar,0,1,0.4400103878116344,0.5123628106870154,0.5117294286447998,0.2200051939058172,30.0
enrol_grabber,1,0,0.4400103878116344,0.5123628106870154,0.5117294286447998,0.2200051939058172,30.0
local_string_override,0,1,0.4400103878116344,0.5123628106870154,0.5117294286447998,0.2200051939058172,30.0
block_dashboardannouncements,1,0,0.4400103878116344,0.5123628106870154,0.5117294286447998,0.2200051939058172,30.0
format_btns,1,0,0.4400103878116344,0.5123628106870154,0.5117294286447998,0.2200051939058172,30.0
tool_my_external_backup_restore_courses,1,0,0.4400103878116344,0.5123628106870154,0.5117294286447998,0.2200051939058172,30.0
filter_mapofusers,1,0,0.4400103878116344,0.5123628106870154,0.5117294286447998,0.2200051939058172,30.0
enrol_mpcheckoutpro,1,0,0.4400103878116344,0.5123628106870154,0.5117294286447998,0.2200051939058172,30.0
mod_kalmediares,1,0,0.4400103878116344,0.5123628106870154,0.5117294286447998,0.2200051939058172,30.0
block_tasklist,0,1,0.4400103878116344,0.5123628106870154,0.5117294286447998,0.2200051939058172,30.0
assignsubmission_automaticextension,0,1,0.4400103878116344,0.5123628106870154,0.5117294286447998,0.2200051939058172,30.0
local_appcrue,1,0,0.4362015235457064,0.5117370068030299,0.49604467109858097,0.2181007617728532,29.0
report_hybridmeter,1,0,0.4362015235457064,0.5117370068030299,0.49604467109858097,0.2181007617728532,29.0
enrol_oss,1,0,0.4362015235457064,0.5117370068030299,0.49604467109858097,0.2181007617728532,29.0
report_certaintyquizzes,1,0,0.4362015235457064,0.5117370068030299,0.49604467109858097,0.2181007617728532,29.0
mod_gear,1,0,0.4362015235457064,0.5117370068030299,0.49604467109858097,0.2181007617728532,29.0
profilefield_timestamp,0,1,0.4362015235457064,0.5117370068030299,0.49604467109858097,0.2181007617728532,29.0
qtype_ddmarker,0,1,0.4362015235457064,0.5117370068030299,0.49604467109858097,0.2181007617728532,29.0
tool_legacyfilesmigration,1,0,0.4362015235457064,0.5117370068030299,0.49604467109858097,0.2181007617728532,29.0
report_ldapaccounts,1,0,0.4362015235457064,0.5117370068030299,0.49604467109858097,0.2181007617728532,29.0
local_resourcestats,1,0,0.43299861495844877,0.5111112029190445,0.47982812667428965,0.21649930747922438,28.0
qtype_javaunittest,0,1,0.43299861495844877,0.5111112029190445,0.47982812667428965,0.21649930747922438,28.0
block_thumblinks_action,0,1,0.43299861495844877,0.5111112029190445,0.47982812667428965,0.21649930747922438,28.0
quiz_autograde,1,0,0.43299861495844877,0.5111112029190445,0.47982812667428965,0.21649930747922438,28.0
local_vlibras,1,0,0.43299861495844877,0.5111112029190445,0.47982812667428965,0.21649930747922438,28.0
block_minhabiblioteca,1,0,0.43299861495844877,0.5111112029190445,0.47982812667428965,0.21649930747922438,28.0
tool_emailutils,1,0,0.4292763157894737,0.5104853990350591,0.46304246588594644,0.21463815789473684,27.0
tiny_edusharing,1,0,0.4292763157894737,0.5104853990350591,0.46304246588594644,0.21463815789473684,27.0
block_skypeweb,0,1,0.4292763157894737,0.5104853990350591,0.46304246588594644,0.21463815789473684,27.0
assignfeedback_aifeedback,1,0,0.4292763157894737,0.5104853990350591,0.46304246588594644,0.21463815789473684,27.0
tinymce_helixmedia,1,0,0.4292763157894737,0.5104853990350591,0.46304246588594644,0.21463815789473684,27.0
local_course_banner_builder,1,0,0.4292763157894737,0.5104853990350591,0.46304246588594644,0.21463815789473684,27.0
local_haccgen,1,0,0.4292763157894737,0.5104853990350591,0.46304246588594644,0.21463815789473684,27.0
mod_rumbletalkchat,1,0,0.4292763157894737,0.5104853990350591,0.46304246588594644,0.21463815789473684,27.0
enrol_profilefield,0,1,0.4292763157894737,0.5104853990350591,0.46304246588594644,0.21463815789473684,27.0
block_user_bookmarks,0,1,0.4292763157894737,0.5104853990350591,0.46304246588594644,0.21463815789473684,27.0
aiplacement_textinsights,1,0,0.4292763157894737,0.5104853990350591,0.46304246588594644,0.21463815789473684,27.0
calendartype_thaibuddhist,1,0,0.4292763157894737,0.5104853990350591,0.46304246588594644,0.21463815789473684,27.0
local_course_reminder,1,0,0.4292763157894737,0.5104853990350591,0.46304246588594644,0.21463815789473684,27.0
local_cohortmanager,1,0,0.4292763157894737,0.5104853990350591,0.46304246588594644,0.21463815789473684,27.0
local_quickregister,0,1,0.4292763157894737,0.5104853990350591,0.46304246588594644,0.21463815789473684,27.0
mod_onlyofficedocspace,1,0,0.4292763157894737,0.5104853990350591,0.46304246588594644,0.21463815789473684,27.0
block_user_mnet_hosts,0,1,0.4292763157894737,0.5104853990350591,0.46304246588594644,0.21463815789473684,27.0
profilefield_brasilcep,1,0,0.4254674515235457,0.5098595951510736,0.4456462852348154,0.21273372576177285,26.0
block_dimensions,1,0,0.4254674515235457,0.5098595951510736,0.4456462852348154,0.21273372576177285,26.0
filter_rtmp,0,1,0.4254674515235457,0.5098595951510736,0.4456462852348154,0.21273372576177285,26.0
quizaccess_activateattempt,0,1,0.4254674515235457,0.5098595951510736,0.4456462852348154,0.21273372576177285,26.0
availability_recompletion,1,0,0.4254674515235457,0.5098595951510736,0.4456462852348154,0.21273372576177285,26.0
block_mistralagent,1,0,0.4254674515235457,0.5098595951510736,0.4456462852348154,0.21273372576177285,26.0
local_notification_manager,1,0,0.42295706371191133,0.5092337912670881,0.4275934919238774,0.21147853185595566,25.0
assignfeedback_recitannotation,1,0,0.42295706371191133,0.5092337912670881,0.4275934919238774,0.21147853185595566,25.0
block_censusreport,0,1,0.42295706371191133,0.5092337912670881,0.4275934919238774,0.21147853185595566,25.0
assignfeedback_grades_chart,1,0,0.42295706371191133,0.5092337912670881,0.4275934919238774,0.21147853185595566,25.0
smsgateway_twilio,1,0,0.42295706371191133,0.5092337912670881,0.4275934919238774,0.21147853185595566,25.0
qtype_accounting,1,0,0.42096606648199447,0.5086079873831028,0.4088325678432603,0.21048303324099724,24.0
filter_courseprofesores,1,0,0.42096606648199447,0.5086079873831028,0.4088325678432603,0.21048303324099724,24.0
block_mathsyntaxhelp,1,0,0.42096606648199447,0.5086079873831028,0.4088325678432603,0.21048303324099724,24.0
mod_serlo,1,0,0.42096606648199447,0.5086079873831028,0.4088325678432603,0.21048303324099724,24.0
local_eledia_makeanonymous,0,1,0.42096606648199447,0.5086079873831028,0.4088325678432603,0.21048303324099724,24.0
theme_mymobile,0,1,0.42096606648199447,0.5086079873831028,0.4088325678432603,0.21048303324099724,24.0
tool_lazycron,1,0,0.41759002770083103,0.5079821834991173,0.38930568323459047,0.20879501385041552,23.0
assignsubmission_comparativejudgement,1,0,0.41759002770083103,0.5079821834991173,0.38930568323459047,0.20879501385041552,23.0
block_qtracker,0,1,0.41759002770083103,0.5079821834991173,0.38930568323459047,0.20879501385041552,23.0
mod_certifier,1,0,0.41759002770083103,0.5079821834991173,0.38930568323459047,0.20879501385041552,23.0
local_ai_content,1,0,0.41759002770083103,0.5079821834991173,0.38930568323459047,0.20879501385041552,23.0
local_apiquery,1,0,0.41759002770083103,0.5079821834991173,0.38930568323459047,0.20879501385041552,23.0
quiz_certainty,1,0,0.41759002770083103,0.5079821834991173,0.38930568323459047,0.20879501385041552,23.0
mod_mooproof,1,0,0.41759002770083103,0.5079821834991173,0.38930568323459047,0.20879501385041552,23.0
aiprovider_groq,1,0,0.41759002770083103,0.5079821834991173,0.38930568323459047,0.20879501385041552,23.0
block_campaign_manager,1,0,0.41759002770083103,0.5079821834991173,0.38930568323459047,0.20879501385041552,23.0
block_wallet,1,0,0.41759002770083103,0.5079821834991173,0.38930568323459047,0.20879501385041552,23.0
report_grouptool,1,0,0.41759002770083103,0.5079821834991173,0.38930568323459047,0.20879501385041552,23.0
availability_criteria_score,0,1,0.41378116343490307,0.5073563796151318,0.3689476216182488,0.20689058171745153,22.0
mod_learnplugpodcasts,1,0,0.41378116343490307,0.5073563796151318,0.3689476216182488,0.20689058171745153,22.0
mod_gestionprojet,1,0,0.41378116343490307,0.5073563796151318,0.3689476216182488,0.20689058171745153,22.0
enrol_oneroster,0,1,0.41378116343490307,0.5073563796151318,0.3689476216182488,0.20689058171745153,22.0
tool_ltigroupautoenrol,1,0,0.41378116343490307,0.5073563796151318,0.3689476216182488,0.20689058171745153,22.0
tool_monitoring,1,0,0.41378116343490307,0.5073563796151318,0.3689476216182488,0.20689058171745153,22.0
mod_plenum,1,0,0.41378116343490307,0.5073563796151318,0.3689476216182488,0.20689058171745153,22.0
block_su_agent_moodle,1,0,0.41378116343490307,0.5073563796151318,0.3689476216182488,0.20689058171745153,22.0
local_deletecourse,1,0,0.4102319944598338,0.5067305757311464,0.3476844656021465,0.2051159972299169,21.0
customfield_multivalue,1,0,0.4102319944598338,0.5067305757311464,0.3476844656021465,0.2051159972299169,21.0
block_topactivecourses,1,0,0.4102319944598338,0.5067305757311464,0.3476844656021465,0.2051159972299169,21.0
local_cohortsync,1,0,0.4102319944598338,0.5067305757311464,0.3476844656021465,0.2051159972299169,21.0
paygw_airtelafrica,1,0,0.4102319944598338,0.5067305757311464,0.3476844656021465,0.2051159972299169,21.0
tiny_haccgen_extender,1,0,0.4102319944598338,0.5067305757311464,0.3476844656021465,0.2051159972299169,21.0
tiny_elediastyles,1,0,0.4102319944598338,0.5067305757311464,0.3476844656021465,0.2051159972299169,21.0
local_admindashboard,1,0,0.4102319944598338,0.5067305757311464,0.3476844656021465,0.2051159972299169,21.0
quizaccess_tcquiz,1,0,0.4102319944598338,0.5067305757311464,0.3476844656021465,0.2051159972299169,21.0
block_engagement,0,1,0.4102319944598338,0.5067305757311464,0.3476844656021465,0.2051159972299169,21.0
filter_sagecell,0,1,0.4102319944598338,0.5067305757311464,0.3476844656021465,0.2051159972299169,21.0
block_timetableblock,1,0,0.4102319944598338,0.5067305757311464,0.3476844656021465,0.2051159972299169,21.0
local_yetkinlik,1,0,0.40633656509695293,0.506104771847161,0.32543197676686053,0.20316828254847646,20.0
quizaccess_sebversion,1,0,0.40633656509695293,0.506104771847161,0.32543197676686053,0.20316828254847646,20.0
filter_coins,0,1,0.40633656509695293,0.506104771847161,0.32543197676686053,0.20316828254847646,20.0
local_edugears,1,0,0.40633656509695293,0.506104771847161,0.32543197676686053,0.20316828254847646,20.0
mod_moodecgrpmanagement,0,1,0.40633656509695293,0.506104771847161,0.32543197676686053,0.20316828254847646,20.0
local_zohoflow,1,0,0.40633656509695293,0.506104771847161,0.32543197676686053,0.20316828254847646,20.0
gradereport_coifish,1,0,0.40633656509695293,0.506104771847161,0.32543197676686053,0.20316828254847646,20.0
aiprovider_anthropic,1,0,0.40633656509695293,0.506104771847161,0.32543197676686053,0.20316828254847646,20.0
block_my_external_privatefiles,1,0,0.40633656509695293,0.506104771847161,0.32543197676686053,0.20316828254847646,20.0
availability_treasurehunt,1,0,0.4023545706371191,0.5054789679631755,0.3020935799792699,0.20117728531855955,19.0
local_courseprogresslite,1,0,0.4023545706371191,0.5054789679631755,0.3020935799792699,0.20117728531855955,19.0
availability_wallet,1,0,0.4023545706371191,0.5054789679631755,0.3020935799792699,0.20117728531855955,19.0
mod_courseguide,0,1,0.4023545706371191,0.5054789679631755,0.3020935799792699,0.20117728531855955,19.0
block_eledia_coursesearch,1,0,0.4023545706371191,0.5054789679631755,0.3020935799792699,0.20117728531855955,19.0
local_lumination,1,0,0.4023545706371191,0.5054789679631755,0.3020935799792699,0.20117728531855955,19.0
qtype_dictation,1,0,0.4023545706371191,0.5054789679631755,0.3020935799792699,0.20117728531855955,19.0
local_uploadnotification,0,1,0.4023545706371191,0.5054789679631755,0.3020935799792699,0.20117728531855955,19.0
local_ltiusage,1,0,0.4023545706371191,0.5054789679631755,0.3020935799792699,0.20117728531855955,19.0
atto_orphaned,0,1,0.4023545706371191,0.5054789679631755,0.3020935799792699,0.20117728531855955,19.0
block_html_placeholders,0,1,0.4023545706371191,0.5054789679631755,0.3020935799792699,0.20117728531855955,19.0
local_smart_resume,1,0,0.4023545706371191,0.5054789679631755,0.3020935799792699,0.20117728531855955,19.0
local_coursessms,1,0,0.4023545706371191,0.5054789679631755,0.3020935799792699,0.20117728531855955,19.0
local_accessibility_filescan,1,0,0.4023545706371191,0.5054789679631755,0.3020935799792699,0.20117728531855955,19.0
aiplacement_airesourceguide,1,0,0.3980263157894737,0.5048531640791901,0.27755783025721104,0.19901315789473684,18.0
block_editablecontenthtml,0,1,0.3980263157894737,0.5048531640791901,0.27755783025721104,0.19901315789473684,18.0
assignsubmission_edusharing,1,0,0.3980263157894737,0.5048531640791901,0.27755783025721104,0.19901315789473684,18.0
block_ejsapp_file_browser,0,1,0.3980263157894737,0.5048531640791901,0.27755783025721104,0.19901315789473684,18.0
block_discussion_feed,0,1,0.3980263157894737,0.5048531640791901,0.27755783025721104,0.19901315789473684,18.0
local_questions_importer_ws,1,0,0.3980263157894737,0.5048531640791901,0.27755783025721104,0.19901315789473684,18.0
paygw_mtnafrica,1,0,0.3980263157894737,0.5048531640791901,0.27755783025721104,0.19901315789473684,18.0
mod_bizexaminer,1,0,0.3980263157894737,0.5048531640791901,0.27755783025721104,0.19901315789473684,18.0
format_aicourse,1,0,0.3980263157894737,0.5048531640791901,0.27755783025721104,0.19901315789473684,18.0
tool_cohortautoroles,0,1,0.3980263157894737,0.5048531640791901,0.27755783025721104,0.19901315789473684,18.0
repository_capture,0,1,0.3980263157894737,0.5048531640791901,0.27755783025721104,0.19901315789473684,18.0
mod_learninggoalwidget,1,0,0.39352493074792244,0.5042273601952046,0.25169519411550434,0.19676246537396122,17.0
block_accessibility_filescan,1,0,0.39352493074792244,0.5042273601952046,0.25169519411550434,0.19676246537396122,17.0
block_guestcourses,1,0,0.39352493074792244,0.5042273601952046,0.25169519411550434,0.19676246537396122,17.0
local_cpf_validator,1,0,0.39352493074792244,0.5042273601952046,0.25169519411550434,0.19676246537396122,17.0
local_keepusers,1,0,0.39352493074792244,0.5042273601952046,0.25169519411550434,0.19676246537396122,17.0
availability_criteria_level,0,1,0.39352493074792244,0.5042273601952046,0.25169519411550434,0.19676246537396122,17.0
local_textplus,1,0,0.39352493074792244,0.5042273601952046,0.25169519411550434,0.19676246537396122,17.0
tiny_videolesson,1,0,0.39352493074792244,0.5042273601952046,0.25169519411550434,0.19676246537396122,17.0
mod_mmogame,1,0,0.39352493074792244,0.5042273601952046,0.25169519411550434,0.19676246537396122,17.0
availability_percentage,1,0,0.39352493074792244,0.5042273601952046,0.25169519411550434,0.19676246537396122,17.0
qformat_proforma,1,0,0.39352493074792244,0.5042273601952046,0.25169519411550434,0.19676246537396122,17.0
mod_certify,1,0,0.39352493074792244,0.5042273601952046,0.25169519411550434,0.19676246537396122,17.0
mod_videotracker,1,0,0.39352493074792244,0.5042273601952046,0.25169519411550434,0.19676246537396122,17.0
local_pluginzip,1,0,0.38850415512465375,0.5036015563112192,0.22435390997238214,0.19425207756232687,16.0
local_evalimport,1,0,0.38850415512465375,0.5036015563112192,0.22435390997238214,0.19425207756232687,16.0
availability_stripepayment,1,0,0.38850415512465375,0.5036015563112192,0.22435390997238214,0.19425207756232687,16.0
local_coursecalendar,1,0,0.38850415512465375,0.5036015563112192,0.22435390997238214,0.19425207756232687,16.0
paygw_alipay,0,1,0.38850415512465375,0.5036015563112192,0.22435390997238214,0.19425207756232687,16.0
tiny_iorad,0,1,0.38850415512465375,0.5036015563112192,0.22435390997238214,0.19425207756232687,16.0
mod_srg,1,0,0.38850415512465375,0.5036015563112192,0.22435390997238214,0.19425207756232687,16.0
local_aihub,1,0,0.38850415512465375,0.5036015563112192,0.22435390997238214,0.19425207756232687,16.0
qformat_gift_answersselect,1,0,0.38850415512465375,0.5036015563112192,0.22435390997238214,0.19425207756232687,16.0
format_gps,0,1,0.38850415512465375,0.5036015563112192,0.22435390997238214,0.19425207756232687,16.0
local_welcome_modal,1,0,0.38850415512465375,0.5036015563112192,0.22435390997238214,0.19425207756232687,16.0
booktool_epubimport,1,0,0.38850415512465375,0.5036015563112192,0.22435390997238214,0.19425207756232687,16.0
filter_gitquotes,1,0,0.38850415512465375,0.5036015563112192,0.22435390997238214,0.19425207756232687,16.0
tool_sync,0,1,0.38850415512465375,0.5036015563112192,0.22435390997238214,0.19425207756232687,16.0
quizaccess_videocapture,1,0,0.38850415512465375,0.5036015563112192,0.22435390997238214,0.19425207756232687,16.0
report_moodleanalyst,0,1,0.38850415512465375,0.5036015563112192,0.22435390997238214,0.19425207756232687,16.0
block_glossarysearch,1,0,0.38850415512465375,0.5036015563112192,0.22435390997238214,0.19425207756232687,16.0
mod_hlsplayer,1,0,0.3828774238227147,0.5029757524272338,0.1953545921152795,0.19143871191135736,15.0
mod_contentcreator,1,0,0.3828774238227147,0.5029757524272338,0.1953545921152795,0.19143871191135736,15.0
repository_videofront,0,1,0.3828774238227147,0.5029757524272338,0.1953545921152795,0.19143871191135736,15.0
mod_aiknowledgecheck,1,0,0.3828774238227147,0.5029757524272338,0.1953545921152795,0.19143871191135736,15.0
customcertelement_assignfeedbackcomments,1,0,0.3828774238227147,0.5029757524272338,0.1953545921152795,0.19143871191135736,15.0
block_helpmenow,0,1,0.3828774238227147,0.5029757524272338,0.1953545921152795,0.19143871191135736,15.0
local_certimagegen,1,0,0.3828774238227147,0.5029757524272338,0.1953545921152795,0.19143871191135736,15.0
enrol_iyzicopayment,0,1,0.3828774238227147,0.5029757524272338,0.1953545921152795,0.19143871191135736,15.0
block_workloadradar,1,0,0.3828774238227147,0.5029757524272338,0.1953545921152795,0.19143871191135736,15.0
local_devtools,1,0,0.3828774238227147,0.5029757524272338,0.1953545921152795,0.19143871191135736,15.0
aiprovider_schooleesopenrouter,1,0,0.3828774238227147,0.5029757524272338,0.1953545921152795,0.19143871191135736,15.0
mod_swiftquiz,0,1,0.3828774238227147,0.5029757524272338,0.1953545921152795,0.19143871191135736,15.0
block_quiz_attempts_list,0,1,0.3828774238227147,0.5029757524272338,0.1953545921152795,0.19143871191135736,15.0
block_via_permanent,0,1,0.3828774238227147,0.5029757524272338,0.1953545921152795,0.19143871191135736,15.0
mod_moodlenet,0,1,0.3828774238227147,0.5029757524272338,0.1953545921152795,0.19143871191135736,15.0
mod_advurl,1,0,0.3828774238227147,0.5029757524272338,0.1953545921152795,0.19143871191135736,15.0
aiprovider_mistral,1,0,0.3828774238227147,0.5029757524272338,0.1953545921152795,0.19143871191135736,15.0
local_quizessaygrader,1,0,0.3828774238227147,0.5029757524272338,0.1953545921152795,0.19143871191135736,15.0
block_via,0,1,0.3828774238227147,0.5029757524272338,0.1953545921152795,0.19143871191135736,15.0
mod_crossduel,1,0,0.37777008310249305,0.5023499485432483,0.16448309086018398,0.18888504155124652,14.0
mod_fenomiostream,1,0,0.37777008310249305,0.5023499485432483,0.16448309086018398,0.18888504155124652,14.0
qformat_answersselect,1,0,0.37777008310249305,0.5023499485432483,0.16448309086018398,0.18888504155124652,14.0
block_quickscan,0,1,0.37777008310249305,0.5023499485432483,0.16448309086018398,0.18888504155124652,14.0
filter_fenomiostream,1,0,0.37777008310249305,0.5023499485432483,0.16448309086018398,0.18888504155124652,14.0
mod_aiactivities,1,0,0.37777008310249305,0.5023499485432483,0.16448309086018398,0.18888504155124652,14.0
paygw_authorizedotnet,1,0,0.37777008310249305,0.5023499485432483,0.16448309086018398,0.18888504155124652,14.0
local_hiderestrictions,1,0,0.37777008310249305,0.5023499485432483,0.16448309086018398,0.18888504155124652,14.0
block_student_info,1,0,0.37777008310249305,0.5023499485432483,0.16448309086018398,0.18888504155124652,14.0
block_recommend_course,1,0,0.37777008310249305,0.5023499485432483,0.16448309086018398,0.18888504155124652,14.0
local_virtuallab,1,0,0.37777008310249305,0.5023499485432483,0.16448309086018398,0.18888504155124652,14.0
certificateelement_activity,1,0,0.37777008310249305,0.5023499485432483,0.16448309086018398,0.18888504155124652,14.0
quiz_outline,1,0,0.3729224376731302,0.501724144659263,0.13148088564754978,0.1864612188365651,13.0
qtype_regexmatch,1,0,0.3729224376731302,0.501724144659263,0.13148088564754978,0.1864612188365651,13.0
local_literag,1,0,0.3729224376731302,0.501724144659263,0.13148088564754978,0.1864612188365651,13.0
block_booksearch,1,0,0.3729224376731302,0.501724144659263,0.13148088564754978,0.1864612188365651,13.0
tiny_persistentresize,1,0,0.3729224376731302,0.501724144659263,0.13148088564754978,0.1864612188365651,13.0
local_quizstatsort,1,0,0.3729224376731302,0.501724144659263,0.13148088564754978,0.1864612188365651,13.0
tool_newyeardates,1,0,0.3729224376731302,0.501724144659263,0.13148088564754978,0.1864612188365651,13.0
local_imageplus,1,0,0.3729224376731302,0.501724144659263,0.13148088564754978,0.1864612188365651,13.0
block_group_members,0,1,0.3729224376731302,0.501724144659263,0.13148088564754978,0.1864612188365651,13.0
block_course_descendants,0,1,0.3729224376731302,0.501724144659263,0.13148088564754978,0.1864612188365651,13.0
tool_redirectplus,1,0,0.3729224376731302,0.501724144659263,0.13148088564754978,0.1864612188365651,13.0
local_oksigeniaaccess,1,0,0.3729224376731302,0.501724144659263,0.13148088564754978,0.1864612188365651,13.0
theme_srce_access,0,1,0.3729224376731302,0.501724144659263,0.13148088564754978,0.1864612188365651,13.0
local_coursefilters,1,0,0.3729224376731302,0.501724144659263,0.13148088564754978,0.1864612188365651,13.0
block_profileselectorhtml,0,1,0.3729224376731302,0.501724144659263,0.13148088564754978,0.1864612188365651,13.0
profilefield_orcid,0,1,0.3729224376731302,0.501724144659263,0.13148088564754978,0.1864612188365651,13.0
local_graidy,1,0,0.3729224376731302,0.501724144659263,0.13148088564754978,0.1864612188365651,13.0
local_compatability_test,0,1,0.3729224376731302,0.501724144659263,0.13148088564754978,0.1864612188365651,13.0
mod_flippage,1,0,0.36660318559556787,0.5010983407752775,0.09603191168548042,0.18330159279778394,12.0
tool_lala,1,0,0.36660318559556787,0.5010983407752775,0.09603191168548042,0.18330159279778394,12.0
filter_stream,1,0,0.36660318559556787,0.5010983407752775,0.09603191168548042,0.18330159279778394,12.0
local_campaign,0,1,0.36660318559556787,0.5010983407752775,0.09603191168548042,0.18330159279778394,12.0
local_technicalsignals,0,1,0.36660318559556787,0.5010983407752775,0.09603191168548042,0.18330159279778394,12.0
block_bookchapter_pdf,1,0,0.36660318559556787,0.5010983407752775,0.09603191168548042,0.18330159279778394,12.0
mod_sharedurl,0,1,0.36660318559556787,0.5010983407752775,0.09603191168548042,0.18330159279778394,12.0
local_tagmap,1,0,0.36660318559556787,0.5010983407752775,0.09603191168548042,0.18330159279778394,12.0
local_shared_files,1,0,0.36660318559556787,0.5010983407752775,0.09603191168548042,0.18330159279778394,12.0
local_navigatr,1,0,0.36660318559556787,0.5010983407752775,0.09603191168548042,0.18330159279778394,12.0
local_invoice,1,0,0.36660318559556787,0.5010983407752775,0.09603191168548042,0.18330159279778394,12.0
mod_coursemail,1,0,0.36660318559556787,0.5010983407752775,0.09603191168548042,0.18330159279778394,12.0
mod_vinapse,1,0,0.36660318559556787,0.5010983407752775,0.09603191168548042,0.18330159279778394,12.0
tiny_fenomiostream,1,0,0.36660318559556787,0.5010983407752775,0.09603191168548042,0.18330159279778394,12.0
local_mrca,1,0,0.36660318559556787,0.5010983407752775,0.09603191168548042,0.18330159279778394,12.0
format_psg,0,1,0.36660318559556787,0.5010983407752775,0.09603191168548042,0.18330159279778394,12.0
local_enddateaccess,1,0,0.36660318559556787,0.5010983407752775,0.09603191168548042,0.18330159279778394,12.0
mod_gradelist,1,0,0.36660318559556787,0.5010983407752775,0.09603191168548042,0.18330159279778394,12.0
tiny_aic,1,0,0.36660318559556787,0.5010983407752775,0.09603191168548042,0.18330159279778394,12.0
local_lockgrades,1,0,0.36660318559556787,0.5010983407752775,0.09603191168548042,0.18330159279778394,12.0
webservice_elediamcp,1,0,0.36660318559556787,0.5010983407752775,0.09603191168548042,0.18330159279778394,12.0
local_ragingest,1,0,0.36660318559556787,0.5010983407752775,0.09603191168548042,0.18330159279778394,12.0
tool_uploadusersplus,1,0,0.36660318559556787,0.5010983407752775,0.09603191168548042,0.18330159279778394,12.0
mod_ejsappbooking,0,1,0.36660318559556787,0.5010983407752775,0.09603191168548042,0.18330159279778394,12.0
tool_sitedates,1,0,0.36660318559556787,0.5010983407752775,0.09603191168548042,0.18330159279778394,12.0
profilefield_url,1,0,0.35924515235457066,0.500472536891292,0.05774410299619359,0.17962257617728533,11.0
local_textinsights,1,0,0.35924515235457066,0.500472536891292,0.05774410299619359,0.17962257617728533,11.0
tool_blocksmanager,0,1,0.35924515235457066,0.500472536891292,0.05774410299619359,0.17962257617728533,11.0
local_coifish,1,0,0.35924515235457066,0.500472536891292,0.05774410299619359,0.17962257617728533,11.0
mod_classjournal,1,0,0.35924515235457066,0.500472536891292,0.05774410299619359,0.17962257617728533,11.0
local_speedgrouping,1,0,0.35924515235457066,0.500472536891292,0.05774410299619359,0.17962257617728533,11.0
customfield_radio,1,0,0.35924515235457066,0.500472536891292,0.05774410299619359,0.17962257617728533,11.0
block_atrisk,1,0,0.35924515235457066,0.500472536891292,0.05774410299619359,0.17962257617728533,11.0
local_parentassign,1,0,0.35924515235457066,0.500472536891292,0.05774410299619359,0.17962257617728533,11.0
mod_collabmatch,1,0,0.35924515235457066,0.500472536891292,0.05774410299619359,0.17962257617728533,11.0
local_certaintysettings,1,0,0.35924515235457066,0.500472536891292,0.05774410299619359,0.17962257617728533,11.0
report_tuteur,0,1,0.35924515235457066,0.500472536891292,0.05774410299619359,0.17962257617728533,11.0
paygw_zarinpal,1,0,0.35924515235457066,0.500472536891292,0.05774410299619359,0.17962257617728533,11.0
local_behavioranalytics,1,0,0.35924515235457066,0.500472536891292,0.05774410299619359,0.17962257617728533,11.0
block_eledia_aitutor,1,0,0.35924515235457066,0.500472536891292,0.05774410299619359,0.17962257617728533,11.0
local_aicheck,1,0,0.35924515235457066,0.500472536891292,0.05774410299619359,0.17962257617728533,11.0
local_simple_course_creator,1,0,0.35924515235457066,0.500472536891292,0.05774410299619359,0.17962257617728533,11.0
enrol_ldapuserrel,0,1,0.35924515235457066,0.500472536891292,0.05774410299619359,0.17962257617728533,11.0
block_clearmessages,1,0,0.35924515235457066,0.500472536891292,0.05774410299619359,0.17962257617728533,11.0
local_queuedbulkmessage,1,0,0.35924515235457066,0.500472536891292,0.05774410299619359,0.17962257617728533,11.0
quizaccess_autoproctor,1,0,0.35924515235457066,0.500472536891292,0.05774410299619359,0.17962257617728533,11.0
block_groupspecifichtml,0,1,0.35924515235457066,0.500472536891292,0.05774410299619359,0.17962257617728533,11.0
local_advancedcookiemanager,1,0,0.3526662049861496,0.49984673300730664,0.016122885363749617,0.1763331024930748,10.0
mod_insightjournal,1,0,0.3526662049861496,0.49984673300730664,0.016122885363749617,0.1763331024930748,10.0
tiny_imageia,1,0,0.3526662049861496,0.49984673300730664,0.016122885363749617,0.1763331024930748,10.0
tool_proper,1,0,0.3526662049861496,0.49984673300730664,0.016122885363749617,0.1763331024930748,10.0
local_courseflowtool,1,0,0.3526662049861496,0.49984673300730664,0.016122885363749617,0.1763331024930748,10.0
filter_wikipediacalls,0,1,0.3526662049861496,0.49984673300730664,0.016122885363749617,0.1763331024930748,10.0
local_trustgrade,1,0,0.3526662049861496,0.49984673300730664,0.016122885363749617,0.1763331024930748,10.0
paygw_wechat,0,1,0.3526662049861496,0.49984673300730664,0.016122885363749617,0.1763331024930748,10.0
paygw_ifthenpay,1,0,0.3526662049861496,0.49984673300730664,0.016122885363749617,0.1763331024930748,10.0
block_dixeo_coursegen,1,0,0.3526662049861496,0.49984673300730664,0.016122885363749617,0.1763331024930748,10.0
local_tier,1,0,0.3526662049861496,0.49984673300730664,0.016122885363749617,0.1763331024930748,10.0
report_unlocker,1,0,0.3526662049861496,0.49984673300730664,0.016122885363749617,0.1763331024930748,10.0
mod_ardora,1,0,0.3526662049861496,0.49984673300730664,0.016122885363749617,0.1763331024930748,10.0
block_page_tracker,0,1,0.3526662049861496,0.49984673300730664,0.016122885363749617,0.1763331024930748,10.0
mod_virtualclass,0,1,0.3526662049861496,0.49984673300730664,0.016122885363749617,0.1763331024930748,10.0
local_assignmentnotice,1,0,0.3526662049861496,0.49984673300730664,0.016122885363749617,0.1763331024930748,10.0
mod_bacs,1,0,0.3526662049861496,0.49984673300730664,0.016122885363749617,0.1763331024930748,10.0
local_admincockpit,1,0,0.3526662049861496,0.49984673300730664,0.016122885363749617,0.1763331024930748,10.0
report_zabbix,1,0,0.3463469529085873,0.49922092912332117,-0.02946800025912677,0.17317347645429365,9.0
availability_groupname,1,0,0.3463469529085873,0.49922092912332117,-0.02946800025912677,0.17317347645429365,9.0
mod_streak,1,0,0.3463469529085873,0.49922092912332117,-0.02946800025912677,0.17317347645429365,9.0
local_whatsapphelper,1,0,0.3463469529085873,0.49922092912332117,-0.02946800025912677,0.17317347645429365,9.0
tiny_ketcher,1,0,0.3463469529085873,0.49922092912332117,-0.02946800025912677,0.17317347645429365,9.0
tool_coursesummary,0,1,0.3463469529085873,0.49922092912332117,-0.02946800025912677,0.17317347645429365,9.0
tiny_footnotes,1,0,0.3463469529085873,0.49922092912332117,-0.02946800025912677,0.17317347645429365,9.0
paygw_fawry,1,0,0.3463469529085873,0.49922092912332117,-0.02946800025912677,0.17317347645429365,9.0
qtype_regexmatchcloze,1,0,0.3463469529085873,0.49922092912332117,-0.02946800025912677,0.17317347645429365,9.0
mod_pptgen,1,0,0.3463469529085873,0.49922092912332117,-0.02946800025912677,0.17317347645429365,9.0
filter_dbconcept,1,0,0.3463469529085873,0.49922092912332117,-0.02946800025912677,0.17317347645429365,9.0
mod_languagelab,0,1,0.3463469529085873,0.49922092912332117,-0.02946800025912677,0.17317347645429365,9.0
block_course_ascendants,0,1,0.3463469529085873,0.49922092912332117,-0.02946800025912677,0.17317347645429365,9.0
tinymce_planetestream,1,0,0.3463469529085873,0.49922092912332117,-0.02946800025912677,0.17317347645429365,9.0
local_extendmanualenrol,1,0,0.3463469529085873,0.49922092912332117,-0.02946800025912677,0.17317347645429365,9.0
local_aplcore,1,0,0.3389023545706371,0.4985951252393357,-0.07986638612289232,0.16945117728531855,8.0
paygw_cryptocloud,1,0,0.3389023545706371,0.4985951252393357,-0.07986638612289232,0.16945117728531855,8.0
local_grader_notifier,1,0,0.3389023545706371,0.4985951252393357,-0.07986638612289232,0.16945117728531855,8.0
message_pageone,0,1,0.3389023545706371,0.4985951252393357,-0.07986638612289232,0.16945117728531855,8.0
block_workload,1,0,0.3389023545706371,0.4985951252393357,-0.07986638612289232,0.16945117728531855,8.0
tool_policy,0,1,0.3389023545706371,0.4985951252393357,-0.07986638612289232,0.16945117728531855,8.0
mod_kalmediaassign,1,0,0.3389023545706371,0.4985951252393357,-0.07986638612289232,0.16945117728531855,8.0
block_ejsapp_collab_session,0,1,0.3389023545706371,0.4985951252393357,-0.07986638612289232,0.16945117728531855,8.0
mod_forumqta,0,1,0.3389023545706371,0.4985951252393357,-0.07986638612289232,0.16945117728531855,8.0
filter_bsmigrate,1,0,0.3389023545706371,0.4985951252393357,-0.07986638612289232,0.16945117728531855,8.0
ltisource_playquiznow,1,0,0.3389023545706371,0.4985951252393357,-0.07986638612289232,0.16945117728531855,8.0
assignsubmission_changes,0,1,0.3389023545706371,0.4985951252393357,-0.07986638612289232,0.16945117728531855,8.0
report_edumetrics,1,0,0.3389023545706371,0.4985951252393357,-0.07986638612289232,0.16945117728531855,8.0
local_mycoursesfilter,1,0,0.3389023545706371,0.4985951252393357,-0.07986638612289232,0.16945117728531855,8.0
tool_upmon,1,0,0.3389023545706371,0.4985951252393357,-0.07986638612289232,0.16945117728531855,8.0
local_globalembed,1,0,0.3389023545706371,0.4985951252393357,-0.07986638612289232,0.16945117728531855,8.0
local_bulk_roles_importer,1,0,0.3389023545706371,0.4985951252393357,-0.07986638612289232,0.16945117728531855,8.0
quizaccess_edusynch,1,0,0.3389023545706371,0.4985951252393357,-0.07986638612289232,0.16945117728531855,8.0
filter_lti,1,0,0.3389023545706371,0.4985951252393357,-0.07986638612289232,0.16945117728531855,8.0
local_feedbackchoicegenerator,1,0,0.33093836565096957,0.4979693213553503,-0.13620698812311738,0.16546918282548478,7.0
mod_teamviewerclassroom,0,1,0.33093836565096957,0.4979693213553503,-0.13620698812311738,0.16546918282548478,7.0
tool_dataprivacy,0,1,0.33093836565096957,0.4979693213553503,-0.13620698812311738,0.16546918282548478,7.0
block_programcurriculum,1,0,0.33093836565096957,0.4979693213553503,-0.13620698812311738,0.16546918282548478,7.0
atto_fenomiostream,1,0,0.33093836565096957,0.4979693213553503,-0.13620698812311738,0.16546918282548478,7.0
quizaccess_profilefields,1,0,0.33093836565096957,0.4979693213553503,-0.13620698812311738,0.16546918282548478,7.0
local_savian_ai,1,0,0.33093836565096957,0.4979693213553503,-0.13620698812311738,0.16546918282548478,7.0
mod_webex,0,1,0.33093836565096957,0.4979693213553503,-0.13620698812311738,0.16546918282548478,7.0
block_pin_user,1,0,0.33093836565096957,0.4979693213553503,-0.13620698812311738,0.16546918282548478,7.0
block_lord,0,1,0.33093836565096957,0.4979693213553503,-0.13620698812311738,0.16546918282548478,7.0
local_virus_scanner,1,0,0.33093836565096957,0.4979693213553503,-0.13620698812311738,0.16546918282548478,7.0
atto_aceinlineassistant,1,0,0.33093836565096957,0.4979693213553503,-0.13620698812311738,0.16546918282548478,7.0
tiny_courselink,1,0,0.33093836565096957,0.4979693213553503,-0.13620698812311738,0.16546918282548478,7.0
theme_acmebanana,1,0,0.33093836565096957,0.4979693213553503,-0.13620698812311738,0.16546918282548478,7.0
quizaccess_termsconditions,1,0,0.33093836565096957,0.4979693213553503,-0.13620698812311738,0.16546918282548478,7.0
local_certifygencompanion,1,0,0.33093836565096957,0.4979693213553503,-0.13620698812311738,0.16546918282548478,7.0
local_examnotice,1,0,0.32193559556786705,0.49734351747136485,-0.20008069459084732,0.16096779778393353,6.0
auth_shibboleth_link,0,1,0.32193559556786705,0.49734351747136485,-0.20008069459084732,0.16096779778393353,6.0
block_coursectrldates,1,0,0.32193559556786705,0.49734351747136485,-0.20008069459084732,0.16096779778393353,6.0
local_userdatasync,1,0,0.32193559556786705,0.49734351747136485,-0.20008069459084732,0.16096779778393353,6.0
mod_coursestudio,1,0,0.32193559556786705,0.49734351747136485,-0.20008069459084732,0.16096779778393353,6.0
local_blocktooltips,1,0,0.32193559556786705,0.49734351747136485,-0.20008069459084732,0.16096779778393353,6.0
local_cohortsignup,1,0,0.32193559556786705,0.49734351747136485,-0.20008069459084732,0.16096779778393353,6.0
report_twgraph_lite,1,0,0.32193559556786705,0.49734351747136485,-0.20008069459084732,0.16096779778393353,6.0
local_sqlquerybuilder,1,0,0.32193559556786705,0.49734351747136485,-0.20008069459084732,0.16096779778393353,6.0
local_qbankremotemanager,1,0,0.32193559556786705,0.49734351747136485,-0.20008069459084732,0.16096779778393353,6.0
local_boostcoc,0,1,0.32193559556786705,0.49734351747136485,-0.20008069459084732,0.16096779778393353,6.0
local_pmlog,1,0,0.32193559556786705,0.49734351747136485,-0.20008069459084732,0.16096779778393353,6.0
local_ascend_rewards,1,0,0.32193559556786705,0.49734351747136485,-0.20008069459084732,0.16096779778393353,6.0
tool_csvtocourse,1,0,0.32193559556786705,0.49734351747136485,-0.20008069459084732,0.16096779778393353,6.0
local_roletheme,1,0,0.32193559556786705,0.49734351747136485,-0.20008069459084732,0.16096779778393353,6.0
availability_message,1,0,0.32193559556786705,0.49734351747136485,-0.20008069459084732,0.16096779778393353,6.0
filter_couponinput,1,0,0.32193559556786705,0.49734351747136485,-0.20008069459084732,0.16096779778393353,6.0
atto_yukaltura,1,0,0.32193559556786705,0.49734351747136485,-0.20008069459084732,0.16096779778393353,6.0
local_autotag,1,0,0.32193559556786705,0.49734351747136485,-0.20008069459084732,0.16096779778393353,6.0
tiny_studietube,1,0,0.32193559556786705,0.49734351747136485,-0.20008069459084732,0.16096779778393353,6.0
tool_powerusers,1,0,0.32193559556786705,0.49734351747136485,-0.20008069459084732,0.16096779778393353,6.0
local_teachermatic,1,0,0.32193559556786705,0.49734351747136485,-0.20008069459084732,0.16096779778393353,6.0
tool_cohortheader,0,1,0.32193559556786705,0.49734351747136485,-0.20008069459084732,0.16096779778393353,6.0
local_moderncommerce,1,0,0.32193559556786705,0.49734351747136485,-0.20008069459084732,0.16096779778393353,6.0
local_smartsearch,1,0,0.32193559556786705,0.49734351747136485,-0.20008069459084732,0.16096779778393353,6.0
local_cohortmembership,1,0,0.32193559556786705,0.49734351747136485,-0.20008069459084732,0.16096779778393353,6.0
local_wikicreator,1,0,0.32193559556786705,0.49734351747136485,-0.20008069459084732,0.16096779778393353,6.0
mod_chimpaigo,1,0,0.32193559556786705,0.49734351747136485,-0.20008069459084732,0.16096779778393353,6.0
block_courseexpiry,0,1,0.32193559556786705,0.49734351747136485,-0.20008069459084732,0.16096779778393353,6.0
local_townsquaresupport,1,0,0.32193559556786705,0.49734351747136485,-0.20008069459084732,0.16096779778393353,6.0
local_timemachine,1,0,0.32193559556786705,0.49734351747136485,-0.20008069459084732,0.16096779778393353,6.0
local_quizidnumber,1,0,0.32193559556786705,0.49734351747136485,-0.20008069459084732,0.16096779778393353,6.0
assignment_team,0,1,0.31301939058171746,0.4967177135873794,-0.2738174772422033,0.15650969529085873,5.0
mod_pagemenu,0,1,0.31301939058171746,0.4967177135873794,-0.2738174772422033,0.15650969529085873,5.0
paygw_payanyway,1,0,0.31301939058171746,0.4967177135873794,-0.2738174772422033,0.15650969529085873,5.0
filter_resumebutton,1,0,0.31301939058171746,0.4967177135873794,-0.2738174772422033,0.15650969529085873,5.0
quizaccess_cdexamsave,1,0,0.31301939058171746,0.4967177135873794,-0.2738174772422033,0.15650969529085873,5.0
aiprovider_yandexai,1,0,0.31301939058171746,0.4967177135873794,-0.2738174772422033,0.15650969529085873,5.0
mod_dmelearn,0,1,0.31301939058171746,0.4967177135873794,-0.2738174772422033,0.15650969529085873,5.0
tool_coursesearch,0,1,0.31301939058171746,0.4967177135873794,-0.2738174772422033,0.15650969529085873,5.0
block_auditquiz_results,1,0,0.31301939058171746,0.4967177135873794,-0.2738174772422033,0.15650969529085873,5.0
local_comp_report_ext,1,0,0.31301939058171746,0.4967177135873794,-0.2738174772422033,0.15650969529085873,5.0
local_moodlia,1,0,0.31301939058171746,0.4967177135873794,-0.2738174772422033,0.15650969529085873,5.0
assignsubmission_submarker,0,1,0.31301939058171746,0.4967177135873794,-0.2738174772422033,0.15650969529085873,5.0
mod_livewebinar,1,0,0.31301939058171746,0.4967177135873794,-0.2738174772422033,0.15650969529085873,5.0
tool_mergefiles,0,1,0.31301939058171746,0.4967177135873794,-0.2738174772422033,0.15650969529085873,5.0
mod_aspirelist,0,1,0.31301939058171746,0.4967177135873794,-0.2738174772422033,0.15650969529085873,5.0
block_private_shares,1,0,0.31301939058171746,0.4967177135873794,-0.2738174772422033,0.15650969529085873,5.0
local_ezxlate,1,0,0.3032375346260388,0.496091909703394,-0.3610295804975241,0.1516187673130194,4.0
block_forum_groups,0,1,0.3032375346260388,0.496091909703394,-0.3610295804975241,0.1516187673130194,4.0
block_ace_quests,1,0,0.3032375346260388,0.496091909703394,-0.3610295804975241,0.1516187673130194,4.0
local_contactme,1,0,0.3032375346260388,0.496091909703394,-0.3610295804975241,0.1516187673130194,4.0
repository_mediasite,1,0,0.3032375346260388,0.496091909703394,-0.3610295804975241,0.1516187673130194,4.0
block_aceengine,1,0,0.3032375346260388,0.496091909703394,-0.3610295804975241,0.1516187673130194,4.0
block_rocketchat,1,0,0.3032375346260388,0.496091909703394,-0.3610295804975241,0.1516187673130194,4.0
media_mediasite,1,0,0.3032375346260388,0.496091909703394,-0.3610295804975241,0.1516187673130194,4.0
local_timeshift,1,0,0.3032375346260388,0.496091909703394,-0.3610295804975241,0.1516187673130194,4.0
paygw_paynl,0,1,0.3032375346260388,0.496091909703394,-0.3610295804975241,0.1516187673130194,4.0
block_openaiagent,1,0,0.3032375346260388,0.496091909703394,-0.3610295804975241,0.1516187673130194,4.0
block_admin_email,0,1,0.3032375346260388,0.496091909703394,-0.3610295804975241,0.1516187673130194,4.0
local_fastcomments,1,0,0.3032375346260388,0.496091909703394,-0.3610295804975241,0.1516187673130194,4.0
local_metacleaner,1,0,0.3032375346260388,0.496091909703394,-0.3610295804975241,0.1516187673130194,4.0
local_dteachwhiteboard,1,0,0.3032375346260388,0.496091909703394,-0.3610295804975241,0.1516187673130194,4.0
local_tresipuntsepelite,1,0,0.3032375346260388,0.496091909703394,-0.3610295804975241,0.1516187673130194,4.0
mod_isardvdi,0,1,0.3032375346260388,0.496091909703394,-0.3610295804975241,0.1516187673130194,4.0
local_eflow_aitutor,1,0,0.3032375346260388,0.496091909703394,-0.3610295804975241,0.1516187673130194,4.0
local_newsticker,1,0,0.3032375346260388,0.496091909703394,-0.3610295804975241,0.1516187673130194,4.0
local_zsk_ai_generated,1,0,0.3032375346260388,0.496091909703394,-0.3610295804975241,0.1516187673130194,4.0
local_activitytracker,1,0,0.3032375346260388,0.496091909703394,-0.3610295804975241,0.1516187673130194,4.0
local_su_statboard_api,1,0,0.3032375346260388,0.496091909703394,-0.3610295804975241,0.1516187673130194,4.0
block_comp_report_ext,1,0,0.3032375346260388,0.496091909703394,-0.3610295804975241,0.1516187673130194,4.0
local_evalfp,1,0,0.3032375346260388,0.496091909703394,-0.3610295804975241,0.1516187673130194,4.0
block_socialbookmark,0,1,0.3032375346260388,0.496091909703394,-0.3610295804975241,0.1516187673130194,4.0
mod_selfprofile,1,0,0.3032375346260388,0.496091909703394,-0.3610295804975241,0.1516187673130194,4.0
enrol_dps,0,1,0.3032375346260388,0.496091909703394,-0.3610295804975241,0.1516187673130194,4.0
local_certhistory,1,0,0.3032375346260388,0.496091909703394,-0.3610295804975241,0.1516187673130194,4.0
auth_wallet,1,0,0.3032375346260388,0.496091909703394,-0.3610295804975241,0.1516187673130194,4.0
datafield_gradeentry,1,0,0.3032375346260388,0.496091909703394,-0.3610295804975241,0.1516187673130194,4.0
block_prerequisitemap,1,0,0.3032375346260388,0.496091909703394,-0.3610295804975241,0.1516187673130194,4.0
local_aireader,1,0,0.3032375346260388,0.496091909703394,-0.3610295804975241,0.1516187673130194,4.0
mod_teletask,0,1,0.3032375346260388,0.496091909703394,-0.3610295804975241,0.1516187673130194,4.0
enrol_educheckout,1,0,0.2912915512465374,0.49546610581940853,-0.4677685683615145,0.1456457756232687,3.0
local_eledia_webservicesuite,0,1,0.2912915512465374,0.49546610581940853,-0.4677685683615145,0.1456457756232687,3.0
paygw_cashfree,1,0,0.2912915512465374,0.49546610581940853,-0.4677685683615145,0.1456457756232687,3.0
mod_trackedvideo,1,0,0.2912915512465374,0.49546610581940853,-0.4677685683615145,0.1456457756232687,3.0
local_educheckout,1,0,0.2912915512465374,0.49546610581940853,-0.4677685683615145,0.1456457756232687,3.0
report_nice,1,0,0.2912915512465374,0.49546610581940853,-0.4677685683615145,0.1456457756232687,3.0
local_realtime_tracker,1,0,0.2912915512465374,0.49546610581940853,-0.4677685683615145,0.1456457756232687,3.0
mod_modernflipbook,1,0,0.2912915512465374,0.49546610581940853,-0.4677685683615145,0.1456457756232687,3.0
tool_installfromgithub,1,0,0.2912915512465374,0.49546610581940853,-0.4677685683615145,0.1456457756232687,3.0
block_modernlearnerdashboard,1,0,0.2912915512465374,0.49546610581940853,-0.4677685683615145,0.1456457756232687,3.0
local_moderncoursereminder,1,0,0.2912915512465374,0.49546610581940853,-0.4677685683615145,0.1456457756232687,3.0
report_learningtime,1,0,0.2912915512465374,0.49546610581940853,-0.4677685683615145,0.1456457756232687,3.0
mod_methodos,1,0,0.2912915512465374,0.49546610581940853,-0.4677685683615145,0.1456457756232687,3.0
local_courseinsights,1,0,0.2912915512465374,0.49546610581940853,-0.4677685683615145,0.1456457756232687,3.0
tool_onedrive_manager,1,0,0.2912915512465374,0.49546610581940853,-0.4677685683615145,0.1456457756232687,3.0
local_golden,1,0,0.2912915512465374,0.49546610581940853,-0.4677685683615145,0.1456457756232687,3.0
local_inactivitynotifier,1,0,0.2912915512465374,0.49546610581940853,-0.4677685683615145,0.1456457756232687,3.0
aiprovider_jokes,1,0,0.2912915512465374,0.49546610581940853,-0.4677685683615145,0.1456457756232687,3.0
local_loop,1,0,0.2912915512465374,0.49546610581940853,-0.4677685683615145,0.1456457756232687,3.0
local_beacon,1,0,0.2912915512465374,0.49546610581940853,-0.4677685683615145,0.1456457756232687,3.0
tool_serverterminal,1,0,0.2912915512465374,0.49546610581940853,-0.4677685683615145,0.1456457756232687,3.0
block_course_overview_lite,0,1,0.2912915512465374,0.49546610581940853,-0.4677685683615145,0.1456457756232687,3.0
local_extracredit,1,0,0.2912915512465374,0.49546610581940853,-0.4677685683615145,0.1456457756232687,3.0
local_h5pchapter,1,0,0.2912915512465374,0.49546610581940853,-0.4677685683615145,0.1456457756232687,3.0
local_sticky2navigation,1,0,0.2912915512465374,0.49546610581940853,-0.4677685683615145,0.1456457756232687,3.0
local_remotesupport,1,0,0.2912915512465374,0.49546610581940853,-0.4677685683615145,0.1456457756232687,3.0
filter_headingtoc,1,0,0.2912915512465374,0.49546610581940853,-0.4677685683615145,0.1456457756232687,3.0
block_moodpulse,1,0,0.2912915512465374,0.49546610581940853,-0.4677685683615145,0.1456457756232687,3.0
quizaccess_useripmapping,0,1,0.2912915512465374,0.49546610581940853,-0.4677685683615145,0.1456457756232687,3.0
mod_groupoverview,0,1,0.2912915512465374,0.49546610581940853,-0.4677685683615145,0.1456457756232687,3.0
tiny_embedmediasite,1,0,0.2912915512465374,0.49546610581940853,-0.4677685683615145,0.1456457756232687,3.0
local_pluginreplace,1,0,0.2912915512465374,0.49546610581940853,-0.4677685683615145,0.1456457756232687,3.0
local_integrationhub,1,0,0.2912915512465374,0.49546610581940853,-0.4677685683615145,0.1456457756232687,3.0
local_coursecountdown,1,0,0.2912915512465374,0.49546610581940853,-0.4677685683615145,0.1456457756232687,3.0
tool_automate,1,0,0.2912915512465374,0.49546610581940853,-0.4677685683615145,0.1456457756232687,3.0
block_notifplus,1,0,0.2912915512465374,0.49546610581940853,-0.4677685683615145,0.1456457756232687,3.0
local_grpcalendarimport,1,0,0.2912915512465374,0.49546610581940853,-0.4677685683615145,0.1456457756232687,3.0
local_elediaai_tutor_premium,1,0,0.27674861495844877,0.49484030193542305,-0.6053790574806004,0.13837430747922438,2.0
local_wproofreader,1,0,0.27674861495844877,0.49484030193542305,-0.6053790574806004,0.13837430747922438,2.0
quizaccess_failgrade_ext,1,0,0.27674861495844877,0.49484030193542305,-0.6053790574806004,0.13837430747922438,2.0
block_activity_copy_cart,1,0,0.27674861495844877,0.49484030193542305,-0.6053790574806004,0.13837430747922438,2.0
theme_boleh,1,0,0.27674861495844877,0.49484030193542305,-0.6053790574806004,0.13837430747922438,2.0
report_pimenkofeedbackradar,1,0,0.27674861495844877,0.49484030193542305,-0.6053790574806004,0.13837430747922438,2.0
block_educheckout,1,0,0.27674861495844877,0.49484030193542305,-0.6053790574806004,0.13837430747922438,2.0
repository_autoscorm_global,1,0,0.27674861495844877,0.49484030193542305,-0.6053790574806004,0.13837430747922438,2.0
theme_educheckout,1,0,0.27674861495844877,0.49484030193542305,-0.6053790574806004,0.13837430747922438,2.0
mod_niceform,1,0,0.27674861495844877,0.49484030193542305,-0.6053790574806004,0.13837430747922438,2.0
tiny_omeroembed,1,0,0.27674861495844877,0.49484030193542305,-0.6053790574806004,0.13837430747922438,2.0
mod_skillsfinder,1,0,0.27674861495844877,0.49484030193542305,-0.6053790574806004,0.13837430747922438,2.0
local_mathgpt,1,0,0.27674861495844877,0.49484030193542305,-0.6053790574806004,0.13837430747922438,2.0
block_academic_dashboard_esse3,1,0,0.27674861495844877,0.49484030193542305,-0.6053790574806004,0.13837430747922438,2.0
local_confseed,0,1,0.27674861495844877,0.49484030193542305,-0.6053790574806004,0.13837430747922438,2.0
tool_aischema,1,0,0.27674861495844877,0.49484030193542305,-0.6053790574806004,0.13837430747922438,2.0
mod_passionfinder,1,0,0.27674861495844877,0.49484030193542305,-0.6053790574806004,0.13837430747922438,2.0
mod_personalityfinder,1,0,0.27674861495844877,0.49484030193542305,-0.6053790574806004,0.13837430747922438,2.0
local_zsk_frontpage_elements,1,0,0.27674861495844877,0.49484030193542305,-0.6053790574806004,0.13837430747922438,2.0
auth_nostr,1,0,0.27674861495844877,0.49484030193542305,-0.6053790574806004,0.13837430747922438,2.0
mod_zsktermine,1,0,0.27674861495844877,0.49484030193542305,-0.6053790574806004,0.13837430747922438,2.0
block_zendesk_dashboard,1,0,0.27674861495844877,0.49484030193542305,-0.6053790574806004,0.13837430747922438,2.0
local_skynetaccessibilityscanner,1,0,0.27674861495844877,0.49484030193542305,-0.6053790574806004,0.13837430747922438,2.0
block_benefitsystem,1,0,0.27674861495844877,0.49484030193542305,-0.6053790574806004,0.13837430747922438,2.0
local_change_auth,1,0,0.27674861495844877,0.49484030193542305,-0.6053790574806004,0.13837430747922438,2.0
block_publishflow,0,1,0.27674861495844877,0.49484030193542305,-0.6053790574806004,0.13837430747922438,2.0
mod_streamassign,1,0,0.27674861495844877,0.49484030193542305,-0.6053790574806004,0.13837430747922438,2.0
filter_vlabembed,0,1,0.27674861495844877,0.49484030193542305,-0.6053790574806004,0.13837430747922438,2.0
block_facility_to_moodle,0,1,0.27674861495844877,0.49484030193542305,-0.6053790574806004,0.13837430747922438,2.0
local_csv_user_sync,1,0,0.27674861495844877,0.49484030193542305,-0.6053790574806004,0.13837430747922438,2.0
profilefield_tckn,1,0,0.27674861495844877,0.49484030193542305,-0.6053790574806004,0.13837430747922438,2.0
paygw_helloasso,1,0,0.27674861495844877,0.49484030193542305,-0.6053790574806004,0.13837430747922438,2.0
block_mis,0,1,0.27674861495844877,0.49484030193542305,-0.6053790574806004,0.13837430747922438,2.0
local_issuebadge,1,0,0.27674861495844877,0.49484030193542305,-0.6053790574806004,0.13837430747922438,2.0
paygw_chargebee,1,0,0.27674861495844877,0.49484030193542305,-0.6053790574806004,0.13837430747922438,2.0
block_cqumymoodle,0,1,0.27674861495844877,0.49484030193542305,-0.6053790574806004,0.13837430747922438,2.0
availability_xpstore,1,0,0.27674861495844877,0.49484030193542305,-0.6053790574806004,0.13837430747922438,2.0
local_campusai,1,0,0.27674861495844877,0.49484030193542305,-0.6053790574806004,0.13837430747922438,2.0
paygw_bepaid,1,0,0.27674861495844877,0.49484030193542305,-0.6053790574806004,0.13837430747922438,2.0
local_instantcoursecompletion,1,0,0.27674861495844877,0.49484030193542305,-0.6053790574806004,0.13837430747922438,2.0
local_groupgrades,1,0,0.27674861495844877,0.49484030193542305,-0.6053790574806004,0.13837430747922438,2.0
block_lig_showcase,1,0,0.27674861495844877,0.49484030193542305,-0.6053790574806004,0.13837430747922438,2.0
report_coursecoach,1,0,0.27674861495844877,0.49484030193542305,-0.6053790574806004,0.13837430747922438,2.0
qbank_questionchecker,1,0,0.27674861495844877,0.49484030193542305,-0.6053790574806004,0.13837430747922438,2.0
tool_moodledt,0,1,0.25034626038781166,0.4942144980514377,-0.7993301485999111,0.12517313019390583,1.0
block_edureportbook,0,1,0.25034626038781166,0.4942144980514377,-0.7993301485999111,0.12517313019390583,1.0
local_writerview,1,0,0.25034626038781166,0.4942144980514377,-0.7993301485999111,0.12517313019390583,1.0
block_iassign_block,0,1,0.25034626038781166,0.4942144980514377,-0.7993301485999111,0.12517313019390583,1.0
assignsubmission_edulegit,1,0,0.25034626038781166,0.4942144980514377,-0.7993301485999111,0.12517313019390583,1.0
local_vulndexbeacon,1,0,0.25034626038781166,0.4942144980514377,-0.7993301485999111,0.12517313019390583,1.0
local_freshdesk,1,0,0.25034626038781166,0.4942144980514377,-0.7993301485999111,0.12517313019390583,1.0
repository_res,0,1,0.25034626038781166,0.4942144980514377,-0.7993301485999111,0.12517313019390583,1.0
filter_sborniktestov,1,0,0.25034626038781166,0.4942144980514377,-0.7993301485999111,0.12517313019390583,1.0
plagiarism_edfast,1,0,0.25034626038781166,0.4942144980514377,-0.7993301485999111,0.12517313019390583,1.0
mod_kitmoo,0,1,0.25034626038781166,0.4942144980514377,-0.7993301485999111,0.12517313019390583,1.0
block_welcomearea,0,1,0.25034626038781166,0.4942144980514377,-0.7993301485999111,0.12517313019390583,1.0
smsgateway_plivo,1,0,0.25034626038781166,0.4942144980514377,-0.7993301485999111,0.12517313019390583,1.0
local_webworkers,1,0,0.25034626038781166,0.4942144980514377,-0.7993301485999111,0.12517313019390583,1.0
local_fm,0,1,0.25034626038781166,0.4942144980514377,-0.7993301485999111,0.12517313019390583,1.0
local_webcourse,1,0,0.25034626038781166,0.4942144980514377,-0.7993301485999111,0.12517313019390583,1.0
block_adeptus_insights,1,0,0.25034626038781166,0.4942144980514377,-0.7993301485999111,0.12517313019390583,1.0
block_socialflow,1,0,0.25034626038781166,0.4942144980514377,-0.7993301485999111,0.12517313019390583,1.0
local_mycourseid,1,0,0.25034626038781166,0.4942144980514377,-0.7993301485999111,0.12517313019390583,1.0
plagiarism_sst,1,0,0.25034626038781166,0.4942144980514377,-0.7993301485999111,0.12517313019390583,1.0
local_moodlecloudsignup,0,1,0.25034626038781166,0.4942144980514377,-0.7993301485999111,0.12517313019390583,1.0
plagiarism_dupli,1,0,0.25034626038781166,0.4942144980514377,-0.7993301485999111,0.12517313019390583,1.0
local_datatools,1,0,0.25034626038781166,0.4942144980514377,-0.7993301485999111,0.12517313019390583,1.0
local_classalias,1,0,0.25034626038781166,0.4942144980514377,-0.7993301485999111,0.12517313019390583,1.0
plagiarism_pd,1,0,0.25034626038781166,0.4942144980514377,-0.7993301485999111,0.12517313019390583,1.0
repository_autoscorm_personal_pro,1,0,0.25034626038781166,0.4942144980514377,-0.7993301485999111,0.12517313019390583,1.0
local_readaloud,1,0,0.25034626038781166,0.4942144980514377,-0.7993301485999111,0.12517313019390583,1.0
booktool_importpptx,1,0,0.25034626038781166,0.4942144980514377,-0.7993301485999111,0.12517313019390583,1.0
local_easyconf,1,0,0.25034626038781166,0.4942144980514377,-0.7993301485999111,0.12517313019390583,1.0
report_twgraph,1,0,0.25034626038781166,0.4942144980514377,-0.7993301485999111,0.12517313019390583,1.0
quizaccess_bgwatermark,1,0,0.25034626038781166,0.4942144980514377,-0.7993301485999111,0.12517313019390583,1.0
local_activitybyidnumber,1,0,0.25034626038781166,0.4942144980514377,-0.7993301485999111,0.12517313019390583,1.0
theme_bazis,1,0,0.25034626038781166,0.4942144980514377,-0.7993301485999111,0.12517313019390583,1.0
local_smartnoticespro,1,0,0.25034626038781166,0.4942144980514377,-0.7993301485999111,0.12517313019390583,1.0
local_quizinsightspro,1,0,0.25034626038781166,0.4942144980514377,-0.7993301485999111,0.12517313019390583,1.0
local_coursedateshiftpro,1,0,0.25034626038781166,0.4942144980514377,-0.7993301485999111,0.12517313019390583,1.0
local_modernenrolnotifier,1,0,0.25034626038781166,0.4942144980514377,-0.7993301485999111,0.12517313019390583,1.0
block_google_search,1,0,0.25034626038781166,0.4942144980514377,-0.7993301485999111,0.12517313019390583,1.0
local_adaptive_course_audit,1,0,0.25034626038781166,0.4942144980514377,-0.7993301485999111,0.12517313019390583,1.0
aiprovider_pollinations,1,0,0.25034626038781166,0.4942144980514377,-0.7993301485999111,0.12517313019390583,1.0
assignfeedback_airubric,1,0,0.25034626038781166,0.4942144980514377,-0.7993301485999111,0.12517313019390583,1.0
local_chemillusion,1,0,0.25034626038781166,0.4942144980514377,-0.7993301485999111,0.12517313019390583,1.0
local_oookltimenu,1,0,0.25034626038781166,0.4942144980514377,-0.7993301485999111,0.12517313019390583,1.0
local_examdates,1,0,0.25034626038781166,0.4942144980514377,-0.7993301485999111,0.12517313019390583,1.0
filter_iassign_filter,0,1,0.25034626038781166,0.4942144980514377,-0.7993301485999111,0.12517313019390583,1.0
tinymce_iassign,0,1,0.25034626038781166,0.4942144980514377,-0.7993301485999111,0.12517313019390583,1.0
media_yandexcloudvideo,1,0,0.25034626038781166,0.4942144980514377,-0.7993301485999111,0.12517313019390583,1.0
block_famous_quote,1,0,0.25034626038781166,0.4942144980514377,-0.7993301485999111,0.12517313019390583,1.0
local_certifyme,1,0,0.25034626038781166,0.4942144980514377,-0.7993301485999111,0.12517313019390583,1.0
quizaccess_attemptpassword,1,0,0.25034626038781166,0.4942144980514377,-0.7993301485999111,0.12517313019390583,1.0
block_group_network,0,1,0.25034626038781166,0.4942144980514377,-0.7993301485999111,0.12517313019390583,1.0
mod_mythtranscode,0,1,0.25034626038781166,0.4942144980514377,-0.7993301485999111,0.12517313019390583,1.0
local_ai_coursecreator,1,0,0.25034626038781166,0.4942144980514377,-0.7993301485999111,0.12517313019390583,1.0
local_nice_notification,1,0,0.25034626038781166,0.4942144980514377,-0.7993301485999111,0.12517313019390583,1.0
paygw_novalnet,1,0,0.25034626038781166,0.4942144980514377,-0.7993301485999111,0.12517313019390583,1.0
mod_pbm,0,1,0.25034626038781166,0.4942144980514377,-0.7993301485999111,0.12517313019390583,1.0
block_ask4summary,0,1,0.25034626038781166,0.4942144980514377,-0.7993301485999111,0.12517313019390583,1.0
local_srl_advisor,1,0,0.25034626038781166,0.4942144980514377,-0.7993301485999111,0.12517313019390583,1.0
quizaccess_deadman,1,0,0.25034626038781166,0.4942144980514377,-0.7993301485999111,0.12517313019390583,1.0
local_themerules,1,0,0.25034626038781166,0.4942144980514377,-0.7993301485999111,0.12517313019390583,1.0
customfield_keywords,1,0,0.25034626038781166,0.4942144980514377,-0.7993301485999111,0.12517313019390583,1.0
tiny_dictate,1,0,0.22861842105263158,0.4935886941674522,-1.130891728838308,0.11430921052631579,0.0
block_attentiontag,1,0,0.22861842105263158,0.4935886941674522,-1.130891728838308,0.11430921052631579,0.0
paygw_librapay,1,0,0.22861842105263158,0.4935886941674522,-1.130891728838308,0.11430921052631579,0.0
mod_trackedpdf,1,0,0.22861842105263158,0.4935886941674522,-1.130891728838308,0.11430921052631579,0.0
local_kwtsms,1,0,0.22861842105263158,0.4935886941674522,-1.130891728838308,0.11430921052631579,0.0
block_topicwordcloud,1,0,0.22861842105263158,0.4935886941674522,-1.130891728838308,0.11430921052631579,0.0
local_plannot,1,0,0.22861842105263158,0.4935886941674522,-1.130891728838308,0.11430921052631579,0.0
mod_eledialeitnerflow,1,0,0.22861842105263158,0.4935886941674522,-1.130891728838308,0.11430921052631579,0.0
local_studentsuccesspro,1,0,0.22861842105263158,0.4935886941674522,-1.130891728838308,0.11430921052631579,0.0
local_accessibilitytoolkit,1,0,0.22861842105263158,0.4935886941674522,-1.130891728838308,0.11430921052631579,
local_reportbuilderpro,1,0,0.22861842105263158,0.4935886941674522,-1.130891728838308,0.11430921052631579,0.0
local_haccomp,1,0,0.22861842105263158,0.4935886941674522,-1.130891728838308,0.11430921052631579,0.0
local_edc_exporter,1,0,0.22861842105263158,0.4935886941674522,-1.130891728838308,0.11430921052631579,0.0
local_courseheatmappro,1,0,0.22861842105263158,0.4935886941674522,-1.130891728838308,0.11430921052631579,0.0
tool_forced_settings,1,0,0.22861842105263158,0.4935886941674522,-1.130891728838308,0.11430921052631579,0.0
local_quizbulkmarks,1,0,0.22861842105263158,0.4935886941674522,-1.130891728838308,0.11430921052631579,0.0
local_simplecert_autoissue,1,0,0.22861842105263158,0.4935886941674522,-1.130891728838308,0.11430921052631579,0.0
qformat_markdown,1,0,0.22861842105263158,0.4935886941674522,-1.130891728838308,0.11430921052631579,0.0
block_continue_course,1,0,0.22861842105263158,0.4935886941674522,-1.130891728838308,0.11430921052631579,0.0
qtype_multichoicefixed,1,0,0.22861842105263158,0.4935886941674522,-1.130891728838308,0.11430921052631579,0.0
availability_days,0,1,0.22861842105263158,0.4935886941674522,-1.130891728838308,0.11430921052631579,
tool_eqwpdfcheck,1,0,0.22861842105263158,0.4935886941674522,-1.130891728838308,0.11430921052631579,0.0
local_courseprogresspro,1,0,0.22861842105263158,0.4935886941674522,-1.130891728838308,0.11430921052631579,0.0
block_sociallink,1,0,0.22861842105263158,0.4935886941674522,-1.130891728838308,0.11430921052631579,0.0
qtype_omerohotspotmulti,1,0,0.22861842105263158,0.4935886941674522,-1.130891728838308,0.11430921052631579,0.0
qtype_omerohotspot,1,0,0.22861842105263158,0.4935886941674522,-1.130891728838308,0.11430921052631579,0.0
block_use_stats,0,1,0.22861842105263158,0.4935886941674522,-1.130891728838308,0.11430921052631579,
local_coursepersonalisation,1,0,0.22861842105263158,0.4935886941674522,-1.130891728838308,0.11430921052631579,0.0
block_coursenews,1,0,0.22861842105263158,0.4935886941674522,-1.130891728838308,0.11430921052631579,0.0
block_quickfindlist,0,0,0.6195463988919667,-0.3199217484048871,0.595871262142037,0.0,298.0
mod_videoconnect,0,0,0.5533240997229917,-0.4369470747101641,0.1261656263627401,0.0,111.0
block_quickcourselist,0,0,0.6287222991689752,-0.2917605736255423,0.6629339287378271,0.0,343.0
report_customsql,0,0,0.7182306094182825,2.483053847965893,1.921517279004005,0.0,4777.0
local_ai_manager,0,0,0.9466326177285319,7.700037441854894,7.184638689139951,0.0,887.0
mod_collabora,0,0,0.9062067174515236,1.1796964224882343,2.590077657373805,0.0,649.0
local_ldap,0,0,0.6711391966759003,-0.003264983108255015,1.0696208042064939,0.0,804.0
mod_otopo,0,0,0.5533240997229917,-0.4369470747101641,0.1261656263627401,0.0,111.0
mod_icontent,0,0,0.6810076177285318,0.14379892962832305,1.192140380979852,0.0,1039.0
assignsubmission_responsetemplate,0,0,0.3526662049861496,-0.5001532669926934,-0.9838771146362504,0.0,10.0
mod_reengagement,0,0,0.7173649584487535,2.2928094672343198,1.890071449098651,0.0,4473.0
auth_coursetransit,0,0,0.33093836565096957,-0.5020306786446497,-1.1362069881231174,0.0,7.0
local_coursetemplatewizard,0,0,0.40633656509695293,-0.49389522815283904,-0.6745680232331395,0.0,20.0
mod_hvp,0,0,0.989612188365651,20.325118870435467,6.002192374578025,0.0,27383.0
quizaccess_campla,0,0,0.33093836565096957,-0.5020306786446497,-1.1362069881231174,0.0,7.0
tiny_corrections,0,0,0.5800727146814404,-0.40377946885893584,0.31149770506224134,0.0,164.0
mod_pokcertificate,0,0,0.49722991689750695,-0.47074048444537775,-0.18861029308731359,0.0,57.0
block_custom_course_menu,0,0,0.6037915512465374,-0.36372802028386775,0.4682870669539418,0.0,228.0
auth_cognito,0,0,0.39352493074792244,-0.49577263980479536,-0.7483048058844957,0.0,17.0
tool_lifecycle,0,0,0.8916637811634349,2.206429806756699,3.215136529407465,0.0,360.0
mod_gcanvas,0,0,0.6094182825484764,-0.34745711930024636,0.5197287296708739,0.0,254.0
mod_livepoll,0,0,0.6135734072022161,-0.3399474726924211,0.5417253520932344,0.0,266.0
theme_boost_o365teams,0,0,0.9355090027700831,2.0295193340794055,2.7679713463215943,0.0,2192.0
tool_attestoodle,0,0,0.5875173130193906,-0.3918891950632125,0.3636323623334396,0.0,183.0
theme_trema,0,0,0.7171918282548477,2.28592562451048,1.888893924788417,0.0,4462.0
block_analytics,0,0,0.4676246537396122,-0.4807533465891448,-0.34300644299474253,0.0,41.0
mod_turnitintooltwo,0,0,0.9448147506925209,2.113395817394509,3.1605117359420145,0.0,2141.0
auth_ldap_syncplus,0,0,0.6765062326869806,0.06870246355007045,1.1334945106742238,0.0,919.0
local_groupmerge,0,0,0.33093836565096957,-0.5020306786446497,-1.1362069881231174,0.0,7.0
mod_glaaster,0,0,0.4023545706371191,-0.4945210320368245,-0.6979064200207301,0.0,19.0
block_taggedcoursesearch,0,0,0.6019736842105263,-0.3699860591237222,0.44692895466009636,0.0,218.0
enrol_credit,0,0,0.8220654432132963,0.8736783232193546,1.9225185246340688,0.0,160.0
tool_htmlbootstrapeditor,0,0,0.9314837257617729,2.5472699738604283,3.8421251590362173,0.0,789.0
atto_htmlbootstrapeditor,0,0,0.6282029085872576,-0.2936379852774986,0.6587440428468572,0.0,340.0
local_moodleappbehat,0,0,0.33093836565096957,-0.5020306786446497,-1.1362069881231174,0.0,7.0
qbehaviour_guessit,0,0,0.7460612880886427,2.073945358464092,2.493512357348656,0.0,50.0
mod_pingo,0,0,0.38850415512465375,-0.49639844368878083,-0.7756460900276179,0.0,16.0
local_honorlockproctoring,0,0,0.43299861495844877,-0.4888887970809555,-0.5201718733257104,0.0,28.0
gradingform_rubric_ranges,0,0,0.6046572022160666,-0.36185060863191143,0.47451286738948023,0.0,231.0
tiny_ai,0,0,0.9116603185595568,2.3163047443827005,3.2373071443955483,0.0,657.0
auth_basic,0,0,0.8746104570637119,0.9963358844805006,2.30343748434591,0.0,356.0
report_myfeedback,0,0,0.655297783933518,-0.15846434633664386,0.8934583383684556,0.0,556.0
block_microsoft,0,0,0.9566741689750693,3.743042496930671,3.7464368282407072,0.0,3039.0
auth_antihammer,0,0,0.6114958448753463,-0.34370229599633373,0.5308534693897053,0.0,260.0
tool_supporter,0,0,0.6324445983379501,-0.2811219075977898,0.6860073893527301,0.0,360.0
block_grade_me,0,0,0.7111322714681441,1.6407218201214928,1.763243937960436,0.0,3431.0
block_ai_chat,0,0,0.8801073407202216,0.9668031655683085,2.092337632531404,0.0,463.0
quiz_downloadquiz,0,0,0.3980263157894737,-0.4951468359208099,-0.722442169742789,0.0,18.0
local_remote_courses,0,0,0.5554016620498615,-0.43444385917422235,0.14295128715108335,0.0,115.0
mod_facetoface,0,0,0.9351194598337951,1.6678234519968764,2.967230123235078,0.0,1429.0
plagiarism_turnitin,0,0,0.7081890581717452,1.3490972101842782,1.6934399618166456,0.0,2965.0
qbank_importasversion,0,0,0.9153393351800554,1.3546426851272177,2.758785111109259,0.0,930.0
tool_securityquestions,0,0,0.5637984764542936,-0.4263084086824116,0.19376185938034435,0.0,128.0
plagiarism_turnitinsim,0,0,0.6853358725761773,0.24705657048592047,1.2625805120744416,0.0,1204.0
report_embedquestion,0,0,0.653479916897507,-0.1753610512042507,0.869690357135684,0.0,529.0
mod_alfaview,0,0,0.4579293628808864,-0.48325656212508655,-0.39088058950439203,0.0,37.0
mod_peerwork,0,0,0.6501904432132963,-0.19413516772381384,0.8418178766608382,0.0,499.0
tool_abconfig,0,0,0.4551592797783933,-0.483882366009072,-0.4036371387521383,0.0,36.0
local_commander,0,0,0.6011080332409973,-0.371237666891693,0.4425404628922605,0.0,216.0
block_quizonepagepaginate,0,0,0.4362015235457064,-0.4882629931969701,-0.503955328901419,0.0,29.0
qtype_crossword,0,0,0.6256059556786704,-0.30552825907322195,0.6313202361041066,0.0,321.0
local_wunderbyte_table,0,0,0.9615650969529086,4.265799567783576,4.825237790455891,0.0,1644.0
qtype_jack,0,0,0.3526662049861496,-0.5001532669926934,-0.9838771146362504,0.0,10.0
local_ai_connector,0,0,0.6056094182825484,-0.3593473930959697,0.48268985706331985,0.0,235.0
tool_opensesame,0,0,0.40633656509695293,-0.49389522815283904,-0.6745680232331395,0.0,20.0
block_cohortspecifichtml,0,0,0.6660318559556787,-0.05833572489897362,1.0142448266265953,0.0,716.0
local_aise,0,0,0.3389023545706371,-0.5014048747606643,-1.0798663861228923,0.0,8.0
report_editidnumber,0,0,0.5050207756232687,-0.4676114650254506,-0.1490553518754317,0.0,62.0
report_editdates,0,0,0.6939923822714682,0.4692169493007512,1.3860914720991633,0.0,1559.0
report_editgroups,0,0,0.6150450138504155,-0.33619264938850846,0.552355617290649,0.0,272.0
block_livemood,0,0,0.6365131578947368,-0.2610961833102558,0.7266337873942454,0.0,392.0
enrol_apply,0,0,0.7028220221606648,0.911034491394471,1.5646711466598882,0.0,2265.0
tool_editrolesbycap,0,0,0.6689750692520775,-0.028297138467672567,1.0452414010285818,0.0,764.0
auth_magic,0,0,0.5722818559556787,-0.4144181348866883,0.25948602172465535,0.0,147.0
local_plugininstalltimer,0,0,0.4465893351800554,-0.48638558154501377,-0.45836444327854275,0.0,32.0
mod_poster,0,0,0.6621364265927978,-0.11090325115375049,0.954640790704558,0.0,632.0
atto_styles,0,0,0.7090547091412742,1.3960325014831863,1.705385203339354,0.0,3040.0
editor_customeditor,0,0,0.5487361495844876,-0.4407018980140767,0.09982820879489968,0.0,105.0
block_exaport,0,0,0.9313105955678671,1.60148824029442,2.9303896446894946,0.0,1323.0
mod_lightboxgallery,0,0,0.7151142659279779,2.0030622689490616,1.8378162531343771,0.0,4010.0
mod_sortvoting,0,0,0.5199099722991689,-0.4607276223016108,-0.07207555851374159,0.0,73.0
block_bgwidget,0,0,0.25034626038781166,-0.5057855019485623,-1.7993301485999111,0.0,1.0
block_motrain,0,0,0.5342797783933518,-0.4532179756937855,-0.00018923173896667755,0.0,85.0
assignsubmission_onlyoffice,0,0,0.5580851800554016,-0.4313148397542952,0.16313749956580703,0.0,120.0
enrol_teameo,0,0,0.22861842105263158,-0.5064113058325478,-2.130891728838308,0.0,
tool_crawler,0,0,0.5826696675900277,-0.4000246455550232,0.3285831729726269,0.0,170.0
report_sphorphanedfiles,0,0,0.5959141274238227,-0.3812505290354601,0.40590306037463647,0.0,200.0
format_kickstart,0,0,0.6742555401662049,0.04554771984260922,1.1138592935438452,0.0,882.0
tool_passwordvalidator,0,0,0.6019736842105263,-0.3699860591237222,0.44692895466009636,0.0,218.0
qtype_guessit,0,0,0.7147680055401662,0.7305921834550247,1.0912546193427217,0.0,47.0
tool_cohortdatabase,0,0,0.5701177285318559,-0.41629554653864465,0.24969027501507374,0.0,144.0
mod_jazzquiz,0,0,0.6437846260387812,-0.22980598911098385,0.7839201306241437,0.0,442.0
mod_datalynx,0,0,0.5993767313019391,-0.37499249019560565,0.4291281193468505,0.0,210.0
aiprovider_claude,0,0,0.6171225761772854,-0.3286830027806832,0.5729326499557033,0.0,284.0
local_automatic_badges,0,0,0.4579293628808864,-0.48325656212508655,-0.39088058950439203,0.0,37.0
tool_coursefields,0,0,0.6307998614958449,-0.2867541425536588,0.6739307865557338,0.0,351.0
format_softcourse,0,0,0.6870671745152355,0.27459194138127974,1.279735617813973,0.0,1248.0
filter_fontawesome,0,0,0.7011772853185596,0.7839963029454269,1.5197763692086976,0.0,2062.0
block_eledia_coursewizard,0,0,0.46069944598337953,-0.48263075824110113,-0.3784554169568118,0.0,38.0
local_coursetocal,0,0,0.6014542936288089,-0.3706118630077076,0.4447397414678737,0.0,217.0
local_bulkenrol,0,0,0.7085353185595569,1.3691229344718123,1.6985731270796922,0.0,2997.0
block_mastermind_assistant,0,0,0.22861842105263158,-0.5064113058325478,-2.130891728838308,0.0,
bbbext_bnx,0,0,0.5393005540166205,-0.4494631523898729,0.03207078209504266,0.0,91.0
tiny_inject_bootstrapjs,0,0,0.33093836565096957,-0.5020306786446497,-1.1362069881231174,0.0,7.0
block_coursefeedback,0,0,0.589941135734072,-0.3887601756432853,0.3764573194822763,0.0,188.0
quizaccess_honorlock,0,0,0.3729224376731302,-0.49827585534073704,-0.8685191143524502,0.0,13.0
qtype_varnumunit,0,0,0.6105436288088643,-0.34495390376430457,0.5271738954953222,0.0,258.0
mod_goone,0,0,0.5120325484764543,-0.46448244560552343,-0.11252292955082399,0.0,67.0
block_enrolcode,0,0,0.6792330332409973,0.7916980144172622,1.1188045398669402,0.0,29.0
local_pluginsfetcher,0,0,0.4654605263157895,-0.48137915047313024,-0.35453331997774507,0.0,40.0
availability_ipaddress,0,0,0.6671572022160666,-0.047697058871221165,1.0254539104491185,0.0,733.0
availability_password,0,0,0.6907894736842106,0.369088327863081,1.3343283428059116,0.0,1399.0
mod_accredible,0,0,0.6614439058171746,-0.12279352494947383,0.9400630744105387,0.0,613.0
qtype_formulas,0,0,0.7023026315789473,0.8816217088471554,1.5546453233985242,0.0,2218.0
mod_forumng,0,0,0.5988573407202216,-0.37561829407959113,0.4268557053460415,0.0,209.0
mod_oublog,0,0,0.6576350415512465,-0.13843862204910978,0.9201789877403188,0.0,588.0
local_informationbanner,0,0,0.22861842105263158,-0.5064113058325478,-2.130891728838308,0.0,0.0
format_focusjourney,0,0,0.36660318559556787,-0.4989016592247225,-0.9039680883145196,0.0,12.0
block_inferable_mastery_practice,0,0,0.25034626038781166,-0.5057855019485623,-1.7993301485999111,0.0,1.0
qtype_stack,0,0,0.9732513850415512,6.043617549199444,5.955109257619819,0.0,2401.0
mod_capquiz,0,0,0.5100415512465374,-0.46510824948950885,-0.11960961098307143,0.0,66.0
block_user_favorites,0,0,0.6519217451523546,-0.18662552111598857,0.8531624933072639,0.0,511.0
tool_mergeusers,0,0,0.7114785318559557,1.6613733482930122,1.7678214106674104,0.0,3464.0
quiz_editquizsettings,0,0,0.49549861495844877,-0.4713662883293632,-0.196929498385081,0.0,56.0
mod_quizquest,0,0,0.39352493074792244,-0.49577263980479536,-0.7483048058844957,0.0,17.0
mod_timetableevents,0,0,0.4254674515235457,-0.4901404048489264,-0.5543537147651846,0.0,26.0
assignsubmission_recording,0,0,0.35924515235457066,-0.499527463108708,-0.9422558970038064,0.0,11.0
local_newupdate_indicator,0,0,0.35924515235457066,-0.499527463108708,-0.9422558970038064,0.0,11.0
block_worldclock,0,0,0.2912915512465374,-0.5045338941805915,-1.4677685683615145,0.0,3.0
tiny_timezone,0,0,0.25034626038781166,-0.5057855019485623,-1.7993301485999111,0.0,1.0
filter_timezone,0,0,0.31301939058171746,-0.5032822864126206,-1.2738174772422033,0.0,5.0
local_textless_forum,0,0,0.31301939058171746,-0.5032822864126206,-1.2738174772422033,0.0,5.0
tool_imageoptimizer,0,0,0.36660318559556787,-0.4989016592247225,-0.9039680883145196,0.0,12.0
local_forumcare,0,0,0.31301939058171746,-0.5032822864126206,-1.2738174772422033,0.0,5.0
customfield_checkbox_multi,0,0,0.32193559556786705,-0.5026564825286352,-1.2000806945908473,0.0,6.0
repository_panopto,0,0,0.7530730609418282,0.8148527581247234,1.5031502577852878,0.0,66.0
block_socialcomments,0,0,0.6214508310249307,-0.31554112121698896,0.6069408329261945,0.0,305.0
plagiarism_origai,0,0,0.4942001385041551,-0.4719920922133487,-0.2053959538756564,0.0,55.0
tiny_teamsmeeting,0,0,0.9213556094182825,1.3655601760319094,2.7700906313604037,0.0,946.0
local_lionai_reports,0,0,0.5307306094182825,-0.45572119122972726,-0.022971739739348157,0.0,81.0
tool_activitydates,0,0,0.31301939058171746,-0.5032822864126206,-1.2738174772422033,0.0,5.0
block_ls2,0,0,0.22861842105263158,-0.5064113058325478,-2.130891728838308,0.0,
local_coursetransfer,0,0,0.5832756232686981,-0.3993988416710378,0.33137234849943026,0.0,171.0
qtype_poasquestion,0,0,0.8702822022160666,5.863823510515486,5.281620534772572,0.0,212.0
block_sharing_cart,0,0,0.7199619113573408,3.217747607764798,2.0266115814328893,0.0,5951.0
local_codechecker,0,0,0.6639542936288089,-0.09338074240215821,0.9753450780128143,0.0,660.0
tiny_molstructure,0,0,0.5959141274238227,-0.3812505290354601,0.40590306037463647,0.0,200.0
local_catquiz,0,0,0.4400103878116344,-0.4876371893129846,-0.48827057135520024,0.0,30.0
block_point_view,0,0,0.6751211911357341,0.05806379752231797,1.1245728936278052,0.0,902.0
local_coursesignal,0,0,0.22861842105263158,-0.5064113058325478,-2.130891728838308,0.0,0.0
local_staticpage,0,0,0.7184037396121884,2.5406278052925533,1.9306401688664288,0.0,4869.0
block_people,0,0,0.6958968144044322,0.5486940425669019,1.423529397981118,0.0,1686.0
enrol_autoenrol,0,0,0.7192693905817175,3.039393500828948,2.003140561303937,0.0,5666.0
qformat_gift_guessit,0,0,0.3463469529085873,-0.5007790708766788,-1.0294680002591268,0.0,9.0
local_oauth2,0,0,0.8624047783933518,2.1219462824186652,2.9911083057418737,0.0,225.0
filter_multilang2,0,0,0.9809989612188366,5.621218651996903,4.7875874216731305,0.0,5701.0
smsgateway_sinch,0,0,0.25034626038781166,-0.5057855019485623,-1.7993301485999111,0.0,1.0
smsgateway_textmagic,0,0,0.27674861495844877,-0.505159698064577,-1.6053790574806004,0.0,2.0
local_ls2_copy,0,0,0.22861842105263158,-0.5064113058325478,-2.130891728838308,0.0,
mod_booking,0,0,0.6935595567867037,0.4573266755050278,1.3802297394734853,0.0,1540.0
mod_jclic,0,0,0.6811807479224377,0.1481795568162211,1.1953492054067278,0.0,1046.0
availability_role,0,0,0.706457756232687,1.213297767359438,1.6570969363554198,0.0,2748.0
mod_exammanagement,0,0,0.4579293628808864,-0.48325656212508655,-0.39088058950439203,0.0,37.0
plagiarism_advacheck,0,0,0.5177458448753463,-0.46197923006958164,-0.08518164540770173,0.0,71.0
local_aatplugin,0,0,0.25034626038781166,-0.5057855019485623,-1.7993301485999111,0.0,1.0
auth_coupon,0,0,0.4858898891966759,-0.47512111163327586,-0.2501334186699101,0.0,50.0
profilefield_coupon,0,0,0.39352493074792244,-0.49577263980479536,-0.7483048058844957,0.0,17.0
tiny_embedquestion,0,0,0.6349549861495845,-0.26672841826612476,0.715552004188178,0.0,383.0
auth_saml2,0,0,0.7175380886426592,2.413589616843509,1.9102735661105799,0.0,4666.0
block_filtered_course_list,0,0,0.6726973684210527,0.015509133411308135,1.087123082728207,0.0,834.0
smsgateway_messagebird,0,0,0.31301939058171746,-0.5032822864126206,-1.2738174772422033,0.0,5.0
gradeexport_groupfilter_xls,0,0,0.542503462603878,-0.4450825252019748,0.06714822807916498,0.0,98.0
editor_ousupsub,0,0,0.573753462603878,-0.412540723234732,0.26908518493741646,0.0,150.0
tool_opencast,0,0,0.8985024238227146,7.294766763911012,6.517057658035928,0.0,327.0
block_opencast,0,0,0.6159972299168975,-0.3305604144326395,0.5678707799946165,0.0,281.0
mod_pdfannotator,0,0,0.7068040166204986,1.2295686683430593,1.6615998292871377,0.0,2774.0
filter_embedquestion,0,0,0.9571502770083102,4.130343010991948,4.828791601872451,0.0,1389.0
atto_embedquestion,0,0,0.662915512465374,-0.10464521231389609,0.9621384715968582,0.0,642.0
mod_cobra,0,0,0.3526662049861496,-0.5001532669926934,-0.9838771146362504,0.0,10.0
availability_cohort,0,0,0.697974376731302,0.6788612504358732,1.4791448328059842,0.0,1894.0
local_fastpix,0,0,0.5514629501385041,1.9076548081402092,0.9031084210136551,0.0,4.0
mod_kuet,0,0,0.6328774238227146,-0.2804961037138044,0.6873306052658377,0.0,361.0
qbank_delayedanswers,0,0,0.3828774238227147,-0.4970242475727662,-0.8046454078847205,0.0,15.0
mod_fastpix,0,0,0.5514629501385041,1.9076548081402092,0.9031084210136551,0.0,4.0
local_shopping_cart,0,0,0.5497749307479225,-0.4400760941300913,0.10431971829783931,0.0,106.0
mod_mootimeter,0,0,0.6307998614958449,-0.2867541425536588,0.6739307865557338,0.0,351.0
mod_geogebra,0,0,0.7087084487534626,1.3904002665273172,1.7039674251803905,0.0,3031.0
local_accessibility,0,0,0.6794494459833795,0.1006184616333278,1.1593024134503969,0.0,970.0
enrol_poasdatabase,0,0,0.32193559556786705,-0.5026564825286352,-1.2000806945908473,0.0,6.0
mod_kanban,0,0,0.6716585872576177,0.005496271267541125,1.0778682886483568,0.0,818.0
local_envbar,0,0,0.6353012465373962,-0.26359939884619754,0.7217402178860164,0.0,388.0
tool_groupautoenrol,0,0,0.6234418282548477,-0.30990888626112,0.6208067964653525,0.0,314.0
local_datacleaner,0,0,0.6393698060941828,-0.24357367455866352,0.7595548420006015,0.0,420.0
tool_syncgroups,0,0,0.6088123268698061,-0.3487087270682172,0.5159622358203064,0.0,252.0
report_coursesize,0,0,0.7203081717451524,3.852312746126033,2.1018614536918654,0.0,6965.0
mod_ratingallocate,0,0,0.6694944598337951,-0.023290707395789062,1.0502176981591458,0.0,772.0
mod_subcourse,0,0,0.7152873961218837,2.019333169932683,1.8409069444127795,0.0,4036.0
tool_webanalytics,0,0,0.6623095567867037,-0.10589682008186699,0.9606483076267209,0.0,640.0
aiprovider_bedrock,0,0,0.4465893351800554,-0.48638558154501377,-0.45836444327854275,0.0,32.0
local_integrity,0,0,0.46069944598337953,-0.48263075824110113,-0.3784554169568118,0.0,38.0
block_myprogress,0,0,0.6421398891966759,-0.23356081241489648,0.7773971807137678,0.0,436.0
local_table_sql,0,0,0.6970221606648199,0.7249599484991558,0.9919319389129228,0.0,38.0
enrol_semco,0,0,0.4362015235457064,-0.4882629931969701,-0.503955328901419,0.0,29.0
block_disealytics,0,0,0.4699619113573407,-0.48012754270515934,-0.3317508119773634,0.0,42.0
qtype_essayannotate,0,0,0.4436461218836565,-0.4870113854289992,-0.47308382764632356,0.0,31.0
mod_vitero,0,0,0.35924515235457066,-0.499527463108708,-0.9422558970038064,0.0,11.0
local_quizanalytics,0,0,0.42096606648199447,-0.49139201261689724,-0.5911674321567397,0.0,24.0
mod_kialo,0,0,0.6568559556786704,-0.14407085700497874,0.9128134354918676,0.0,579.0
media_kinescope,0,0,0.4465893351800554,-0.48638558154501377,-0.45836444327854275,0.0,32.0
mod_mooduell,0,0,0.5373961218836565,-0.45071476015784373,0.02155734245628871,0.0,89.0
qtype_reacsimilarity,0,0,0.48788088642659283,-0.4744953077492904,-0.24084492783772565,0.0,51.0
mod_newsletter,0,0,0.6105436288088643,-0.34495390376430457,0.5271738954953222,0.0,258.0
local_aplplot,0,0,0.33093836565096957,-0.5020306786446497,-1.1362069881231174,0.0,7.0
block_qr,0,0,0.4254674515235457,-0.4901404048489264,-0.5543537147651846,0.0,26.0
local_reactforum,0,0,0.3828774238227147,-0.4970242475727662,-0.8046454078847205,0.0,15.0
gradereport_gradeconfigwizard,0,0,0.5247576177285318,-0.4588502106496545,-0.05306608038878968,0.0,76.0
mod_aiescape,0,0,0.4023545706371191,-0.4945210320368245,-0.6979064200207301,0.0,19.0
local_dww_sso,0,0,0.22861842105263158,-0.5064113058325478,-2.130891728838308,0.0,
local_levitate,0,0,0.5307306094182825,-0.45572119122972726,-0.022971739739348157,0.0,81.0
mod_videoassessment,0,0,0.4806959833795014,-0.4763727194012467,-0.2692696603433866,0.0,48.0
tool_dynamic_cohorts,0,0,0.6981475069252078,0.6838676815077567,1.4811599690039734,0.0,1902.0
mod_videotime,0,0,0.9526056094182825,2.7179223693244428,3.338569596098183,0.0,3107.0
block_logreport,0,0,0.532202216066482,-0.45446958346175637,-0.01144486275634582,0.0,83.0
mod_wooclap,0,0,0.6719182825484764,0.007373682919497443,1.0796172567670286,0.0,821.0
mod_panopto,0,0,0.4896987534626039,-0.473869503865305,-0.231733371443497,0.0,52.0
mod_cloudstudio,0,0,0.6486755540166205,2.052668026408587,1.9679996859909483,0.0,16.0
local_notificationsagent,0,0,0.6159972299168975,-0.3305604144326395,0.5678707799946165,0.0,281.0
tiny_cursive,0,0,0.5580851800554016,-0.4313148397542952,0.16313749956580703,0.0,120.0
block_loginas,0,0,0.39352493074792244,-0.49577263980479536,-0.7483048058844957,0.0,17.0
local_moodlemobileapp,0,0,0.4699619113573407,-0.48012754270515934,-0.3317508119773634,0.0,42.0
tiny_fastpix,0,0,0.25034626038781166,-0.5057855019485623,-1.7993301485999111,0.0,1.0
mod_gwpayments,0,0,0.5216412742382271,-0.4601018184176253,-0.06565476079903193,0.0,74.0
tool_tcpdffonts,0,0,0.679968836565097,0.11000551989310933,1.1666353457233765,0.0,985.0
paygw_mollie,0,0,0.4699619113573407,-0.48012754270515934,-0.3317508119773634,0.0,42.0
quiz_markspersection,0,0,0.6253462603878117,-0.3061540629572074,0.6298323896555473,0.0,320.0
local_learning_analytics,0,0,0.6823060941828255,0.15944402672795902,1.2035029638696855,0.0,1064.0
mod_board,0,0,0.7158067867036011,2.1038166942707175,1.8566413885376702,0.0,4171.0
local_regperiod,0,0,0.4654605263157895,-0.48137915047313024,-0.35453331997774507,0.0,40.0
tool_updatepluginscli,0,0,0.5701177285318559,-0.41629554653864465,0.24969027501507374,0.0,144.0
availability_plugin,0,0,0.31301939058171746,-0.5032822864126206,-1.2738174772422033,0.0,5.0
local_guestredirect,0,0,0.3980263157894737,-0.4951468359208099,-0.722442169742789,0.0,18.0
local_enrolkeycreator,0,0,0.25034626038781166,-0.5057855019485623,-1.7993301485999111,0.0,1.0
qtype_coderunner,0,0,0.9761513157894737,4.662270222627868,4.602003910917054,0.0,4186.0
local_listcoursefiles,0,0,0.6148718836565097,-0.3374442571564793,0.5488383790352263,0.0,270.0
local_csp,0,0,0.6894909972299169,0.34468197638764886,1.3208139722613108,0.0,1360.0
local_learningtools,0,0,0.6541724376731302,-0.16972881624838174,0.877744953858671,0.0,538.0
qtype_recordrtc,0,0,0.6891447368421053,0.33592072201185275,1.31586799653777,0.0,1346.0
mod_margic,0,0,0.5539300554016621,-0.43632127082617866,0.13041758544874177,0.0,112.0
block_skillscard,0,0,0.38850415512465375,-0.49639844368878083,-0.7756460900276179,0.0,16.0
block_completedcourse,0,0,0.4992209141274238,-0.4701146805613924,-0.18043330341347402,0.0,58.0
block_readspeaker_embhl,0,0,0.6786703601108033,0.0868507761856481,1.148339923826177,0.0,948.0
filter_stackview,0,0,0.3389023545706371,-0.5014048747606643,-1.0798663861228923,0.0,8.0
quizaccess_honestycheck,0,0,0.6697541551246537,-0.014529453019992922,1.058803558747709,0.0,786.0
local_mail,0,0,0.956933864265928,3.2173138687448226,3.4478872546144324,0.0,3905.0
local_volunteer,0,0,0.2912915512465374,-0.5045338941805915,-1.4677685683615145,0.0,3.0
tool_advancedreplace,0,0,0.5247576177285318,-0.4588502106496545,-0.05306608038878968,0.0,76.0
block_ai_control,0,0,0.5566135734072022,-0.43319225140625145,0.1511282768249229,0.0,117.0
format_ludilearn,0,0,0.6187673130193906,-0.32430237559278513,0.5845394437791822,0.0,291.0
format_learningmap,0,0,0.6318386426592798,-0.28299931924974614,0.6820156367228722,0.0,357.0
local_purgeoldassignments,0,0,0.41759002770083103,-0.4920178165008827,-0.6106943167654095,0.0,23.0
enrol_gwpayments,0,0,0.5779085872576177,-0.4081600960468339,0.29076135774207296,0.0,157.0
local_resort_courses,0,0,0.660924515235457,-0.12467093660143015,0.9377201689223003,0.0,610.0
plagiarism_copyleaks,0,0,0.6421398891966759,-0.23356081241489648,0.7773971807137678,0.0,436.0
tool_token,0,0,0.5135041551246537,-0.46385664172153795,-0.10553970702404322,0.0,68.0
qtype_pmatchreverse,0,0,0.5342797783933518,-0.4532179756937855,-0.00018923173896667755,0.0,85.0
aiplacement_exaaichat,0,0,0.45290858725761773,-0.48450816989305745,-0.41674322564609867,0.0,35.0
qtype_tcsjudgment,0,0,0.5765235457063712,-0.4100375076987902,0.28159157698558396,0.0,154.0
mod_adaptivequiz,0,0,0.902441135734072,1.145783076388144,2.3220321526836756,0.0,749.0
block_workflow,0,0,0.8863833102493075,1.0489034107352775,2.4045155511403884,0.0,440.0
report_workflow,0,0,0.5526315789473684,-0.4375728785941495,0.12187553260556944,0.0,110.0
qtype_pmatchjme,0,0,0.6242209141274238,-0.3080314746091637,0.6253408801526077,0.0,317.0
qtype_pmatch,0,0,0.9613054016620499,4.262387630512875,4.896393170226398,0.0,1600.0
tiny_injectcss,0,0,0.5790339335180055,-0.4062826843948776,0.29975865586570966,0.0,160.0
mod_edflex,0,0,0.22861842105263158,-0.5064113058325478,-2.130891728838308,0.0,
block_openbook,0,0,0.4400103878116344,-0.4876371893129846,-0.48827057135520024,0.0,30.0
local_oc_calendarcleanup,0,0,0.3389023545706371,-0.5014048747606643,-1.0798663861228923,0.0,8.0
quizaccess_ai,0,0,0.4254674515235457,-0.4901404048489264,-0.5543537147651846,0.0,26.0
tool_deleted_user_anonymizer,0,0,0.36660318559556787,-0.4989016592247225,-0.9039680883145196,0.0,12.0
availability_gwpayments,0,0,0.5412049861495845,-0.4463341329699457,0.0573858025529454,0.0,96.0
mod_sertifier,0,0,0.48320637119113574,-0.47574691551726134,-0.25960585191834273,0.0,49.0
availability_credit,0,0,0.4400103878116344,-0.4876371893129846,-0.48827057135520024,0.0,30.0
availability_sectioncompleted,0,0,0.6780644044321329,0.08372175676572094,1.145813017540113,0.0,943.0
filter_recitactivity,0,0,0.8411963296398892,0.9024653018826848,2.042732833102024,0.0,206.0
mod_opencast,0,0,0.8344875346260388,0.8300950010087095,1.7903603202033989,0.0,206.0
report_roster,0,0,0.6792763157894737,0.09310881502550253,1.1533540394183848,0.0,958.0
qtype_varnumericset,0,0,0.9300121191135735,2.481157711826307,3.59576960908998,0.0,799.0
local_inventario,0,0,0.22861842105263158,-0.5064113058325478,-2.130891728838308,0.0,
report_studentgrades,0,0,0.22861842105263158,-0.5064113058325478,-2.130891728838308,0.0,
block_course_checker_info,0,0,0.3980263157894737,-0.4951468359208099,-0.722442169742789,0.0,18.0
local_course_checker,0,0,0.7262378808864266,0.8042140920969709,1.3631540168500165,0.0,49.0
mod_openbook,0,0,0.7129934210526316,0.7998334649090728,1.291009056790996,0.0,42.0
enrol_attributes,0,0,0.6976281163434903,0.66008713391631,1.4715115498532108,0.0,1864.0
block_course_tree_list,0,0,0.4784452908587258,-0.4769985232852322,-0.27913273652701276,0.0,47.0
auth_dev,0,0,0.5383483379501386,-0.4500889562738583,0.026842945932941065,0.0,90.0
block_badgeawarder,0,0,0.5300380886426592,-0.4563469951137127,-0.02884104340747659,0.0,80.0
qtype_oumultiresponse,0,0,0.6943386426592798,0.48861686970429974,1.3955037781088062,0.0,1590.0
assignsubmission_atmegacode,0,0,0.3389023545706371,-0.5014048747606643,-1.0798663861228923,0.0,8.0
filter_translations,0,0,0.9075917590027701,2.345761123217117,3.5916820678310497,0.0,467.0
mod_pandavideo,0,0,0.6594096260387812,0.909721094831137,1.3994776062981678,0.0,21.0
media_pandavideo,0,0,0.36660318559556787,-0.4989016592247225,-0.9039680883145196,0.0,12.0
repository_pandavideo,0,0,0.6410578254847645,0.7848141716934223,0.9003176990255704,0.0,18.0
block_deft,0,0,0.8191222299168975,0.8692976960314566,1.9012553686179665,0.0,153.0
local_och5p,0,0,0.43299861495844877,-0.4888887970809555,-0.5201718733257104,0.0,28.0
local_openeducationbadges,0,0,0.38850415512465375,-0.49639844368878083,-0.7756460900276179,0.0,16.0
format_designer,0,0,0.6913954293628809,0.37659797447090626,1.3384109472264658,0.0,1411.0
mod_learningmap,0,0,0.9472385734072022,2.2879951010264463,3.2190802984094855,0.0,2420.0
mod_onlyofficeeditor,0,0,0.8992815096952909,1.1333869350733117,2.5322629640758483,0.0,575.0
tool_langpackdropper,0,0,0.6081198060941828,-0.3499603348361881,0.5121658488488161,0.0,250.0
atto_recitautolink,0,0,0.5570463988919667,-0.43256644752226603,0.15516494421984295,0.0,118.0
tool_directsso,0,0,0.5695117728531855,-0.41692135042263007,0.24637993483069515,0.0,143.0
plagiarism_compilatio,0,0,0.6719182825484764,0.007373682919497443,1.0796172567670286,0.0,821.0
local_obf,0,0,0.901878462603878,1.1471546205209915,2.550192711148793,0.0,597.0
availability_stash,0,0,0.6848164819944598,0.21952119959056113,1.2447872020957598,0.0,1160.0
auth_userkey,0,0,0.7038608033240997,0.9736148797930149,1.5853281666951267,0.0,2365.0
mod_evoting,0,0,0.6819598337950139,0.1575666150760027,1.2021536195403384,0.0,1061.0
block_download_certificates,0,0,0.6462950138504155,-0.21290928424337702,0.8122202569776928,0.0,469.0
tool_cohortsync,0,0,0.559643351800554,-0.43006323198632423,0.17097935137996245,0.0,122.0
auth_saml2sso,0,0,0.5861322714681441,-0.3950182144831397,0.3504540564844753,0.0,178.0
qbank_questiongen,0,0,0.5910664819944598,-0.3875085678753144,0.3814925475292085,0.0,190.0
local_copilot,0,0,0.5412049861495845,-0.4463341329699457,0.0573858025529454,0.0,96.0
mod_zipdownload,0,0,0.3389023545706371,-0.5014048747606643,-1.0798663861228923,0.0,8.0
mod_autopdfform,0,0,0.49125692520775627,-0.47324369998131954,-0.22279213452678764,0.0,53.0
mod_bigbluebuttonbn,0,0,0.9546831717451524,2.9425859636752154,3.3908572992054364,0.0,3466.0
auth_outage,0,0,0.6384175900277008,-0.2529607328184451,0.7422007411601472,0.0,405.0
report_lpmonitoring,0,0,0.6872403047091413,0.27646935303323605,1.2808831807335574,0.0,1251.0
local_multiple_enrollments,0,0,0.6100242382271468,-0.34620551153227547,0.5234657974877179,0.0,256.0
tool_selfsignuphardlifecycle,0,0,0.37777008310249305,-0.4976500514567517,-0.835516909139816,0.0,14.0
atto_cloze,0,0,0.7076696675900277,1.2858910179017489,1.676867367227701,0.0,2864.0
local_redirectafterlogin,0,0,0.5713296398891967,-0.41504393877067375,0.2562430110143212,0.0,146.0
quiz_randomsummary,0,0,0.5300380886426592,-0.4563469951137127,-0.02884104340747659,0.0,80.0
block_obf_displayer,0,0,0.5031163434903048,-0.46823726890943607,-0.15670899111680334,0.0,61.0
mod_zoom,0,0,0.7229051246537397,6.010084538107827,2.2942075987947166,0.0,10413.0
workshopallocation_live,0,0,0.5707236842105263,-0.41566974265465917,0.2529778635407853,0.0,145.0
workshopeval_weightiest,0,0,0.5589508310249307,-0.4306890358703097,0.16707449502130223,0.0,121.0
block_exacomp,0,0,0.6410145429362881,-0.23731563571880912,0.7707840489192272,0.0,430.0
local_moodlecheck,0,0,0.596606648199446,-0.37999892126748913,0.4106391609217503,0.0,202.0
qtype_matrix,0,0,0.698753462603878,0.7001385824913781,1.4876511429545662,0.0,1928.0
block_townsquare,0,0,0.6493680747922438,0.7860657794613932,0.9481918455352198,0.0,20.0
block_openai_chatbot,0,0,0.4292763157894737,-0.4895146009649409,-0.5369575341140536,0.0,27.0
block_vexturintroduction,0,0,0.47212603878116344,-0.479501738821174,-0.32075395415945684,0.0,43.0
bbbext_bnreminders,0,0,0.48320637119113574,-0.47574691551726134,-0.25960585191834273,0.0,49.0
mod_pulse,0,0,0.6889716066481995,0.3346691142438819,1.3151572352664949,0.0,1344.0
local_sitenotice,0,0,0.6679362880886427,-0.038310000611439604,1.0351307525453002,0.0,748.0
qtype_molsimilarity,0,0,0.5539300554016621,-0.43632127082617866,0.13041758544874177,0.0,112.0
atto_fontsize,0,0,0.7147680055401662,1.9911719951533384,1.8355449749189194,0.0,3991.0
mod_studentquiz,0,0,0.6875865650969529,0.29023703848091575,1.2892155604187987,0.0,1273.0
mod_description,0,0,0.5953947368421053,-0.38187633291944545,0.40351730855845086,0.0,199.0
atto_translations,0,0,0.541724376731302,-0.44570832908596025,0.06229191989501054,0.0,97.0
local_och5pcore,0,0,0.5177458448753463,-0.46197923006958164,-0.08518164540770173,0.0,71.0
block_timetable,0,0,0.6531336565096952,-0.17786426674019246,0.866066534898301,0.0,525.0
filter_opencast,0,0,0.5654432132963989,-0.42255358537849896,0.21550843357559973,0.0,134.0
mod_verbalfeedback,0,0,0.579553324099723,-0.40503107662690674,0.3056641907209457,0.0,162.0
tool_userupsert,0,0,0.3389023545706371,-0.5014048747606643,-1.0798663861228923,0.0,8.0
assignsubmission_maharaws,0,0,0.5932306094182825,-0.38437954845538724,0.3938535001334074,0.0,195.0
tiny_htmlbootstrapeditor,0,0,0.617468836565097,-0.32805719889669777,0.5746081061259347,0.0,285.0
editor_codemirror,0,0,0.48788088642659283,-0.4744953077492904,-0.24084492783772565,0.0,51.0
block_exaaichat,0,0,0.8418888504155124,2.087527068799466,2.857712313027362,0.0,170.0
tiny_elements,0,0,0.6216239612188366,-0.31491531733300354,0.6085014941721418,0.0,306.0
block_quickmail,0,0,0.7100934903047091,1.5337093559599826,1.7387962077891934,0.0,3260.0
mod_ouwiki,0,0,0.6313192520775623,-0.28425092701771704,0.6793358412123203,0.0,355.0
repository_opencast,0,0,0.5771295013850415,-0.4094117038148048,0.2846677435199821,0.0,155.0
qbank_quiztimer,0,0,0.4992209141274238,-0.4701146805613924,-0.18043330341347402,0.0,58.0
quizaccess_quiztimer,0,0,0.817737188365651,0.8680460882634857,1.895002439740761,0.0,151.0
media_cloudstudio,0,0,0.5752250692520776,0.7061858319795926,0.2905209697468423,0.0,8.0
repository_cloudstudio,0,0,0.27674861495844877,-0.505159698064577,-1.6053790574806004,0.0,2.0
availability_useragent,0,0,0.45290858725761773,-0.48450816989305745,-0.41674322564609867,0.0,35.0
block_links,0,0,0.5815443213296398,-0.4019020572069795,0.3201167174820511,0.0,167.0
local_smartgradeai,0,0,0.22861842105263158,-0.5064113058325478,-2.130891728838308,0.0,
qbehaviour_regexpadaptivewithhelp,0,0,0.9466326177285318,2.777638323815462,4.0747010341797605,0.0,1129.0
qbehaviour_regexpadaptivewithhelpnopenalty,0,0,0.9207929362880887,1.413077812719222,2.649036433467545,0.0,1113.0
qtype_regexp,0,0,0.916248268698061,1.3358560141031117,2.451283816180882,0.0,1072.0
mod_scheduler,0,0,0.7189231301939059,2.9060972735400497,1.984814986255837,0.0,5453.0
mod_choicegroup,0,0,0.7211738227146814,4.4261749077406805,2.1610167814714845,0.0,7882.0
qtype_tcs,0,0,0.8664733379501386,2.198697210480539,3.2580719095255306,0.0,232.0
mod_concordance,0,0,0.5805055401662049,-0.4031536649749504,0.31438799933956657,0.0,165.0
local_chunkupload,0,0,0.5988573407202216,-0.37561829407959113,0.4268557053460415,0.0,209.0
local_forumpostratelimit,0,0,0.35924515235457066,-0.499527463108708,-0.9422558970038064,0.0,11.0
report_allbackups,0,0,0.7078427977839336,1.305916742189283,1.6821804908981044,0.0,2896.0
tool_migratehvp2h5p,0,0,0.6971087257617729,0.6281711358330526,1.4582486971867752,0.0,1813.0
quiz_answersheets,0,0,0.9171572022160666,1.3488864208326383,2.5606844118418506,0.0,1035.0
tool_opcache,0,0,0.7047264542936289,1.0768725206506125,1.617574995126136,0.0,2530.0
block_report_free_seats,0,0,0.41378116343490307,-0.4926436203848682,-0.6310523783817512,0.0,22.0
local_feedbackviewer,0,0,0.5561807479224377,-0.43381805529023687,0.14705725440089618,0.0,116.0
gradereport_quizanalytics,0,0,0.6938192520775623,0.4642105182288677,1.383632123506533,0.0,1551.0
report_trainingsessions,0,0,0.6130540166204986,-0.34119908046039193,0.5381287768972871,0.0,264.0
mod_rocketchat,0,0,0.5526315789473684,-0.4375728785941495,0.12187553260556944,0.0,110.0
local_ai_injection,0,0,0.4254674515235457,-0.4901404048489264,-0.5543537147651846,0.0,26.0
quizaccess_oneconnection,0,0,0.4676246537396122,-0.4807533465891448,-0.34300644299474253,0.0,41.0
local_hlai_grading,0,0,0.35924515235457066,-0.499527463108708,-0.9422558970038064,0.0,11.0
local_hlai_quizgen,0,0,0.4676246537396122,-0.4807533465891448,-0.34300644299474253,0.0,41.0
block_attendance,0,0,0.7107860110803323,1.5518576685955605,1.743031291225154,0.0,3289.0
qtype_combined,0,0,0.6887984764542936,0.33154009482395463,1.3133756978345066,0.0,1339.0
block_fastnav,0,0,0.48788088642659283,-0.4744953077492904,-0.24084492783772565,0.0,51.0
assignsubmission_collabora,0,0,0.5820637119113574,-0.4012762533229941,0.3229555522092689,0.0,168.0
qbehaviour_selfassess,0,0,0.9280211218836565,1.510120873232546,2.8745004367470752,0.0,1177.0
mod_typorepo,0,0,0.27674861495844877,-0.505159698064577,-1.6053790574806004,0.0,2.0
mod_etherpadlite,0,0,0.6763331024930748,0.06745085578209956,1.1324535042839026,0.0,917.0
mod_leganto,0,0,0.4753289473684211,-0.478250131053203,-0.2994907981433542,0.0,45.0
mod_moodleoverflow,0,0,0.6485457063711911,-0.20289642209961,0.8282332081886279,0.0,485.0
block_qrcode,0,0,0.6804882271468145,0.13754089078846868,1.187518680798615,0.0,1029.0
plagiarism_strike,0,0,0.5913261772853186,-0.386882763991329,0.38399042394978106,0.0,191.0
local_singleloginlock,0,0,0.31301939058171746,-0.5032822864126206,-1.2738174772422033,0.0,5.0
mod_exaaifeedback,0,0,0.3032375346260388,-0.503908090296606,-1.361029580497524,0.0,4.0
tool_apcu,0,0,0.6407548476454294,-0.2398188512547509,0.7663239490303659,0.0,426.0
tool_redis,0,0,0.6841239612188366,0.20512771025889606,1.2352158765071861,0.0,1137.0
mod_wooflash,0,0,0.5695117728531855,-0.41692135042263007,0.24637993483069515,0.0,143.0
mod_msteams,0,0,0.6955505540166205,0.5380553765391495,1.418684662966604,0.0,1669.0
mod_via,0,0,0.7929795706371191,2.1048266278827232,2.7643280720545294,0.0,82.0
mod_certifygen,0,0,0.6845135041551247,2.0691558064955533,2.2090951448772373,0.0,25.0
enrol_campusonline,0,0,0.4254674515235457,-0.4901404048489264,-0.5543537147651846,0.0,26.0
atto_molstructure,0,0,0.5050207756232687,-0.4676114650254506,-0.1490553518754317,0.0,62.0
dataformat_markdown,0,0,0.5100415512465374,-0.46510824948950885,-0.11960961098307143,0.0,66.0
block_course_modulenavigation,0,0,0.6953774238227146,0.531797337699295,1.4158117279187472,0.0,1659.0
mod_cardbox,0,0,0.6159972299168975,-0.3305604144326395,0.5678707799946165,0.0,281.0
tiny_fontcolor,0,0,0.7201350415512465,3.839170864562339,2.100417244816967,0.0,6944.0
local_activityfilter,0,0,0.37777008310249305,-0.4976500514567517,-0.835516909139816,0.0,14.0
block_ungraded_assignments,0,0,0.5007790858725762,-0.4694888766774069,-0.17239374866302234,0.0,59.0
tool_usersuspension,0,0,0.661963296398892,-0.11403227057367768,0.9508474143807917,0.0,627.0
tool_userrestore,0,0,0.6238746537396123,-0.30865727849314917,0.6238342891510635,0.0,316.0
local_autogroup,0,0,0.6856821329639889,0.2501855899058476,1.2645612281449876,0.0,1209.0
block_section,0,0,0.48320637119113574,-0.47574691551726134,-0.25960585191834273,0.0,49.0
availability_integrityadvocate,0,0,0.39352493074792244,-0.49577263980479536,-0.7483048058844957,0.0,17.0
atto_teamsmeeting,0,0,0.7109591412742382,1.5919091171706286,1.75224708014253,0.0,3353.0
block_integrityadvocate,0,0,0.7129934210526316,0.7998334649090728,1.291009056790996,0.0,42.0
block_dash,0,0,0.6668975069252078,-0.05082607829114838,1.0221842993079389,0.0,728.0
local_oc_seasonal_animations,0,0,0.33093836565096957,-0.5020306786446497,-1.1362069881231174,0.0,7.0
mod_collaborativefolders,0,0,0.5506405817174516,-0.4394502902461058,0.10876944571160929,0.0,107.0
mod_customgroups,0,0,0.27674861495844877,-0.505159698064577,-1.6053790574806004,0.0,2.0
aiprovider_openaicompatible,0,0,0.5673476454293629,-0.42067617372654265,0.22602187321435369,0.0,137.0
theme_boost_union,0,0,0.9648978531855956,6.340701053716148,3.841658740521183,0.0,8896.0
block_calculator,0,0,0.4806959833795014,-0.4763727194012467,-0.2692696603433866,0.0,48.0
block_configurable_reports,0,0,0.7235976454293629,9.517089503962225,2.500163610407208,0.0,16017.0
qtype_varnumeric,0,0,0.6649065096952909,-0.08524529191034749,0.9846614012860244,0.0,673.0
local_maintenance_livecheck,0,0,0.6488054016620499,-0.20227061821562456,0.8292164402872477,0.0,486.0
mod_groupmembers,0,0,0.6324445983379501,-0.2811219075977898,0.6860073893527301,0.0,360.0
local_profiletheme,0,0,0.5882098337950139,-0.39126339117922704,0.3662250095886462,0.0,184.0
local_profilecohort,0,0,0.7061114958448753,1.1607302411046612,1.6422524688868274,0.0,2664.0
local_session_keepalive,0,0,0.6507098337950139,-0.19100614830388665,0.846577540285101,0.0,504.0
block_onlinesurvey,0,0,0.5942693905817175,-0.38312794068741635,0.3987098083175619,0.0,197.0
block_selectrss,0,0,0.616516620498615,-0.3299346105486541,0.5695640286567158,0.0,282.0
block_coupon,0,0,0.9271987534626038,3.6409643737153345,4.433257981884539,0.0,607.0
mod_stackview,0,0,0.7214768005540166,0.8029624843290001,1.3436271322413464,0.0,47.0
local_wswizard,0,0,0.35924515235457066,-0.499527463108708,-0.9422558970038064,0.0,11.0
repository_office365,0,0,0.9426073407202216,2.562078439351014,2.924820711900134,0.0,3043.0
local_onenote,0,0,0.9448147506925209,5.1691465736034505,5.732028821527918,0.0,888.0
local_office365,0,0,0.684643351800554,0.2157663762866485,1.242308739309702,0.0,1154.0
local_o365,0,0,0.9948926592797784,13.403321529461374,10.712751908046549,0.0,7125.0
assignsubmission_onenote,0,0,0.6634349030470914,-0.09525815405411453,0.9731691428843694,0.0,657.0
assignfeedback_onenote,0,0,0.6610976454293629,-0.1240451327174447,0.9385024131645914,0.0,611.0
auth_casattras,0,0,0.6211045706371191,-0.31616692510097444,0.6053750631236896,0.0,304.0
block_floatingbutton,0,0,0.6094182825484764,-0.34745711930024636,0.5197287296708739,0.0,254.0
lifecycletrigger_customfieldsemester,0,0,0.600415512465374,-0.37311507854364934,0.4358812985362363,0.0,213.0
tiny_c4l,0,0,0.7094009695290859,1.402916344207026,1.7071123559537316,0.0,3051.0
quiz_filedownloader,0,0,0.5616343490304709,-0.4281858203343679,0.1825062283629652,0.0,125.0
customfield_semester,0,0,0.8518005540166205,0.8764044884236319,1.9365588720966844,0.0,280.0
local_sandbox,0,0,0.6301939058171746,-0.28800575032162967,0.6712051823291179,0.0,349.0
local_forumownpostfilter,0,0,0.33093836565096957,-0.5020306786446497,-1.1362069881231174,0.0,7.0
enrol_classicpay,0,0,0.4858898891966759,-0.47512111163327586,-0.2501334186699101,0.0,50.0
auth_oidc,0,0,0.994200138504155,10.851404400192566,10.087762267120286,0.0,10155.0
mod_pcast,0,0,0.6668975069252078,-0.05082607829114838,1.0221842993079389,0.0,728.0
mod_journal,0,0,0.7128635734072022,1.7902889483940125,1.795446379522914,0.0,3670.0
local_parentmanager,0,0,0.4632098337950139,-0.48200495435711566,-0.3663448397823332,0.0,39.0
local_information_center,0,0,0.33093836565096957,-0.5020306786446497,-1.1362069881231174,0.0,7.0
block_dedication,0,0,0.9823840027700832,6.725762507231202,4.916584999443125,0.0,7466.0
block_groups,0,0,0.6171225761772854,-0.3286830027806832,0.5729326499557033,0.0,284.0
availability_week,0,0,0.4102319944598338,-0.49326942426885356,-0.6523155343978535,0.0,21.0
report_benchmark,0,0,0.720654432132964,4.069466693868981,2.1251148252289354,0.0,7312.0
block_stash,0,0,0.9675380886426592,4.549005809378206,5.016740250119135,0.0,2058.0
filter_moddata,0,0,0.4579293628808864,-0.48325656212508655,-0.39088058950439203,0.0,37.0
tiny_multilang2,0,0,0.690270083102493,0.3590754657193139,1.3288300955171068,0.0,1383.0
tool_sentry,0,0,0.5616343490304709,-0.4281858203343679,0.1825062283629652,0.0,125.0
filter_ace_inline,0,0,0.8419321329639889,0.8482433136442872,1.8530772129330544,0.0,235.0
theme_boosted,0,0,0.6084660664819945,-0.3493345309522027,0.5140678086013621,0.0,251.0
mod_scratchpad,0,0,0.4254674515235457,-0.4901404048489264,-0.5543537147651846,0.0,26.0
assignfeedback_structured,0,0,0.6211045706371191,-0.31616692510097444,0.6053750631236896,0.0,304.0
local_navbarplus,0,0,0.667503462603878,-0.04581964721926485,1.027405003218986,0.0,736.0
report_cmcompetency,0,0,0.5277873961218837,-0.4575986028816836,-0.04080022249632395,0.0,78.0
tool_cmcompetency,0,0,0.7855349722991689,0.8348784824122575,1.6899080968475242,0.0,98.0
mod_custommailing,0,0,0.6625692520775623,-0.10527101619788154,0.9613939698939442,0.0,641.0
qtype_shortanssimilarity,0,0,0.47212603878116344,-0.479501738821174,-0.32075395415945684,0.0,43.0
filter_ubicast,0,0,0.5487361495844876,-0.4407018980140767,0.09982820879489968,0.0,105.0
plagiarism_drillbit,0,0,0.22861842105263158,-0.5064113058325478,-2.130891728838308,0.0,
mod_contentdesigner,0,0,0.5805055401662049,-0.4031536649749504,0.31438799933956657,0.0,165.0
media_jwplayer,0,0,0.6084660664819945,-0.3493345309522027,0.5140678086013621,0.0,251.0
auth_kipmi,0,0,0.25034626038781166,-0.5057855019485623,-1.7993301485999111,0.0,1.0
tool_heartbeat,0,0,0.6830851800554016,0.17446331994360956,1.2141628422812225,0.0,1088.0
block_mfavatar,0,0,0.5747056786703602,-0.41191491935074653,0.27224257097240184,0.0,151.0
mod_aichat,0,0,0.5100415512465374,-0.46510824948950885,-0.11960961098307143,0.0,66.0
enrol_waitlist,0,0,0.6574619113573408,-0.13906442593309523,0.919366171491115,0.0,587.0
media_ottflix,0,0,0.6253462603878117,-0.3061540629572074,0.6298323896555473,0.0,320.0
repository_ottflix,0,0,0.6198926592797784,-0.3192959445209016,0.5974683996777619,0.0,299.0
quiz_export,0,0,0.888720567867036,1.0620452922989716,2.426768039975674,0.0,461.0
