component,name,installations,last_release_ts,in_degree_dep,pagerank_dep,louvain_soc,n_maintainers,single_maintainer,stale,max_supported_release,legacy_only,z_installations,degree_pagerank_sum,z_degree_pagerank,risk_score
theme_aardvark,Aardvark,509.0,1506960548,0.0,0.15000000000000002,2888,1,1,1,"(3, 3)",1,0.05174626700259375,0.15000000000000002,-0.23962339588655318,1.8121228711160406
block_simple_clock,Simple Clock,817.0,1518899621,0.0,0.15000000000000002,5,1,1,1,"(3, 11)",1,0.24449386327010889,0.15000000000000002,-0.23962339588655318,2.004870467383556
block_unanswered_discussions,Unanswered Discussions,38.0,1435800442,0.0,0.15000000000000002,5,1,1,1,"(3, 4)",1,-0.24300736235454792,0.15000000000000002,-0.23962339588655318,1.5173692417588989
block_progress,Progress Bar,2062.0,1471519041,2.0,0.19597780114001218,5,1,1,1,"(3, 1)",1,1.0236196988319801,2.195977801140012,2.0830123539170136,5.106632052748994
block_navbuttons,Navigation buttons,853.0,1777043363,0.0,0.15000000000000002,5,1,1,0,"(5, 2)",0,0.26702280309358467,0.15000000000000002,-0.23962339588655318,1.0273994072070316
block_dndupload,Drag and drop file upload,29.0,1347645668,0.0,0.15000000000000002,5,1,1,1,"(2, 2)",1,-0.24863959731041688,0.15000000000000002,-0.23962339588655318,1.5117370068030298
theme_aardvark_postit,Aardvark Post-It,12.0,1342230814,0.0,0.15000000000000002,602,1,1,1,"(2, 3)",1,-0.25927826333816933,0.15000000000000002,-0.23962339588655318,1.5010983407752776
mod_realtimequiz,Realtime Quiz,1400.0,1777043337,0.0,0.15000000000000002,5,1,1,0,"(5, 2)",0,0.6093375276336197,0.15000000000000002,-0.23962339588655318,1.3697141317470665
assignment_uploadpdf,UploadPDF,23.0,1362173101,0.0,0.15000000000000002,5,1,1,1,"(2, 4)",1,-0.2523944206143295,0.15000000000000002,-0.23962339588655318,1.5079821834991174
gradereport_updfgrades,UploadPDF grade report,2.0,1314728345,0.0,0.15000000000000002,5,1,1,1,"(1, 9)",1,-0.2655363021780237,0.15000000000000002,-0.23962339588655318,1.494840301935423
block_objectives,Lesson objectives,195.0,1777043368,0.0,0.15000000000000002,5,1,1,0,"(5, 2)",0,-0.14475615256883403,0.15000000000000002,-0.23962339588655318,0.6156204515446128
block_rate_course,Rate a course,262.0,1423837546,0.0,0.15000000000000002,56,3,0,1,"(2, 7)",1,-0.10282729234180964,0.15000000000000002,-0.23962339588655318,0.6575493117716371
theme_decaf,Decaf,121.0,1549007751,0.0,0.15000000000000002,364,1,1,1,"(3, 6)",1,-0.1910656399837565,0.15000000000000002,-0.23962339588655318,1.5693109641296903
mod_dataform,Dataform,545.0,1517510036,7.0,1.0425000000000002,58,1,1,1,"(3, 3)",1,0.07427520682606954,8.0425,8.720103657413071,10.79437886423914
local_codechecker,Code-checker,660.0,1720171388,0.0,0.15000000000000002,2941,4,0,0,"(4, 4)",0,0.146242653484395,0.15000000000000002,-0.23962339588655318,-0.09338074240215818
mod_scormcloud,SCORM Cloud for Moodle,87.0,1452557539,0.0,0.15000000000000002,562,2,0,1,"(3, 1)",1,-0.21234297203926142,0.15000000000000002,-0.23962339588655318,0.5480336320741854
format_scormcloud,SCORM Cloud Course Format,3.0,1314999089,0.0,0.15000000000000002,562,1,1,1,"(2, 1)",1,-0.2649104982940383,0.15000000000000002,-0.23962339588655318,1.4954661058194085
mod_dialogue,Dialogue,1234.0,1742415966,0.0,0.15000000000000002,562,1,1,0,"(4, 5)",0,0.5054540828920369,0.15000000000000002,-0.23962339588655318,1.2658306870054836
theme_zebra,Zebra,29.0,1377159170,0.0,0.15000000000000002,18,1,1,1,"(2, 7)",1,-0.24863959731041688,0.15000000000000002,-0.23962339588655318,1.5117370068030298
local_hub,Moodle Hub server,37.0,1314950902,0.0,0.15000000000000002,220,1,1,1,"(2, 1)",1,-0.24363316623853334,0.15000000000000002,-0.23962339588655318,1.5167434378749136
block_userinfo,User Information Block,14.0,1377153433,0.0,0.15000000000000002,20,1,1,1,"(2, 5)",1,-0.25802665557019844,0.15000000000000002,-0.23962339588655318,1.5023499485432483
local_globalmessage,Global Message,23.0,1427831548,0.0,0.15000000000000002,40,1,1,1,"(2, 8)",1,-0.2523944206143295,0.15000000000000002,-0.23962339588655318,1.5079821834991174
auth_googleoauth2,Oauth2 authentication plugin for Moodle (for Moodle 3.2 and earlier),373.0,1549376410,0.0,0.15000000000000002,2048,1,1,1,"(3, 2)",1,-0.03336306121942593,0.15000000000000002,-0.23962339588655318,1.7270135428940208
mod_mediasite,Mediasite Content Module for Moodle,70.0,1602091539,0.0,0.15000000000000002,23,4,0,1,"(3, 9)",1,-0.22298163806701388,0.15000000000000002,-0.23962339588655318,0.537394966046433
theme_simplespace,SimpleSpace,20.0,1365332049,0.0,0.15000000000000002,843,1,1,1,"(2, 4)",1,-0.2542718322662858,0.15000000000000002,-0.23962339588655318,1.506104771847161
theme_darkb,Dark Blue 2.0,42.0,1358018746,0.0,0.15000000000000002,843,1,1,1,"(2, 4)",1,-0.24050414681860616,0.15000000000000002,-0.23962339588655318,1.5198724572948406
theme_mymobile,MyMobile,24.0,1381819733,0.0,0.15000000000000002,843,2,0,1,"(2, 5)",1,-0.25176861673034406,0.15000000000000002,-0.23962339588655318,0.5086079873831028
mod_widgetspace,OpenSocial gadgets module,1.0,1315495915,0.0,0.15000000000000002,27,1,1,1,"(2, 1)",1,-0.26616210606200913,0.15000000000000002,-0.23962339588655318,1.4942144980514378
assignment_onlineaudio,Online Audio Recording,49.0,1397520893,0.0,0.15000000000000002,364,1,1,1,"(2, 3)",1,-0.2361235196307081,0.15000000000000002,-0.23962339588655318,1.5242530844827387
local_ousearch,OU search,22.0,1315566695,0.0,0.15000000000000002,31,1,1,1,"(2, 1)",1,-0.25302022449831496,0.15000000000000002,-0.23962339588655318,1.507356379615132
mod_forumng,ForumNG,209.0,1732184423,0.0,0.15000000000000002,31,4,0,0,"(4, 4)",0,-0.1359948981930379,0.15000000000000002,-0.23962339588655318,-0.3756182940795911
mod_oublog,OU blog,588.0,1732185765,0.0,0.15000000000000002,31,4,0,0,"(4, 4)",0,0.10118477383744341,0.15000000000000002,-0.23962339588655318,-0.13843862204910978
mod_ouwiki,OU wiki,355.0,1732188663,0.0,0.15000000000000002,31,4,0,0,"(4, 4)",0,-0.04462753113116383,0.15000000000000002,-0.23962339588655318,-0.28425092701771704
block_glossary_export_to_quiz,Export Glossary to Quiz,196.0,1747579600,0.0,0.15000000000000002,2897,1,1,0,"(5, 0)",0,-0.14413034868484859,0.15000000000000002,-0.23962339588655318,0.6162462554285982
block_quickmail,Quickmail,3260.0,1767827608,0.0,0.15000000000000002,200,2,0,0,"(4, 5)",0,1.7733327518465358,0.15000000000000002,-0.23962339588655318,1.5337093559599826
mod_bigbluebuttonbn,BigBlueButton BN,3466.0,1720538947,1.0,0.2775,36,2,0,0,"(3, 11)",1,1.9022483519475364,1.2775,1.040337611727679,2.9425859636752154
mod_recordingsbn,BigBlueButton Recordings BN,389.0,1526064309,0.0,0.15000000000000002,36,2,0,1,"(3, 4)",1,-0.023350199075658905,0.15000000000000002,-0.23962339588655318,0.7370264050377879
theme_allc,AllContent,1.0,1328097714,0.0,0.15000000000000002,843,1,1,1,"(2, 1)",1,-0.26616210606200913,0.15000000000000002,-0.23962339588655318,1.4942144980514378
block_ajax_marking,AJAX Marking Block,90.0,1360519717,0.0,0.15000000000000002,38,1,1,1,"(2, 4)",1,-0.2104655603873051,0.15000000000000002,-0.23962339588655318,1.5499110437261416
local_flavours,Moodle flavours,20.0,1449221333,0.0,0.15000000000000002,1203,1,1,1,"(3, 0)",1,-0.2542718322662858,0.15000000000000002,-0.23962339588655318,1.506104771847161
block_mooprofile,MooProfile,23.0,1393531662,0.0,0.15000000000000002,40,1,1,1,"(2, 8)",1,-0.2523944206143295,0.15000000000000002,-0.23962339588655318,1.5079821834991174
block_flickr_image_carousel,Flickr Image Carousel,1.0,1317823411,0.0,0.15000000000000002,41,1,1,1,"(2, 1)",1,-0.26616210606200913,0.15000000000000002,-0.23962339588655318,1.4942144980514378
repository_coursefilearea,Course File Area,145.0,1527850944,0.0,0.15000000000000002,43,1,1,1,"(3, 5)",1,-0.17604634676810596,0.15000000000000002,-0.23962339588655318,1.5843302573453408
block_repo_filemanager,Repository File Manager,336.0,1527850733,0.0,0.15000000000000002,43,1,1,1,"(3, 5)",1,-0.05651780492688716,0.15000000000000002,-0.23962339588655318,1.7038587991865597
block_jumpto_menu,Jump To Navigation,3.0,1438783957,0.0,0.15000000000000002,43,1,1,1,"(2, 9)",1,-0.2649104982940383,0.15000000000000002,-0.23962339588655318,1.4954661058194085
mod_autoview,AutoView Presenter,15.0,1534422431,0.0,0.15000000000000002,43,1,1,1,"(3, 5)",1,-0.257400851686213,0.15000000000000002,-0.23962339588655318,1.5029757524272338
theme_educationbook,Education Book,2.0,1316749072,0.0,0.15000000000000002,46,1,1,1,"(2, 1)",1,-0.2655363021780237,0.15000000000000002,-0.23962339588655318,1.494840301935423
theme_mandarin,Mandarin,2.0,1316791181,0.0,0.15000000000000002,47,1,1,1,"(2, 6)",1,-0.2655363021780237,0.15000000000000002,-0.23962339588655318,1.494840301935423
block_lesson_essay_feedback,Lesson Essay Feedback,97.0,1745073012,0.0,0.15000000000000002,2897,1,1,0,"(5, 0)",0,-0.20608493319940702,0.15000000000000002,-0.23962339588655318,0.5542916709140397
format_onetopic,Onetopic format,10334.0,1775456690,0.0,0.15000000000000002,2889,1,1,0,"(5, 1)",0,6.2002694271595304,0.15000000000000002,-0.23962339588655318,6.960646031272978
filter_tinspireurlconverter,TI-Nspire URL Converter,1.0,1326212761,0.0,0.15000000000000002,50,1,1,1,"(2, 2)",1,-0.26616210606200913,0.15000000000000002,-0.23962339588655318,1.4942144980514378
filter_timelinewidget,Timeline Widget,1.0,1317225615,0.0,0.15000000000000002,2493,1,1,1,"(2, 0)",1,-0.26616210606200913,0.15000000000000002,-0.23962339588655318,1.4942144980514378
filter_simplespeak,SimpleSpeak text-to-speech,5.0,1317234205,0.0,0.15000000000000002,2493,1,1,1,"(2, 0)",1,-0.2636588905260674,0.15000000000000002,-0.23962339588655318,1.4967177135873795
filter_scratchembed,Scratch embed,2.0,1317240585,0.0,0.15000000000000002,2493,1,1,1,"(2, 0)",1,-0.2655363021780237,0.15000000000000002,-0.23962339588655318,1.494840301935423
qtype_calculatedobjects,Calculated Objects,12.0,1339710633,0.0,0.15000000000000002,2493,1,1,1,"(2, 3)",1,-0.25927826333816933,0.15000000000000002,-0.23962339588655318,1.5010983407752776
block_configurable_reports,Configurable Reports,16017.0,1777895842,0.0,0.15000000000000002,220,2,0,0,"(5, 2)",0,9.756712899848779,0.15000000000000002,-0.23962339588655318,9.517089503962225
block_recommender,Recommender,7.0,1376403551,0.0,0.15000000000000002,56,1,1,1,"(2, 5)",1,-0.2624072827580965,0.15000000000000002,-0.23962339588655318,1.4979693213553502
mod_amvonetroom,AMVONET Room,3.0,1422345851,0.0,0.15000000000000002,57,1,1,1,"(2, 8)",1,-0.2649104982940383,0.15000000000000002,-0.23962339588655318,1.4954661058194085
block_dataform_view,Dataform view,63.0,1517510431,0.0,0.15000000000000002,58,1,1,1,"(3, 3)",1,-0.22736226525491196,0.15000000000000002,-0.23962339588655318,1.5330143388585349
format_forumtopic,Topic Forums course format,2.0,1317852192,0.0,0.15000000000000002,59,1,1,1,"(2, 1)",1,-0.2655363021780237,0.15000000000000002,-0.23962339588655318,1.494840301935423
mod_openmeetings,OpenMeetings,422.0,1775457996,0.0,0.15000000000000002,60,1,1,0,"(5, 2)",0,-0.0026986709041394268,0.15000000000000002,-0.23962339588655318,0.7576779332093074
auth_onelogin_saml,OneLogin SAML SSO Authentication,73.0,1628587978,0.0,0.15000000000000002,61,1,1,1,"(3, 7)",1,-0.22110422641505756,0.15000000000000002,-0.23962339588655318,1.5392723776983892
assignment_random,Random assignment,14.0,1347301863,0.0,0.15000000000000002,502,1,1,1,"(2, 2)",1,-0.25802665557019844,0.15000000000000002,-0.23962339588655318,1.5023499485432483
block_pageone,MoodleMobile,25.0,1527782470,1.0,0.2775,43,2,0,1,"(3, 5)",1,-0.25114281284635864,1.2775,1.040337611727679,1.7891947988813204
block_amazon,Amazon Associates Block,1.0,1318257673,0.0,0.15000000000000002,43,1,1,1,"(1, 9)",1,-0.26616210606200913,0.15000000000000002,-0.23962339588655318,1.4942144980514378
mod_pcast,Pcast,728.0,1765666439,0.0,0.15000000000000002,646,2,0,0,"(5, 1)",0,0.18879731759540483,0.15000000000000002,-0.23962339588655318,-0.05082607829114835
block_moodletxt,moodletxt - bbconnecttxt.com SMS/Text Two-Way Messaging Module,24.0,1438879138,1.0,0.2775,361,1,1,1,"(2, 9)",1,-0.25176861673034406,1.2775,1.040337611727679,2.788568994997335
block_massaction,Mass Actions block,2313.0,1785262201,0.0,0.15000000000000002,983,1,1,0,"(5, 2)",0,1.1806964737123253,0.15000000000000002,-0.23962339588655318,1.941073077825772
auth_saml,SAML Authentication (simpleSAMLphp required),176.0,1563290463,0.0,0.15000000000000002,69,1,1,1,"(3, 7)",1,-0.15664642636455736,0.15000000000000002,-0.23962339588655318,1.6037301777488895
enrol_saml,SAML Enrolments,166.0,1563290825,0.0,0.15000000000000002,69,1,1,1,"(3, 7)",1,-0.16290446520441176,0.15000000000000002,-0.23962339588655318,1.5974721389090352
plagiarism_crot,Crot Plagiarism Checker,8.0,1378947554,0.0,0.15000000000000002,70,1,1,1,"(2, 5)",1,-0.2617814788741111,0.15000000000000002,-0.23962339588655318,1.4985951252393357
mod_groupselect,Group self-selection,1508.0,1669329349,0.0,0.15000000000000002,71,1,1,1,"(4, 1)",0,0.676924347104047,0.15000000000000002,-0.23962339588655318,2.4373009512174937
mod_certificate,Certificate,4084.0,1472097047,2.0,0.405,1035,1,1,1,"(3, 3)",1,2.2889951522505374,2.4050000000000002,2.3202986193419117,6.60929377159245
theme_newsie,newsie,7.0,1328098723,0.0,0.15000000000000002,843,1,1,1,"(2, 1)",1,-0.2624072827580965,0.15000000000000002,-0.23962339588655318,1.4979693213553502
theme_red_drop_down_menus,Red Drop Down Menus,1.0,1319137535,0.0,0.15000000000000002,75,1,1,1,"(1, 9)",1,-0.26616210606200913,0.15000000000000002,-0.23962339588655318,1.4942144980514378
datapreset_national_education_network_resources,National Education Network Resources,0.0,1319476079,0.0,0.15000000000000002,75,1,1,1,"(1, 9)",1,-0.2667879099459946,0.15000000000000002,-0.23962339588655318,1.4935886941674523
qtype_programmedresp,Programmed responses,1.0,1328028203,0.0,0.15000000000000002,83,1,1,1,"(1, 9)",1,-0.26616210606200913,0.15000000000000002,-0.23962339588655318,1.4942144980514378
mod_journal,Journal,3670.0,1785186601,0.0,0.15000000000000002,77,4,0,0,"(5, 2)",0,2.0299123442805658,0.15000000000000002,-0.23962339588655318,1.7902889483940125
mod_hotquestion,Hot Question,909.0,1785600601,0.0,0.15000000000000002,190,1,1,0,"(5, 2)",0,0.30206782059676923,0.15000000000000002,-0.23962339588655318,1.062444424710216
mod_forumanon,Anonymizable Forum,1.0,1319374848,0.0,0.15000000000000002,79,1,1,1,"(2, 1)",1,-0.26616210606200913,0.15000000000000002,-0.23962339588655318,1.4942144980514378
qbehaviour_regexpadaptivewithhelp,RegExp Adaptive mode with Help,1129.0,1728403916,2.0,0.42049921875000007,2897,2,0,0,"(5, 0)",0,0.43974467507356574,2.42049921875,2.3378936487418964,2.777638323815462
qbehaviour_regexpadaptivewithhelpnopenalty,RegExp Adaptive mode with Help (no penalties),1113.0,1728403991,1.0,0.227296875,2897,2,0,0,"(5, 0)",0,0.42973181292979873,1.227296875,0.9833459997894233,1.413077812719222
qtype_regexp,Regular expression short answer,1072.0,1746276170,1.0,0.181875,2897,2,0,0,"(5, 0)",0,0.40407385368639576,1.181875,0.9317821604167159,1.3358560141031117
mod_guidedquiz,Guided quiz,1.0,1326791573,0.0,0.15000000000000002,83,1,1,1,"(1, 9)",1,-0.26616210606200913,0.15000000000000002,-0.23962339588655318,1.4942144980514378
mod_scheduler,Scheduler,5453.0,1785946201,0.0,0.15000000000000002,734,3,0,0,"(5, 2)",0,3.145720669426603,0.15000000000000002,-0.23962339588655318,2.9060972735400497
block_my_files,My Files,1.0,1320918702,0.0,0.15000000000000002,1127,1,1,1,"(1, 9)",1,-0.26616210606200913,0.15000000000000002,-0.23962339588655318,1.4942144980514378
mod_flashcard,Flash Card Set,764.0,1686301108,0.0,0.15000000000000002,611,2,0,1,"(4, 2)",0,0.21132625741888064,0.15000000000000002,-0.23962339588655318,0.9717028615323274
mod_movilquizlite,MovilQuiz - Lite,1.0,1322256532,0.0,0.15000000000000002,87,1,1,1,"(2, 1)",1,-0.26616210606200913,0.15000000000000002,-0.23962339588655318,1.4942144980514378
qtype_multinumerical,Multinumerical,404.0,1673889102,0.0,0.15000000000000002,2897,2,0,1,"(4, 5)",0,-0.013963140815877325,0.15000000000000002,-0.23962339588655318,0.7464134632975694
mod_choicegroup,Group choice,7882.0,1770311712,0.0,0.15000000000000002,2897,2,0,0,"(5, 1)",0,4.665798303627233,0.15000000000000002,-0.23962339588655318,4.4261749077406805
mod_reservation,Reservation,903.0,1667898634,0.0,0.15000000000000002,1433,1,1,1,"(4, 5)",0,0.29831299729285665,0.15000000000000002,-0.23962339588655318,2.0586896014063036
enrol_invitation,Invitation,721.0,1728961960,0.0,0.15000000000000002,2888,1,1,0,"(4, 5)",0,0.18441669040750677,0.15000000000000002,-0.23962339588655318,0.9447932945209536
local_wstemplate,Web service template,36.0,1326094511,0.0,0.15000000000000002,92,1,1,1,"(2, 2)",1,-0.2442589701225188,0.15000000000000002,-0.23962339588655318,1.5161176339909281
block_fn_marking,NED - Marking Manager,212.0,1507853159,0.0,0.15000000000000002,388,1,1,1,"(3, 3)",1,-0.13411748654108158,0.15000000000000002,-0.23962339588655318,1.6262591175723653
mod_tab,oohoo - Tab display,426.0,1561408029,0.0,0.15000000000000002,236,2,0,1,"(3, 7)",1,-0.00019545536819767166,0.15000000000000002,-0.23962339588655318,0.7601811487452491
block_google_adsense,Google Adsense block,6.0,1361733641,0.0,0.15000000000000002,364,1,1,1,"(2, 4)",1,-0.26303308664208197,0.15000000000000002,-0.23962339588655318,1.4973435174713647
block_twitter_search,Twitter Search Block,1.0,1334584909,0.0,0.15000000000000002,96,1,1,1,"(2, 2)",1,-0.26616210606200913,0.15000000000000002,-0.23962339588655318,1.4942144980514378
block_exaport,Exabis E-Portfolio,1323.0,1787667003,1.0,0.2775,539,2,0,0,"(5, 2)",0,0.5611506285667409,1.2775,1.040337611727679,1.60148824029442
block_mylivechat,MyLiveChat,75.0,1731605031,0.0,0.15000000000000002,98,1,1,0,"(4, 5)",0,-0.2198526186470867,0.15000000000000002,-0.23962339588655318,0.5405239854663602
auth_loginza,Authentication broker loginza.ru,2.0,1322688767,0.0,0.15000000000000002,100,1,1,1,"(2, 1)",1,-0.2655363021780237,0.15000000000000002,-0.23962339588655318,1.494840301935423
block_loginplus,Login+,1.0,1322428970,0.0,0.15000000000000002,100,1,1,1,"(2, 1)",1,-0.26616210606200913,0.15000000000000002,-0.23962339588655318,1.4942144980514378
local_adminer,Moodle Adminer,5783.0,1778764974,2.0,0.19597780114001218,734,1,1,0,"(5, 2)",0,3.3522359511417976,2.195977801140012,2.0830123539170136,6.435248305058812
mod_lightboxgallery,Lightbox Gallery,4010.0,1774424015,0.0,0.15000000000000002,293,2,0,0,"(5, 1)",0,2.242685664835615,0.15000000000000002,-0.23962339588655318,2.0030622689490616
mod_geogebra,GeoGebra,3031.0,1782197326,0.0,0.15000000000000002,220,4,0,0,"(5, 2)",0,1.6300236624138704,0.15000000000000002,-0.23962339588655318,1.3904002665273172
qtype_conceptmap,Concept Map Question Type,455.0,1424631080,0.0,0.15000000000000002,104,1,1,1,"(2, 8)",1,0.01795285726738005,0.15000000000000002,-0.23962339588655318,1.778329461380827
enrol_signup,Signup,183.0,1785348600,0.0,0.15000000000000002,129,1,1,0,"(5, 2)",0,-0.1522657991766593,0.15000000000000002,-0.23962339588655318,0.6081108049367875
auth_mcae,Auto assign cohort (deprecated for local_cohortauto),135.0,1456735824,0.0,0.15000000000000002,562,2,0,1,"(3, 0)",1,-0.18230438560796036,0.15000000000000002,-0.23962339588655318,0.5780722185054865
theme_fadeback,fadeback,16.0,1355012750,0.0,0.15000000000000002,843,1,1,1,"(2, 4)",1,-0.2567750478022276,0.15000000000000002,-0.23962339588655318,1.5036015563112193
mod_designproject,Design Project,1.0,1322854735,0.0,0.15000000000000002,108,1,1,1,"(1, 9)",1,-0.26616210606200913,0.15000000000000002,-0.23962339588655318,1.4942144980514378
mod_checklist,Checklist activity,8596.0,1777043306,2.0,0.405,5,1,1,0,"(5, 2)",0,5.112622276792837,2.4050000000000002,2.3202986193419117,8.432920896134748
block_checklist,Checklist block,2837.0,1777043355,0.0,0.15000000000000002,5,1,1,0,"(5, 2)",0,1.5086177089206954,0.15000000000000002,-0.23962339588655318,2.268994313034142
gradeexport_checklist,Checklist - grade export,1458.0,1777043360,0.0,0.15000000000000002,5,1,1,0,"(5, 2)",0,0.6456341529047751,0.15000000000000002,-0.23962339588655318,1.4060107570182219
local_openid_idp,OpenID provider,16.0,1362179344,0.0,0.15000000000000002,112,1,1,1,"(2, 4)",1,-0.2567750478022276,0.15000000000000002,-0.23962339588655318,1.5036015563112193
block_course_overview_plus,Course overview plus,4.0,1345888388,0.0,0.15000000000000002,113,1,1,1,"(2, 3)",1,-0.2642846944100528,0.15000000000000002,-0.23962339588655318,1.496091909703394
assignment_team,Team Assignment,5.0,1334299130,0.0,0.15000000000000002,114,2,0,1,"(2, 2)",1,-0.2636588905260674,0.15000000000000002,-0.23962339588655318,0.4967177135873795
mod_richmedia,Rich Media,64.0,1530285027,0.0,0.15000000000000002,332,1,1,1,"(3, 3)",1,-0.2267364613709265,0.15000000000000002,-0.23962339588655318,1.5336401427425204
mod_checkmark,Checkmark,398.0,1785593402,1.0,0.2775,1188,1,1,0,"(5, 2)",0,-0.01771796411978996,1.2775,1.040337611727679,2.022619647607889
mod_facetoface,Facetoface,1429.0,1766020617,1.0,0.2775,562,2,0,0,"(4, 5)",0,0.6274858402691974,1.2775,1.040337611727679,1.6678234519968764
plagiarism_turnitin,Turnitin plagiarism plugin,2965.0,1785341401,0.0,0.15000000000000002,1502,3,0,0,"(5, 2)",0,1.5887206060708314,0.15000000000000002,-0.23962339588655318,1.3490972101842782
plagiarism_urkund,Ouriginal plagiarism plugin,592.0,1697197076,0.0,0.15000000000000002,119,1,1,0,"(4, 1)",0,0.10368798937338516,0.15000000000000002,-0.23962339588655318,0.864064593486832
block_cam_mycourses,My courses,14.0,1340315930,0.0,0.15000000000000002,562,1,1,1,"(2, 2)",1,-0.25802665557019844,0.15000000000000002,-0.23962339588655318,1.5023499485432483
block_lightboxgallery_random,Lightbox Gallery Randomizer,2.0,1323679847,0.0,0.15000000000000002,142,1,1,1,"(1, 9)",1,-0.2655363021780237,0.15000000000000002,-0.23962339588655318,1.494840301935423
report_customsql,Ad-hoc database queries,4777.0,1783303468,0.0,0.15000000000000002,2941,3,0,0,"(5, 1)",0,2.7226772438524462,0.15000000000000002,-0.23962339588655318,2.483053847965893
enrol_dps,DPS Payment Gateway,4.0,1323818921,0.0,0.15000000000000002,562,2,0,1,"(2, 2)",1,-0.2642846944100528,0.15000000000000002,-0.23962339588655318,0.496091909703394
block_quickfindlist,Quickfind List,298.0,1744617729,0.0,0.15000000000000002,562,2,0,0,"(5, 0)",0,-0.08029835251833384,0.15000000000000002,-0.23962339588655318,-0.319921748404887
block_messageteacher,Message My Teacher,1328.0,1744619943,0.0,0.15000000000000002,562,1,1,0,"(5, 0)",0,0.5642796479866681,0.15000000000000002,-0.23962339588655318,1.3246562521001148
block_quickcourselist,Quick Course List,343.0,1749484881,0.0,0.15000000000000002,646,2,0,0,"(4, 5)",0,-0.05213717773898909,0.15000000000000002,-0.23962339588655318,-0.29176057362554225
auth_uniquelogin,Unique Login,603.0,1664457282,0.0,0.15000000000000002,2891,1,1,1,"(4, 1)",0,0.11057183209722499,0.15000000000000002,-0.23962339588655318,1.8709484362106719
block_online_users_map,Online Users Map,10.0,1366466554,0.0,0.15000000000000002,128,1,1,1,"(2, 4)",1,-0.2605298711061402,0.15000000000000002,-0.23962339588655318,1.4998467330073066
auth_joomdle,Joomdle,419.0,1785240601,0.0,0.15000000000000002,129,1,1,0,"(5, 2)",0,-0.004576082556095743,0.15000000000000002,-0.23962339588655318,0.7558005215573511
block_accessibility,Accessibility Page Options,2690.0,1783960126,0.0,0.15000000000000002,947,1,1,0,"(5, 2)",0,1.416624537974836,0.15000000000000002,-0.23962339588655318,2.1770011420882827
block_graph_stats,Statistics (Graph Stats),459.0,1447005802,0.0,0.15000000000000002,2918,2,0,1,"(3, 9)",1,0.020456072803321807,0.15000000000000002,-0.23962339588655318,0.7808326769167686
filter_wiris,MathType filter by WIRIS,5183.0,1776765757,4.0,1.4046910714285714,776,1,1,0,"(5, 2)",0,2.9767536207505345,5.404691071428571,5.7256091349225136,9.702362755673049
theme_autoblack,Auto Black,2.0,1327761073,0.0,0.15000000000000002,133,1,1,1,"(2, 2)",1,-0.2655363021780237,0.15000000000000002,-0.23962339588655318,1.494840301935423
filter_scratch,Scratch,92.0,1325193594,0.0,0.15000000000000002,582,1,1,1,"(2, 2)",1,-0.20921395261933423,0.15000000000000002,-0.23962339588655318,1.5511626514941126
local_davroot,DAVRoot,5.0,1352100638,0.0,0.15000000000000002,1270,1,1,1,"(2, 5)",1,-0.2636588905260674,0.15000000000000002,-0.23962339588655318,1.4967177135873795
theme_bbytefusionmod,Bbyte Fusion Mod,21.0,1326727015,0.0,0.15000000000000002,461,1,1,1,"(2, 9)",1,-0.2536460283823004,0.15000000000000002,-0.23962339588655318,1.5067305757311464
theme_melbourne,Melbourne,7.0,1326116265,0.0,0.15000000000000002,137,1,1,1,"(2, 7)",1,-0.2624072827580965,0.15000000000000002,-0.23962339588655318,1.4979693213553502
mod_questionnaire,Questionnaire,16857.0,1779467175,1.0,0.2775,1425,1,1,0,"(5, 2)",0,10.282388162396547,1.2775,1.040337611727679,12.322725774124226
mod_certificateswall,Certificates Wall,1.0,1355375646,0.0,0.15000000000000002,238,1,1,1,"(2, 4)",1,-0.26616210606200913,0.15000000000000002,-0.23962339588655318,1.4942144980514378
block_css_theme_tool,CSS theme tool,11.0,1337658143,0.0,0.15000000000000002,392,1,1,1,"(2, 2)",1,-0.25990406722215476,0.15000000000000002,-0.23962339588655318,1.5004725368912921
mod_dataplus,DataPlus,4.0,1474368009,0.0,0.15000000000000002,56,1,1,1,"(3, 1)",1,-0.2642846944100528,0.15000000000000002,-0.23962339588655318,1.496091909703394
mod_verbosity,Verbosity,1.0,1326711368,0.0,0.15000000000000002,142,1,1,1,"(1, 9)",1,-0.26616210606200913,0.15000000000000002,-0.23962339588655318,1.4942144980514378
block_course_contacts,Course Contacts Block,790.0,1591546650,0.0,0.15000000000000002,1433,2,0,1,"(3, 10)",1,0.22759715840250205,0.15000000000000002,-0.23962339588655318,0.9879737625159488
theme_fabric,fabric,4.0,1328098007,0.0,0.15000000000000002,843,1,1,1,"(2, 1)",1,-0.2642846944100528,0.15000000000000002,-0.23962339588655318,1.496091909703394
theme_aardvark_automenu,Aardvark Automenu,1.0,1326859036,0.0,0.15000000000000002,602,1,1,1,"(1, 9)",1,-0.26616210606200913,0.15000000000000002,-0.23962339588655318,1.4942144980514378
theme_rocket,Rocket,100.0,1651837722,0.0,0.15000000000000002,2888,1,1,1,"(3, 11)",1,-0.2042075215474507,0.15000000000000002,-0.23962339588655318,1.5561690825659962
block_sitenavigation,sitenavigation,1.0,1372964095,0.0,0.15000000000000002,2891,1,1,1,"(2, 3)",1,-0.26616210606200913,0.15000000000000002,-0.23962339588655318,1.4942144980514378
mod_quizport,QuizPort,1.0,1461551441,0.0,0.15000000000000002,150,1,1,1,"(1, 9)",1,-0.26616210606200913,0.15000000000000002,-0.23962339588655318,1.4942144980514378
mod_hotpot,HotPot,4342.0,1746254301,1.0,0.2775,150,1,1,0,"(5, 0)",0,2.4504525543187805,1.2775,1.040337611727679,4.49079016604646
qformat_hotpot,HotPot question import for Moodle 2.x,929.0,1666765259,0.0,0.15000000000000002,150,1,1,1,"(4, 0)",1,0.31458389827647804,0.15000000000000002,-0.23962339588655318,2.074960502389925
block_activity_track,Activity track,47.0,1592463013,0.0,0.15000000000000002,151,1,1,1,"(3, 9)",1,-0.23737512739867897,0.15000000000000002,-0.23962339588655318,1.523001476714768
block_userexpire,User Expire block,56.0,1780062496,0.0,0.15000000000000002,152,1,1,0,"(5, 2)",0,-0.23174289244281002,0.15000000000000002,-0.23962339588655318,0.5286337116706368
auth_igovt,igovt Authentication Plugin,0.0,1328052760,0.0,0.15000000000000002,562,1,1,1,"(1, 9)",1,-0.2667879099459946,0.15000000000000002,-0.23962339588655318,1.4935886941674523
block_course_results,Course Results,23.0,1331713237,0.0,0.15000000000000002,155,1,1,1,"(2, 2)",1,-0.2523944206143295,0.15000000000000002,-0.23962339588655318,1.5079821834991174
block_course_program,Course Program,16.0,1331712851,0.0,0.15000000000000002,155,1,1,1,"(2, 2)",1,-0.2567750478022276,0.15000000000000002,-0.23962339588655318,1.5036015563112193
filter_toc,Table of Contents Generator,46.0,1693465398,0.0,0.15000000000000002,156,1,1,1,"(4, 2)",0,-0.23800093128266442,0.15000000000000002,-0.23962339588655318,1.5223756728307825
block_courseaward_vote,Course Awards - Vote,18.0,1349949206,2.0,0.39543750000000005,158,1,1,1,"(2, 3)",1,-0.2555234400342567,2.3954375,2.3094430742108147,4.053919634176558
block_courseaward_medal,Course Awards - Medal,14.0,1349949107,1.0,0.21375000000000002,158,1,1,1,"(2, 3)",1,-0.25802665557019844,1.21375,0.9679673108537037,2.7099406552835053
report_courseawards,Course Awards,5.0,1349949316,0.0,0.15000000000000002,158,1,1,1,"(2, 3)",1,-0.2636588905260674,0.15000000000000002,-0.23962339588655318,1.4967177135873795
editor_supsub,Old Superscript/subscript editor please do not use any more,2.0,1415819100,0.0,0.15000000000000002,2941,1,1,1,"(3, 1)",1,-0.2655363021780237,0.15000000000000002,-0.23962339588655318,1.494840301935423
qtype_pmatchjme,Pattern match with molecular editor,317.0,1758859445,0.0,0.15000000000000002,2941,3,0,0,"(5, 0)",0,-0.0684080787226105,0.15000000000000002,-0.23962339588655318,-0.3080314746091637
qtype_pmatch,Pattern match,1600.0,1752756274,3.0,0.46875000000000006,2941,4,0,0,"(5, 0)",0,0.7344983044307074,3.46875,3.527889326082168,4.262387630512875
qtype_gapselect,Select missing words,54.0,1426692103,3.0,0.5229375,2941,4,0,1,"(2, 9)",1,-0.23299450021078089,3.5229375000000003,3.5894040818250477,4.356409581614267
qtype_ddwtos,Drag and drop into text,39.0,1426692203,0.0,0.15000000000000002,2941,5,0,1,"(2, 9)",1,-0.24238155847056247,0.15000000000000002,-0.23962339588655318,0.5179950456428843
qtype_ddimageortext,Drag and drop onto image,48.0,1431326365,1.0,0.21375000000000002,2941,4,0,1,"(2, 9)",1,-0.23674932351469352,1.21375,0.9679673108537037,1.7312179873390101
qtype_ddmarker,Drag and drop markers,29.0,1426692216,0.0,0.15000000000000002,2941,3,0,1,"(2, 9)",1,-0.24863959731041688,0.15000000000000002,-0.23962339588655318,0.5117370068030299
qtype_oumultiresponse,OU multiple response,1590.0,1753782156,0.0,0.15000000000000002,2941,4,0,0,"(5, 0)",0,0.728240265590853,0.15000000000000002,-0.23962339588655318,0.4886168697042998
qtype_varnumericset,Variable numeric set,799.0,1750957583,2.0,0.34125000000000005,2941,3,0,0,"(5, 0)",0,0.23322939335837098,2.34125,2.247928318467936,2.481157711826307
qtype_varnumeric,Variable numeric,673.0,1751477507,0.0,0.15000000000000002,2941,3,0,0,"(5, 0)",0,0.15437810397620572,0.15000000000000002,-0.23962339588655318,-0.08524529191034746
qtype_opaque,Opaque,106.0,1656423067,1.0,0.9612404689154856,2941,2,0,1,"(4, 0)",1,-0.2004526982435381,1.9612404689154856,1.8165337443571183,2.61608104611358
qbehaviour_opaque,Question managed by a remote engine,105.0,1656423088,1.0,0.9612404689154856,2941,2,0,1,"(4, 0)",1,-0.2010785021275235,1.9612404689154856,1.8165337443571183,2.615455242229595
mod_attendanceregister,Attendance Register,1907.0,1744191644,0.0,0.15000000000000002,172,1,1,0,"(4, 5)",0,0.9266200968142371,0.15000000000000002,-0.23962339588655318,1.6869967009276838
block_mrbs,MRBS,536.0,1477041847,0.0,0.15000000000000002,5,1,1,1,"(3, 1)",1,0.06864297187020059,0.15000000000000002,-0.23962339588655318,1.8290195759836474
block_analytics_recommendations,Analytics and Recommendations,13.0,1333907189,0.0,0.15000000000000002,174,1,1,1,"(2, 2)",1,-0.25865245945418386,0.15000000000000002,-0.23962339588655318,1.501724144659263
block_facility_to_moodle,Facility To Moodle 2,2.0,1368090417,0.0,0.15000000000000002,176,2,0,1,"(2, 5)",1,-0.2655363021780237,0.15000000000000002,-0.23962339588655318,0.49484030193542305
block_mis,Parental Portal,2.0,1368102822,0.0,0.15000000000000002,176,2,0,1,"(2, 5)",1,-0.2655363021780237,0.15000000000000002,-0.23962339588655318,0.49484030193542305
block_smb_web_client,"Windows Share access (AKA Network Drive Access, SMB Web Client)",15.0,1424191325,0.0,0.15000000000000002,178,1,1,1,"(2, 7)",1,-0.257400851686213,0.15000000000000002,-0.23962339588655318,1.5029757524272338
auth_ldapcapture,LDAP Capture,4.0,1359114259,0.0,0.15000000000000002,178,1,1,1,"(2, 4)",1,-0.2642846944100528,0.15000000000000002,-0.23962339588655318,1.496091909703394
filter_screencast,Screencast Filter,4.0,1331671003,0.0,0.15000000000000002,195,1,1,1,"(2, 2)",1,-0.2642846944100528,0.15000000000000002,-0.23962339588655318,1.496091909703394
theme_solstice,Solstice,11.0,1329416793,0.0,0.15000000000000002,843,1,1,1,"(2, 1)",1,-0.25990406722215476,0.15000000000000002,-0.23962339588655318,1.5004725368912921
auth_liveid,Windows Live ID,6.0,1346968579,0.0,0.15000000000000002,182,1,1,1,"(2, 2)",1,-0.26303308664208197,0.15000000000000002,-0.23962339588655318,1.4973435174713647
block_live_services,Microsoft&reg;&nbsp;Live Services,8.0,1331155046,0.0,0.15000000000000002,182,1,1,1,"(2, 1)",1,-0.2617814788741111,0.15000000000000002,-0.23962339588655318,1.4985951252393357
block_exacomp,Exabis Competencies - Competence grids,430.0,1783585134,0.0,0.15000000000000002,539,2,0,0,"(5, 2)",0,0.0023077601677440837,0.15000000000000002,-0.23962339588655318,-0.2373156357188091
block_course_ascendants,Ascendants courses,9.0,1399070658,0.0,0.15000000000000002,611,3,0,1,"(2, 5)",1,-0.26115567499012565,0.15000000000000002,-0.23962339588655318,0.49922092912332117
auth_linkedin,LinkedinAuth,27.0,1430317216,1.0,0.9612404689154856,2081,1,1,1,"(2, 9)",1,-0.24989120507838775,1.9612404689154856,1.8165337443571183,3.566642539278731
block_linkedin,Linkedin,27.0,1377079411,1.0,0.9612404689154856,2081,1,1,1,"(2, 5)",1,-0.24989120507838775,1.9612404689154856,1.8165337443571183,3.566642539278731
repository_mycoursesfiles,My courses files,4.0,1330703168,0.0,0.15000000000000002,187,1,1,1,"(2, 2)",1,-0.2642846944100528,0.15000000000000002,-0.23962339588655318,1.496091909703394
local_moodlecheck,Moodle PHPdoc check,202.0,1711558906,0.0,0.15000000000000002,947,2,0,0,"(4, 4)",0,-0.14037552538093595,0.15000000000000002,-0.23962339588655318,-0.37999892126748913
qtype_matrix,Matrix question,1928.0,1761568455,0.0,0.15000000000000002,2897,2,0,0,"(5, 1)",0,0.9397619783779313,0.15000000000000002,-0.23962339588655318,0.7001385824913782
mod_skype,Skype,690.0,1745518057,0.0,0.15000000000000002,190,1,1,0,"(5, 0)",0,0.16501677000395817,0.15000000000000002,-0.23962339588655318,0.925393374117405
enrol_cvent,Enrol-Cvent,1.0,1423363735,0.0,0.15000000000000002,843,1,1,1,"(2, 6)",1,-0.26616210606200913,0.15000000000000002,-0.23962339588655318,1.4942144980514378
block_dedication,Course dedication,7466.0,1721612679,2.0,0.405,562,2,0,0,"(4, 4)",0,4.405463887889291,2.4050000000000002,2.3202986193419117,6.725762507231202
block_admin_presets,Admin presets,1383.0,1670856419,0.0,0.15000000000000002,1059,3,0,1,"(5, 1)",0,0.5986988616058672,0.15000000000000002,-0.23962339588655318,1.359075465719314
block_boaidp,boaidp,1.0,1374650629,0.0,0.15000000000000002,194,1,1,1,"(2, 5)",1,-0.26616210606200913,0.15000000000000002,-0.23962339588655318,1.4942144980514378
local_camtasia_relay,Camtasia Relay Notification Plugin,1.0,1331735161,0.0,0.15000000000000002,195,1,1,1,"(2, 2)",1,-0.26616210606200913,0.15000000000000002,-0.23962339588655318,1.4942144980514378
mod_media,External Media,1.0,1331903010,0.0,0.15000000000000002,196,1,1,1,"(2, 2)",1,-0.26616210606200913,0.15000000000000002,-0.23962339588655318,1.4942144980514378
mod_nln,NLN Learning Object,36.0,1460115914,0.0,0.15000000000000002,697,1,1,1,"(3, 5)",1,-0.2442589701225188,0.15000000000000002,-0.23962339588655318,1.5161176339909281
theme_ville,ville,6.0,1332161406,0.0,0.15000000000000002,843,1,1,1,"(2, 2)",1,-0.26303308664208197,0.15000000000000002,-0.23962339588655318,1.4973435174713647
theme_custom_corners,Custom Corners,9.0,1332210041,0.0,0.15000000000000002,602,1,1,1,"(2, 2)",1,-0.26115567499012565,0.15000000000000002,-0.23962339588655318,1.4992209291233212
block_admin_email,Administrative Email,4.0,1332340585,0.0,0.15000000000000002,200,3,0,1,"(2, 2)",1,-0.2642846944100528,0.15000000000000002,-0.23962339588655318,0.496091909703394
block_usermap,Track the user location,3.0,1332343401,0.0,0.15000000000000002,202,1,1,1,"(2, 1)",1,-0.2649104982940383,0.15000000000000002,-0.23962339588655318,1.4954661058194085
block_twitter_feed,Twitter feeder,8.0,1332400988,0.0,0.15000000000000002,202,1,1,1,"(2, 1)",1,-0.2617814788741111,0.15000000000000002,-0.23962339588655318,1.4985951252393357
filter_poodll,Poodll Filter,2291.0,1786893002,8.0,1.17,204,1,1,0,"(5, 2)",0,1.1669287882646455,9.17,10.000064665027304,12.16699345329195
repository_poodll,Poodll Repository,604.0,1574396297,0.0,0.15000000000000002,204,1,1,1,"(3, 11)",1,0.11119763598121044,0.15000000000000002,-0.23962339588655318,1.8715742400946573
block_login_logout,Login/Logout,52.0,1335656149,0.0,0.15000000000000002,205,1,1,1,"(2, 2)",1,-0.23424610797875178,0.15000000000000002,-0.23962339588655318,1.526130496134695
mod_dinsysconnect,A 1 and all web conferencing : Dinsys Connect,1.0,1377070458,0.0,0.15000000000000002,206,1,1,1,"(2, 5)",1,-0.26616210606200913,0.15000000000000002,-0.23962339588655318,1.4942144980514378
theme_aerie,Aerie,2.0,1351639387,0.0,0.15000000000000002,257,1,1,1,"(2, 2)",1,-0.2655363021780237,0.15000000000000002,-0.23962339588655318,1.494840301935423
block_rss_plus,RSS Plus,9.0,1472225469,0.0,0.15000000000000002,2888,1,1,1,"(3, 1)",1,-0.26115567499012565,0.15000000000000002,-0.23962339588655318,1.4992209291233212
enrol_lmb,Banner/Luminis Message Broker,45.0,1582770023,0.0,0.15000000000000002,673,1,1,1,"(3, 9)",1,-0.23862673516664984,0.15000000000000002,-0.23962339588655318,1.521749868946797
mod_booking,Booking,1540.0,1787130601,0.0,0.15000000000000002,1983,2,0,0,"(5, 2)",0,0.696950071391581,0.15000000000000002,-0.23962339588655318,0.45732667550502787
mod_registration,Registration,98.0,1603379324,0.0,0.15000000000000002,852,2,0,1,"(3, 9)",1,-0.2054591293154216,0.15000000000000002,-0.23962339588655318,0.5549174747980252
theme_liven,liven,9.0,1359164047,0.0,0.15000000000000002,843,1,1,1,"(2, 4)",1,-0.26115567499012565,0.15000000000000002,-0.23962339588655318,1.4992209291233212
format_weeksrev,Weekly format reversed,122.0,1761573018,0.0,0.15000000000000002,1433,1,1,0,"(5, 1)",0,-0.19043983609977105,0.15000000000000002,-0.23962339588655318,0.5699367680136758
block_ekg,Enrolment Key Generator,2.0,1334220896,0.0,0.15000000000000002,158,1,1,1,"(2, 2)",1,-0.2655363021780237,0.15000000000000002,-0.23962339588655318,1.494840301935423
mod_teacherdiary,Teacher Diary,1.0,1341415165,0.0,0.15000000000000002,273,1,1,1,"(1, 9)",1,-0.26616210606200913,0.15000000000000002,-0.23962339588655318,1.4942144980514378
mod_exagames,Exabis Games,317.0,1733487269,0.0,0.15000000000000002,539,1,1,0,"(4, 0)",1,-0.0684080787226105,0.15000000000000002,-0.23962339588655318,0.6919685253908363
block_openscout_simple,OpenScout Search,1.0,1340883988,0.0,0.15000000000000002,218,1,1,1,"(2, 0)",1,-0.26616210606200913,0.15000000000000002,-0.23962339588655318,1.4942144980514378
block_openscout,OpenScout Full Search,1.0,1340884072,0.0,0.15000000000000002,218,1,1,1,"(2, 0)",1,-0.26616210606200913,0.15000000000000002,-0.23962339588655318,1.4942144980514378
filter_coins,COinS,20.0,1411537277,0.0,0.15000000000000002,219,2,0,1,"(2, 7)",1,-0.2542718322662858,0.15000000000000002,-0.23962339588655318,0.506104771847161
mod_jclic,JClic,1046.0,1748423021,0.0,0.15000000000000002,220,4,0,0,"(4, 5)",0,0.3878029527027743,0.15000000000000002,-0.23962339588655318,0.14817955681622114
block_course_quick_access,Course Quick Access,4.0,1335604316,0.0,0.15000000000000002,221,1,1,1,"(2, 2)",1,-0.2642846944100528,0.15000000000000002,-0.23962339588655318,1.496091909703394
assignment_poodllonline,PoodLL Online (old),47.0,1387557635,0.0,0.15000000000000002,204,1,1,1,"(2, 6)",1,-0.23737512739867897,0.15000000000000002,-0.23962339588655318,1.523001476714768
qtype_poodllrecording,Poodll Recording,1123.0,1728370266,0.0,0.15000000000000002,204,1,1,0,"(5, 2)",0,0.4359898517696531,0.15000000000000002,-0.23962339588655318,1.1963664558831
mod_etherpad,Etherpad and Moodle Integration,9.0,1341326427,0.0,0.15000000000000002,2888,1,1,1,"(2, 5)",1,-0.26115567499012565,0.15000000000000002,-0.23962339588655318,1.4992209291233212
block_openbiblio,OpenBiblio Block,7.0,1574957879,0.0,0.15000000000000002,225,1,1,1,"(3, 8)",1,-0.2624072827580965,0.15000000000000002,-0.23962339588655318,1.4979693213553502
theme_cover,cover,11.0,1356831184,0.0,0.15000000000000002,843,1,1,1,"(2, 4)",1,-0.25990406722215476,0.15000000000000002,-0.23962339588655318,1.5004725368912921
repository_recordaudio,Record Audio,90.0,1444338127,0.0,0.15000000000000002,364,1,1,1,"(3, 0)",1,-0.2104655603873051,0.15000000000000002,-0.23962339588655318,1.5499110437261416
report_editidnumber,ID Numbers,62.0,1759461617,0.0,0.15000000000000002,2941,3,0,0,"(5, 0)",0,-0.22798806913889738,0.15000000000000002,-0.23962339588655318,-0.4676114650254506
report_editdates,Dates,1559.0,1759460900,0.0,0.15000000000000002,2941,3,0,0,"(5, 0)",0,0.7088403451873044,0.15000000000000002,-0.23962339588655318,0.46921694930075125
report_editgroups,Groups,272.0,1755790112,0.0,0.15000000000000002,2941,3,0,0,"(5, 0)",0,-0.09656925350195525,0.15000000000000002,-0.23962339588655318,-0.33619264938850846
theme_aardvark_shs,Aardvark South Hunsley School Pro 1.0,1.0,1337254056,0.0,0.15000000000000002,75,1,1,1,"(1, 9)",1,-0.26616210606200913,0.15000000000000002,-0.23962339588655318,1.4942144980514378
theme_standard_fluid,Standard Fluid,19.0,1337335014,0.0,0.15000000000000002,415,1,1,1,"(2, 6)",1,-0.2548976361502713,0.15000000000000002,-0.23962339588655318,1.5054789679631755
block_livemood,LIVE-SCHOOL,392.0,1788267422,0.0,0.15000000000000002,233,2,0,0,"(5, 2)",0,-0.02147278742370259,0.15000000000000002,-0.23962339588655318,-0.26109618331025575
enrol_apply,Enrolment upon approval,2265.0,1697726185,0.0,0.15000000000000002,433,2,0,0,"(4, 1)",0,1.1506578872810242,0.15000000000000002,-0.23962339588655318,0.911034491394471
tool_editrolesbycap,Edit roles by capability,764.0,1759481782,0.0,0.15000000000000002,2941,3,0,0,"(5, 0)",0,0.21132625741888064,0.15000000000000002,-0.23962339588655318,-0.02829713846767254
mod_languagelab,OWLL oohoo Web-based Language Lab (formerly MoodLL),9.0,1417037414,0.0,0.15000000000000002,236,2,0,1,"(2, 8)",1,-0.26115567499012565,0.15000000000000002,-0.23962339588655318,0.49922092912332117
theme_laura,laura,8.0,1341515836,0.0,0.15000000000000002,237,1,1,1,"(2, 2)",1,-0.2617814788741111,0.15000000000000002,-0.23962339588655318,1.4985951252393357
profilefield_certificateswall,CertificatesWall profile,3.0,1339055925,0.0,0.15000000000000002,238,1,1,1,"(2, 4)",1,-0.2649104982940383,0.15000000000000002,-0.23962339588655318,1.4954661058194085
local_user_bulk_editor,UBEditor,1.0,1342684314,0.0,0.15000000000000002,239,1,1,1,"(2, 3)",1,-0.26616210606200913,0.15000000000000002,-0.23962339588655318,1.4942144980514378
block_forum_aggregator,Forum Aggregator,125.0,1584997925,0.0,0.15000000000000002,244,1,1,1,"(3, 11)",1,-0.18856242444781474,0.15000000000000002,-0.23962339588655318,1.571814179665632
local_resort_courses,Re-sort Courses,610.0,1783198843,0.0,0.15000000000000002,242,2,0,0,"(5, 2)",0,0.11495245928512306,0.15000000000000002,-0.23962339588655318,-0.12467093660143012
local_staticpage,Static Pages,4869.0,1783233606,0.0,0.15000000000000002,242,2,0,0,"(5, 2)",0,2.7802512011791065,0.15000000000000002,-0.23962339588655318,2.5406278052925533
block_people,People,1686.0,1783197557,0.0,0.15000000000000002,242,2,0,0,"(5, 2)",0,0.7883174384534551,0.15000000000000002,-0.23962339588655318,0.548694042566902
mod_mindmap,Mindmap,2010.0,1731956018,0.0,0.15000000000000002,244,1,1,0,"(5, 0)",0,0.9910778968647374,0.15000000000000002,-0.23962339588655318,1.7514545009781841
enrol_autoenrol,AutoEnrol ,5666.0,1741964381,0.0,0.15000000000000002,1433,2,0,0,"(4, 5)",0,3.2790168967155013,0.15000000000000002,-0.23962339588655318,3.039393500828948
enrol_shebang,SHEBanG,7.0,1537462569,0.0,0.15000000000000002,457,1,1,1,"(3, 5)",1,-0.2624072827580965,0.15000000000000002,-0.23962339588655318,1.4979693213553502
mod_livestreaming,Live Streaming,6.0,1340699382,0.0,0.15000000000000002,248,1,1,1,"(2, 3)",1,-0.26303308664208197,0.15000000000000002,-0.23962339588655318,1.4973435174713647
mod_videochat,2 Way Video Chat,2.0,1340699698,0.0,0.15000000000000002,248,1,1,1,"(2, 3)",1,-0.2655363021780237,0.15000000000000002,-0.23962339588655318,1.494840301935423
mod_videoconference,Video Conference,2.0,1340699958,0.0,0.15000000000000002,248,1,1,1,"(2, 3)",1,-0.2655363021780237,0.15000000000000002,-0.23962339588655318,1.494840301935423
mod_videoconsultation,Video Consultation,5.0,1340699906,0.0,0.15000000000000002,248,1,1,1,"(2, 3)",1,-0.2636588905260674,0.15000000000000002,-0.23962339588655318,1.4967177135873795
block_csv_enrol,Enrol users with CSV,24.0,1351529063,0.0,0.15000000000000002,251,1,1,1,"(2, 3)",1,-0.25176861673034406,0.15000000000000002,-0.23962339588655318,1.5086079873831029
mod_furnace,Furnace,1.0,1341608178,0.0,0.15000000000000002,252,1,1,1,"(2, 3)",1,-0.26616210606200913,0.15000000000000002,-0.23962339588655318,1.4942144980514378
theme_obsidian,Obsidian,2.0,1340153794,0.0,0.15000000000000002,333,1,1,1,"(2, 2)",1,-0.2655363021780237,0.15000000000000002,-0.23962339588655318,1.494840301935423
block_section,Section,49.0,1779138781,0.0,0.15000000000000002,1433,2,0,0,"(5, 2)",0,-0.2361235196307081,0.15000000000000002,-0.23962339588655318,-0.4757469155172613
repository_datatelcmm,CMM - Copy File to Moodle,9.0,1345663844,0.0,0.15000000000000002,2946,1,1,1,"(2, 2)",1,-0.26115567499012565,0.15000000000000002,-0.23962339588655318,1.4992209291233212
repository_datatelcmmlinks,CMM - Link to Course Material,9.0,1345664233,0.0,0.15000000000000002,2946,1,1,1,"(2, 2)",1,-0.26115567499012565,0.15000000000000002,-0.23962339588655318,1.4992209291233212
theme_strawberry,Strawberry,3.0,1351639969,0.0,0.15000000000000002,257,1,1,1,"(2, 3)",1,-0.2649104982940383,0.15000000000000002,-0.23962339588655318,1.4954661058194085
mod_pdfpager,PDF Page Limiter,1.0,1340692309,0.0,0.15000000000000002,258,1,1,1,"(2, 1)",1,-0.26616210606200913,0.15000000000000002,-0.23962339588655318,1.4942144980514378
mod_ensemblecontent,Ensemble Content,2.0,1345191295,0.0,0.15000000000000002,591,1,1,1,"(2, 0)",1,-0.2655363021780237,0.15000000000000002,-0.23962339588655318,1.494840301935423
repository_skydrive,Microsoft Skydrive,302.0,1372822928,0.0,0.15000000000000002,418,1,1,1,"(2, 5)",1,-0.07779513698239209,0.15000000000000002,-0.23962339588655318,1.6825814671310546
plagiarism_programming,Source-code Plagiarism Plugin,3.0,1355833455,0.0,0.15000000000000002,261,1,1,1,"(2, 3)",1,-0.2649104982940383,0.15000000000000002,-0.23962339588655318,1.4954661058194085
block_flexpagemod,Flexpage Activity,29.0,1500387459,1.0,0.3315070289213005,2946,1,1,1,"(3, 2)",1,-0.24863959731041688,1.3315070289213005,1.1016474930193496,2.8530078957089327
block_flexpagenav,Flexpage Menu,29.0,1500387386,1.0,0.3315070289213005,2946,1,1,1,"(3, 2)",1,-0.24863959731041688,1.3315070289213005,1.1016474930193496,2.8530078957089327
format_flexpage,Flexpage format,38.0,1500387525,3.0,0.8543995590755167,2946,1,1,1,"(3, 2)",1,-0.24300736235454792,3.8543995590755165,3.965686575058028,5.72267921270348
theme_flexpage,Flexpage Theme,31.0,1500387212,1.0,0.3315070289213005,2946,1,1,1,"(3, 2)",1,-0.24738798954244598,1.3315070289213005,1.1016474930193496,2.8542595034769036
mod_mootyper,MooTyper,1014.0,1787944201,0.0,0.15000000000000002,190,1,1,0,"(5, 2)",0,0.3677772284152403,0.15000000000000002,-0.23962339588655318,1.128153832528687
format_colours,Topics format (colours),23.0,1355238246,0.0,0.15000000000000002,5,1,1,1,"(2, 4)",1,-0.2523944206143295,0.15000000000000002,-0.23962339588655318,1.5079821834991174
qbehaviour_adaptivemultipart,Adaptive mode (multi-part questions),4244.0,1663838463,3.0,0.340453125,2941,2,0,1,"(5, 1)",0,2.389123773688208,3.340453125,3.3822440955732924,6.7713678692615
qbehaviour_dfexplicitvaildate,Deferred feedback with explicit validation,2626.0,1663838355,1.0,0.27670312500000005,2941,2,0,1,"(5, 1)",0,1.3765730893997676,1.276703125,1.0394329829667543,3.416006072366522
qbehaviour_dfcbmexplicitvaildate,Deferred feedback with CBM and explicit validation,2632.0,1663838431,1.0,0.27670312500000005,2941,2,0,1,"(5, 1)",0,1.3803279127036803,1.276703125,1.0394329829667543,3.419760895670435
qtype_stack,STACK,2401.0,1786097400,4.0,0.5962500000000002,2941,2,0,0,"(5, 2)",0,1.235767215503044,4.59625,4.8078503336964005,6.043617549199444
qformat_stack,STACK 2.0 format,80.0,1411740628,0.0,0.15000000000000002,2941,2,0,1,"(3, 1)",1,-0.21672359922715947,0.15000000000000002,-0.23962339588655318,0.5436530048862873
mod_offlinesession,Offline session register,1.0,1341477273,0.0,0.15000000000000002,273,1,1,1,"(2, 0)",1,-0.26616210606200913,0.15000000000000002,-0.23962339588655318,1.4942144980514378
mod_webex,WebEx Training Center connector,7.0,1347291865,0.0,0.15000000000000002,409,2,0,1,"(2, 4)",1,-0.2624072827580965,0.15000000000000002,-0.23962339588655318,0.4979693213553503
format_folderview,Folder View format,17.0,1537458121,0.0,0.15000000000000002,2946,1,1,1,"(3, 4)",1,-0.2561492439182421,0.15000000000000002,-0.23962339588655318,1.5042273601952048
block_onelogin_desktopsso,OneLogin SSO,1.0,1342130625,0.0,0.15000000000000002,276,1,1,1,"(2, 3)",1,-0.26616210606200913,0.15000000000000002,-0.23962339588655318,1.4942144980514378
gradingform_checklist,Checklist,583.0,1784842764,0.0,0.15000000000000002,2946,1,1,0,"(5, 1)",0,0.09805575441751621,0.15000000000000002,-0.23962339588655318,0.858432358530963
block_cmanager,Course Request Manager,63.0,1537177050,0.0,0.15000000000000002,2888,1,1,1,"(3, 5)",1,-0.22736226525491196,0.15000000000000002,-0.23962339588655318,1.5330143388585349
block_user_bookmarks,User bookmarks,27.0,1374561053,0.0,0.15000000000000002,279,2,0,1,"(2, 5)",1,-0.24989120507838775,0.15000000000000002,-0.23962339588655318,0.5104853990350591
local_reminders,Event Reminders,3263.0,1756019624,0.0,0.15000000000000002,280,1,1,0,"(5, 0)",0,1.7752101634984923,0.15000000000000002,-0.23962339588655318,2.535586767611939
mod_vpl,Virtual Programming Lab,2560.0,1779385926,1.0,0.2775,1626,1,1,0,"(5, 2)",0,1.3352700330567289,1.2775,1.040337611727679,3.3756076447844077
mod_hsuforum,Open Forum,1256.0,1784842764,0.0,0.15000000000000002,2946,1,1,0,"(5, 1)",0,0.5192217683397164,0.15000000000000002,-0.23962339588655318,1.2795983724531632
plagiarism_compilatio,Compilatio Plagiarism and AI Content Detector plugin,821.0,1782376701,0.0,0.15000000000000002,562,2,0,0,"(5, 2)",0,0.24699707880605065,0.15000000000000002,-0.23962339588655318,0.007373682919497471
mod_stupla,Studierplatz2000,1.0,1453757255,0.0,0.15000000000000002,284,1,1,1,"(2, 9)",1,-0.26616210606200913,0.15000000000000002,-0.23962339588655318,1.4942144980514378
block_birthday,Birthday,23.0,1343862395,0.0,0.15000000000000002,285,1,1,1,"(2, 3)",1,-0.2523944206143295,0.15000000000000002,-0.23962339588655318,1.5079821834991174
mod_webinar,Webinar,22.0,1400770629,0.0,0.15000000000000002,286,1,1,1,"(2, 6)",1,-0.25302022449831496,0.15000000000000002,-0.23962339588655318,1.507356379615132
block_bfwpub,BFW LMS,1.0,1345908070,0.0,0.15000000000000002,530,1,1,1,"(2, 3)",1,-0.26616210606200913,0.15000000000000002,-0.23962339588655318,1.4942144980514378
block_course_menu,Course Menu block,85.0,1479458487,0.0,0.15000000000000002,288,1,1,1,"(3, 1)",1,-0.2135945798072323,0.15000000000000002,-0.23962339588655318,1.5467820243062145
tool_advancedspamcleaner,Advanced spam cleaner,6.0,1602573112,0.0,0.15000000000000002,500,1,1,1,"(3, 9)",1,-0.26303308664208197,0.15000000000000002,-0.23962339588655318,1.4973435174713647
repository_mediacapture,Media Capture,7.0,1346297363,0.0,0.15000000000000002,290,1,1,1,"(2, 3)",1,-0.2624072827580965,0.15000000000000002,-0.23962339588655318,1.4979693213553502
mod_engagement,Engagement analytics,23.0,1401063911,2.0,0.39543750000000005,293,1,1,1,"(2, 7)",1,-0.2523944206143295,2.3954375,2.3094430742108147,4.057048653596485
report_engagement,Engagement analytics,27.0,1406529799,1.0,0.21375000000000002,293,2,0,1,"(2, 7)",1,-0.24989120507838775,1.21375,0.9679673108537037,1.718076105775316
block_engagement,Engagement analytics,21.0,1398751420,0.0,0.15000000000000002,293,2,0,1,"(2, 7)",1,-0.2536460283823004,0.15000000000000002,-0.23962339588655318,0.5067305757311464
block_workflow,Workflow block,440.0,1784664936,1.0,0.2775,2941,3,0,0,"(5, 2)",0,0.008565799007598471,1.2775,1.040337611727679,1.0489034107352775
report_workflow,Workflow report,110.0,1774506778,0.0,0.15000000000000002,2941,3,0,0,"(5, 1)",0,-0.19794948270759632,0.15000000000000002,-0.23962339588655318,-0.4375728785941495
local_loginas,Login as,74.0,1486352289,0.0,0.15000000000000002,58,1,1,1,"(3, 1)",1,-0.2204784225310721,0.15000000000000002,-0.23962339588655318,1.5398981815823747
local_profileswitches,Profile switches,2.0,1348871721,0.0,0.15000000000000002,58,1,1,1,"(2, 5)",1,-0.2655363021780237,0.15000000000000002,-0.23962339588655318,1.494840301935423
assignsubmission_onlineaudio,Online audio recording,170.0,1473324044,0.0,0.15000000000000002,364,1,1,1,"(3, 1)",1,-0.16040124966847,0.15000000000000002,-0.23962339588655318,1.5999753544449768
block_semantic_web,Navigation Web,1.0,1369165847,2.0,0.9612404689154858,300,1,1,1,"(2, 4)",1,-0.26616210606200913,2.9612404689154856,2.9517541502233997,4.685592044161391
block_case_repository,Learner adaptation,1.0,1368943622,1.0,0.5556202344577429,300,1,1,1,"(2, 4)",1,-0.26616210606200913,1.5556202344577428,1.3560653771684232,3.0899032711064143
block_user_preferences,Learner preferences,1.0,1369165776,3.0,1.366860703373228,300,1,1,1,"(2, 4)",1,-0.26616210606200913,4.366860703373228,4.547442923278375,6.281280817216365
local_welcome,Moodle welcome,1540.0,1771343302,0.0,0.15000000000000002,2081,1,1,0,"(5, 1)",0,0.696950071391581,0.15000000000000002,-0.23962339588655318,1.4573266755050278
mod_tracker,User support - Work Tracker,139.0,1686037431,0.0,0.15000000000000002,611,2,0,1,"(4, 1)",0,-0.1798011700720186,0.15000000000000002,-0.23962339588655318,0.5805754340414282
mod_techproject,Technical Project,69.0,1683124528,0.0,0.15000000000000002,611,2,0,1,"(3, 11)",1,-0.22360744195099932,0.15000000000000002,-0.23962339588655318,0.5367691621624475
mod_dataformembed,Dataform view,59.0,1517510342,0.0,0.15000000000000002,58,1,1,1,"(3, 3)",1,-0.2298654807908537,0.15000000000000002,-0.23962339588655318,1.5305111233225932
block_achievement,Pedagogic Achievements,2.0,1346943978,0.0,0.15000000000000002,1433,1,1,1,"(2, 3)",1,-0.2655363021780237,0.15000000000000002,-0.23962339588655318,1.494840301935423
block_vmoodle,VMoodle,47.0,1466256088,0.0,0.15000000000000002,611,2,0,1,"(3, 1)",1,-0.23737512739867897,0.15000000000000002,-0.23962339588655318,0.5230014767147678
local_technicalsignals,Exploitation technical advices,12.0,1487756137,0.0,0.15000000000000002,611,2,0,1,"(3, 2)",1,-0.25927826333816933,0.15000000000000002,-0.23962339588655318,0.5010983407752775
local_externalzip,External zip utility,9.0,1374017048,0.0,0.15000000000000002,983,1,1,1,"(2, 3)",1,-0.26115567499012565,0.15000000000000002,-0.23962339588655318,1.4992209291233212
block_use_stats,Use Stats,,1686033084,0.0,0.15000000000000002,310,0,0,1,"(4, 2)",0,-0.2667879099459946,0.15000000000000002,-0.23962339588655318,0.4935886941674522
report_trainingsessions,Training Sessions,264.0,1784664933,0.0,0.15000000000000002,611,2,0,0,"(5, 2)",0,-0.10157568457383875,0.15000000000000002,-0.23962339588655318,-0.34119908046039193
block_dashboard,Dashboard,74.0,1460886462,0.0,0.15000000000000002,611,2,0,1,"(3, 0)",1,-0.2204784225310721,0.15000000000000002,-0.23962339588655318,0.5398981815823747
block_editablecontenthtml,Editable HTML Block,18.0,1368008813,0.0,0.15000000000000002,611,2,0,1,"(2, 4)",1,-0.2555234400342567,0.15000000000000002,-0.23962339588655318,0.5048531640791901
block_menteesimproved,Mentees Improved Block,1.0,1389813520,0.0,0.15000000000000002,314,1,1,1,"(2, 6)",1,-0.26616210606200913,0.15000000000000002,-0.23962339588655318,1.4942144980514378
block_censusreport,Census Report,25.0,1473258069,0.0,0.15000000000000002,1425,3,0,1,"(3, 1)",1,-0.25114281284635864,0.15000000000000002,-0.23962339588655318,0.5092337912670881
block_pdf2submission,pdf2submission,4.0,1347651270,0.0,0.15000000000000002,316,1,1,1,"(2, 6)",1,-0.2642846944100528,0.15000000000000002,-0.23962339588655318,1.496091909703394
mod_sookooroo,Sookooroo,1.0,1348256369,0.0,0.15000000000000002,58,1,1,1,"(2, 3)",1,-0.26616210606200913,0.15000000000000002,-0.23962339588655318,1.4942144980514378
block_sookooroo,Sookooroo,1.0,1348256516,0.0,0.15000000000000002,58,1,1,1,"(2, 3)",1,-0.26616210606200913,0.15000000000000002,-0.23962339588655318,1.4942144980514378
format_menutopic,Menutopic format,946.0,1751487362,0.0,0.15000000000000002,2889,1,1,0,"(5, 0)",0,0.32522256430423047,0.15000000000000002,-0.23962339588655318,1.0855991684176773
theme_aardvark_postitnote,Aardvark Postit Note,27.0,1481480903,0.0,0.15000000000000002,602,1,1,1,"(3, 2)",1,-0.24989120507838775,0.15000000000000002,-0.23962339588655318,1.510485399035059
theme_green,green,2.0,1348760012,0.0,0.15000000000000002,321,1,1,1,"(2, 3)",1,-0.2655363021780237,0.15000000000000002,-0.23962339588655318,1.494840301935423
block_user_mnet_hosts,Controlled Mnet Access,27.0,1399071041,0.0,0.15000000000000002,611,2,0,1,"(2, 5)",1,-0.24989120507838775,0.15000000000000002,-0.23962339588655318,0.5104853990350591
report_patches,Core Patchs,37.0,1348149839,0.0,0.15000000000000002,611,2,0,1,"(2, 3)",1,-0.24363316623853334,0.15000000000000002,-0.23962339588655318,0.5167434378749135
report_rawrecordscount,Count of user log records,22.0,1368385216,0.0,0.15000000000000002,947,1,1,1,"(2, 6)",1,-0.25302022449831496,0.15000000000000002,-0.23962339588655318,1.507356379615132
block_login_userinfo,Login / User info,37.0,1479570350,0.0,0.15000000000000002,325,1,1,1,"(3, 1)",1,-0.24363316623853334,0.15000000000000002,-0.23962339588655318,1.5167434378749136
theme_bootstrap,Bootstrap,805.0,1470140693,3.0,0.5325000000000001,2081,1,1,1,"(3, 1)",1,0.23698421666228361,3.5325,3.6002596269561438,5.8372438436184275
repository_evernote,Evernote,32.0,1384422283,0.0,0.15000000000000002,718,1,1,1,"(3, 5)",1,-0.24676218565846056,0.15000000000000002,-0.23962339588655318,1.5136144184549862
block_publishflow,Course Publishing Workflow,2.0,1385230998,0.0,0.15000000000000002,611,2,0,1,"(2, 5)",1,-0.2655363021780237,0.15000000000000002,-0.23962339588655318,0.49484030193542305
enrol_openlml,Linuxmuster.net (OpenLML) enrolment,1.0,1466273420,0.0,0.15000000000000002,242,1,1,1,"(3, 1)",1,-0.26616210606200913,0.15000000000000002,-0.23962339588655318,1.4942144980514378
local_mass_enroll,Mass enrolments,1713.0,1765296816,0.0,0.15000000000000002,1188,1,1,0,"(5, 1)",0,0.805214143321062,0.15000000000000002,-0.23962339588655318,1.5655907474345088
block_my_courses,My courses,61.0,1349708605,0.0,0.15000000000000002,331,1,1,1,"(2, 3)",1,-0.22861387302288283,0.15000000000000002,-0.23962339588655318,1.531762731090564
block_enrollment,Quick enrollment,47.0,1392820746,0.0,0.15000000000000002,332,1,1,1,"(2, 6)",1,-0.23737512739867897,0.15000000000000002,-0.23962339588655318,1.523001476714768
block_mediawiki_search,MediaWiki Search,4.0,1353883341,0.0,0.15000000000000002,333,1,1,1,"(2, 4)",1,-0.2642846944100528,0.15000000000000002,-0.23962339588655318,1.496091909703394
tool_userdebug,User related debugmode,479.0,1786972200,0.0,0.15000000000000002,734,1,1,0,"(5, 2)",0,0.032972150483030586,0.15000000000000002,-0.23962339588655318,0.7933487545964775
block_quickmailsms,QuickmailSMS,17.0,1454212657,0.0,0.15000000000000002,588,1,1,1,"(3, 0)",1,-0.2561492439182421,0.15000000000000002,-0.23962339588655318,1.5042273601952048
local_messageprovider,Message provider,9.0,1349876764,0.0,0.15000000000000002,58,1,1,1,"(2, 5)",1,-0.26115567499012565,0.15000000000000002,-0.23962339588655318,1.4992209291233212
format_days,Daily format,18.0,1356908936,0.0,0.15000000000000002,333,1,1,1,"(2, 4)",1,-0.2555234400342567,0.15000000000000002,-0.23962339588655318,1.50485316407919
block_moossenger,Moodle messenger,9.0,1349898873,0.0,0.15000000000000002,58,1,1,1,"(2, 3)",1,-0.26115567499012565,0.15000000000000002,-0.23962339588655318,1.4992209291233212
mod_game,Game,8487.0,1778834203,0.0,0.15000000000000002,2181,1,1,0,"(5, 2)",0,5.044409653438424,0.15000000000000002,-0.23962339588655318,5.804786257551871
block_profilespecifichtml,HTML (on profile field),56.0,1510784732,0.0,0.15000000000000002,611,2,0,1,"(3, 3)",1,-0.23174289244281002,0.15000000000000002,-0.23962339588655318,0.5286337116706368
block_rolespecifichtml,HTML (per role),37.0,1472717622,0.0,0.15000000000000002,611,2,0,1,"(3, 1)",1,-0.24363316623853334,0.15000000000000002,-0.23962339588655318,0.5167434378749135
block_groupspecifichtml,HTML (per group),11.0,1420996482,0.0,0.15000000000000002,611,2,0,1,"(2, 6)",1,-0.25990406722215476,0.15000000000000002,-0.23962339588655318,0.5004725368912921
gradeexport_pdf,PDF Document,73.0,1350392072,0.0,0.15000000000000002,343,1,1,1,"(2, 4)",1,-0.22110422641505756,0.15000000000000002,-0.23962339588655318,1.5392723776983892
qtype_musicinterval,Music Interval,13.0,1374511159,0.0,0.15000000000000002,345,1,1,1,"(2, 4)",1,-0.25865245945418386,0.15000000000000002,-0.23962339588655318,1.501724144659263
qtype_musicscale,Music Scale,17.0,1378236816,0.0,0.15000000000000002,345,1,1,1,"(2, 4)",1,-0.2561492439182421,0.15000000000000002,-0.23962339588655318,1.5042273601952048
qtype_musickeysignature,Music Key Signature,16.0,1374505377,0.0,0.15000000000000002,345,1,1,1,"(2, 4)",1,-0.2567750478022276,0.15000000000000002,-0.23962339588655318,1.5036015563112193
mod_mdid,MDID,1.0,1362073203,0.0,0.15000000000000002,345,1,1,1,"(2, 4)",1,-0.26616210606200913,0.15000000000000002,-0.23962339588655318,1.4942144980514378
block_tts,oohoo - Text to Speech,108.0,1399673987,0.0,0.15000000000000002,236,2,0,1,"(2, 6)",1,-0.1992010904755672,0.15000000000000002,-0.23962339588655318,0.5611755136378797
block_dictionary,oohoo - Pop up Dictionary - Block,31.0,1419433914,0.0,0.15000000000000002,236,2,0,1,"(2, 8)",1,-0.24738798954244598,0.15000000000000002,-0.23962339588655318,0.5129886145710009
filter_dictionary,oohoo - Popup Dictionary - Filter,38.0,1419433867,0.0,0.15000000000000002,236,2,0,1,"(2, 8)",1,-0.24300736235454792,0.15000000000000002,-0.23962339588655318,0.5173692417588989
mod_eduvision,EduVision Video Resource,1.0,1350644799,0.0,0.15000000000000002,351,1,1,1,"(2, 3)",1,-0.26616210606200913,0.15000000000000002,-0.23962339588655318,1.4942144980514378
block_mystats,My Stats,19.0,1353883431,0.0,0.15000000000000002,333,1,1,1,"(2, 4)",1,-0.2548976361502713,0.15000000000000002,-0.23962339588655318,1.5054789679631755
mod_taskchain,TaskChain,203.0,1746254384,0.0,0.15000000000000002,150,1,1,0,"(5, 0)",0,-0.13974972149695053,0.15000000000000002,-0.23962339588655318,0.6206268826164962
local_fm,Feedback Manager,1.0,1350913535,0.0,0.15000000000000002,354,3,0,1,"(2, 3)",1,-0.26616210606200913,0.15000000000000002,-0.23962339588655318,0.4942144980514377
block_pbltool,PBLTool (CLPMTool),21.0,1598352326,0.0,0.15000000000000002,642,1,1,1,"(3, 9)",1,-0.2536460283823004,0.15000000000000002,-0.23962339588655318,1.5067305757311464
block_low_wizard,Learning Outcome Wizard,5.0,1351043003,2.0,0.405,357,1,1,1,"(2, 2)",1,-0.2636588905260674,2.4050000000000002,2.3202986193419117,4.056639728815844
block_low_generator,Learning Outcome Generator,4.0,1351042960,0.0,0.15000000000000002,357,1,1,1,"(2, 2)",1,-0.2642846944100528,0.15000000000000002,-0.23962339588655318,1.496091909703394
block_low_sequence_list,Learning Outcome Sequence List,1.0,1351042877,0.0,0.15000000000000002,357,1,1,1,"(2, 2)",1,-0.26616210606200913,0.15000000000000002,-0.23962339588655318,1.4942144980514378
auth_wstrust,WSTrust (SSO),1.0,1351096782,0.0,0.15000000000000002,359,1,1,1,"(2, 3)",1,-0.26616210606200913,0.15000000000000002,-0.23962339588655318,1.4942144980514378
datafield_poodll,Poodll Database Field,573.0,1670044724,0.0,0.15000000000000002,204,1,1,1,"(5, 2)",0,0.09179771557766182,0.15000000000000002,-0.23962339588655318,1.8521743196911087
message_moodletxtplus,moodletxt+ - bbconnecttxt.com SMS/Text Messaging Processor,6.0,1351154811,0.0,0.15000000000000002,361,1,1,1,"(2, 8)",1,-0.26303308664208197,0.15000000000000002,-0.23962339588655318,1.4973435174713647
enrol_dbuserrel,User role assignment from external database,34.0,1657997834,0.0,0.15000000000000002,363,2,0,1,"(3, 11)",1,-0.24551057789048966,0.15000000000000002,-0.23962339588655318,0.5148660262229572
enrol_ldapuserrel,User role assignment from LDAP,11.0,1393272146,0.0,0.15000000000000002,363,2,0,1,"(2, 6)",1,-0.25990406722215476,0.15000000000000002,-0.23962339588655318,0.5004725368912921
qtype_gapfill,Gapfill ,4345.0,1775248539,0.0,0.15000000000000002,364,1,1,0,"(5, 2)",0,2.452329965970737,0.15000000000000002,-0.23962339588655318,3.2127065700841837
gradingform_erubric,Learning Analytics Enriched Rubric,172.0,1543874113,0.0,0.15000000000000002,365,1,1,1,"(3, 9)",1,-0.15914964190049913,0.15000000000000002,-0.23962339588655318,1.6012269622129476
mod_kitmoo,Kitmoo,1.0,1351457733,0.0,0.15000000000000002,366,2,0,1,"(2, 3)",1,-0.26616210606200913,0.15000000000000002,-0.23962339588655318,0.4942144980514377
format_calendar,oohoo - Calendar format,30.0,1396480638,0.0,0.15000000000000002,236,2,0,1,"(2, 6)",1,-0.24801379342643143,0.15000000000000002,-0.23962339588655318,0.5123628106870154
format_tabtopics,oohoo - TabTopics format,184.0,1396475279,0.0,0.15000000000000002,236,2,0,1,"(2, 6)",1,-0.15163999529267386,0.15000000000000002,-0.23962339588655318,0.608736608820773
mod_flax,FLAX language learning,1.0,1351639732,0.0,0.15000000000000002,369,1,1,1,"(2, 1)",1,-0.26616210606200913,0.15000000000000002,-0.23962339588655318,1.4942144980514378
repository_bitbucket,Bitbucket,2.0,1351687704,0.0,0.15000000000000002,2897,1,1,1,"(2, 3)",1,-0.2655363021780237,0.15000000000000002,-0.23962339588655318,1.494840301935423
block_course_search,oohoo - Course search,109.0,1396475016,0.0,0.15000000000000002,236,2,0,1,"(2, 6)",1,-0.19857528659158177,0.15000000000000002,-0.23962339588655318,0.561801317521865
block_enrol_duration,Enrolment Duration,74.0,1353883244,0.0,0.15000000000000002,333,1,1,1,"(2, 4)",1,-0.2204784225310721,0.15000000000000002,-0.23962339588655318,1.5398981815823747
mod_magtest,Multitrack test,73.0,1686767411,0.0,0.15000000000000002,611,2,0,1,"(4, 2)",0,-0.22110422641505756,0.15000000000000002,-0.23962339588655318,0.5392723776983892
block_login_info,Login message,58.0,1432516437,0.0,0.15000000000000002,473,1,1,1,"(3, 1)",1,-0.23049128467483915,0.15000000000000002,-0.23962339588655318,1.5298853194386077
assignment_uploadcode,SIM-Plagiarism,2.0,1351970967,0.0,0.15000000000000002,375,1,1,1,"(1, 9)",1,-0.2655363021780237,0.15000000000000002,-0.23962339588655318,1.494840301935423
auth_mwsso,MediaWiki SSO,1.0,1352211643,0.0,0.15000000000000002,843,1,1,1,"(2, 3)",1,-0.26616210606200913,0.15000000000000002,-0.23962339588655318,1.4942144980514378
qformat_wordtable,Microsoft Word File Import/Export (Question Format),4339.0,1745425494,2.0,0.2500875,827,1,1,0,"(5, 0)",0,2.4485751426668245,2.2500875000000002,2.1444387882181513,5.593013930884975
plagiarism_crotpro,Crot Pro Plagiarism Checker,1.0,1352312415,0.0,0.15000000000000002,378,1,1,1,"(2, 3)",1,-0.26616210606200913,0.15000000000000002,-0.23962339588655318,1.4942144980514378
block_course_tree_list,Course Tree List,47.0,1733333955,0.0,0.15000000000000002,345,2,0,0,"(4, 5)",0,-0.23737512739867897,0.15000000000000002,-0.23962339588655318,-0.4769985232852322
block_banners,Banners,20.0,1363230211,0.0,0.15000000000000002,380,1,1,1,"(2, 4)",1,-0.2542718322662858,0.15000000000000002,-0.23962339588655318,1.506104771847161
block_mymentors,my mentors,19.0,1353883620,0.0,0.15000000000000002,333,1,1,1,"(2, 4)",1,-0.2548976361502713,0.15000000000000002,-0.23962339588655318,1.5054789679631755
block_mymentees,My mentees,36.0,1353883534,0.0,0.15000000000000002,333,1,1,1,"(2, 4)",1,-0.2442589701225188,0.15000000000000002,-0.23962339588655318,1.5161176339909281
enrol_pagseguro,PagSeguro,124.0,1598547487,0.0,0.15000000000000002,924,1,1,1,"(3, 11)",1,-0.18918822833180018,0.15000000000000002,-0.23962339588655318,1.5711883757816465
filter_filtermenu,filterMenu v2,1.0,1353085559,0.0,0.15000000000000002,646,1,1,1,"(2, 5)",1,-0.26616210606200913,0.15000000000000002,-0.23962339588655318,1.4942144980514378
block_contag,ConTag,1.0,1363828903,0.0,0.15000000000000002,385,1,1,1,"(2, 4)",1,-0.26616210606200913,0.15000000000000002,-0.23962339588655318,1.4942144980514378
mod_tiplayer,TI-Player,1.0,1353423007,0.0,0.15000000000000002,386,1,1,1,"(2, 3)",1,-0.26616210606200913,0.15000000000000002,-0.23962339588655318,1.4942144980514378
block_nice_mail,Nice Email,3.0,1356098257,0.0,0.15000000000000002,387,1,1,1,"(2, 4)",1,-0.2649104982940383,0.15000000000000002,-0.23962339588655318,1.4954661058194085
block_fn_my_menu,FN - My Menu (Simple Navigation Block),3.0,1380771155,0.0,0.15000000000000002,388,1,1,1,"(2, 5)",1,-0.2649104982940383,0.15000000000000002,-0.23962339588655318,1.4954661058194085
theme_responsive,Responsive,11.0,1353760587,0.0,0.15000000000000002,389,1,1,1,"(2, 4)",1,-0.25990406722215476,0.15000000000000002,-0.23962339588655318,1.5004725368912921
format_flexsections,Flexible sections format,4924.0,1785107402,0.0,0.15000000000000002,537,1,1,0,"(5, 2)",0,2.814670414798306,0.15000000000000002,-0.23962339588655318,3.5750470189117527
filter_tabs,Tabs,478.0,1780393685,0.0,0.15000000000000002,1113,1,1,0,"(5, 2)",0,0.032346346599045145,0.15000000000000002,-0.23962339588655318,0.792722950712492
cachestore_apc,Alternative PHP cache (APC),22.0,1400014009,0.0,0.15000000000000002,392,1,1,1,"(2, 7)",1,-0.25302022449831496,0.15000000000000002,-0.23962339588655318,1.507356379615132
cachestore_xcache,XCache,4.0,1365722679,0.0,0.15000000000000002,392,1,1,1,"(2, 5)",1,-0.2642846944100528,0.15000000000000002,-0.23962339588655318,1.496091909703394
mod_ejsapp,EJSApp,87.0,1574353396,4.0,0.6504375000000002,396,2,0,1,"(3, 8)",1,-0.21234297203926142,4.650437500000001,4.869365089439279,5.657022117400018
mod_ejsappbooking,EJSApp Booking System,12.0,1574354355,0.0,0.15000000000000002,396,2,0,1,"(3, 8)",1,-0.25927826333816933,0.15000000000000002,-0.23962339588655318,0.5010983407752775
block_ejsapp_file_browser,"EJSApp ""private files"" browser",18.0,1574354480,0.0,0.15000000000000002,396,2,0,1,"(3, 8)",1,-0.2555234400342567,0.15000000000000002,-0.23962339588655318,0.5048531640791901
block_ejsapp_collab_session,EJSApp Collab Session,8.0,1535896593,0.0,0.15000000000000002,396,2,0,1,"(3, 5)",1,-0.2617814788741111,0.15000000000000002,-0.23962339588655318,0.4985951252393357
block_helpdesk,Help Desk,235.0,1401471610,0.0,0.15000000000000002,843,4,0,1,"(2, 5)",1,-0.11972399720941648,0.15000000000000002,-0.23962339588655318,0.6406526069040304
auth_emailadmin,Email-based self-registration with admin confirmation,1243.0,1633052671,0.0,0.15000000000000002,821,1,1,1,"(4, 3)",0,0.5110863178479058,0.15000000000000002,-0.23962339588655318,2.2714629219613527
mod_advmindmap,Advance Mindmap,119.0,1448952118,0.0,0.15000000000000002,2891,1,1,1,"(2, 9)",1,-0.19231724775172737,0.15000000000000002,-0.23962339588655318,1.5680593563617196
qbehaviour_adaptivehints,Adaptive mode with hinting,192.0,1588515508,3.0,0.3895406250000001,699,1,1,1,"(4, 1)",0,-0.14663356422079035,3.389540625,3.4379692272462536,5.291335663025463
qbehaviour_adaptivehintsnopenalties,Adaptive mode with hinting (no penalties),188.0,1588515550,2.0,0.21056250000000004,699,1,1,1,"(4, 1)",0,-0.1491367797567321,2.2105625,2.099569201676286,3.950432421919554
qtype_poasquestion,POAS abstract question,212.0,1707489571,5.0,0.6445844531250001,699,2,0,0,"(4, 3)",0,-0.13411748654108158,5.644584453125,5.997940997056568,5.863823510515486
block_sharing_cart,Sharing Cart,5951.0,1782136553,0.0,0.15000000000000002,242,5,0,0,"(5, 2)",0,3.4573710036513514,0.15000000000000002,-0.23962339588655318,3.217747607764798
block_formal_langs,Formal languages block,179.0,1588515681,2.0,0.21056250000000004,699,1,1,1,"(4, 1)",0,-0.15476901471260104,2.2105625,2.099569201676286,3.9448001869636853
repository_capture,oohoo - Capture,18.0,1396475433,0.0,0.15000000000000002,236,2,0,1,"(2, 6)",1,-0.2555234400342567,0.15000000000000002,-0.23962339588655318,0.5048531640791901
mod_customlabel,Course element,147.0,1686294125,0.0,0.15000000000000002,611,2,0,1,"(4, 2)",0,-0.1747947390001351,0.15000000000000002,-0.23962339588655318,0.5855818651133118
block_selfenrol_seats,Selfenrollment plugin seat availability status,2.0,1362260139,0.0,0.15000000000000002,431,1,1,1,"(2, 4)",1,-0.2655363021780237,0.15000000000000002,-0.23962339588655318,1.494840301935423
theme_moodle2tablet,Moodle2Tablet,66.0,1375720361,0.0,0.15000000000000002,409,2,0,1,"(2, 5)",1,-0.22548485360295564,0.15000000000000002,-0.23962339588655318,0.5348917505104912
theme_moodle2mobile,Moodle2Mobile,77.0,1375720176,0.0,0.15000000000000002,409,2,0,1,"(2, 5)",1,-0.2186010108791158,0.15000000000000002,-0.23962339588655318,0.541775593234331
filter_youku,Youku Filter,4.0,1355447449,0.0,0.15000000000000002,1897,1,1,1,"(2, 3)",1,-0.2642846944100528,0.15000000000000002,-0.23962339588655318,1.496091909703394
filter_tudou,Tudou,3.0,1355448635,0.0,0.15000000000000002,1897,1,1,1,"(2, 3)",1,-0.2649104982940383,0.15000000000000002,-0.23962339588655318,1.4954661058194085
mod_remarks,ReMarks Assignment,1.0,1368343913,0.0,0.15000000000000002,413,1,1,1,"(2, 5)",1,-0.26616210606200913,0.15000000000000002,-0.23962339588655318,1.4942144980514378
filter_multilangenhanced,Enhanced multilang,48.0,1686768735,0.0,0.15000000000000002,611,2,0,1,"(4, 2)",0,-0.23674932351469352,0.15000000000000002,-0.23962339588655318,0.5236272805987533
theme_simple,Simple,98.0,1421688055,0.0,0.15000000000000002,415,1,1,1,"(2, 8)",1,-0.2054591293154216,0.15000000000000002,-0.23962339588655318,1.5549174747980252
block_course_overview_campus,Course overview on campus,174.0,1560373823,1.0,0.19250000000000003,242,2,0,1,"(3, 7)",1,-0.15789803413252823,1.1925000000000001,0.9438438772290452,1.785945843096517
mod_simplecertificate,Simple Certificate,4715.0,1775438032,2.0,0.405,2889,1,1,0,"(5, 1)",0,2.683877403045349,2.4050000000000002,2.3202986193419117,6.004176022387261
block_spam_deletion,Spam deletion,8.0,1467031125,0.0,0.15000000000000002,418,1,1,1,"(2, 7)",1,-0.2617814788741111,0.15000000000000002,-0.23962339588655318,1.4985951252393357
local_eduweb_databasefiledownload,File download for data module,1.0,1356008905,0.0,0.15000000000000002,419,1,1,1,"(2, 3)",1,-0.26616210606200913,0.15000000000000002,-0.23962339588655318,1.4942144980514378
enrol_groupsync,Cohort members to group,941.0,1592224221,0.0,0.15000000000000002,675,1,1,1,"(5, 0)",0,0.32209354488430325,0.15000000000000002,-0.23962339588655318,2.08247014899775
qtype_preg,Perl-Compatible Regular Expression,38.0,1707489635,1.0,0.2775,699,1,1,0,"(4, 3)",0,-0.24300736235454792,1.2775,1.040337611727679,1.7973302493731311
qtype_splitset,Set splitting question,197.0,1491212031,0.0,0.15000000000000002,611,2,0,1,"(3, 2)",1,-0.14350454480086314,0.15000000000000002,-0.23962339588655318,0.6168720593125837
assignsubmission_pdf,PDF submission,484.0,1460716365,1.0,0.9612404689154856,5,1,1,1,"(3, 2)",1,0.03610116990295778,1.9612404689154856,1.8165337443571183,3.852634914260076
assignfeedback_pdf,PDF feedback,446.0,1479934050,1.0,0.9612404689154856,5,1,1,1,"(3, 2)",1,0.012320622311511103,1.9612404689154856,1.8165337443571183,3.8288543666686294
block_exastud,Exabis Student Review,212.0,1783058263,0.0,0.15000000000000002,539,1,1,0,"(5, 2)",0,-0.13411748654108158,0.15000000000000002,-0.23962339588655318,0.6262591175723653
local_jquery,jQuery,23.0,1360432197,0.0,0.15000000000000002,426,1,1,1,"(2, 4)",1,-0.2523944206143295,0.15000000000000002,-0.23962339588655318,1.5079821834991174
filter_botr,jwplayer filter CDN Video Filter,1.0,1572437412,0.0,0.15000000000000002,427,1,1,1,"(3, 7)",1,-0.26616210606200913,0.15000000000000002,-0.23962339588655318,1.4942144980514378
block_welcomearea,Welcome Area Block,1.0,1357867015,0.0,0.15000000000000002,843,4,0,1,"(2, 3)",1,-0.26616210606200913,0.15000000000000002,-0.23962339588655318,0.4942144980514377
enrol_profilefield,Profile Field Enrolment,27.0,1361481425,0.0,0.15000000000000002,611,2,0,1,"(2, 4)",1,-0.24989120507838775,0.15000000000000002,-0.23962339588655318,0.5104853990350591
format_masonry,Masonry Topics format,459.0,1777885736,0.0,0.15000000000000002,2889,1,1,0,"(5, 2)",0,0.020456072803321807,0.15000000000000002,-0.23962339588655318,0.7808326769167686
block_my_unread_forum_posts,My unread forum posts,21.0,1359475412,0.0,0.15000000000000002,431,1,1,1,"(2, 4)",1,-0.2536460283823004,0.15000000000000002,-0.23962339588655318,1.5067305757311464
block_course_descendants,Descendants courses,13.0,1398861178,0.0,0.15000000000000002,611,2,0,1,"(2, 5)",1,-0.25865245945418386,0.15000000000000002,-0.23962339588655318,0.501724144659263
enrol_waitlist,Waitlist enrolment,587.0,1783577182,0.0,0.15000000000000002,433,2,0,0,"(4, 5)",0,0.10055896995345798,0.15000000000000002,-0.23962339588655318,-0.1390644259330952
local_sandbox,Sandbox,349.0,1783198806,0.0,0.15000000000000002,242,2,0,0,"(5, 2)",0,-0.048382354435076456,0.15000000000000002,-0.23962339588655318,-0.2880057503216296
block_intelligent_learning,ILP Integration,69.0,1788261552,0.0,0.15000000000000002,2946,1,1,0,"(5, 1)",0,-0.22360744195099932,0.15000000000000002,-0.23962339588655318,0.5367691621624475
local_mr,Open LMS Framework,301.0,1784842764,5.0,0.8548869407364035,2946,1,1,0,"(5, 1)",0,-0.07842094086637752,5.854886940736403,6.236680672397474,7.158259731531097
mod_swf,SWF-Activity-Module,23.0,1413489135,0.0,0.15000000000000002,611,1,1,1,"(2, 9)",1,-0.2523944206143295,0.15000000000000002,-0.23962339588655318,1.5079821834991174
mod_mplayer,Media Player,113.0,1489739645,0.0,0.15000000000000002,611,3,0,1,"(3, 0)",1,-0.19607207105564,0.15000000000000002,-0.23962339588655318,0.5643045330578068
report_mergeusers,Merge user accounts,19.0,1376481980,0.0,0.15000000000000002,2897,1,1,1,"(3, 1)",1,-0.2548976361502713,0.15000000000000002,-0.23962339588655318,1.5054789679631755
block_internships,Internships,4.0,1359063315,0.0,0.15000000000000002,2946,1,1,1,"(2, 4)",1,-0.2642846944100528,0.15000000000000002,-0.23962339588655318,1.496091909703394
mod_poasassignment,POAS assignment,1.0,1361044186,0.0,0.15000000000000002,441,1,1,1,"(2, 4)",1,-0.26616210606200913,0.15000000000000002,-0.23962339588655318,1.4942144980514378
local_getcontexts,Web Service Get Contexts,5.0,1359683388,0.0,0.15000000000000002,442,1,1,1,"(2, 5)",1,-0.2636588905260674,0.15000000000000002,-0.23962339588655318,1.4967177135873795
enrol_idlist2,IDList2,4.0,1363363848,0.0,0.15000000000000002,443,1,1,1,"(2, 4)",1,-0.2642846944100528,0.15000000000000002,-0.23962339588655318,1.496091909703394
block_poll,Poll,369.0,1527216714,0.0,0.15000000000000002,293,1,1,1,"(3, 7)",1,-0.03586627675536768,0.15000000000000002,-0.23962339588655318,1.724510327358079
quizaccess_honestycheck,Acknowledge plagiarism statement access rule,786.0,1752756706,0.0,0.15000000000000002,2941,3,0,0,"(5, 0)",0,0.2250939428665603,0.15000000000000002,-0.23962339588655318,-0.014529453019992894
local_mail,Mail,3905.0,1778783139,1.0,0.2775,2639,2,0,0,"(5, 2)",0,2.176976257017144,1.2775,1.040337611727679,3.2173138687448226
mod_enhancedchoice,Enhanced Choice,7.0,1499963355,0.0,0.15000000000000002,1871,1,1,1,"(3, 3)",1,-0.2624072827580965,0.15000000000000002,-0.23962339588655318,1.4979693213553502
assignsubmission_youtube,YouTube submission,9.0,1413853841,0.0,0.15000000000000002,204,1,1,1,"(2, 6)",1,-0.26115567499012565,0.15000000000000002,-0.23962339588655318,1.4992209291233212
block_notifications,Notifications,227.0,1529931710,0.0,0.15000000000000002,449,1,1,1,"(3, 6)",1,-0.12473042828129999,0.15000000000000002,-0.23962339588655318,1.6356461758321468
mod_courseprovider,courseprovider,1.0,1360682413,0.0,0.15000000000000002,464,1,1,1,"(2, 1)",1,-0.26616210606200913,0.15000000000000002,-0.23962339588655318,1.4942144980514378
mod_myeducationpath,My Education Path,1.0,1482309438,0.0,0.15000000000000002,238,1,1,1,"(3, 2)",1,-0.26616210606200913,0.15000000000000002,-0.23962339588655318,1.4942144980514378
repository_github,GitHub,34.0,1543248161,0.0,0.15000000000000002,418,1,1,1,"(3, 6)",1,-0.24551057789048966,0.15000000000000002,-0.23962339588655318,1.5148660262229572
mod_vitero,Vitero,11.0,1786702201,0.0,0.15000000000000002,5,3,0,0,"(5, 2)",0,-0.25990406722215476,0.15000000000000002,-0.23962339588655318,-0.49952746310870794
portfolio_blogexport,Blog Export Portfolio,344.0,1559284557,0.0,0.15000000000000002,204,1,1,1,"(4, 1)",0,-0.05151137385500365,0.15000000000000002,-0.23962339588655318,1.7088652302584433
auth_bakery,Bakery SSO,1.0,1360925994,0.0,0.15000000000000002,455,1,1,1,"(2, 2)",1,-0.26616210606200913,0.15000000000000002,-0.23962339588655318,1.4942144980514378
mod_easycastms,UbiCast MediaServer old Moodle activity plugin,3.0,1551342715,0.0,0.15000000000000002,2897,1,1,1,"(3, 6)",1,-0.2649104982940383,0.15000000000000002,-0.23962339588655318,1.4954661058194085
filter_rtmp,Streaming media filter (RTMP),26.0,1452518260,0.0,0.15000000000000002,457,3,0,1,"(2, 8)",1,-0.25051700896237317,0.15000000000000002,-0.23962339588655318,0.5098595951510736
theme_educator,Educator,62.0,1371189767,0.0,0.15000000000000002,772,1,1,1,"(2, 5)",1,-0.22798806913889738,0.15000000000000002,-0.23962339588655318,1.5323885349745494
block_enrolltranscripts,Enrollments And Transcripts,45.0,1363797031,0.0,0.15000000000000002,1035,1,1,1,"(2, 4)",1,-0.23862673516664984,0.15000000000000002,-0.23962339588655318,1.521749868946797
repository_typo3,TYPO3 Dam Repository,1.0,1361874266,0.0,0.15000000000000002,460,1,1,1,"(2, 3)",1,-0.26616210606200913,0.15000000000000002,-0.23962339588655318,1.4942144980514378
theme_acmebanana,Acme BananaByte,7.0,1718687047,0.0,0.15000000000000002,461,1,1,0,"(2, 9)",1,-0.2624072827580965,0.15000000000000002,-0.23962339588655318,0.4979693213553503
mod_mythtranscode,Mythtranscode,1.0,1363030574,0.0,0.15000000000000002,462,2,0,1,"(2, 4)",1,-0.26616210606200913,0.15000000000000002,-0.23962339588655318,0.4942144980514377
block_moodleversion,Moodle Version Block,67.0,1461067377,0.0,0.15000000000000002,684,2,0,1,"(3, 1)",1,-0.2248590497189702,0.15000000000000002,-0.23962339588655318,0.5355175543944766
theme_leoblue,Leoblue,7.0,1363587912,0.0,0.15000000000000002,464,1,1,1,"(2, 4)",1,-0.2624072827580965,0.15000000000000002,-0.23962339588655318,1.4979693213553502
theme_archaius,Archaius,144.0,1449235027,0.0,0.15000000000000002,465,1,1,1,"(3, 0)",1,-0.1766721506520914,0.15000000000000002,-0.23962339588655318,1.5837044534613554
qtype_correctwriting,Correct writing,141.0,1671712079,0.0,0.15000000000000002,699,1,1,1,"(4, 1)",0,-0.17854956230404773,0.15000000000000002,-0.23962339588655318,1.5818270418093991
theme_cloudyday,Cloudyday,13.0,1366650505,0.0,0.15000000000000002,467,1,1,1,"(2, 5)",1,-0.25865245945418386,0.15000000000000002,-0.23962339588655318,1.501724144659263
block_usersprofile,Users Profile in 3D,4.0,1363112772,0.0,0.15000000000000002,1035,1,1,1,"(2, 4)",1,-0.2642846944100528,0.15000000000000002,-0.23962339588655318,1.496091909703394
theme_cubic,Cubic,9.0,1366663561,0.0,0.15000000000000002,470,1,1,1,"(2, 3)",1,-0.26115567499012565,0.15000000000000002,-0.23962339588655318,1.4992209291233212
block_gchat,Global Chat,193.0,1373752028,0.0,0.15000000000000002,470,1,1,1,"(2, 4)",1,-0.1460077603368049,0.15000000000000002,-0.23962339588655318,1.614368843776642
block_fn_assignment_reset,FN - Assignment Options Reset Tool,2.0,1378499380,0.0,0.15000000000000002,388,1,1,1,"(2, 5)",1,-0.2655363021780237,0.15000000000000002,-0.23962339588655318,1.494840301935423
theme_mercury,Mercury,9.0,1364462474,0.0,0.15000000000000002,489,1,1,1,"(2, 4)",1,-0.26115567499012565,0.15000000000000002,-0.23962339588655318,1.4992209291233212
block_countuser,Count user (Add user like a moodle1.9),3.0,1365250639,0.0,0.15000000000000002,473,1,1,1,"(2, 5)",1,-0.2649104982940383,0.15000000000000002,-0.23962339588655318,1.4954661058194085
mod_znanja,znanja Content,1.0,1365081133,0.0,0.15000000000000002,2946,1,1,1,"(2, 4)",1,-0.26616210606200913,0.15000000000000002,-0.23962339588655318,1.4942144980514378
qtype_varnumunit,Variable numeric set with units,258.0,1752678675,0.0,0.15000000000000002,2941,3,0,0,"(5, 0)",0,-0.10533050787775139,0.15000000000000002,-0.23962339588655318,-0.34495390376430457
block_coursefeedback,Course feedback,188.0,1741087862,0.0,0.15000000000000002,852,2,0,0,"(4, 4)",0,-0.1491367797567321,0.15000000000000002,-0.23962339588655318,-0.38876017564328524
tool_rebuildcoursecache,Rebuild Course Cache,21.0,1363648400,0.0,0.15000000000000002,558,1,1,1,"(2, 4)",1,-0.2536460283823004,0.15000000000000002,-0.23962339588655318,1.5067305757311464
local_userenrols,CSV Enrolls & Groups plugin,766.0,1688316875,0.0,0.15000000000000002,457,1,1,1,"(4, 2)",0,0.2125778651868515,0.15000000000000002,-0.23962339588655318,1.9729544693002983
mod_customlesson,Custom Lesson,2.0,1367794283,0.0,0.15000000000000002,481,1,1,1,"(2, 5)",1,-0.2655363021780237,0.15000000000000002,-0.23962339588655318,1.494840301935423
theme_aadar,Aadar,10.0,1364915843,0.0,0.15000000000000002,1035,1,1,1,"(2, 5)",1,-0.2605298711061402,0.15000000000000002,-0.23962339588655318,1.4998467330073066
mod_alternative,Alternative,2.0,1367932317,0.0,0.15000000000000002,481,1,1,1,"(2, 5)",1,-0.2655363021780237,0.15000000000000002,-0.23962339588655318,1.494840301935423
enrol_elediacohortgreeting,Cohort greeting,124.0,1662133379,0.0,0.15000000000000002,734,1,1,1,"(4, 0)",1,-0.18918822833180018,0.15000000000000002,-0.23962339588655318,1.5711883757816465
local_multiple_enrollments,Multiple Enrollments,256.0,1776328025,0.0,0.15000000000000002,1104,2,0,0,"(5, 2)",0,-0.10658211564572226,0.15000000000000002,-0.23962339588655318,-0.3462055115322754
filter_wikipediacalls,Wikipedia Calls,10.0,1364593593,0.0,0.15000000000000002,611,2,0,1,"(2, 4)",1,-0.2605298711061402,0.15000000000000002,-0.23962339588655318,0.49984673300730664
local_applications,Applications,2.0,1365036933,1.0,0.2775,470,1,1,1,"(2, 3)",1,-0.2655363021780237,1.2775,1.040337611727679,2.7748013095496553
local_institutions,Institutions,8.0,1373752119,0.0,0.15000000000000002,470,1,1,1,"(2, 4)",1,-0.2617814788741111,0.15000000000000002,-0.23962339588655318,1.4985951252393357
block_applications_list,Applications list,2.0,1364757244,0.0,0.15000000000000002,470,1,1,1,"(2, 4)",1,-0.2655363021780237,0.15000000000000002,-0.23962339588655318,1.494840301935423
qformat_giftmedia,Gift with medias format,381.0,1658061565,0.0,0.15000000000000002,827,1,1,1,"(4, 0)",1,-0.028356630147542417,0.15000000000000002,-0.23962339588655318,1.7320199739659043
theme_venus,Venus,1.0,1364913701,0.0,0.15000000000000002,489,1,1,1,"(2, 4)",1,-0.26616210606200913,0.15000000000000002,-0.23962339588655318,1.4942144980514378
theme_earth,Earth,26.0,1402058207,0.0,0.15000000000000002,489,1,1,1,"(2, 7)",1,-0.25051700896237317,0.15000000000000002,-0.23962339588655318,1.5098595951510736
theme_luna,Luna,2.0,1369140760,0.0,0.15000000000000002,489,1,1,1,"(2, 4)",1,-0.2655363021780237,0.15000000000000002,-0.23962339588655318,1.494840301935423
theme_mars,Mars,1.0,1369144590,0.0,0.15000000000000002,489,1,1,1,"(2, 4)",1,-0.26616210606200913,0.15000000000000002,-0.23962339588655318,1.4942144980514378
theme_jupiter,Jupiter,5.0,1365071719,0.0,0.15000000000000002,489,1,1,1,"(2, 4)",1,-0.2636588905260674,0.15000000000000002,-0.23962339588655318,1.4967177135873795
theme_neptune,Neptune,1.0,1369144878,0.0,0.15000000000000002,489,1,1,1,"(2, 4)",1,-0.26616210606200913,0.15000000000000002,-0.23962339588655318,1.4942144980514378
theme_saturn,Saturn,7.0,1369145024,0.0,0.15000000000000002,489,1,1,1,"(2, 4)",1,-0.2624072827580965,0.15000000000000002,-0.23962339588655318,1.4979693213553502
theme_uranus,Uranus,5.0,1369145164,0.0,0.15000000000000002,489,1,1,1,"(2, 4)",1,-0.2636588905260674,0.15000000000000002,-0.23962339588655318,1.4967177135873795
theme_pluto,Pluto,1.0,1369145314,0.0,0.15000000000000002,489,1,1,1,"(2, 4)",1,-0.26616210606200913,0.15000000000000002,-0.23962339588655318,1.4942144980514378
mod_bim,BIM,1.0,1454903445,0.0,0.15000000000000002,498,1,1,1,"(2, 9)",1,-0.26616210606200913,0.15000000000000002,-0.23962339588655318,1.4942144980514378
block_helpmenow,Help Me Now Block,15.0,1401699651,0.0,0.15000000000000002,843,5,0,1,"(2, 7)",1,-0.257400851686213,0.15000000000000002,-0.23962339588655318,0.5029757524272338
block_fbcomments,Facebook comments,91.0,1635448192,0.0,0.15000000000000002,500,1,1,1,"(3, 11)",1,-0.20983975650331965,0.15000000000000002,-0.23962339588655318,1.5505368476101271
local_sanitychecker,Sanity checker utility,1.0,1387282856,0.0,0.15000000000000002,501,1,1,1,"(2, 6)",1,-0.26616210606200913,0.15000000000000002,-0.23962339588655318,1.4942144980514378
assignsubmission_random,Random assignment,108.0,1711176402,0.0,0.15000000000000002,502,1,1,0,"(4, 3)",0,-0.1992010904755672,0.15000000000000002,-0.23962339588655318,0.5611755136378797
qtype_pmatchreverse,Reverse pattern match,85.0,1786353001,0.0,0.15000000000000002,2941,3,0,0,"(5, 2)",0,-0.2135945798072323,0.15000000000000002,-0.23962339588655318,-0.45321797569378547
cachestore_wincache,WinCache cache,4.0,1367327172,0.0,0.15000000000000002,507,1,1,1,"(3, 0)",1,-0.2642846944100528,0.15000000000000002,-0.23962339588655318,1.496091909703394
filter_wikiversity,Include Wikiversity pages,1.0,1366315508,0.0,0.15000000000000002,505,1,1,1,"(2, 3)",1,-0.26616210606200913,0.15000000000000002,-0.23962339588655318,1.4942144980514378
filter_silverlight,Silverlight video embed filter,1.0,1369366192,0.0,0.15000000000000002,506,1,1,1,"(2, 5)",1,-0.26616210606200913,0.15000000000000002,-0.23962339588655318,1.4942144980514378
tool_wincache,WinCache info,3.0,1366377902,0.0,0.15000000000000002,507,1,1,1,"(3, 0)",1,-0.2649104982940383,0.15000000000000002,-0.23962339588655318,1.4954661058194085
qtype_type_calc_sheet,Spreadsheet,400.0,1371517117,0.0,0.15000000000000002,508,1,1,1,"(2, 5)",1,-0.01646635635181908,0.15000000000000002,-0.23962339588655318,1.7439102477616277
local_eledia_makeanonymous,makeanonymous,24.0,1418385400,0.0,0.15000000000000002,734,2,0,1,"(2, 8)",1,-0.25176861673034406,0.15000000000000002,-0.23962339588655318,0.5086079873831028
format_etask,eTask topics format,578.0,1728498827,0.0,0.15000000000000002,510,1,1,0,"(4, 5)",0,0.09492673499758902,0.15000000000000002,-0.23962339588655318,0.8553033391110358
block_quranrecitation,Quran Recitation,1.0,1366822384,0.0,0.15000000000000002,511,1,1,1,"(2, 9)",1,-0.26616210606200913,0.15000000000000002,-0.23962339588655318,1.4942144980514378
tinymce_youtube,YouTube Anywhere,8.0,1411535725,0.0,0.15000000000000002,204,1,1,1,"(2, 7)",1,-0.2617814788741111,0.15000000000000002,-0.23962339588655318,1.4985951252393357
assignfeedback_poodll,Poodll Assignment Feedback - audio and video recording,713.0,1636611157,0.0,0.15000000000000002,204,1,1,1,"(5, 2)",0,0.17941025933562327,0.15000000000000002,-0.23962339588655318,1.93978686344907
local_blockusers,Block Users,1.0,1366884803,0.0,0.15000000000000002,514,1,1,1,"(2, 3)",1,-0.26616210606200913,0.15000000000000002,-0.23962339588655318,1.4942144980514378
quizaccess_safeexambrowser,Safe Exam Browser quiz access rule,603.0,1595851907,0.0,0.15000000000000002,2941,2,0,1,"(3, 8)",1,0.11057183209722499,0.15000000000000002,-0.23962339588655318,0.8709484362106719
qtype_ddmatch,Drag-and-Drop Matching,3277.0,1788444607,0.0,0.15000000000000002,2888,1,1,0,"(5, 2)",0,1.7839714178742885,0.15000000000000002,-0.23962339588655318,2.5443480219877355
qtype_algebra,Algebra,596.0,1751634907,0.0,0.15000000000000002,827,1,1,0,"(5, 0)",0,0.10619120490932692,0.15000000000000002,-0.23962339588655318,0.8665678090227737
block_my_grades,My Grades block,216.0,1784818791,0.0,0.15000000000000002,947,1,1,0,"(5, 2)",0,-0.1316142710051398,0.15000000000000002,-0.23962339588655318,0.628762333108307
mod_babelroom,BabelRoom,1.0,1369809618,0.0,0.15000000000000002,519,1,1,1,"(2, 5)",1,-0.26616210606200913,0.15000000000000002,-0.23962339588655318,1.4942144980514378
auth_azuread,Azure Active Directory,2.0,1376034339,0.0,0.15000000000000002,521,1,1,1,"(2, 5)",1,-0.2655363021780237,0.15000000000000002,-0.23962339588655318,1.494840301935423
block_azuread,Azure Active Directory,1.0,1367572539,0.0,0.15000000000000002,521,1,1,1,"(2, 5)",1,-0.26616210606200913,0.15000000000000002,-0.23962339588655318,1.4942144980514378
mod_apply,Application Form,313.0,1738804000,0.0,0.15000000000000002,524,1,1,0,"(4, 5)",0,-0.07091129425855225,0.15000000000000002,-0.23962339588655318,0.6894653098548946
assignsubmission_onlinepoodll,Poodll Assignment Submission - audio and video recording,870.0,1702013908,0.0,0.15000000000000002,204,1,1,0,"(5, 2)",0,0.27766146912133716,0.15000000000000002,-0.23962339588655318,1.038038073234784
block_autoattend,Auto Attendance Block,1032.0,1740450833,0.0,0.15000000000000002,524,1,1,0,"(4, 5)",0,0.3790416983269782,0.15000000000000002,-0.23962339588655318,1.139418302440425
mod_autoattendmod,Auto Attendance Module,666.0,1738803866,0.0,0.15000000000000002,524,1,1,0,"(4, 5)",0,0.14999747678830763,0.15000000000000002,-0.23962339588655318,0.9103740809017544
scormreport_trends,Question trends,163.0,1603370428,0.0,0.15000000000000002,500,1,1,1,"(3, 9)",1,-0.16478187685636808,0.15000000000000002,-0.23962339588655318,1.5955947272570787
theme_aab,Above and Beyond,1.0,1370875677,0.0,0.15000000000000002,527,1,1,1,"(2, 5)",1,-0.26616210606200913,0.15000000000000002,-0.23962339588655318,1.4942144980514378
enrol_attributes,Enrol by user profile fields,1864.0,1751882198,0.0,0.15000000000000002,2897,2,0,0,"(5, 0)",0,0.8997105298028633,0.15000000000000002,-0.23962339588655318,0.6600871339163101
editor_contenteditable,HTML5 content editable editor,20.0,1375156012,0.0,0.15000000000000002,718,1,1,1,"(2, 5)",1,-0.2542718322662858,0.15000000000000002,-0.23962339588655318,1.506104771847161
block_iclicker,i>clicker Moodle integrate,18.0,1436112027,0.0,0.15000000000000002,530,1,1,1,"(2, 9)",1,-0.2555234400342567,0.15000000000000002,-0.23962339588655318,1.50485316407919
mod_adaptivequiz,Adaptive Quiz: CAT (Computer-Adaptive Testing) implementation for Moodle,749.0,1759665011,1.0,0.19250000000000003,1983,2,0,0,"(4, 5)",0,0.20193919915909905,1.1925000000000001,0.9438438772290452,1.1457830763881443
report_duplicateaccounts,Duplicate User Accounts Report,34.0,1369026850,0.0,0.15000000000000002,532,1,1,1,"(2, 4)",1,-0.24551057789048966,0.15000000000000002,-0.23962339588655318,1.5148660262229572
block_faces,Faces,156.0,1542024460,0.0,0.15000000000000002,597,2,0,1,"(3, 5)",1,-0.16916250404426614,0.15000000000000002,-0.23962339588655318,0.5912141000691806
block_smartblock,MySmark EDU,1.0,1369840899,0.0,0.15000000000000002,534,1,1,1,"(2, 5)",1,-0.26616210606200913,0.15000000000000002,-0.23962339588655318,1.4942144980514378
block_menteessimplified,Mentees Simplified Block,1.0,1369773310,0.0,0.15000000000000002,535,1,1,1,"(2, 3)",1,-0.26616210606200913,0.15000000000000002,-0.23962339588655318,1.4942144980514378
filter_dfmtex,LaTeX2e notation,22.0,1370179229,0.0,0.15000000000000002,536,1,1,1,"(2, 2)",1,-0.25302022449831496,0.15000000000000002,-0.23962339588655318,1.507356379615132
tinymce_managefiles,Manage embedded files,267.0,1385947800,0.0,0.15000000000000002,537,1,1,1,"(2, 5)",1,-0.09969827292188244,0.15000000000000002,-0.23962339588655318,1.6606783311915643
repository_areafiles,Embedded files,1.0,1371012219,0.0,0.15000000000000002,537,1,1,1,"(2, 5)",1,-0.26616210606200913,0.15000000000000002,-0.23962339588655318,1.4942144980514378
block_desp,My Language Portfolio,1.0,1378291529,0.0,0.15000000000000002,539,1,1,1,"(2, 5)",1,-0.26616210606200913,0.15000000000000002,-0.23962339588655318,1.4942144980514378
block_gismo,GISMO,70.0,1418994831,0.0,0.15000000000000002,540,1,1,1,"(2, 8)",1,-0.22298163806701388,0.15000000000000002,-0.23962339588655318,1.537394966046433
repository_areafilesplus,Embedded files Plus,5.0,1371011814,0.0,0.15000000000000002,537,1,1,1,"(2, 5)",1,-0.2636588905260674,0.15000000000000002,-0.23962339588655318,1.4967177135873795
repository_mytube,MyTube,6.0,1371246343,0.0,0.15000000000000002,204,1,1,1,"(2, 5)",1,-0.26303308664208197,0.15000000000000002,-0.23962339588655318,1.4973435174713647
tinymce_skim,Skim Import,2.0,1526295707,0.0,0.15000000000000002,204,1,1,1,"(3, 5)",1,-0.2655363021780237,0.15000000000000002,-0.23962339588655318,1.494840301935423
mod_elang,E-Lang,44.0,1536586819,0.0,0.15000000000000002,2174,2,0,1,"(3, 5)",1,-0.2392525390506353,0.15000000000000002,-0.23962339588655318,0.5211240650628115
block_quickset,Quicksets,15.0,1393856298,0.0,0.15000000000000002,665,1,1,1,"(2, 6)",1,-0.257400851686213,0.15000000000000002,-0.23962339588655318,1.5029757524272338
report_roster,Roster,958.0,1717507202,0.0,0.15000000000000002,816,2,0,0,"(5, 2)",0,0.33273221091205574,0.15000000000000002,-0.23962339588655318,0.09310881502550256
gradereport_laegrader,LAE Grader Report,61.0,1396969328,1.0,0.2775,665,1,1,1,"(2, 6)",1,-0.22861387302288283,1.2775,1.040337611727679,2.811723738704796
theme_accessible_for_vip,Accessible for VIP,3.0,1372069051,0.0,0.15000000000000002,548,1,1,1,"(2, 3)",1,-0.2649104982940383,0.15000000000000002,-0.23962339588655318,1.4954661058194085
qtype_jme,Java Molecular Editor,119.0,1430944006,0.0,0.15000000000000002,827,1,1,1,"(2, 9)",1,-0.19231724775172737,0.15000000000000002,-0.23962339588655318,1.5680593563617196
quiz_mcq,MCQ breakdown,108.0,1576255308,0.0,0.15000000000000002,841,1,1,1,"(3, 6)",1,-0.1992010904755672,0.15000000000000002,-0.23962339588655318,1.5611755136378798
block_attendance,Attendance,3289.0,1762812525,0.0,0.15000000000000002,562,2,0,0,"(5, 1)",0,1.7914810644821137,0.15000000000000002,-0.23962339588655318,1.5518576685955605
qtype_combined,Combined,1339.0,1752758354,0.0,0.15000000000000002,2941,4,0,0,"(5, 0)",0,0.5711634907105079,0.15000000000000002,-0.23962339588655318,0.3315400948239547
mod_attendance,Attendance,23038.0,1787044202,2.0,0.405,562,1,1,0,"(5, 1)",0,14.150481969310544,2.4050000000000002,2.3202986193419117,17.470780588652456
gradeexport_xlsgd,XLS with Groups and Dates,23.0,1379011045,0.0,0.15000000000000002,554,1,1,1,"(2, 6)",1,-0.2523944206143295,0.15000000000000002,-0.23962339588655318,1.5079821834991174
report_daily,Daily usage,75.0,1373018396,0.0,0.15000000000000002,555,1,1,1,"(2, 4)",1,-0.2198526186470867,0.15000000000000002,-0.23962339588655318,1.5405239854663602
quiz_stack,STACK response analysis,120.0,1415820537,0.0,0.15000000000000002,2941,2,0,1,"(3, 1)",1,-0.19169144386774195,0.15000000000000002,-0.23962339588655318,0.5686851602457048
mod_videofile,Videofile,182.0,1403706981,0.0,0.15000000000000002,557,1,1,1,"(2, 7)",1,-0.15289160306064473,0.15000000000000002,-0.23962339588655318,1.6074850010528021
local_configlogemailer,Config Log Emailer,1.0,1377146378,0.0,0.15000000000000002,558,1,1,1,"(2, 5)",1,-0.26616210606200913,0.15000000000000002,-0.23962339588655318,1.4942144980514378
format_fntabs,NED - Tabs Course Format,101.0,1484321818,0.0,0.15000000000000002,388,1,1,1,"(3, 2)",1,-0.20358171766346528,0.15000000000000002,-0.23962339588655318,1.5567948864499814
assignfeedback_mahara,Mahara Assignment Feedback,49.0,1423543257,0.0,0.15000000000000002,983,2,0,1,"(2, 6)",1,-0.2361235196307081,0.15000000000000002,-0.23962339588655318,0.5242530844827387
assignsubmission_mahara,Mahara Assignment Submission,181.0,1547679450,0.0,0.15000000000000002,562,4,0,1,"(3, 6)",1,-0.15351740694463017,0.15000000000000002,-0.23962339588655318,0.6068591971688166
local_mahara,Mahara Local,7.0,1374532489,1.0,0.2775,983,2,0,1,"(2, 5)",1,-0.2624072827580965,1.2775,1.040337611727679,1.7779303289695825
theme_sharp,Sharp,50.0,1496981309,0.0,0.15000000000000002,564,1,1,1,"(3, 4)",1,-0.23549771574672265,0.15000000000000002,-0.23962339588655318,1.5248788883667241
theme_contemporary,Contemporary,255.0,1503661787,0.0,0.15000000000000002,564,1,1,1,"(3, 4)",1,-0.10720791952970771,0.15000000000000002,-0.23962339588655318,1.653168684583739
theme_dynamic,Dynamic,82.0,1496916516,0.0,0.15000000000000002,564,1,1,1,"(3, 4)",1,-0.2154719914591886,0.15000000000000002,-0.23962339588655318,1.5449046126542583
qtype_javaunittest,javaunittest,28.0,1458239473,0.0,0.15000000000000002,566,2,0,1,"(3, 0)",1,-0.2492654011944023,0.15000000000000002,-0.23962339588655318,0.5111112029190445
mod_eduplayer,Eduplayer,73.0,1487862071,0.0,0.15000000000000002,567,1,1,1,"(3, 2)",1,-0.22110422641505756,0.15000000000000002,-0.23962339588655318,1.5392723776983892
qbehaviour_interactivehints,Interactive mode with hinting,199.0,1588515599,2.0,0.21056250000000004,699,1,1,1,"(4, 1)",0,-0.14225293703289227,2.2105625,2.099569201676286,3.957316264643394
block_profile_field_identifier,Profile Field Identifier,13.0,1497059349,0.0,0.15000000000000002,564,1,1,1,"(3, 4)",1,-0.25865245945418386,0.15000000000000002,-0.23962339588655318,1.501724144659263
block_course_status_tracker,Course Status Tracker,89.0,1496819029,0.0,0.15000000000000002,564,1,1,1,"(3, 4)",1,-0.21109136427129055,0.15000000000000002,-0.23962339588655318,1.5492852398421562
block_search_course,Course Finder,62.0,1496898022,0.0,0.15000000000000002,564,1,1,1,"(3, 4)",1,-0.22798806913889738,0.15000000000000002,-0.23962339588655318,1.5323885349745494
block_sms,SMS Notifier,77.0,1558516319,0.0,0.15000000000000002,564,1,1,1,"(3, 7)",1,-0.2186010108791158,0.15000000000000002,-0.23962339588655318,1.5417755932343309
block_searchcourses,Search Courses (Autocomplete),96.0,1419608969,0.0,0.15000000000000002,573,1,1,1,"(2, 7)",1,-0.20671073708339247,0.15000000000000002,-0.23962339588655318,1.5536658670300545
auth_elcentra,Elcentra Social Login,29.0,1390300071,0.0,0.15000000000000002,574,1,1,1,"(2, 6)",1,-0.24863959731041688,0.15000000000000002,-0.23962339588655318,1.5117370068030298
mod_linkbazaar,Link Bazaar,1.0,1375059884,0.0,0.15000000000000002,575,1,1,1,"(2, 5)",1,-0.26616210606200913,0.15000000000000002,-0.23962339588655318,1.4942144980514378
mod_via,Via - Virtual Classroom,82.0,1709839020,2.0,0.405,1107,3,0,0,"(4, 3)",0,-0.2154719914591886,2.4050000000000002,2.3202986193419117,2.1048266278827232
block_profileselectorhtml,HTML (on profile field selector),13.0,1375193260,0.0,0.15000000000000002,611,2,0,1,"(2, 4)",1,-0.25865245945418386,0.15000000000000002,-0.23962339588655318,0.501724144659263
format_gps,GPS Format,16.0,1459853346,0.0,0.15000000000000002,582,3,0,1,"(3, 0)",1,-0.2567750478022276,0.15000000000000002,-0.23962339588655318,0.5036015563112193
mod_tincanlaunch,xAPI Launch Link,440.0,1681503940,0.0,0.15000000000000002,949,1,1,1,"(4, 1)",0,0.008565799007598471,0.15000000000000002,-0.23962339588655318,1.7689424031210452
theme_aigne,aigne,105.0,1586991369,0.0,0.15000000000000002,602,1,1,1,"(3, 8)",1,-0.2010785021275235,0.15000000000000002,-0.23962339588655318,1.5592981019859233
gradereport_sitewideuser,Sitewide User report,58.0,1445706200,0.0,0.15000000000000002,582,1,1,1,"(2, 8)",1,-0.23049128467483915,0.15000000000000002,-0.23962339588655318,1.5298853194386077
gradereport_multigrader,Multi Course Grader report,154.0,1445706706,0.0,0.15000000000000002,582,1,1,1,"(2, 9)",1,-0.170414111812237,0.15000000000000002,-0.23962339588655318,1.58996249230121
report_filetrash,File trash (Orphaned file locator),523.0,1454017181,0.0,0.15000000000000002,582,1,1,1,"(2, 9)",1,0.06050752137838989,0.15000000000000002,-0.23962339588655318,1.8208841254918366
assignsubmission_metadata,Metadata submissions,1.0,1378330179,0.0,0.15000000000000002,582,1,1,1,"(2, 5)",1,-0.26616210606200913,0.15000000000000002,-0.23962339588655318,1.4942144980514378
mod_qpractice,Question Practice,40.0,1776627180,0.0,0.15000000000000002,364,1,1,0,"(5, 2)",0,-0.24175575458657703,0.15000000000000002,-0.23962339588655318,0.5186208495268698
block_ecampus_tbird,eCampus,2.0,1398789126,0.0,0.15000000000000002,618,1,1,1,"(2, 6)",1,-0.2655363021780237,0.15000000000000002,-0.23962339588655318,1.494840301935423
local_googleanalytics,Google Analytics,34.0,1377873109,0.0,0.15000000000000002,2081,1,1,1,"(2, 5)",1,-0.24551057789048966,0.15000000000000002,-0.23962339588655318,1.5148660262229572
block_slideshow,Slideshow,198.0,1472245842,0.0,0.15000000000000002,588,1,1,1,"(3, 1)",1,-0.14287874091687772,0.15000000000000002,-0.23962339588655318,1.617497863196569
report_forumgraph,Forum Graph,105.0,1470992363,0.0,0.15000000000000002,2891,1,1,1,"(3, 5)",1,-0.2010785021275235,0.15000000000000002,-0.23962339588655318,1.5592981019859233
repository_ensemble,Ensemble Video repository,31.0,1597246382,0.0,0.15000000000000002,591,2,0,1,"(3, 9)",1,-0.24738798954244598,0.15000000000000002,-0.23962339588655318,0.5129886145710009
filter_ensemble,Ensemble Video filter,36.0,1597246725,1.0,0.2775,591,2,0,1,"(3, 9)",1,-0.2442589701225188,1.2775,1.040337611727679,1.7960786416051602
theme_easy,Easy,10.0,1419390807,0.0,0.15000000000000002,718,1,1,1,"(2, 8)",1,-0.2605298711061402,0.15000000000000002,-0.23962339588655318,1.4998467330073066
message_pushover,Pushover,4.0,1379047555,0.0,0.15000000000000002,593,1,1,1,"(2, 5)",1,-0.2642846944100528,0.15000000000000002,-0.23962339588655318,1.496091909703394
block_advrssfeed,Advanced RSS Feed,4.0,1381391756,0.0,0.15000000000000002,594,1,1,1,"(2, 5)",1,-0.2642846944100528,0.15000000000000002,-0.23962339588655318,1.496091909703394
mod_playlist,Playlist,6.0,1390837198,0.0,0.15000000000000002,457,1,1,1,"(2, 8)",1,-0.26303308664208197,0.15000000000000002,-0.23962339588655318,1.4973435174713647
calendartype_japanese,Japanese Calendar,2.0,1526025268,0.0,0.15000000000000002,718,1,1,1,"(3, 6)",1,-0.2655363021780237,0.15000000000000002,-0.23962339588655318,1.494840301935423
block_signinsheet,Sign In Sheet - Attendance / Signature list generator,183.0,1536846251,0.0,0.15000000000000002,597,2,0,1,"(3, 5)",1,-0.1522657991766593,0.15000000000000002,-0.23962339588655318,0.6081108049367875
block_vlebooks,VL eBooks,8.0,1401978032,0.0,0.15000000000000002,2888,1,1,1,"(2, 7)",1,-0.2617814788741111,0.15000000000000002,-0.23962339588655318,1.4985951252393357
block_fn_myprogress,NED - My Progress,23.0,1474423024,0.0,0.15000000000000002,388,1,1,1,"(3, 1)",1,-0.2523944206143295,0.15000000000000002,-0.23962339588655318,1.5079821834991174
portfolio_evernote,Evernote,31.0,1380263370,0.0,0.15000000000000002,600,1,1,1,"(2, 5)",1,-0.24738798954244598,0.15000000000000002,-0.23962339588655318,1.5129886145710008
tool_coursesearch,Advance course search,5.0,1420784373,0.0,0.15000000000000002,5,2,0,1,"(2, 8)",1,-0.2636588905260674,0.15000000000000002,-0.23962339588655318,0.4967177135873795
report_overviewstats,Overview Statistics,3975.0,1788361874,0.0,0.15000000000000002,2888,1,1,0,"(5, 2)",0,2.2207825288961245,0.15000000000000002,-0.23962339588655318,2.9811591330095712
local_goodbye,Goodbye,10.0,1428417877,0.0,0.15000000000000002,2081,1,1,1,"(2, 8)",1,-0.2605298711061402,0.15000000000000002,-0.23962339588655318,1.4998467330073066
repository_mediawiki,Mediawiki,16.0,1380699037,0.0,0.15000000000000002,604,1,1,1,"(3, 1)",1,-0.2567750478022276,0.15000000000000002,-0.23962339588655318,1.5036015563112193
block_learning_plan,Learning plan,248.0,1512047654,0.0,0.15000000000000002,564,1,1,1,"(3, 5)",1,-0.11158854671760578,0.15000000000000002,-0.23962339588655318,1.6487880573958411
block_eledia_userdelete,Delete User by Maillist,20.0,1662741211,0.0,0.15000000000000002,734,1,1,1,"(4, 0)",1,-0.2542718322662858,0.15000000000000002,-0.23962339588655318,1.506104771847161
block_tincanlearnerstream,Tin Can Learner Stream,5.0,1380742836,0.0,0.15000000000000002,607,1,1,1,"(2, 5)",1,-0.2636588905260674,0.15000000000000002,-0.23962339588655318,1.4967177135873795
mod_klassenbuch,Klassenbuch,31.0,1479934270,0.0,0.15000000000000002,5,1,1,1,"(3, 2)",1,-0.24738798954244598,0.15000000000000002,-0.23962339588655318,1.5129886145710008
mod_pdfparts,PDF Parts,1.0,1380876339,0.0,0.15000000000000002,609,1,1,1,"(2, 5)",1,-0.26616210606200913,0.15000000000000002,-0.23962339588655318,1.4942144980514378
mod_giportfolio,Portfolio,209.0,1479933377,0.0,0.15000000000000002,5,2,0,1,"(3, 2)",1,-0.1359948981930379,0.15000000000000002,-0.23962339588655318,0.6243817059204089
mod_revealjs,Presentation,176.0,1526931672,0.0,0.15000000000000002,611,1,1,1,"(3, 4)",1,-0.15664642636455736,0.15000000000000002,-0.23962339588655318,1.6037301777488895
qtype_freehanddrawing,Freehand Drawing,196.0,1381229135,0.0,0.15000000000000002,612,1,1,1,"(2, 5)",1,-0.14413034868484859,0.15000000000000002,-0.23962339588655318,1.6162462554285981
block_eledia_suspenduser,Suspend User,5.0,1600964002,0.0,0.15000000000000002,734,1,1,1,"(4, 0)",1,-0.2636588905260674,0.15000000000000002,-0.23962339588655318,1.4967177135873795
quizaccess_passgrade,Pass grade quiz access rule,55.0,1381271509,0.0,0.15000000000000002,562,1,1,1,"(2, 5)",1,-0.23236869632679547,0.15000000000000002,-0.23962339588655318,1.5280079077866513
auth_pwdexp,Password Expiration Check,12.0,1397045144,0.0,0.15000000000000002,679,1,1,1,"(2, 6)",1,-0.25927826333816933,0.15000000000000002,-0.23962339588655318,1.5010983407752776
block_eledia_course_archiving,Course Archiving,69.0,1662135604,0.0,0.15000000000000002,734,1,1,1,"(4, 0)",1,-0.22360744195099932,0.15000000000000002,-0.23962339588655318,1.5367691621624475
block_firephp,FirePHP,1.0,1381760921,0.0,0.15000000000000002,893,1,1,1,"(2, 5)",1,-0.26616210606200913,0.15000000000000002,-0.23962339588655318,1.4942144980514378
block_faculty_tbird,Faculty Contact,9.0,1398789837,0.0,0.15000000000000002,618,1,1,1,"(2, 6)",1,-0.26115567499012565,0.15000000000000002,-0.23962339588655318,1.4992209291233212
block_roster_tbird,Roster,8.0,1403628122,0.0,0.15000000000000002,618,1,1,1,"(2, 6)",1,-0.2617814788741111,0.15000000000000002,-0.23962339588655318,1.4985951252393357
filter_fontawesome,FontAwesome icons,2062.0,1781940589,0.0,0.15000000000000002,1661,3,0,0,"(5, 2)",0,1.0236196988319801,0.15000000000000002,-0.23962339588655318,0.7839963029454269
filter_multilangsecond,Multi-lingual Content,66.0,1445062194,0.0,0.15000000000000002,621,1,1,1,"(3, 2)",1,-0.22548485360295564,0.15000000000000002,-0.23962339588655318,1.534891750510491
filter_autolinkhijacker,Auto-link Hijacker,1.0,1381932514,0.0,0.15000000000000002,893,1,1,1,"(2, 0)",1,-0.26616210606200913,0.15000000000000002,-0.23962339588655318,1.4942144980514378
auth_ip,Authentication by IP,130.0,1645087992,0.0,0.15000000000000002,2897,4,0,1,"(5, 1)",0,-0.18543340502788755,0.15000000000000002,-0.23962339588655318,0.5749431990855592
cachestore_memcachecluster,Memcache Cluster,6.0,1398964544,0.0,0.15000000000000002,673,1,1,1,"(2, 7)",1,-0.26303308664208197,0.15000000000000002,-0.23962339588655318,1.4973435174713647
cachestore_memcachedcluster,Memcached Cluster,7.0,1398964555,0.0,0.15000000000000002,673,1,1,1,"(2, 7)",1,-0.2624072827580965,0.15000000000000002,-0.23962339588655318,1.4979693213553502
profilefield_timestamp,Timestamp input,29.0,1645088291,0.0,0.15000000000000002,2897,3,0,1,"(5, 1)",0,-0.24863959731041688,0.15000000000000002,-0.23962339588655318,0.5117370068030299
mod_reader,Reader,176.0,1743661339,0.0,0.15000000000000002,150,1,1,0,"(4, 5)",0,-0.15664642636455736,0.15000000000000002,-0.23962339588655318,0.6037301777488895
quiz_cbmgrades,CBM Grade Summary,214.0,1526659995,0.0,0.15000000000000002,628,1,1,1,"(4, 0)",1,-0.13286587877311068,0.15000000000000002,-0.23962339588655318,1.6275107253403363
mod_pdfjsfolder,PDF.js Folder,158.0,1764592539,0.0,0.15000000000000002,1495,1,1,0,"(5, 1)",0,-0.16791089627629527,0.15000000000000002,-0.23962339588655318,0.5924657078371516
calendartype_jalali,Persian calendar,559.0,1610518733,0.0,0.15000000000000002,2941,1,1,1,"(4, 2)",0,0.08303646120186568,0.15000000000000002,-0.23962339588655318,1.8434130653153125
block_regex_constructor,Regex constructor block,3.0,1588515816,0.0,0.15000000000000002,699,1,1,1,"(3, 8)",1,-0.2649104982940383,0.15000000000000002,-0.23962339588655318,1.4954661058194085
block_grade_me,Grade Me,3431.0,1730165794,0.0,0.15000000000000002,869,3,0,0,"(4, 5)",0,1.880345216008046,0.15000000000000002,-0.23962339588655318,1.6407218201214928
block_eledia_trainerinfo,Referee of this Course,32.0,1662116663,0.0,0.15000000000000002,734,1,1,1,"(4, 0)",1,-0.24676218565846056,0.15000000000000002,-0.23962339588655318,1.5136144184549862
theme_mnp,Tema Moodle na Prática,2.0,1385002083,0.0,0.15000000000000002,2888,1,1,1,"(2, 5)",1,-0.2655363021780237,0.15000000000000002,-0.23962339588655318,1.494840301935423
mod_subcourse,Subcourse,4036.0,1771485988,0.0,0.15000000000000002,562,2,0,0,"(5, 0)",0,2.2589565658192363,0.15000000000000002,-0.23962339588655318,2.019333169932683
mod_cooradbridge,COORAD,1.0,1385315389,0.0,0.15000000000000002,636,1,1,1,"(2, 6)",1,-0.26616210606200913,0.15000000000000002,-0.23962339588655318,1.4942144980514378
local_cohortrole,Cohort role synchronization,1591.0,1760105118,0.0,0.15000000000000002,1494,1,1,0,"(5, 1)",0,0.7288660694748385,0.15000000000000002,-0.23962339588655318,1.4892426735882853
block_demostudent,DemoStudent block,132.0,1572037549,0.0,0.15000000000000002,638,2,0,1,"(4, 1)",0,-0.18418179725991668,0.15000000000000002,-0.23962339588655318,0.5761948068535301
local_map,Map,22.0,1386238358,0.0,0.15000000000000002,640,1,1,1,"(2, 6)",1,-0.25302022449831496,0.15000000000000002,-0.23962339588655318,1.507356379615132
datafield_latlongmap,Latlong (map plugin version),12.0,1386242065,0.0,0.15000000000000002,640,1,1,1,"(2, 6)",1,-0.25927826333816933,0.15000000000000002,-0.23962339588655318,1.5010983407752776
datapreset_infomap_latlongmap,Infomap (plugin version),7.0,1386242532,0.0,0.15000000000000002,640,1,1,1,"(2, 6)",1,-0.2624072827580965,0.15000000000000002,-0.23962339588655318,1.4979693213553502
repository_sword_upload,Repositório SWORD Upload,11.0,1401280994,0.0,0.15000000000000002,642,1,1,1,"(2, 7)",1,-0.25990406722215476,0.15000000000000002,-0.23962339588655318,1.5004725368912921
local_analytics,Analytics,559.0,1584622410,0.0,0.15000000000000002,2081,1,1,1,"(3, 8)",1,0.08303646120186568,0.15000000000000002,-0.23962339588655318,1.8434130653153125
mod_ecampusbookpage,eCampus eBook Page,1.0,1398789503,0.0,0.15000000000000002,618,1,1,1,"(2, 6)",1,-0.26616210606200913,0.15000000000000002,-0.23962339588655318,1.4942144980514378
repository_osp,Open Source Physics,55.0,1535896385,0.0,0.15000000000000002,396,2,0,1,"(3, 6)",1,-0.23236869632679547,0.15000000000000002,-0.23962339588655318,0.5280079077866513
block_hiddencourse,Hidden course,23.0,1387797997,0.0,0.15000000000000002,646,1,1,1,"(2, 5)",1,-0.2523944206143295,0.15000000000000002,-0.23962339588655318,1.5079821834991174
tool_moodledt,MoodleDT - Development Tools Plugins for Moodle,1.0,1399426087,0.0,0.15000000000000002,684,2,0,1,"(2, 7)",1,-0.26616210606200913,0.15000000000000002,-0.23962339588655318,0.4942144980514377
calendartype_hijri,Hijri calendar type,70.0,1610640642,0.0,0.15000000000000002,2941,1,1,1,"(5, 0)",0,-0.22298163806701388,0.15000000000000002,-0.23962339588655318,1.537394966046433
tinymce_poodll,Poodll Anywhere (TinyMCE),148.0,1526294722,0.0,0.15000000000000002,204,1,1,1,"(4, 1)",0,-0.17416893511614964,0.15000000000000002,-0.23962339588655318,1.586207668997297
filter_codepen,CodePen,66.0,1779133559,0.0,0.15000000000000002,1433,1,1,0,"(5, 2)",0,-0.22548485360295564,0.15000000000000002,-0.23962339588655318,0.5348917505104912
qtype_fwstructmatch,Structure match with editor,8.0,1415614702,0.0,0.15000000000000002,651,1,1,1,"(2, 7)",1,-0.2617814788741111,0.15000000000000002,-0.23962339588655318,1.4985951252393357
tool_mergeusers,Merge user accounts,3464.0,1779906329,0.0,0.15000000000000002,2897,2,0,0,"(5, 2)",0,1.9009967441795654,0.15000000000000002,-0.23962339588655318,1.6613733482930122
block_blurnames,Blur Names,1.0,1392073914,0.0,0.15000000000000002,653,1,1,1,"(2, 6)",1,-0.26616210606200913,0.15000000000000002,-0.23962339588655318,1.4942144980514378
quiz_gradingstudents,Manual grading by student,298.0,1647009843,0.0,0.15000000000000002,2941,4,0,1,"(4, 0)",1,-0.08029835251833384,0.15000000000000002,-0.23962339588655318,0.6800782515951129
quiz_editquizsettings,Edit quiz settings,56.0,1772182213,0.0,0.15000000000000002,2941,3,0,0,"(5, 1)",0,-0.23174289244281002,0.15000000000000002,-0.23962339588655318,-0.4713662883293632
format_page,Page format,31.0,1460977791,2.0,0.405,611,2,0,1,"(3, 0)",1,-0.24738798954244598,2.4050000000000002,2.3202986193419117,3.0729106297994657
block_page_module,Page module,25.0,1460981772,1.0,0.49425,611,2,0,1,"(3, 0)",1,-0.25114281284635864,1.49425,1.2863966346991957,2.0352538218528373
block_page_tracker,Learning Stations (page format),10.0,1460982546,0.0,0.15000000000000002,611,2,0,1,"(3, 0)",1,-0.2605298711061402,0.15000000000000002,-0.23962339588655318,0.49984673300730664
mod_pagemenu,Page menu (format page),5.0,1460983383,0.0,0.15000000000000002,611,2,0,1,"(3, 0)",1,-0.2636588905260674,0.15000000000000002,-0.23962339588655318,0.4967177135873795
local_moodlemobileapp,Moodle App language strings,42.0,1787235001,0.0,0.15000000000000002,220,3,0,0,"(5, 2)",0,-0.24050414681860616,0.15000000000000002,-0.23962339588655318,-0.48012754270515934
qformat_htmltable,HTML Review Page Export (Question Format),64.0,1478364974,0.0,0.15000000000000002,827,1,1,1,"(3, 3)",1,-0.2267364613709265,0.15000000000000002,-0.23962339588655318,1.5336401427425204
theme_cafe_con_leche,Café con leche,13.0,1401882182,0.0,0.15000000000000002,662,1,1,1,"(2, 7)",1,-0.25865245945418386,0.15000000000000002,-0.23962339588655318,1.501724144659263
mod_newsletter,Newsletter,258.0,1787757001,0.0,0.15000000000000002,1983,2,0,0,"(5, 2)",0,-0.10533050787775139,0.15000000000000002,-0.23962339588655318,-0.34495390376430457
qtype_ordering,Ordering,1211.0,1695965986,1.0,0.2775,150,1,1,0,"(4, 2)",0,0.49106059356037174,1.2775,1.040337611727679,2.531398205288051
gradereport_laeuser,LAE User report,7.0,1396969869,0.0,0.15000000000000002,665,1,1,1,"(2, 6)",1,-0.2624072827580965,0.15000000000000002,-0.23962339588655318,1.4979693213553502
local_metagroups,Meta-course group synchronization,473.0,1760105153,0.0,0.15000000000000002,1494,1,1,0,"(5, 1)",0,0.02921732717911795,0.15000000000000002,-0.23962339588655318,0.7895939312925648
qtype_easyoddname,Drag and Drop Organic Chemistry Nomenclature,18.0,1397754670,0.0,0.15000000000000002,699,1,1,1,"(2, 7)",1,-0.2555234400342567,0.15000000000000002,-0.23962339588655318,1.50485316407919
theme_elegance,Elegance,251.0,1551799571,0.0,0.15000000000000002,2081,1,1,1,"(3, 6)",1,-0.10971113506564946,0.15000000000000002,-0.23962339588655318,1.6506654690477973
block_group_network,Group Network Control,1.0,1392923708,0.0,0.15000000000000002,611,2,0,1,"(2, 4)",1,-0.26616210606200913,0.15000000000000002,-0.23962339588655318,0.4942144980514377
local_eledia_webservicesuite,eledia webservicesuite,3.0,1546439021,0.0,0.15000000000000002,734,2,0,1,"(3, 6)",1,-0.2649104982940383,0.15000000000000002,-0.23962339588655318,0.49546610581940853
block_ranking,Ranking block,1318.0,1726837742,0.0,0.15000000000000002,1999,1,1,0,"(4, 4)",0,0.5580216091468136,0.15000000000000002,-0.23962339588655318,1.3183982132602605
tinymce_mathslate,Mathslate for TinyMCE,360.0,1649110156,1.0,0.2775,893,1,1,1,"(4, 1)",0,-0.041498511711236634,1.2775,1.040337611727679,2.9988391000164425
mod_webexactivity,WebEx Meeting,536.0,1595613418,0.0,0.15000000000000002,673,1,1,1,"(3, 9)",1,0.06864297187020059,0.15000000000000002,-0.23962339588655318,1.8290195759836474
tinymce_clozeeditor,Cloze Editor,748.0,1649436653,0.0,0.15000000000000002,893,2,0,1,"(4, 1)",0,0.2013133952751136,0.15000000000000002,-0.23962339588655318,0.9616899993885604
block_timestat,Timestat,642.0,1728926075,0.0,0.15000000000000002,675,1,1,0,"(5, 0)",0,0.13497818357265712,0.15000000000000002,-0.23962339588655318,0.8953547876861039
mod_turnitintooltwo,Turnitin's Moodle Direct v2,2141.0,1785345001,1.0,0.2775,1502,4,0,0,"(5, 2)",0,1.0730582056668299,1.2775,1.040337611727679,2.113395817394509
block_turnitin,Turnitin,248.0,1545323120,0.0,0.15000000000000002,1502,2,0,1,"(3, 6)",1,-0.11158854671760578,0.15000000000000002,-0.23962339588655318,0.6487880573958411
theme_srce_access,Srce 2.2 - Universal Design Theme,13.0,1394621531,0.0,0.15000000000000002,678,2,0,1,"(2, 7)",1,-0.25865245945418386,0.15000000000000002,-0.23962339588655318,0.501724144659263
report_mygrades,My Grades report,54.0,1408094032,0.0,0.15000000000000002,679,1,1,1,"(2, 7)",1,-0.23299450021078089,0.15000000000000002,-0.23962339588655318,1.5273821039026658
auth_ldap_syncplus,LDAP server (Sync Plus),919.0,1783237810,0.0,0.15000000000000002,242,2,0,0,"(5, 2)",0,0.30832585943662366,0.15000000000000002,-0.23962339588655318,0.06870246355007048
block_xp,Level Up XP - Gamification 🏅,11302.0,1787454601,3.0,0.6408750000000001,718,1,1,0,"(5, 2)",0,6.806047586857435,3.6408750000000003,3.7232891384419022,11.529336725299338
block_quickscan,QuickScan Dyslexia Screening,14.0,1395144715,0.0,0.15000000000000002,697,2,0,1,"(5, 2)",0,-0.25802665557019844,0.15000000000000002,-0.23962339588655318,0.5023499485432483
mod_iassign,iAssign,4.0,1613243353,2.0,0.405,684,3,0,1,"(3, 10)",1,-0.2642846944100528,2.4050000000000002,2.3202986193419117,3.0560139249318587
block_iassign_block,Manager Interactive Activities of iAssign,1.0,1404247842,0.0,0.15000000000000002,684,3,0,1,"(2, 6)",1,-0.26616210606200913,0.15000000000000002,-0.23962339588655318,0.4942144980514377
filter_iassign_filter,iAssign Filter,1.0,1404247486,0.0,0.15000000000000002,684,3,0,1,"(2, 6)",1,-0.26616210606200913,0.15000000000000002,-0.23962339588655318,0.4942144980514377
tinymce_iassign,Insert interactive activity (iAssign) by TinyMCE editor,1.0,1404247702,0.0,0.15000000000000002,684,3,0,1,"(2, 6)",1,-0.26616210606200913,0.15000000000000002,-0.23962339588655318,0.4942144980514377
qtype_easyomech,Electron Pushing / Curved Arrow,1.0,1402607879,0.0,0.15000000000000002,699,1,1,1,"(2, 7)",1,-0.26616210606200913,0.15000000000000002,-0.23962339588655318,1.4942144980514378
block_eledia_coursewizard,Course wizard,38.0,1788178202,0.0,0.15000000000000002,734,3,0,0,"(5, 2)",0,-0.24300736235454792,0.15000000000000002,-0.23962339588655318,-0.48263075824110113
qformat_qtex,QuestionTeX format,15.0,1398841089,0.0,0.15000000000000002,689,1,1,1,"(2, 6)",1,-0.257400851686213,0.15000000000000002,-0.23962339588655318,1.5029757524272338
block_supervised,Supervised,15.0,1588349079,1.0,0.2775,699,1,1,1,"(3, 5)",1,-0.257400851686213,1.2775,1.040337611727679,2.782936760041466
quizaccess_supervisedcheck,Supervised access rule,6.0,1588349788,0.0,0.15000000000000002,699,1,1,1,"(3, 5)",1,-0.26303308664208197,0.15000000000000002,-0.23962339588655318,1.4973435174713647
block_socialbookmark,Social Bookmark,4.0,1402931592,0.0,0.15000000000000002,597,2,0,1,"(2, 7)",1,-0.2642846944100528,0.15000000000000002,-0.23962339588655318,0.496091909703394
qtype_easyoselect,Select Atoms or Molecules,1.0,1397059101,0.0,0.15000000000000002,699,1,1,1,"(2, 6)",1,-0.26616210606200913,0.15000000000000002,-0.23962339588655318,1.4942144980514378
assignsubmission_helixassign,MEDIAL Video Assignment Submission Plugin,233.0,1779288169,0.0,0.15000000000000002,780,1,1,0,"(5, 2)",0,-0.12097560497738735,0.15000000000000002,-0.23962339588655318,0.6394009991360594
qtype_easyolewis,Lewis Structures,11.0,1397008859,0.0,0.15000000000000002,699,1,1,1,"(2, 6)",1,-0.25990406722215476,0.15000000000000002,-0.23962339588655318,1.5004725368912921
qtype_easyostructure,2D/3D Structure Display Short Answer,6.0,1397002747,0.0,0.15000000000000002,699,1,1,1,"(2, 6)",1,-0.26303308664208197,0.15000000000000002,-0.23962339588655318,1.4973435174713647
mod_aspirelist,Aspire resource list,5.0,1482408878,0.0,0.15000000000000002,697,2,0,1,"(3, 3)",1,-0.2636588905260674,0.15000000000000002,-0.23962339588655318,0.4967177135873795
qtype_easyoname,Name to Structure or Reaction,5.0,1412269342,0.0,0.15000000000000002,699,1,1,1,"(2, 7)",1,-0.2636588905260674,0.15000000000000002,-0.23962339588655318,1.4967177135873795
filter_chemdoodle,Spectra Filter (Chemdoodle),6.0,1409491998,0.0,0.15000000000000002,699,1,1,1,"(2, 7)",1,-0.26303308664208197,0.15000000000000002,-0.23962339588655318,1.4973435174713647
theme_afterburner,Afterburner,52.0,1470871473,0.0,0.15000000000000002,602,1,1,1,"(3, 1)",1,-0.23424610797875178,0.15000000000000002,-0.23962339588655318,1.526130496134695
theme_anomaly,Anomaly,50.0,1471125352,0.0,0.15000000000000002,602,1,1,1,"(3, 0)",1,-0.23549771574672265,0.15000000000000002,-0.23962339588655318,1.5248788883667241
theme_arialist,Arialist,32.0,1397450725,0.0,0.15000000000000002,602,1,1,1,"(3, 2)",1,-0.24676218565846056,0.15000000000000002,-0.23962339588655318,1.5136144184549862
theme_binarius,Binarius,29.0,1397450843,0.0,0.15000000000000002,602,1,1,1,"(2, 7)",1,-0.24863959731041688,0.15000000000000002,-0.23962339588655318,1.5117370068030298
theme_boxxie,Boxxie,38.0,1397451024,0.0,0.15000000000000002,602,1,1,1,"(2, 7)",1,-0.24300736235454792,0.15000000000000002,-0.23962339588655318,1.5173692417588989
theme_brick,Brick,37.0,1397451139,0.0,0.15000000000000002,602,1,1,1,"(2, 7)",1,-0.24363316623853334,0.15000000000000002,-0.23962339588655318,1.5167434378749136
theme_formfactor,FormFactor,39.0,1397451231,0.0,0.15000000000000002,602,1,1,1,"(2, 7)",1,-0.24238155847056247,0.15000000000000002,-0.23962339588655318,1.5179950456428843
theme_fusion,Fusion,43.0,1397452764,0.0,0.15000000000000002,602,1,1,1,"(2, 7)",1,-0.23987834293462074,0.15000000000000002,-0.23962339588655318,1.520498261178826
theme_leatherbound,Leatherbound,40.0,1397452877,0.0,0.15000000000000002,602,1,1,1,"(2, 7)",1,-0.24175575458657703,0.15000000000000002,-0.23962339588655318,1.5186208495268698
theme_magazine,Magazine,38.0,1397453112,0.0,0.15000000000000002,602,1,1,1,"(3, 2)",1,-0.24300736235454792,0.15000000000000002,-0.23962339588655318,1.5173692417588989
theme_nimble,Nimble,30.0,1397453230,0.0,0.15000000000000002,602,1,1,1,"(2, 7)",1,-0.24801379342643143,0.15000000000000002,-0.23962339588655318,1.5123628106870153
theme_nonzero,Nonzero,32.0,1397453370,0.0,0.15000000000000002,602,1,1,1,"(2, 7)",1,-0.24676218565846056,0.15000000000000002,-0.23962339588655318,1.5136144184549862
theme_overlay,Overlay,39.0,1397453486,0.0,0.15000000000000002,602,1,1,1,"(3, 1)",1,-0.24238155847056247,0.15000000000000002,-0.23962339588655318,1.5179950456428843
theme_serenity,Serenity,47.0,1397453592,0.0,0.15000000000000002,602,1,1,1,"(3, 2)",1,-0.23737512739867897,0.15000000000000002,-0.23962339588655318,1.523001476714768
theme_sky_high,Sky High,46.0,1397453718,0.0,0.15000000000000002,602,1,1,1,"(2, 7)",1,-0.23800093128266442,0.15000000000000002,-0.23962339588655318,1.5223756728307825
theme_splash,Splash,43.0,1397453837,0.0,0.15000000000000002,602,1,1,1,"(3, 0)",1,-0.23987834293462074,0.15000000000000002,-0.23962339588655318,1.520498261178826
theme_standard,Standard,38.0,1397453970,1.0,0.2775,602,1,1,1,"(3, 2)",1,-0.24300736235454792,1.2775,1.040337611727679,2.797330249373131
theme_standardold,Standard (legacy),27.0,1397454080,0.0,0.15000000000000002,602,1,1,1,"(2, 7)",1,-0.24989120507838775,0.15000000000000002,-0.23962339588655318,1.510485399035059
local_morelockfactories,More lock factories,1.0,1397465320,0.0,0.15000000000000002,718,1,1,1,"(3, 2)",1,-0.26616210606200913,0.15000000000000002,-0.23962339588655318,1.4942144980514378
block_dataformaccessentry,Dataform entry access,72.0,1517510242,0.0,0.15000000000000002,58,1,1,1,"(3, 3)",1,-0.221730030299043,0.15000000000000002,-0.23962339588655318,1.538646573814404
block_dataformaccessview,Dataform view access,67.0,1517510391,0.0,0.15000000000000002,58,1,1,1,"(3, 3)",1,-0.2248590497189702,0.15000000000000002,-0.23962339588655318,1.5355175543944766
block_dataformnotification,Dataform notification,79.0,1517510294,0.0,0.15000000000000002,58,1,1,1,"(3, 3)",1,-0.21734940311114492,0.15000000000000002,-0.23962339588655318,1.5430272010023018
qtype_easyonewman,Newman Projections,11.0,1397613270,0.0,0.15000000000000002,699,1,1,1,"(2, 6)",1,-0.25990406722215476,0.15000000000000002,-0.23962339588655318,1.5004725368912921
qtype_easyofischer,Fischer Projections,10.0,1397702165,0.0,0.15000000000000002,699,1,1,1,"(2, 6)",1,-0.2605298711061402,0.15000000000000002,-0.23962339588655318,1.4998467330073066
qtype_multichoiceset,All-or-Nothing Multiple Choice,3985.0,1660218746,1.0,0.21375000000000002,827,2,0,1,"(4, 0)",1,2.2270405677359792,1.21375,0.9679673108537037,4.195007878589683
availability_xp,Level Up XP Availability,2356.0,1776740251,0.0,0.15000000000000002,718,1,1,0,"(5, 2)",0,1.207606040723699,0.15000000000000002,-0.23962339588655318,1.9679826448371458
profilefield_cpf,CPF input,126.0,1399069760,0.0,0.15000000000000002,1999,1,1,1,"(4, 1)",0,-0.18793662056382932,0.15000000000000002,-0.23962339588655318,1.5724399835496174
block_mindmap,MindMap Course,6.0,1404215313,0.0,0.15000000000000002,845,1,1,1,"(2, 6)",1,-0.26303308664208197,0.15000000000000002,-0.23962339588655318,1.4973435174713647
filter_tripleplay,Tripleplay Filter plugin,1.0,1398767444,0.0,0.15000000000000002,729,1,1,1,"(2, 6)",1,-0.26616210606200913,0.15000000000000002,-0.23962339588655318,1.4942144980514378
repository_tripleplay,Tripleplay Repository Plugin,1.0,1398770083,0.0,0.15000000000000002,729,1,1,1,"(2, 6)",1,-0.26616210606200913,0.15000000000000002,-0.23962339588655318,1.4942144980514378
local_resourcenotif,Resource notification,1358.0,1616285299,0.0,0.15000000000000002,730,1,1,1,"(3, 10)",1,0.5830537645062313,0.15000000000000002,-0.23962339588655318,2.343430368619678
block_side_bar,NED - Sidebar,73.0,1473269591,0.0,0.15000000000000002,388,1,1,1,"(3, 1)",1,-0.22110422641505756,0.15000000000000002,-0.23962339588655318,1.5392723776983892
atto_poodll,Poodll Anywhere (Atto),725.0,1563426239,0.0,0.15000000000000002,204,1,1,1,"(5, 1)",0,0.1869199059434485,0.15000000000000002,-0.23962339588655318,1.9472965100568953
assignsubmission_wordcount,Word count,10.0,1399373184,0.0,0.15000000000000002,640,1,1,1,"(2, 7)",1,-0.2605298711061402,0.15000000000000002,-0.23962339588655318,1.4998467330073066
mod_etherpadlite,Etherpad Lite,917.0,1769266231,0.0,0.15000000000000002,734,2,0,0,"(5, 2)",0,0.30707425166865276,0.15000000000000002,-0.23962339588655318,0.06745085578209958
gradingform_btec,BTEC marking,188.0,1775493703,0.0,0.15000000000000002,364,1,1,0,"(5, 2)",0,-0.1491367797567321,0.15000000000000002,-0.23962339588655318,0.6112398243567148
filter_ipa,IPA,107.0,1648395357,0.0,0.15000000000000002,816,1,1,1,"(3, 11)",1,-0.19982689435955264,0.15000000000000002,-0.23962339588655318,1.5605497097538943
block_enrolmenttimer,Enrolment Timer,477.0,1568941337,0.0,0.15000000000000002,220,4,0,1,"(3, 7)",1,0.0317205427150597,0.15000000000000002,-0.23962339588655318,0.7920971468285065
theme_cerulean,cerulean,27.0,1446210637,0.0,0.15000000000000002,2081,1,1,1,"(3, 0)",1,-0.24989120507838775,0.15000000000000002,-0.23962339588655318,1.510485399035059
theme_slate,slate,7.0,1399992488,0.0,0.15000000000000002,2081,1,1,1,"(2, 7)",1,-0.2624072827580965,0.15000000000000002,-0.23962339588655318,1.4979693213553502
gradereport_history,Grade history,2.0,1404972109,0.0,0.15000000000000002,293,1,1,1,"(2, 7)",1,-0.2655363021780237,0.15000000000000002,-0.23962339588655318,1.494840301935423
block_badgeawarder,Badge Awarder,80.0,1785409802,0.0,0.15000000000000002,947,2,0,0,"(5, 1)",0,-0.21672359922715947,0.15000000000000002,-0.23962339588655318,-0.4563469951137127
mod_mediagallery,Media collection,1373.0,1779255764,5.0,0.7875000000000001,293,1,1,0,"(5, 2)",0,0.5924408227660128,5.7875,6.160181642184607,7.75262246495062
block_mediagallery,Media gallery search,16.0,1400645548,0.0,0.15000000000000002,293,1,1,1,"(2, 6)",1,-0.2567750478022276,0.15000000000000002,-0.23962339588655318,1.5036015563112193
filter_mediagallery,Media collection embed,55.0,1429677961,0.0,0.15000000000000002,293,1,1,1,"(3, 1)",1,-0.23236869632679547,0.15000000000000002,-0.23962339588655318,1.5280079077866513
tinymce_mediagallery,Insert Media gallery,11.0,1404191734,0.0,0.15000000000000002,293,1,1,1,"(3, 0)",1,-0.25990406722215476,0.15000000000000002,-0.23962339588655318,1.5004725368912921
assignsubmission_mediagallery,Media collection submissions,85.0,1593403870,0.0,0.15000000000000002,293,1,1,1,"(3, 9)",1,-0.2135945798072323,0.15000000000000002,-0.23962339588655318,1.5467820243062145
auth_dev,Auth Development tools,90.0,1775021819,0.0,0.15000000000000002,2888,2,0,0,"(5, 1)",0,-0.2104655603873051,0.15000000000000002,-0.23962339588655318,-0.45008895627385825
booktool_importepub,Lucimoo EPUB import,301.0,1517343574,0.0,0.15000000000000002,749,1,1,1,"(3, 4)",1,-0.07842094086637752,0.15000000000000002,-0.23962339588655318,1.6819556632470694
booktool_exportepub,Lucimoo EPUB export,118.0,1471417166,0.0,0.15000000000000002,749,1,1,1,"(3, 1)",1,-0.19294305163571282,0.15000000000000002,-0.23962339588655318,1.567433552477734
block_odsoaipmh,ODS OAI-PMH,1.0,1418508370,0.0,0.15000000000000002,750,1,1,1,"(2, 8)",1,-0.26616210606200913,0.15000000000000002,-0.23962339588655318,1.4942144980514378
local_resetpassword,Reset Password,51.0,1407974647,0.0,0.15000000000000002,220,4,0,1,"(2, 8)",1,-0.2348719118627372,0.15000000000000002,-0.23962339588655318,0.5255046922507096
atto_corrections,Corrections,526.0,1638283988,0.0,0.15000000000000002,2897,2,0,1,"(3, 11)",1,0.06238493303034621,0.15000000000000002,-0.23962339588655318,0.8227615371437931
atto_hr,Horizontal rule,1242.0,1538280056,0.0,0.15000000000000002,718,1,1,1,"(3, 5)",1,0.5104605139639203,0.15000000000000002,-0.23962339588655318,2.270837118077367
filter_generico,Poodll Generico Filter,2605.0,1759721933,1.0,0.2775,204,1,1,0,"(5, 2)",0,1.3634312078360735,1.2775,1.040337611727679,3.4037688195637523
tinymce_wordcount,Word count,104.0,1402478371,0.0,0.15000000000000002,697,2,0,1,"(4, 1)",0,-0.20170430601150896,0.15000000000000002,-0.23962339588655318,0.5586722981019379
mod_sna,Social Network Analysis (SNA)  Tool ,1.0,1488526978,0.0,0.15000000000000002,756,1,1,1,"(3, 4)",1,-0.26616210606200913,0.15000000000000002,-0.23962339588655318,1.4942144980514378
report_componentgrades,Export Component Grades,368.0,1630308186,0.0,0.15000000000000002,364,2,0,1,"(3, 11)",1,-0.03649208063935312,0.15000000000000002,-0.23962339588655318,0.7238845234740937
auth_zilink_guardian,ZiLink - Guardian Accounts,1.0,1482452740,1.0,0.16821428571428573,5,1,1,1,"(3, 2)",1,-0.26616210606200913,1.1682142857142856,0.9162742388008639,2.6501121327388546
auth_zilink_saml,ZiLink - SAML Authentication,1.0,1410786508,0.0,0.15000000000000002,5,1,1,1,"(2, 7)",1,-0.26616210606200913,0.15000000000000002,-0.23962339588655318,1.4942144980514378
block_zilink,ZiLink - Super Block,1.0,1482452666,0.0,0.15000000000000002,5,1,1,1,"(3, 2)",1,-0.26616210606200913,0.15000000000000002,-0.23962339588655318,1.4942144980514378
enrol_zilink,ZiLink - Teacher Enrolment,1.0,1482453065,2.0,0.19597780114001218,5,1,1,1,"(3, 2)",1,-0.26616210606200913,2.195977801140012,2.0830123539170136,3.8168502478550046
enrol_zilink_cohort,ZiLink - Cohort Enrolment,1.0,1482453190,2.0,0.19597780114001218,5,1,1,1,"(3, 2)",1,-0.26616210606200913,2.195977801140012,2.0830123539170136,3.8168502478550046
enrol_zilink_guardian,ZiLink - Guardian Course Access,1.0,1454592656,2.0,0.19597780114001218,5,1,1,1,"(3, 0)",1,-0.26616210606200913,2.195977801140012,2.0830123539170136,3.8168502478550046
local_zilink,ZiLink - Core,1.0,1482452989,6.0,0.7996221291058725,5,1,1,1,"(3, 2)",1,-0.26616210606200913,6.799622129105872,7.309163336374421,9.043001230312411
plagiarism_vericite,VeriCite,38.0,1515175129,0.0,0.15000000000000002,765,1,1,1,"(3, 4)",1,-0.24300736235454792,0.15000000000000002,-0.23962339588655318,1.5173692417588989
filter_oembed,oEmbed Filter,1008.0,1574794687,1.0,0.19250000000000003,562,2,0,1,"(3, 9)",1,0.36402240511132766,1.1925000000000001,0.9438438772290452,2.307866282340373
atto_count,Word count,576.0,1530068928,0.0,0.15000000000000002,718,1,1,1,"(3, 5)",1,0.09367512722961814,0.15000000000000002,-0.23962339588655318,1.854051731343065
auth_mojeid,mojeID,1.0,1517323830,0.0,0.15000000000000002,768,1,1,1,"(3, 4)",1,-0.26616210606200913,0.15000000000000002,-0.23962339588655318,1.4942144980514378
editor_webvi,Vi like editor,3.0,1481247210,0.0,0.15000000000000002,718,1,1,1,"(3, 2)",1,-0.2649104982940383,0.15000000000000002,-0.23962339588655318,1.4954661058194085
repository_emailed_files,Emailed Files,7.0,1404975770,0.0,0.15000000000000002,539,1,1,1,"(2, 7)",1,-0.2624072827580965,0.15000000000000002,-0.23962339588655318,1.4979693213553502
block_course_overview_lite,Course overview lite,3.0,1405094965,0.0,0.15000000000000002,771,2,0,1,"(2, 6)",1,-0.2649104982940383,0.15000000000000002,-0.23962339588655318,0.49546610581940853
profilefield_multiselect,Multi select menu custom user profile field,397.0,1592657636,0.0,0.15000000000000002,772,1,1,1,"(3, 9)",1,-0.018343768003775397,0.15000000000000002,-0.23962339588655318,1.7420328361096713
availability_language,Restriction by language,2506.0,1788196201,0.0,0.15000000000000002,2889,1,1,0,"(5, 2)",0,1.3014766233215151,0.15000000000000002,-0.23962339588655318,2.0618532274349617
profilefield_file,File upload,716.0,1712515197,0.0,0.15000000000000002,2941,1,1,0,"(4, 3)",0,0.18128767098757959,0.15000000000000002,-0.23962339588655318,0.9416642751010265
block_cqumymoodle,CQU MyMoodle,2.0,1458278690,0.0,0.15000000000000002,562,4,0,1,"(3, 0)",1,-0.2655363021780237,0.15000000000000002,-0.23962339588655318,0.49484030193542305
tinymce_tiny_mce_wiris,MathType for TinyMCE (legacy) by WIRIS,718.0,1702571708,0.0,0.15000000000000002,776,1,1,0,"(4, 3)",0,0.18253927875555045,0.15000000000000002,-0.23962339588655318,0.9429158828689973
atto_wiris,MathType for Atto by WIRIS,3514.0,1744631419,0.0,0.15000000000000002,776,1,1,0,"(5, 0)",0,1.9322869383788375,0.15000000000000002,-0.23962339588655318,2.6926635424922845
theme_uikit,UIkit,47.0,1455221075,0.0,0.15000000000000002,778,1,1,1,"(3, 0)",1,-0.23737512739867897,0.15000000000000002,-0.23962339588655318,1.523001476714768
atto_fontsize,Font size,3991.0,1695133087,0.0,0.15000000000000002,947,2,0,0,"(4, 5)",0,2.2307953910398917,0.15000000000000002,-0.23962339588655318,1.9911719951533384
mod_helixmedia,MEDIAL Video Streaming Activity,389.0,1779288121,0.0,0.15000000000000002,780,1,1,0,"(5, 2)",0,-0.023350199075658905,0.15000000000000002,-0.23962339588655318,0.7370264050377879
tinymce_helixmedia,MEDIAL TinyMCE Editor (***DEPRECATED - see description***),27.0,1696842124,0.0,0.15000000000000002,780,1,1,0,"(4, 1)",0,-0.24989120507838775,0.15000000000000002,-0.23962339588655318,0.5104853990350591
theme_evolved,evolve-D,157.0,1443029530,0.0,0.15000000000000002,2888,1,1,1,"(2, 9)",1,-0.1685367001602807,0.15000000000000002,-0.23962339588655318,1.591839903953166
enrol_auto,Auto enrolment,833.0,1554842153,0.0,0.15000000000000002,562,2,0,1,"(3, 6)",1,0.2545067254138759,0.15000000000000002,-0.23962339588655318,1.0148833295273227
local_compatability_test,Compatibility Test,13.0,1418090267,0.0,0.15000000000000002,220,2,0,1,"(2, 8)",1,-0.25865245945418386,0.15000000000000002,-0.23962339588655318,0.501724144659263
theme_crisp,Crisp,64.0,1651837664,0.0,0.15000000000000002,2888,1,1,1,"(4, 0)",1,-0.2267364613709265,0.15000000000000002,-0.23962339588655318,1.5336401427425204
block_my_enrolled_courses,My Enrolled Courses,288.0,1788271802,0.0,0.15000000000000002,2888,1,1,0,"(5, 2)",0,-0.08655639135818823,0.15000000000000002,-0.23962339588655318,0.6738202127552586
tool_inactive_user_cleanup,Inactive User Cleanup,314.0,1788441002,0.0,0.15000000000000002,2888,1,1,0,"(5, 2)",0,-0.07028549037456681,0.15000000000000002,-0.23962339588655318,0.69009111373888
qtype_easyomechjs,Electron Pushing / Curved Arrow (MarvinJS),12.0,1455303997,0.0,0.15000000000000002,699,1,1,1,"(3, 0)",1,-0.25927826333816933,0.15000000000000002,-0.23962339588655318,1.5010983407752776
tool_sync,Global CSV feeding for Moodle,16.0,1596007945,0.0,0.15000000000000002,611,2,0,1,"(3, 5)",1,-0.2567750478022276,0.15000000000000002,-0.23962339588655318,0.5036015563112193
atto_structure,Chemical Structures and Reactions Editor,68.0,1455304594,0.0,0.15000000000000002,699,1,1,1,"(3, 0)",1,-0.22423324583498475,0.15000000000000002,-0.23962339588655318,1.536143358278462
qtype_easyoselectjs,Select Atoms or Molecules (MarvinJS),18.0,1455304364,0.0,0.15000000000000002,699,1,1,1,"(3, 0)",1,-0.2555234400342567,0.15000000000000002,-0.23962339588655318,1.50485316407919
qtype_easyonamejs,Name to Structure or Reaction (MarvinJS),26.0,1455304427,0.0,0.15000000000000002,699,1,1,1,"(3, 0)",1,-0.25051700896237317,0.15000000000000002,-0.23962339588655318,1.5098595951510736
assignsubmission_geogebra,GeoGebra submissions,435.0,1474970533,0.0,0.15000000000000002,2493,1,1,1,"(3, 3)",1,0.005436779587671277,0.15000000000000002,-0.23962339588655318,1.765813383701118
qtype_geogebra,GeoGebra,1399.0,1680610396,1.0,0.2775,2493,1,1,1,"(4, 1)",0,0.6087117237496342,1.2775,1.040337611727679,3.6490493354773132
repository_geogebratube,Geogebra materials,155.0,1474970609,0.0,0.15000000000000002,2493,1,1,1,"(3, 3)",1,-0.1697883079282516,0.15000000000000002,-0.23962339588655318,1.5905882961851954
block_mycoursestatus,Mycourse Status,77.0,1659018541,0.0,0.15000000000000002,796,1,1,1,"(4, 0)",1,-0.2186010108791158,0.15000000000000002,-0.23962339588655318,1.5417755932343309
workshopallocation_live,Live allocation,145.0,1701641577,0.0,0.15000000000000002,2639,2,0,0,"(5, 0)",0,-0.17604634676810596,0.15000000000000002,-0.23962339588655318,-0.41566974265465917
workshopeval_weightiest,Comparison with the weightiest assessment,121.0,1744661960,0.0,0.15000000000000002,2639,2,0,0,"(5, 0)",0,-0.1910656399837565,0.15000000000000002,-0.23962339588655318,-0.4306890358703097
atto_chemistry,Chemistry editor,608.0,1443553226,0.0,0.15000000000000002,803,1,1,1,"(3, 1)",1,0.11370085151715219,0.15000000000000002,-0.23962339588655318,1.874077455630599
mod_quizgame,Quizventure,1502.0,1674856036,0.0,0.15000000000000002,646,2,0,1,"(4, 2)",0,0.6731695238001344,0.15000000000000002,-0.23962339588655318,1.4335461279135813
atto_mediagallery,Media gallery,144.0,1593406175,0.0,0.15000000000000002,293,1,1,1,"(3, 9)",1,-0.1766721506520914,0.15000000000000002,-0.23962339588655318,1.5837044534613554
report_coursesize,Course size,6965.0,1765429885,0.0,0.15000000000000002,562,3,0,0,"(4, 5)",0,4.091936142012586,0.15000000000000002,-0.23962339588655318,3.852312746126033
atto_computing,Computer science editor,141.0,1443553436,0.0,0.15000000000000002,803,1,1,1,"(3, 0)",1,-0.17854956230404773,0.15000000000000002,-0.23962339588655318,1.5818270418093991
mod_ratingallocate,Fair Allocation,772.0,1772030851,0.0,0.15000000000000002,734,2,0,0,"(5, 1)",0,0.21633268849076415,0.15000000000000002,-0.23962339588655318,-0.023290707395789034
block_pcbook,PCBook,1.0,1413127062,0.0,0.15000000000000002,805,1,1,1,"(2, 6)",1,-0.26616210606200913,0.15000000000000002,-0.23962339588655318,1.4942144980514378
atto_imagedragdrop,Image drag & drop,110.0,1417146925,0.0,0.15000000000000002,364,1,1,1,"(2, 8)",1,-0.19794948270759632,0.15000000000000002,-0.23962339588655318,1.5624271214058505
block_bcu_course_checks,Course Checks Block,31.0,1521650170,0.0,0.15000000000000002,843,4,0,1,"(3, 4)",1,-0.24738798954244598,0.15000000000000002,-0.23962339588655318,0.5129886145710009
mod_pbm,PUMA/BibSonomy Module,1.0,1534859959,0.0,0.15000000000000002,808,2,0,1,"(3, 5)",1,-0.26616210606200913,0.15000000000000002,-0.23962339588655318,0.4942144980514377
mod_offlinequiz,Offline Quiz,2129.0,1785849001,1.0,0.2775,1188,1,1,0,"(5, 2)",0,1.0655485590590046,1.2775,1.040337611727679,3.1058861707866834
mod_grouptool,Grouptool,594.0,1769780034,1.0,0.2775,1188,1,1,0,"(5, 1)",0,0.10493959714135605,1.2775,1.040337611727679,2.145277208869035
mod_organizer,Organizer,1421.0,1786648202,0.0,0.15000000000000002,1188,1,1,0,"(5, 2)",0,0.6224794091973139,0.15000000000000002,-0.23962339588655318,1.3828560133107608
block_semester_sortierung,Semester overview,45.0,1597756917,0.0,0.15000000000000002,1188,1,1,1,"(3, 9)",1,-0.23862673516664984,0.15000000000000002,-0.23962339588655318,1.521749868946797
local_wikiexport,Wiki export,78.0,1684926356,0.0,0.15000000000000002,5,1,1,1,"(3, 11)",1,-0.21797520699513037,0.15000000000000002,-0.23962339588655318,1.5424013971183164
atto_morefontcolors,More font colours,5543.0,1624286190,0.0,0.15000000000000002,2897,2,0,1,"(4, 5)",0,3.202043018985292,0.15000000000000002,-0.23962339588655318,3.962419623098739
block_credly,Credly,3.0,1499973181,0.0,0.15000000000000002,815,1,1,1,"(3, 3)",1,-0.2649104982940383,0.15000000000000002,-0.23962339588655318,1.4954661058194085
local_metasync,Meta-course synchronization to groups,39.0,1526225401,0.0,0.15000000000000002,816,3,0,1,"(3, 8)",1,-0.24238155847056247,0.15000000000000002,-0.23962339588655318,0.5179950456428843
mod_courseboard,Courseboard,30.0,1452865161,0.0,0.15000000000000002,817,1,1,1,"(3, 0)",1,-0.24801379342643143,0.15000000000000002,-0.23962339588655318,1.5123628106870153
block_culactivity_stream,CUL Activity Stream Block,16.0,1656172166,0.0,0.15000000000000002,843,1,1,1,"(4, 1)",0,-0.2567750478022276,0.15000000000000002,-0.23962339588655318,1.5036015563112193
message_culactivity_stream,CUL Activity Stream,19.0,1656171961,1.0,0.2775,843,1,1,1,"(4, 1)",0,-0.2548976361502713,1.2775,1.040337611727679,2.7854399755774075
local_culactivity_stream,CUL Activity Stream,13.0,1656172303,0.0,0.15000000000000002,843,1,1,1,"(4, 1)",0,-0.25865245945418386,0.15000000000000002,-0.23962339588655318,1.501724144659263
auth_loginlogoutredir,Login/Logout user redirection,404.0,1726618247,0.0,0.15000000000000002,821,1,1,0,"(4, 4)",0,-0.013963140815877325,0.15000000000000002,-0.23962339588655318,0.7464134632975694
auth_lenauth,LenAuth,68.0,1468610967,0.0,0.15000000000000002,1027,1,1,1,"(3, 1)",1,-0.22423324583498475,0.15000000000000002,-0.23962339588655318,1.536143358278462
qbehaviour_deferredfeedbackexplain,Deferred feedback with explanation,288.0,1647794493,0.0,0.15000000000000002,2941,2,0,1,"(4, 0)",1,-0.08655639135818823,0.15000000000000002,-0.23962339588655318,0.6738202127552586
mod_accredible,Accredible Certificates and Badges,613.0,1781612692,0.0,0.15000000000000002,824,2,0,0,"(5, 1)",0,0.11682987093707937,0.15000000000000002,-0.23962339588655318,-0.1227935249494738
auth_a2fa,A2FA (Another 2-Factor Auth),101.0,1564302289,0.0,0.15000000000000002,843,2,0,1,"(3, 7)",1,-0.20358171766346528,0.15000000000000002,-0.23962339588655318,0.5567948864499815
theme_bootswatch,Bootswatch,17.0,1446210677,0.0,0.15000000000000002,2081,1,1,1,"(3, 0)",1,-0.2561492439182421,0.15000000000000002,-0.23962339588655318,1.5042273601952048
mod_qcreate,Question Creation Activity,67.0,1526382488,0.0,0.15000000000000002,827,1,1,1,"(3, 5)",1,-0.2248590497189702,0.15000000000000002,-0.23962339588655318,1.5355175543944766
qtype_formulas,Formulas question type,2218.0,1783100766,0.0,0.15000000000000002,1812,2,0,0,"(5, 2)",0,1.1212451047337086,0.15000000000000002,-0.23962339588655318,0.8816217088471554
qformat_canvas,Canvas,72.0,1415865033,0.0,0.15000000000000002,827,1,1,1,"(3, 0)",1,-0.221730030299043,0.15000000000000002,-0.23962339588655318,1.538646573814404
qformat_fronter,Fronter,4.0,1551876405,0.0,0.15000000000000002,827,1,1,1,"(3, 6)",1,-0.2642846944100528,0.15000000000000002,-0.23962339588655318,1.496091909703394
block_sitenews,Site news,61.0,1578668532,0.0,0.15000000000000002,852,1,1,1,"(3, 8)",1,-0.22861387302288283,0.15000000000000002,-0.23962339588655318,1.531762731090564
block_dataformaccessfield,Dataform field access,86.0,1517510147,0.0,0.15000000000000002,58,1,1,1,"(3, 3)",1,-0.21296877592324687,0.15000000000000002,-0.23962339588655318,1.5474078281902
local_news_forum,Add news forum to new courses,11.0,1464010159,0.0,0.15000000000000002,816,1,1,1,"(3, 1)",1,-0.25990406722215476,0.15000000000000002,-0.23962339588655318,1.5004725368912921
block_uicustomcss,UI Custom CSS,206.0,1418854447,0.0,0.15000000000000002,834,2,0,1,"(4, 1)",0,-0.1378723098449942,0.15000000000000002,-0.23962339588655318,0.6225042942684527
profilefield_afaqr,a2fa QR code input,127.0,1416729217,1.0,0.2775,843,1,1,1,"(2, 7)",1,-0.18731081667984387,1.2775,1.040337611727679,2.8530267950478354
auth_drupalservices,Drupal Services,30.0,1420585949,0.0,0.15000000000000002,836,1,1,1,"(2, 8)",1,-0.24801379342643143,0.15000000000000002,-0.23962339588655318,1.5123628106870153
block_culupcoming_events,CUL Upcoming events,74.0,1656172076,0.0,0.15000000000000002,843,2,0,1,"(4, 1)",0,-0.2204784225310721,0.15000000000000002,-0.23962339588655318,0.5398981815823747
theme_bcu,BCU,324.0,1435761904,0.0,0.15000000000000002,843,2,0,1,"(2, 9)",1,-0.06402745153471243,0.15000000000000002,-0.23962339588655318,0.6963491525787344
block_formillalivechat,Formilla Live Chat,90.0,1417390357,0.0,0.15000000000000002,839,1,1,1,"(3, 9)",1,-0.2104655603873051,0.15000000000000002,-0.23962339588655318,1.5499110437261416
atto_fullscreen,Full screen,4078.0,1775945036,0.0,0.15000000000000002,893,1,1,0,"(5, 2)",0,2.285240328946625,0.15000000000000002,-0.23962339588655318,3.0456169330600718
block_compile_discussions,Compile discussions,9.0,1418061988,0.0,0.15000000000000002,841,1,1,1,"(2, 6)",1,-0.26115567499012565,0.15000000000000002,-0.23962339588655318,1.4992209291233212
auth_basic,HTTP Basic authentication,356.0,1731907792,1.0,0.2775,562,3,0,0,"(4, 5)",0,-0.044001727247178386,1.2775,1.040337611727679,0.9963358844805006
mod_bootstrapelements,Bootstrap Elements,495.0,1550075360,0.0,0.15000000000000002,843,3,0,1,"(3, 6)",1,0.0429850126267976,0.15000000000000002,-0.23962339588655318,0.8033616167402444
local_smart_klass,SmartKlass™ Learning Analytics Moodle,126.0,1468442501,0.0,0.15000000000000002,844,2,0,1,"(3, 0)",1,-0.18793662056382932,0.15000000000000002,-0.23962339588655318,0.5724399835496174
format_mindmap,MindMap Format,86.0,1502197369,0.0,0.15000000000000002,845,1,1,1,"(3, 5)",1,-0.21296877592324687,0.15000000000000002,-0.23962339588655318,1.5474078281902
local_searchquestions,Search Questions,43.0,1421079505,0.0,0.15000000000000002,562,1,1,1,"(3, 4)",1,-0.23987834293462074,0.15000000000000002,-0.23962339588655318,1.520498261178826
format_periods,Periods format,56.0,1509087556,0.0,0.15000000000000002,537,1,1,1,"(3, 4)",1,-0.23174289244281002,0.15000000000000002,-0.23962339588655318,1.5286337116706368
block_analytics_graphs,Analytics graphs,2549.0,1779988977,0.0,0.15000000000000002,642,1,1,0,"(5, 2)",0,1.3283861903328888,0.15000000000000002,-0.23962339588655318,2.0887627944463354
availability_coursecompleted,Restriction by course completion,3614.0,1782911811,0.0,0.15000000000000002,2889,1,1,0,"(5, 2)",0,1.9948673267773813,0.15000000000000002,-0.23962339588655318,2.755243930890828
block_dukreminder,DUK-Reminder,61.0,1430918951,0.0,0.15000000000000002,539,1,1,1,"(2, 8)",1,-0.22861387302288283,0.15000000000000002,-0.23962339588655318,1.531762731090564
local_question_filters,Question Filters,5.0,1431416886,0.0,0.15000000000000002,539,1,1,1,"(2, 8)",1,-0.2636588905260674,0.15000000000000002,-0.23962339588655318,1.4967177135873795
filter_collapsible,Collapsible regions,154.0,1480944837,0.0,0.15000000000000002,852,1,1,1,"(3, 1)",1,-0.170414111812237,0.15000000000000002,-0.23962339588655318,1.58996249230121
report_myfeedback,My Feedback,556.0,1778583389,0.0,0.15000000000000002,363,2,0,0,"(4, 5)",0,0.08115904954990937,0.15000000000000002,-0.23962339588655318,-0.1584643463366438
block_exalib,Exabis Library,134.0,1650542266,0.0,0.15000000000000002,539,1,1,1,"(4, 0)",1,-0.18293018949194578,0.15000000000000002,-0.23962339588655318,1.577446414621501
mod_teambuilder,Team Builder,61.0,1593394524,0.0,0.15000000000000002,293,1,1,1,"(3, 9)",1,-0.22861387302288283,0.15000000000000002,-0.23962339588655318,1.531762731090564
plagiarism_copycheck,CopyCheck Plagiarism Plugin,6.0,1574780873,0.0,0.15000000000000002,1188,1,1,1,"(3, 8)",1,-0.26303308664208197,0.15000000000000002,-0.23962339588655318,1.4973435174713647
filter_easychem,Easychem Chemical Structure and Equation Filter,64.0,1421114309,1.0,0.2775,699,1,1,1,"(2, 8)",1,-0.2267364613709265,1.2775,1.040337611727679,2.8136011503567526
atto_easychem,EasyChem Chemical Structure and Equation Editor,51.0,1421115696,0.0,0.15000000000000002,699,1,1,1,"(2, 8)",1,-0.2348719118627372,0.15000000000000002,-0.23962339588655318,1.5255046922507096
mod_ipal,ipal,57.0,1551891856,0.0,0.15000000000000002,1355,1,1,1,"(3, 6)",1,-0.23111708855882457,0.15000000000000002,-0.23962339588655318,1.5292595155546223
atto_generico,Generico Icon,916.0,1536060447,0.0,0.15000000000000002,204,1,1,1,"(5, 1)",0,0.30644844778466734,0.15000000000000002,-0.23962339588655318,2.066825051898114
quizaccess_offlinemode,Quiz fault-tolerant mode,107.0,1656596619,0.0,0.15000000000000002,2941,1,1,1,"(4, 0)",1,-0.19982689435955264,0.15000000000000002,-0.23962339588655318,1.5605497097538943
auth_oidc,OpenID Connect Authentication,10155.0,1788361908,3.0,1.5568775000000001,869,3,0,0,"(5, 2)",0,6.088250531926136,4.556877500000001,4.76315386826643,10.851404400192568
assignfeedback_onenote,OneNote Assignment Feedback,611.0,1788365428,0.0,0.15000000000000002,869,3,0,0,"(5, 2)",0,0.1155782631691085,0.15000000000000002,-0.23962339588655318,-0.12404513271744468
assignsubmission_onenote,OneNote Assignment Submission,657.0,1783418803,0.0,0.15000000000000002,869,3,0,0,"(5, 2)",0,0.14436524183243868,0.15000000000000002,-0.23962339588655318,-0.0952581540541145
block_onenote,OneNote block,58.0,1469556391,0.0,0.15000000000000002,869,4,0,1,"(3, 1)",1,-0.23049128467483915,0.15000000000000002,-0.23962339588655318,0.5298853194386077
local_microsoftservices,Microsoft Services,52.0,1468955724,0.0,0.15000000000000002,869,4,0,1,"(3, 1)",1,-0.23424610797875178,0.15000000000000002,-0.23962339588655318,0.5261304961346951
local_msaccount,Microsoft Account,75.0,1469422990,1.0,0.19250000000000003,869,4,0,1,"(3, 1)",1,-0.2198526186470867,1.1925000000000001,0.9438438772290452,1.7239912585819583
local_o365,Microsoft 365 Integration,7125.0,1788361907,7.0,1.47515,869,3,0,0,"(5, 2)",0,4.192064763450256,8.47515,9.211256766011118,13.403321529461374
local_office365,Microsoft 365 Integration (shell plugin),1154.0,1788466201,0.0,0.15000000000000002,869,3,0,0,"(5, 2)",0,0.4553897721732017,0.15000000000000002,-0.23962339588655318,0.21576637628664852
local_onenote,Microsoft OneNote,888.0,1783418336,4.0,0.66,869,3,0,0,"(5, 2)",0,0.28892593903307506,4.66,4.880220634570375,5.1691465736034505
profilefield_o365,Office 365 Connection,41.0,1433261040,0.0,0.15000000000000002,869,4,0,1,"(2, 9)",1,-0.2411299507025916,0.15000000000000002,-0.23962339588655318,0.5192466534108552
profilefield_oidc,OpenIDConnect Management,36.0,1433261082,0.0,0.15000000000000002,869,4,0,1,"(2, 9)",1,-0.2442589701225188,0.15000000000000002,-0.23962339588655318,0.516117633990928
repository_office365,Microsoft 365 Repository,3043.0,1783418559,1.0,0.17550000000000002,869,3,0,0,"(5, 2)",0,1.6375333090216957,1.1755,0.9245451303293183,2.562078439351014
repository_onenote,Microsoft OneNote,73.0,1469422993,0.0,0.15000000000000002,869,4,0,1,"(3, 1)",1,-0.22110422641505756,0.15000000000000002,-0.23962339588655318,0.5392723776983892
block_searchonmath,Search On Math,1.0,1423682419,0.0,0.15000000000000002,875,1,1,1,"(2, 8)",1,-0.26616210606200913,0.15000000000000002,-0.23962339588655318,1.4942144980514378
availability_mobileapp,Moodle Mobile app section and activity availability restrictions,396.0,1734349492,0.0,0.15000000000000002,220,1,1,0,"(4, 5)",0,-0.018969571887760835,0.15000000000000002,-0.23962339588655318,0.741407032225686
block_alerts,Alerts,33.0,1425994421,0.0,0.15000000000000002,2888,3,0,1,"(2, 9)",1,-0.2461363817744751,0.15000000000000002,-0.23962339588655318,0.5142402223389717
filter_urlresource,Retrieve Title and Teaserimage from webpage via url,49.0,1445276889,1.0,0.9612404689154856,2888,3,0,1,"(2, 9)",1,-0.2361235196307081,1.9612404689154856,1.8165337443571183,2.5804102247264105
local_filterurlresbak,Backup Helper for filter_urlresource,27.0,1425994607,1.0,0.9612404689154856,2888,3,0,1,"(2, 9)",1,-0.24989120507838775,1.9612404689154856,1.8165337443571183,2.566642539278731
filter_ecli,ECLI,2.0,1422518783,0.0,0.15000000000000002,880,1,1,1,"(2, 8)",1,-0.2655363021780237,0.15000000000000002,-0.23962339588655318,1.494840301935423
profilefield_associated,Associated input,400.0,1613463185,0.0,0.15000000000000002,2941,1,1,1,"(3, 10)",1,-0.01646635635181908,0.15000000000000002,-0.23962339588655318,1.7439102477616277
tool_legacyfilesmigration,Legacy files migration,29.0,1750154868,0.0,0.15000000000000002,894,1,1,0,"(4, 5)",0,-0.24863959731041688,0.15000000000000002,-0.23962339588655318,0.5117370068030299
block_coursefiles,Course Files,123.0,1488285536,0.0,0.15000000000000002,1023,1,1,1,"(3, 2)",1,-0.18981403221578563,0.15000000000000002,-0.23962339588655318,1.5705625718976612
mod_virtualclass,Virtual Class,10.0,1449140085,0.0,0.15000000000000002,2888,3,0,1,"(3, 0)",1,-0.2605298711061402,0.15000000000000002,-0.23962339588655318,0.49984673300730664
local_unusedquestions,Question bank unused questions,34.0,1423594862,0.0,0.15000000000000002,562,1,1,1,"(2, 8)",1,-0.24551057789048966,0.15000000000000002,-0.23962339588655318,1.5148660262229572
block_bookmarks,Bookmarks (within book chapter),10.0,1426192373,0.0,0.15000000000000002,886,1,1,1,"(2, 8)",1,-0.2605298711061402,0.15000000000000002,-0.23962339588655318,1.4998467330073066
auth_unilogin,UNI Login,1.0,1426491936,0.0,0.15000000000000002,887,1,1,1,"(2, 8)",1,-0.26616210606200913,0.15000000000000002,-0.23962339588655318,1.4942144980514378
enrol_elightenment,Elightenment,7.0,1426368883,0.0,0.15000000000000002,888,1,1,1,"(2, 8)",1,-0.2624072827580965,0.15000000000000002,-0.23962339588655318,1.4979693213553502
block_mfavatar,Webcam snapshot,151.0,1776035852,0.0,0.15000000000000002,646,3,0,0,"(5, 1)",0,-0.17229152346419332,0.15000000000000002,-0.23962339588655318,-0.41191491935074653
tool_heartbeat,Heartbeat check (eg Nagios / Icinga),1088.0,1783323911,0.0,0.15000000000000002,562,2,0,0,"(4, 5)",0,0.41408671583016277,0.15000000000000002,-0.23962339588655318,0.17446331994360958
theme_joomdlebs,JoomdleBS,57.0,1618817301,0.0,0.15000000000000002,1999,1,1,1,"(3, 11)",1,-0.23111708855882457,0.15000000000000002,-0.23962339588655318,1.5292595155546223
atto_preview,Toggle preview,888.0,1775925718,0.0,0.15000000000000002,893,1,1,0,"(5, 2)",0,0.28892593903307506,0.15000000000000002,-0.23962339588655318,1.049302543146522
atto_mathslate,Mathslate for  Atto,446.0,1728700069,0.0,0.15000000000000002,893,1,1,0,"(4, 5)",0,0.012320622311511103,0.15000000000000002,-0.23962339588655318,0.7726972264249579
block_my_external_privatefiles,Download private files from other moodle platforms,20.0,1750659935,0.0,0.15000000000000002,894,1,1,0,"(4, 5)",0,-0.2542718322662858,0.15000000000000002,-0.23962339588655318,0.506104771847161
mod_description,Course description label,199.0,1724834649,0.0,0.15000000000000002,433,2,0,0,"(4, 4)",0,-0.14225293703289227,0.15000000000000002,-0.23962339588655318,-0.38187633291944545
local_checkmarkreport,Checkmark report,202.0,1785593403,0.0,0.15000000000000002,1188,1,1,0,"(5, 2)",0,-0.14037552538093595,0.15000000000000002,-0.23962339588655318,0.6200010787325109
mod_publication,Student folder,2603.0,1786461001,0.0,0.15000000000000002,1188,1,1,0,"(5, 2)",0,1.3621796000681026,0.15000000000000002,-0.23962339588655318,2.1225562041815493
atto_sketchfab,Sketchfab for Atto,11.0,1428482322,1.0,0.2775,899,1,1,1,"(2, 9)",1,-0.25990406722215476,1.2775,1.040337611727679,2.780433544505524
filter_sketchfab,Sketchfab Filter,2.0,1437040298,0.0,0.15000000000000002,899,1,1,1,"(2, 9)",1,-0.2655363021780237,0.15000000000000002,-0.23962339588655318,1.494840301935423
filter_jwplayer,JW Player multimedia filter,33.0,1490624946,0.0,0.15000000000000002,697,2,0,1,"(3, 2)",1,-0.2461363817744751,0.15000000000000002,-0.23962339588655318,0.5142402223389717
filter_videoeasy,Video Easy Filter,604.0,1728287817,0.0,0.15000000000000002,204,1,1,0,"(5, 2)",0,0.11119763598121044,0.15000000000000002,-0.23962339588655318,0.8715742400946572
block_tabbed_navigation,SMB Streamline: Tabbed Navigation,15.0,1427423074,0.0,0.15000000000000002,902,1,1,1,"(2, 8)",1,-0.257400851686213,0.15000000000000002,-0.23962339588655318,1.5029757524272338
availability_dataformcontent,Restriction by dataform content,44.0,1517510195,0.0,0.15000000000000002,58,1,1,1,"(3, 3)",1,-0.2392525390506353,0.15000000000000002,-0.23962339588655318,1.5211240650628115
plagiarism_plagiarisma,PLAGIARISMA,14.0,1504276994,0.0,0.15000000000000002,904,1,1,1,"(3, 3)",1,-0.25802665557019844,0.15000000000000002,-0.23962339588655318,1.5023499485432483
theme_morecandy,Morecandy,116.0,1503050640,0.0,0.15000000000000002,602,1,1,1,"(3, 3)",1,-0.1941946594036837,0.15000000000000002,-0.23962339588655318,1.5661819447097631
theme_educacionbe,Educacionbe,12.0,1447170192,0.0,0.15000000000000002,2888,1,1,1,"(2, 8)",1,-0.25927826333816933,0.15000000000000002,-0.23962339588655318,1.5010983407752776
report_moodleanalyst,Moodle AnalyST,16.0,1464097232,0.0,0.15000000000000002,1437,2,0,1,"(3, 3)",1,-0.2567750478022276,0.15000000000000002,-0.23962339588655318,0.5036015563112193
filter_flowchart,flowchart,14.0,1431186930,0.0,0.15000000000000002,908,1,1,1,"(2, 8)",1,-0.25802665557019844,0.15000000000000002,-0.23962339588655318,1.5023499485432483
local_autogroup,Auto Group,1209.0,1746557228,0.0,0.15000000000000002,1433,3,0,0,"(5, 1)",0,0.48980898579240084,0.15000000000000002,-0.23962339588655318,0.25018558990584766
tool_userrestore,User Restore,316.0,1765293506,0.0,0.15000000000000002,1188,2,0,0,"(5, 1)",0,-0.06903388260659593,0.15000000000000002,-0.23962339588655318,-0.3086572784931491
tool_usersuspension,User Suspension,627.0,1769507062,0.0,0.15000000000000002,1188,2,0,0,"(5, 0)",0,0.12559112531287553,0.15000000000000002,-0.23962339588655318,-0.11403227057367765
filter_sagecell,SageCell,21.0,1517404309,0.0,0.15000000000000002,913,2,0,1,"(3, 4)",1,-0.2536460283823004,0.15000000000000002,-0.23962339588655318,0.5067305757311464
filter_vlabembed,VlabEmbed,2.0,1437489719,0.0,0.15000000000000002,913,2,0,1,"(2, 9)",1,-0.2655363021780237,0.15000000000000002,-0.23962339588655318,0.49484030193542305
mod_dmelearn,DM e-Learning,5.0,1646381004,0.0,0.15000000000000002,914,2,0,1,"(3, 11)",1,-0.2636588905260674,0.15000000000000002,-0.23962339588655318,0.4967177135873795
block_interactivetree,Interactive Tree,3.0,1466847489,0.0,0.15000000000000002,915,1,1,1,"(2, 9)",1,-0.2649104982940383,0.15000000000000002,-0.23962339588655318,1.4954661058194085
assignsubmission_estream,Planet eStream Video Assignment Submission Plugin,147.0,1721902373,4.0,0.6408750000000001,1145,1,1,0,"(4, 5)",0,-0.1747947390001351,4.640875,4.858509544308183,5.683714805308048
block_yammer,Yammer,17.0,1512097565,0.0,0.15000000000000002,917,1,1,1,"(3, 4)",1,-0.2561492439182421,0.15000000000000002,-0.23962339588655318,1.5042273601952048
mod_activequiz,Active quiz,1082.0,1484420858,0.0,0.15000000000000002,918,1,1,1,"(3, 2)",1,0.41033189252625013,0.15000000000000002,-0.23962339588655318,2.170708496639697
qformat_qml,Questionmark QML Importer (Alpha),53.0,1442411022,0.0,0.15000000000000002,697,3,0,1,"(3, 5)",1,-0.23362030409476633,0.15000000000000002,-0.23962339588655318,0.5267563000186805
filter_planetestream,Planet eStream iFrame Filter,128.0,1740403854,2.0,0.2775,1145,1,1,0,"(4, 5)",0,-0.18668501279585842,2.2775,2.17555801759396,2.988873004798102
mod_poster,Poster,632.0,1746006795,0.0,0.15000000000000002,893,2,0,0,"(4, 5)",0,0.12872014473280272,0.15000000000000002,-0.23962339588655318,-0.11090325115375047
atto_styles,Styles,3040.0,1730231273,0.0,0.15000000000000002,242,2,0,0,"(4, 5)",0,1.6356558973697395,0.15000000000000002,-0.23962339588655318,1.3960325014831863
block_course_publish,Course publish,7.0,1651837583,0.0,0.15000000000000002,2888,1,1,1,"(4, 0)",1,-0.2624072827580965,0.15000000000000002,-0.23962339588655318,1.4979693213553502
block_featuredcourses,Featured Courses,438.0,1720640323,0.0,0.15000000000000002,924,1,1,0,"(5, 1)",0,0.007314191239627594,0.15000000000000002,-0.23962339588655318,0.7676907953530744
block_selectrss,Moderated RSS,282.0,1716449028,0.0,0.15000000000000002,1188,2,0,0,"(4, 4)",0,-0.09031121466210086,0.15000000000000002,-0.23962339588655318,-0.32993461054865403
block_coupon,Coupon,607.0,1768206030,3.0,0.46875000000000006,1188,2,0,0,"(5, 2)",0,0.11307504763316675,3.46875,3.527889326082168,3.6409643737153345
booktool_epubexport,EPUB book export,31.0,1433875325,0.0,0.15000000000000002,927,1,1,1,"(2, 9)",1,-0.24738798954244598,0.15000000000000002,-0.23962339588655318,1.5129886145710008
qbehaviour_adaptiveallnothing,Adaptive mode (all or nothing),264.0,1760368192,0.0,0.15000000000000002,893,1,1,0,"(5, 2)",0,-0.10157568457383875,0.15000000000000002,-0.23962339588655318,0.6588009195396081
qbehaviour_deferredallnothing,Deferred feedback (all or nothing),353.0,1760368508,0.0,0.15000000000000002,893,1,1,0,"(5, 2)",0,-0.045879138899134704,0.15000000000000002,-0.23962339588655318,0.7144974652143121
enrol_authorizedotnet,Authorize.net,127.0,1788347402,0.0,0.15000000000000002,2888,1,1,0,"(5, 2)",0,-0.18731081667984387,0.15000000000000002,-0.23962339588655318,0.5730657874336029
auth_casattras,CAS server (SSO) with user-attribute release,304.0,1753222034,0.0,0.15000000000000002,816,2,0,0,"(5, 2)",0,-0.0765435292144212,0.15000000000000002,-0.23962339588655318,-0.3161669251009744
block_slider,Slider,1195.0,1589405400,1.0,0.2775,1522,1,1,1,"(3, 8)",1,0.48104773141660473,1.2775,1.040337611727679,3.5213853431442836
enrol_classicpay,ClassicPay,50.0,1742899582,0.0,0.15000000000000002,1188,2,0,0,"(4, 5)",0,-0.23549771574672265,0.15000000000000002,-0.23962339588655318,-0.47512111163327586
atto_helixatto,MEDIAL Atto Editor,172.0,1779288205,0.0,0.15000000000000002,780,1,1,0,"(4, 5)",0,-0.15914964190049913,0.15000000000000002,-0.23962339588655318,0.6012269622129477
mod_quest,QUESTOURnament,199.0,1753186558,1.0,0.2775,2891,1,1,0,"(5, 0)",0,-0.14225293703289227,1.2775,1.040337611727679,1.8980846746947868
filter_vowels,Auto non-breaking space filter,11.0,1586988392,0.0,0.15000000000000002,1522,1,1,1,"(3, 8)",1,-0.25990406722215476,0.15000000000000002,-0.23962339588655318,1.5004725368912921
local_dashboard,KT Dashboard,437.0,1461697535,0.0,0.15000000000000002,937,1,1,1,"(3, 0)",1,0.006688387355642155,0.15000000000000002,-0.23962339588655318,1.767064991469089
block_quest_classification,QUESTournament Classification,14.0,1662138173,0.0,0.15000000000000002,2891,1,1,1,"(4, 0)",1,-0.25802665557019844,0.15000000000000002,-0.23962339588655318,1.5023499485432483
tinymce_virtualkeyboard,Virtual Keyboard,39.0,1682421634,0.0,0.15000000000000002,2888,1,1,1,"(4, 0)",1,-0.24238155847056247,0.15000000000000002,-0.23962339588655318,1.5179950456428843
theme_academi,Academi,12450.0,1777451633,0.0,0.15000000000000002,1999,1,1,0,"(5, 2)",0,7.524470445672718,0.15000000000000002,-0.23962339588655318,8.284847049786165
mod_domoscio,Domoscio,3.0,1467019240,0.0,0.15000000000000002,941,1,1,1,"(3, 1)",1,-0.2649104982940383,0.15000000000000002,-0.23962339588655318,1.4954661058194085
theme_klass,Klass,3436.0,1691126448,0.0,0.15000000000000002,1999,1,1,1,"(4, 2)",0,1.8834742354279732,0.15000000000000002,-0.23962339588655318,3.64385083954142
local_ajaxcategories,AJAX Question categories moving,4.0,1439161015,0.0,0.15000000000000002,699,1,1,1,"(2, 9)",1,-0.2642846944100528,0.15000000000000002,-0.23962339588655318,1.496091909703394
local_obf,Open Badge Factory,597.0,1785413401,1.0,0.2775,959,3,0,0,"(5, 2)",0,0.10681700879331237,1.2775,1.040337611727679,1.1471546205209915
mod_socialwiki,SocialWiki,10.0,1483915220,0.0,0.15000000000000002,945,1,1,1,"(3, 2)",1,-0.2605298711061402,0.15000000000000002,-0.23962339588655318,1.4998467330073066
local_aspiredu,Dropout Detective™,78.0,1739897473,0.0,0.15000000000000002,946,1,1,0,"(4, 5)",0,-0.21797520699513037,0.15000000000000002,-0.23962339588655318,0.5424013971183165
local_moodlecloudsignup,MoodleCloud Signup and Portal strings,1.0,1464664161,0.0,0.15000000000000002,947,2,0,1,"(3, 1)",1,-0.26616210606200913,0.15000000000000002,-0.23962339588655318,0.4942144980514377
filter_cloudfront_signurl,Cloudfront URL Signer,27.0,1437039737,0.0,0.15000000000000002,1017,1,1,1,"(2, 9)",1,-0.24989120507838775,0.15000000000000002,-0.23962339588655318,1.510485399035059
logstore_xapi,Logstore xAPI,924.0,1784664930,0.0,0.15000000000000002,949,1,1,0,"(5, 2)",0,0.3114548788565508,0.15000000000000002,-0.23962339588655318,1.0718314829699978
atto_ruby,Ruby / furigana,21.0,1439435772,0.0,0.15000000000000002,899,1,1,1,"(2, 9)",1,-0.2536460283823004,0.15000000000000002,-0.23962339588655318,1.5067305757311464
report_graphic,Events Graphic Report,136.0,1437985205,0.0,0.15000000000000002,951,1,1,1,"(2, 9)",1,-0.1816785817239749,0.15000000000000002,-0.23962339588655318,1.5786980223894718
atto_bsgrid,Bootstrap Grid,485.0,1437475434,0.0,0.15000000000000002,178,2,0,1,"(3, 2)",1,0.036726973786943215,0.15000000000000002,-0.23962339588655318,0.7971035779003901
theme_snap,Snap,1785.0,1784842763,0.0,0.15000000000000002,2946,1,1,0,"(5, 1)",0,0.8502720229680136,0.15000000000000002,-0.23962339588655318,1.6106486270814604
atto_planetestream,Planet eStream ATTO Text Editor Plugin,74.0,1732113822,0.0,0.15000000000000002,1145,1,1,0,"(4, 5)",0,-0.2204784225310721,0.15000000000000002,-0.23962339588655318,0.5398981815823747
tinymce_planetestream,Planet eStream TinyMCE Text Editor Plugin,9.0,1732113952,0.0,0.15000000000000002,1145,1,1,0,"(4, 3)",0,-0.26115567499012565,0.15000000000000002,-0.23962339588655318,0.49922092912332117
availability_maxviews,Max Views,210.0,1687891115,0.0,0.15000000000000002,924,1,1,1,"(5, 1)",0,-0.13536909430905245,0.15000000000000002,-0.23962339588655318,1.6250075098043943
block_socialshare,SocialShare,44.0,1438854978,0.0,0.15000000000000002,957,1,1,1,"(2, 9)",1,-0.2392525390506353,0.15000000000000002,-0.23962339588655318,1.5211240650628115
quiz_randomsummary,Random question summary,80.0,1774893582,0.0,0.15000000000000002,718,2,0,0,"(5, 1)",0,-0.21672359922715947,0.15000000000000002,-0.23962339588655318,-0.4563469951137127
block_obf_displayer,OBF displayer block,61.0,1696239524,0.0,0.15000000000000002,959,3,0,0,"(4, 2)",0,-0.22861387302288283,0.15000000000000002,-0.23962339588655318,-0.468237268909436
enrol_bitcoin,Bitcoin,11.0,1651837621,0.0,0.15000000000000002,2888,1,1,1,"(4, 0)",1,-0.25990406722215476,0.15000000000000002,-0.23962339588655318,1.5004725368912921
block_verify_certificate,Verify Certificate,263.0,1538690679,0.0,0.15000000000000002,1035,1,1,1,"(3, 5)",1,-0.10220148845782419,0.15000000000000002,-0.23962339588655318,1.6581751156556226
atto_morebackcolors,More background colours,2634.0,1624369522,0.0,0.15000000000000002,2897,2,0,1,"(4, 5)",0,1.3815795204716512,0.15000000000000002,-0.23962339588655318,2.141956124585098
tool_adhoc,Adhoc Task Manager,99.0,1464254969,0.0,0.15000000000000002,964,1,1,1,"(3, 1)",1,-0.20483332543143615,0.15000000000000002,-0.23962339588655318,1.5555432786820107
local_recyclebin,Recycle bin,58.0,1459952531,0.0,0.15000000000000002,964,1,1,1,"(3, 0)",1,-0.23049128467483915,0.15000000000000002,-0.23962339588655318,1.5298853194386077
block_files,Recent Files Block,9.0,1442756156,0.0,0.15000000000000002,965,1,1,1,"(2, 9)",1,-0.26115567499012565,0.15000000000000002,-0.23962339588655318,1.4992209291233212
mod_zoom,Zoom meeting,10413.0,1787573400,0.0,0.15000000000000002,2448,3,0,0,"(5, 2)",0,6.2497079339943795,0.15000000000000002,-0.23962339588655318,6.010084538107827
atto_mediadrop,MediaDrop chooser,1.0,1439669607,0.0,0.15000000000000002,967,1,1,1,"(2, 9)",1,-0.26616210606200913,0.15000000000000002,-0.23962339588655318,1.4942144980514378
enrol_metabulk,Bulk meta course link,59.0,1440532337,0.0,0.15000000000000002,968,1,1,1,"(2, 9)",1,-0.2298654807908537,0.15000000000000002,-0.23962339588655318,1.5305111233225932
filter_gurls,GURLS,1.0,1446836003,0.0,0.15000000000000002,388,1,1,1,"(2, 9)",1,-0.26616210606200913,0.15000000000000002,-0.23962339588655318,1.4942144980514378
gradereport_gradedist,Grade distribution,509.0,1786648202,0.0,0.15000000000000002,1188,1,1,0,"(5, 2)",0,0.05174626700259375,0.15000000000000002,-0.23962339588655318,0.8121228711160405
mod_collaborate,Collaborate,348.0,1784842765,0.0,0.15000000000000002,2946,1,1,0,"(5, 1)",0,-0.0490081583190619,0.15000000000000002,-0.23962339588655318,0.711368445794385
plagiarism_unplag,UNPLAG Plagiarism Checker Plugin,15.0,1534338316,0.0,0.15000000000000002,1188,1,1,1,"(3, 3)",1,-0.257400851686213,0.15000000000000002,-0.23962339588655318,1.5029757524272338
atto_wordimport,Microsoft Word File Import (Atto),3245.0,1745842174,0.0,0.15000000000000002,827,1,1,0,"(4, 5)",0,1.7639456935867543,0.15000000000000002,-0.23962339588655318,2.524322297700201
atto_pastespecial,Paste special,542.0,1457962821,0.0,0.15000000000000002,974,1,1,1,"(3, 0)",1,0.07239779517411322,0.15000000000000002,-0.23962339588655318,1.83277439928756
block_fn_mentor,NED - Mentor Manager,151.0,1504622782,0.0,0.15000000000000002,388,1,1,1,"(3, 3)",1,-0.17229152346419332,0.15000000000000002,-0.23962339588655318,1.5880850806492535
mod_readaloud,Poodll ReadAloud,438.0,1786893003,0.0,0.15000000000000002,204,1,1,0,"(5, 2)",0,0.007314191239627594,0.15000000000000002,-0.23962339588655318,0.7676907953530744
block_assignments,Assignments Block,26.0,1448803022,0.0,0.15000000000000002,977,1,1,1,"(2, 9)",1,-0.25051700896237317,0.15000000000000002,-0.23962339588655318,1.5098595951510736
filter_camo,Camo,2.0,1445551905,0.0,0.15000000000000002,558,1,1,1,"(2, 7)",1,-0.2655363021780237,0.15000000000000002,-0.23962339588655318,1.494840301935423
theme_roshnilite,Roshni Lite ,590.0,1711021949,0.0,0.15000000000000002,2888,1,1,0,"(4, 4)",0,0.10243638160541428,0.15000000000000002,-0.23962339588655318,0.8628129857188611
atto_matrix,Matrix editor,72.0,1443553026,0.0,0.15000000000000002,803,1,1,1,"(3, 0)",1,-0.221730030299043,0.15000000000000002,-0.23962339588655318,1.538646573814404
mod_teletask,tele-TASK,4.0,1457099116,0.0,0.15000000000000002,981,2,0,1,"(3, 0)",1,-0.2642846944100528,0.15000000000000002,-0.23962339588655318,0.496091909703394
block_studentstracker,Students Tracker,494.0,1783351366,0.0,0.15000000000000002,2584,1,1,0,"(5, 2)",0,0.04235920874281217,0.15000000000000002,-0.23962339588655318,0.802735812856259
tool_coursearchiver,Course Archiver,952.0,1778171269,0.0,0.15000000000000002,983,1,1,0,"(5, 2)",0,0.3289773876081431,0.15000000000000002,-0.23962339588655318,1.08935399172159
datafield_tag,Tag input,31.0,1447943815,0.0,0.15000000000000002,293,1,1,1,"(3, 4)",1,-0.24738798954244598,0.15000000000000002,-0.23962339588655318,1.5129886145710008
datafield_linkedcheckbox,Linked Checkbox,12.0,1447943999,0.0,0.15000000000000002,293,1,1,1,"(3, 7)",1,-0.25927826333816933,0.15000000000000002,-0.23962339588655318,1.5010983407752776
block_databasetags,Database Tags,30.0,1447943477,0.0,0.15000000000000002,293,1,1,1,"(3, 4)",1,-0.24801379342643143,0.15000000000000002,-0.23962339588655318,1.5123628106870153
theme_eguru,Eguru,3286.0,1691126444,0.0,0.15000000000000002,1999,1,1,1,"(4, 2)",0,1.7896036528301573,0.15000000000000002,-0.23962339588655318,3.549980256943604
block_microsoft,Microsoft Block,3039.0,1788361909,2.0,0.21800000000000003,869,3,0,0,"(5, 2)",0,1.635030093485754,2.218,2.1080124034449166,3.743042496930671
message_pageone,MoodleMobile Text Messages,8.0,1527850647,0.0,0.15000000000000002,43,2,0,1,"(3, 5)",1,-0.2617814788741111,0.15000000000000002,-0.23962339588655318,0.4985951252393357
local_bs_badge_pool,Badge Pool,69.0,1533463696,0.0,0.15000000000000002,734,1,1,1,"(3, 6)",1,-0.22360744195099932,0.15000000000000002,-0.23962339588655318,1.5367691621624475
local_bs_badge_ladder,Badge Ladder,59.0,1533462970,0.0,0.15000000000000002,734,1,1,1,"(3, 6)",1,-0.2298654807908537,0.15000000000000002,-0.23962339588655318,1.5305111233225932
enrol_badgeenrol,Badge Enrolment,192.0,1533463366,0.0,0.15000000000000002,734,1,1,1,"(3, 6)",1,-0.14663356422079035,0.15000000000000002,-0.23962339588655318,1.6137430398926564
block_bs_recent_badges,Recent badges,60.0,1533462371,0.0,0.15000000000000002,734,1,1,1,"(3, 6)",1,-0.22923967690686825,0.15000000000000002,-0.23962339588655318,1.5311369272065787
block_meet_the_students,Meet the Students,54.0,1449125685,0.0,0.15000000000000002,1009,1,1,1,"(2, 9)",1,-0.23299450021078089,0.15000000000000002,-0.23962339588655318,1.5273821039026658
auth_antihammer,Anti-hammering / Login blocker,260.0,1765366586,0.0,0.15000000000000002,1188,2,0,0,"(5, 1)",0,-0.1040789001097805,0.15000000000000002,-0.23962339588655318,-0.3437022959963337
block_custom_course_menu,Custom Course Menu,228.0,1779295811,0.0,0.15000000000000002,983,2,0,0,"(5, 2)",0,-0.12410462439731455,0.15000000000000002,-0.23962339588655318,-0.36372802028386775
message_codeposty,Codeposty SMS Sender,1.0,1448547677,0.0,0.15000000000000002,997,1,1,1,"(3, 0)",1,-0.26616210606200913,0.15000000000000002,-0.23962339588655318,1.4942144980514378
local_mailtest,Moodle eMail Test,11110.0,1776798996,0.0,0.15000000000000002,2888,1,1,0,"(5, 2)",0,6.685893241132231,0.15000000000000002,-0.23962339588655318,7.446269845245678
theme_pioneer,Pioneer,107.0,1474315532,0.0,0.15000000000000002,2888,1,1,1,"(3, 1)",1,-0.19982689435955264,0.15000000000000002,-0.23962339588655318,1.5605497097538943
tool_datatables,Datatables,47.0,1489165596,0.0,0.15000000000000002,1000,1,1,1,"(3, 2)",1,-0.23737512739867897,0.15000000000000002,-0.23962339588655318,1.523001476714768
block_znanium_com,Authentication on znanium.ru,100.0,1712377552,2.0,0.39543750000000005,2918,1,1,0,"(5, 0)",0,-0.2042075215474507,2.3954375,2.3094430742108147,3.105235552663364
block_iprbookshop_ru,Authentication on www.iprbookshop.ru site,35.0,1704656216,1.0,0.2775,2918,1,1,0,"(5, 0)",0,-0.24488477400650424,1.2775,1.040337611727679,1.7954528377211747
filter_iprbookshop_ru,Adding authentication to links on www.iprbookshop.ru,1.0,1492359746,0.0,0.15000000000000002,2918,1,1,1,"(3, 11)",1,-0.26616210606200913,0.15000000000000002,-0.23962339588655318,1.4942144980514378
auth_saml2,SAML2 Single sign on,4666.0,1775088027,0.0,0.15000000000000002,562,3,0,0,"(5, 1)",0,2.6532130127300624,0.15000000000000002,-0.23962339588655318,2.413589616843509
block_simple_certificate,Block Simple Certificate,141.0,1534872272,0.0,0.15000000000000002,2889,1,1,1,"(3, 5)",1,-0.17854956230404773,0.15000000000000002,-0.23962339588655318,1.5818270418093991
block_filtered_course_list,Filtered course list,834.0,1784818792,0.0,0.15000000000000002,816,3,0,0,"(5, 2)",0,0.25513252929786134,0.15000000000000002,-0.23962339588655318,0.015509133411308162
mod_congrea,Congrea,261.0,1633602049,0.0,0.15000000000000002,2888,3,0,1,"(3, 11)",1,-0.10345309622579507,0.15000000000000002,-0.23962339588655318,0.6569235078876517
enrol_stripepayment,Stripe Enrollment,1326.0,1788351000,0.0,0.15000000000000002,2888,1,1,0,"(5, 2)",0,0.5630280402186972,0.15000000000000002,-0.23962339588655318,1.323404644332144
block_teaching_team,Teaching Team,151.0,1449563268,0.0,0.15000000000000002,1009,1,1,1,"(2, 9)",1,-0.17229152346419332,0.15000000000000002,-0.23962339588655318,1.5880850806492535
tool_downloaddata,Download courses and users by role,174.0,1470566935,0.0,0.15000000000000002,1010,1,1,1,"(3, 1)",1,-0.15789803413252823,0.15000000000000002,-0.23962339588655318,1.6024785699809185
booktool_wordimport,Microsoft Word File Import/Export (Book),8282.0,1745418131,6.0,0.8885118750000002,827,1,1,0,"(5, 0)",0,4.9161198572214095,6.888511875,7.410072789785703,13.326192647007112
tool_themetester,Theme tester,42.0,1537392568,0.0,0.15000000000000002,843,1,1,1,"(3, 6)",1,-0.24050414681860616,0.15000000000000002,-0.23962339588655318,1.5198724572948406
repository_s3bucket,Amazon S3 bucket,302.0,1778076985,0.0,0.15000000000000002,2889,1,1,0,"(5, 2)",0,-0.07779513698239209,0.15000000000000002,-0.23962339588655318,0.6825814671310547
local_remote_backup_provider,Remote backup provider,132.0,1543351848,0.0,0.15000000000000002,816,2,0,1,"(3, 8)",1,-0.18418179725991668,0.15000000000000002,-0.23962339588655318,0.5761948068535301
qtype_kprime,Kprime(ETH),903.0,1785150601,0.0,0.15000000000000002,1280,1,1,0,"(5, 2)",0,0.29831299729285665,0.15000000000000002,-0.23962339588655318,1.0586896014063034
atto_multilang2,Multi-Language Content,1274.0,1625045038,0.0,0.15000000000000002,1019,3,0,1,"(4, 5)",0,0.5304862382514544,0.15000000000000002,-0.23962339588655318,1.2908628423649011
webservice_restjson,REST protocol (with JSON/XML payload support),150.0,1455877596,0.0,0.15000000000000002,1017,1,1,1,"(2, 9)",1,-0.17291732734817877,0.15000000000000002,-0.23962339588655318,1.587459276765268
local_culcourse_visibility,CUL Course Visibility Update,197.0,1656172251,0.0,0.15000000000000002,843,1,1,1,"(4, 0)",1,-0.14350454480086314,0.15000000000000002,-0.23962339588655318,1.6168720593125836
filter_multilang2,Multi-Language Content (v2),5701.0,1776592845,2.0,0.405,1019,3,0,0,"(5, 2)",0,3.3009200326549917,2.4050000000000002,2.3202986193419117,5.621218651996903
availability_password,Restriction by password,1399.0,1783197623,0.0,0.15000000000000002,242,2,0,0,"(5, 2)",0,0.6087117237496342,0.15000000000000002,-0.23962339588655318,0.36908832786308104
theme_eduhub,Eduhub,159.0,1485248059,0.0,0.15000000000000002,2888,3,0,1,"(3, 2)",1,-0.16728509239230982,0.15000000000000002,-0.23962339588655318,0.593091511721137
atto_filedragdrop,File drag & drop,372.0,1453693395,0.0,0.15000000000000002,364,1,1,1,"(3, 0)",1,-0.03398886510341136,0.15000000000000002,-0.23962339588655318,1.7263877390100355
block_twitter,Twitter Feed,42.0,1488286711,0.0,0.15000000000000002,1023,1,1,1,"(3, 2)",1,-0.24050414681860616,0.15000000000000002,-0.23962339588655318,1.5198724572948406
availability_role,Restriction by course role,2748.0,1783198629,0.0,0.15000000000000002,242,2,0,0,"(5, 2)",0,1.4529211632459913,0.15000000000000002,-0.23962339588655318,1.213297767359438
mod_groupformation,Group formation,68.0,1672666037,0.0,0.15000000000000002,1025,1,1,1,"(4, 1)",0,-0.22423324583498475,0.15000000000000002,-0.23962339588655318,1.536143358278462
auth_enrolkey,Enrolment key based self-registration,509.0,1641955416,1.0,0.2775,562,3,0,1,"(3, 11)",1,0.05174626700259375,1.2775,1.040337611727679,2.0920838787302727
block_wpfeed,WordPress Feed,8.0,1461314685,0.0,0.15000000000000002,1027,1,1,1,"(3, 0)",1,-0.2617814788741111,0.15000000000000002,-0.23962339588655318,1.4985951252393357
availability_paypal,PayPal,605.0,1737743174,0.0,0.15000000000000002,924,1,1,0,"(5, 1)",0,0.11182343986519587,0.15000000000000002,-0.23962339588655318,0.8722000439786427
block_heatmap,Heatmap,347.0,1603962205,0.0,0.15000000000000002,5,1,1,1,"(3, 10)",1,-0.04963396220304733,0.15000000000000002,-0.23962339588655318,1.7107426419103995
format_board,Board,524.0,1512655803,0.0,0.15000000000000002,1030,1,1,1,"(3, 9)",1,0.061133325262375325,0.15000000000000002,-0.23962339588655318,1.8215099293758221
local_qrlinks,QR Links,87.0,1471523875,0.0,0.15000000000000002,562,4,0,1,"(3, 1)",1,-0.21234297203926142,0.15000000000000002,-0.23962339588655318,0.5480336320741854
local_envbar,Environment bar,388.0,1765374756,0.0,0.15000000000000002,562,4,0,0,"(4, 5)",0,-0.023976002959644346,0.15000000000000002,-0.23962339588655318,-0.26359939884619754
repository_s3links,Amazon S3 links,37.0,1511359509,0.0,0.15000000000000002,2639,1,1,1,"(3, 4)",1,-0.24363316623853334,0.15000000000000002,-0.23962339588655318,1.5167434378749136
tool_groupautoenrol,Automatic enrolment in groups,314.0,1782325539,0.0,0.15000000000000002,646,4,0,0,"(5, 1)",0,-0.07028549037456681,0.15000000000000002,-0.23962339588655318,-0.30990888626112
mod_customcert,Custom certificate,31808.0,1787494201,6.0,0.7875000000000001,1035,1,1,0,"(5, 2)",0,19.638782031862842,6.7875,7.295402048050889,27.93418407991373
block_mhaairs,McGraw-Hill AAIRS,123.0,1699462001,0.0,0.15000000000000002,1036,1,1,0,"(3, 8)",1,-0.18981403221578563,0.15000000000000002,-0.23962339588655318,0.5705625718976612
local_datacleaner,Data cleaner,420.0,1783406634,0.0,0.15000000000000002,562,5,0,0,"(5, 2)",0,-0.003950278672110305,0.15000000000000002,-0.23962339588655318,-0.2435736745586635
block_annotate,Annotate,54.0,1480956970,0.0,0.15000000000000002,1038,1,1,1,"(3, 2)",1,-0.23299450021078089,0.15000000000000002,-0.23962339588655318,1.5273821039026658
block_eexcess,EEXCESS,1.0,1467825935,1.0,0.2775,1056,1,1,1,"(3, 1)",1,-0.26616210606200913,1.2775,1.040337611727679,2.77417550566567
block_completeyourprofile,Complete your profile block,76.0,1467904044,0.0,0.15000000000000002,1040,1,1,1,"(3, 1)",1,-0.21922681476310124,0.15000000000000002,-0.23962339588655318,1.5411497893503456
block_dyslexic,Dyslexic mod,68.0,1462976493,0.0,0.15000000000000002,2918,1,1,1,"(3, 4)",1,-0.22423324583498475,0.15000000000000002,-0.23962339588655318,1.536143358278462
tool_syncgroups,Synchronize groups,252.0,1757007064,0.0,0.15000000000000002,924,2,0,0,"(5, 1)",0,-0.10908533118166402,0.15000000000000002,-0.23962339588655318,-0.3487087270682172
profilefield_dynamicmenu,Dropdown dynamic menu,91.0,1486910082,0.0,0.15000000000000002,1063,1,1,1,"(3, 2)",1,-0.20983975650331965,0.15000000000000002,-0.23962339588655318,1.5505368476101271
mod_edusharing,edu-sharing,167.0,1788768602,5.0,0.7875000000000001,1045,1,1,0,"(5, 2)",0,-0.16227866132042632,5.7875,6.160181642184607,6.997902980864181
block_edusharing_workspace,edu-sharing Workspace,33.0,1781619583,0.0,0.15000000000000002,1045,1,1,0,"(5, 2)",0,-0.2461363817744751,0.15000000000000002,-0.23962339588655318,0.5142402223389717
filter_edusharing,edu-sharing Filter,43.0,1788768602,0.0,0.15000000000000002,1045,1,1,0,"(5, 2)",0,-0.23987834293462074,0.15000000000000002,-0.23962339588655318,0.520498261178826
tinymce_glatex,TinyMCE LaTeX Plugin,123.0,1529261672,0.0,0.15000000000000002,1245,1,1,1,"(3, 5)",1,-0.18981403221578563,0.15000000000000002,-0.23962339588655318,1.5705625718976612
local_purgequestioncategory,Purge question categories (Legacy),225.0,1740837249,0.0,0.15000000000000002,2918,1,1,0,"(5, 0)",0,-0.12598203604927086,0.15000000000000002,-0.23962339588655318,0.6343945680641759
local_resortquestioncategory,Resort question categories (Legacy),74.0,1740839782,0.0,0.15000000000000002,2918,1,1,0,"(5, 0)",0,-0.2204784225310721,0.15000000000000002,-0.23962339588655318,0.5398981815823747
local_renumberquestioncategory,Renumber question categories (Legacy),49.0,1740838988,0.0,0.15000000000000002,2918,1,1,0,"(5, 0)",0,-0.2361235196307081,0.15000000000000002,-0.23962339588655318,0.5242530844827387
local_quickrenamequestioncategories,Quick rename of question categories (Legacy),52.0,1740232720,0.0,0.15000000000000002,2918,1,1,0,"(5, 0)",0,-0.23424610797875178,0.15000000000000002,-0.23962339588655318,0.5261304961346951
logstore_splunk,Splunk logstore,8.0,1461074586,0.0,0.15000000000000002,964,1,1,1,"(3, 1)",1,-0.2617814788741111,0.15000000000000002,-0.23962339588655318,1.4985951252393357
quizaccess_ipaddresslist,IP address list quiz access rule,263.0,1704729677,0.0,0.15000000000000002,2918,1,1,0,"(5, 0)",0,-0.10220148845782419,0.15000000000000002,-0.23962339588655318,0.6581751156556226
quizaccess_onesession,Block concurrent sessions quiz access rule,1230.0,1711297167,0.0,0.15000000000000002,2918,1,1,0,"(5, 0)",0,0.5029508673560951,0.15000000000000002,-0.23962339588655318,1.263327471469542
mod_groupoverview,Groupoverview,3.0,1465327409,0.0,0.15000000000000002,1055,2,0,1,"(3, 0)",1,-0.2649104982940383,0.15000000000000002,-0.23962339588655318,0.49546610581940853
atto_eexcesseditor,EEXCESS Editor,1.0,1464793590,0.0,0.15000000000000002,1056,1,1,1,"(3, 1)",1,-0.26616210606200913,0.15000000000000002,-0.23962339588655318,1.4942144980514378
report_deviceanalytics,Device Analytics,85.0,1463561625,0.0,0.15000000000000002,1057,1,1,1,"(2, 9)",1,-0.2135945798072323,0.15000000000000002,-0.23962339588655318,1.5467820243062145
local_quizdemo,Create demo quiz,42.0,1734258860,0.0,0.15000000000000002,2918,1,1,0,"(5, 0)",0,-0.24050414681860616,0.15000000000000002,-0.23962339588655318,0.5198724572948407
block_course_modulenavigation,Course Module navigation,1659.0,1776416058,0.0,0.15000000000000002,1059,3,0,0,"(5, 2)",0,0.7714207335858483,0.15000000000000002,-0.23962339588655318,0.531797337699295
tool_lpimportcsv,Import competency framework,4.0,1462779724,0.0,0.15000000000000002,718,1,1,1,"(3, 1)",1,-0.2642846944100528,0.15000000000000002,-0.23962339588655318,1.496091909703394
tool_lpimportrdf,Import competency framework from RDF,22.0,1462781402,0.0,0.15000000000000002,718,1,1,1,"(3, 1)",1,-0.25302022449831496,0.15000000000000002,-0.23962339588655318,1.507356379615132
local_abintegro,Abintegro,1.0,1467191379,0.0,0.15000000000000002,1302,1,1,1,"(3, 1)",1,-0.26616210606200913,0.15000000000000002,-0.23962339588655318,1.4942144980514378
profilefield_dynamicmultiselect,Dynamic Multi Select,48.0,1486912994,0.0,0.15000000000000002,1063,1,1,1,"(3, 2)",1,-0.23674932351469352,0.15000000000000002,-0.23962339588655318,1.5236272805987534
block_homework,Homework,142.0,1496325957,0.0,0.15000000000000002,1188,1,1,1,"(3, 3)",1,-0.17792375842006228,0.15000000000000002,-0.23962339588655318,1.5824528456933846
availability_badge,Restriction by badge,342.0,1774019439,0.0,0.15000000000000002,2375,1,1,0,"(5, 1)",0,-0.05276298162297453,0.15000000000000002,-0.23962339588655318,0.7076136224904723
local_course_merge,Course Merge Helper,162.0,1604946008,0.0,0.15000000000000002,816,2,0,1,"(5, 2)",0,-0.1654076807403535,0.15000000000000002,-0.23962339588655318,0.5949689233730933
report_extendedlog,Extended log search,1061.0,1704690191,0.0,0.15000000000000002,2918,1,1,0,"(5, 0)",0,0.3971900109625559,0.15000000000000002,-0.23962339588655318,1.1575666150760027
dataformat_markdown,Markdown dataformat,66.0,1713982236,0.0,0.15000000000000002,816,2,0,0,"(5, 2)",0,-0.22548485360295564,0.15000000000000002,-0.23962339588655318,-0.4651082494895088
local_usertours,User Tours,33.0,1472538638,0.0,0.15000000000000002,947,2,0,1,"(3, 1)",1,-0.2461363817744751,0.15000000000000002,-0.23962339588655318,0.5142402223389717
mod_forumqta,ForumQ2A,8.0,1465200879,0.0,0.15000000000000002,1100,2,0,1,"(3, 0)",1,-0.2617814788741111,0.15000000000000002,-0.23962339588655318,0.4985951252393357
block_links,Links,167.0,1788783006,0.0,0.15000000000000002,646,2,0,0,"(5, 2)",0,-0.16227866132042632,0.15000000000000002,-0.23962339588655318,-0.40190205720697947
block_groups,Groups and Groupings,284.0,1785319801,0.0,0.15000000000000002,734,4,0,0,"(5, 2)",0,-0.08905960689412998,0.15000000000000002,-0.23962339588655318,-0.3286830027806832
availability_week,Availability Week,21.0,1784155867,0.0,0.15000000000000002,611,2,0,0,"(5, 2)",0,-0.2536460283823004,0.15000000000000002,-0.23962339588655318,-0.49326942426885356
filter_chemrender,ChemRender filter,18.0,1466017760,0.0,0.15000000000000002,1075,1,1,1,"(2, 7)",1,-0.2555234400342567,0.15000000000000002,-0.23962339588655318,1.50485316407919
atto_chemrender,ChemRender,13.0,1466018610,0.0,0.15000000000000002,1075,1,1,1,"(2, 7)",1,-0.25865245945418386,0.15000000000000002,-0.23962339588655318,1.501724144659263
block_completion_progress,Completion Progress,17444.0,1788135001,0.0,0.15000000000000002,1535,1,1,0,"(5, 2)",0,10.649735042296,0.15000000000000002,-0.23962339588655318,11.410111646409446
tool_lpimportoutcomes,Migrate outcomes to a competency framework,1.0,1466478221,0.0,0.15000000000000002,718,1,1,1,"(3, 1)",1,-0.26616210606200913,0.15000000000000002,-0.23962339588655318,1.4942144980514378
report_benchmark,Moodle Benchmark,7312.0,1772098047,0.0,0.15000000000000002,1170,2,0,0,"(5, 1)",0,4.309090089755534,0.15000000000000002,-0.23962339588655318,4.069466693868981
block_stash,Stash,2058.0,1780896446,3.0,0.46875000000000006,718,2,0,0,"(5, 2)",0,1.0211164832960384,3.46875,3.527889326082168,4.549005809378206
block_remlab_manager,Remlab manager,18.0,1574353714,1.0,0.21375000000000002,396,1,1,1,"(3, 8)",1,-0.2555234400342567,1.21375,0.9679673108537037,2.712443870819447
mod_hatsize,Hatsize Lab Activity Module,1.0,1478179028,0.0,0.15000000000000002,1081,1,1,1,"(3, 1)",1,-0.26616210606200913,0.15000000000000002,-0.23962339588655318,1.4942144980514378
block_catalogue,Catalogue,149.0,1543008783,0.0,0.15000000000000002,1130,1,1,1,"(3, 5)",1,-0.17354313123216422,0.15000000000000002,-0.23962339588655318,1.5868334728812825
tool_crawler,Link crawler robot,170.0,1738650886,0.0,0.15000000000000002,562,3,0,0,"(4, 5)",0,-0.16040124966847,0.15000000000000002,-0.23962339588655318,-0.40002464555502315
qformat_glossary,Moodle glossary entries,221.0,1759949634,0.0,0.15000000000000002,893,1,1,0,"(5, 2)",0,-0.12848525158521262,0.15000000000000002,-0.23962339588655318,0.6318913525282341
logstore_caliper,Caliper log store,34.0,1784842763,0.0,0.15000000000000002,2946,1,1,0,"(5, 1)",0,-0.24551057789048966,0.15000000000000002,-0.23962339588655318,0.5148660262229572
mod_reengagement,Reengagement,4473.0,1723525022,0.0,0.15000000000000002,562,4,0,0,"(4, 4)",0,2.532432863120873,0.15000000000000002,-0.23962339588655318,2.2928094672343198
mod_hvp,Interactive Content – H5P,27383.0,1788253800,3.0,0.405,220,5,0,0,"(5, 2)",0,16.869599845227274,3.4050000000000002,3.455519025208193,20.325118870435467
mod_icontent,Content Pages,1039.0,1782588872,0.0,0.15000000000000002,190,2,0,0,"(5, 2)",0,0.38342232551487626,0.15000000000000002,-0.23962339588655318,0.14379892962832308
local_ldap,LDAP syncing scripts,804.0,1713967177,0.0,0.15000000000000002,816,2,0,0,"(5, 2)",0,0.2363584127782982,0.15000000000000002,-0.23962339588655318,-0.0032649831082549874
local_remote_courses,Remote course web service,115.0,1785334201,0.0,0.15000000000000002,816,2,0,0,"(5, 2)",0,-0.19482046328766914,0.15000000000000002,-0.23962339588655318,-0.43444385917422235
local_usersynccsv,User Sync CSV,53.0,1470253211,0.0,0.15000000000000002,1063,1,1,1,"(3, 2)",1,-0.23362030409476633,0.15000000000000002,-0.23962339588655318,1.5267563000186803
block_remote_courses,Remote courses block,67.0,1592246142,0.0,0.15000000000000002,816,2,0,1,"(5, 2)",0,-0.2248590497189702,0.15000000000000002,-0.23962339588655318,0.5355175543944766
format_buttons,Buttons,4733.0,1780521662,0.0,0.15000000000000002,2124,1,1,0,"(5, 2)",0,2.695141872957087,0.15000000000000002,-0.23962339588655318,3.455518477070534
atto_cloze,Cloze editor,2864.0,1776053828,0.0,0.15000000000000002,893,2,0,0,"(5, 2)",0,1.525514413788302,0.15000000000000002,-0.23962339588655318,1.2858910179017489
availability_stash,Stash availability,1160.0,1764298336,0.0,0.15000000000000002,718,2,0,0,"(5, 1)",0,0.45914459547711434,0.15000000000000002,-0.23962339588655318,0.21952119959056116
block_savapage,SavaPage,2.0,1487330934,0.0,0.15000000000000002,1096,1,1,1,"(3, 1)",1,-0.2655363021780237,0.15000000000000002,-0.23962339588655318,1.494840301935423
local_string_override,String override,30.0,1507195983,0.0,0.15000000000000002,1097,2,0,1,"(3, 5)",1,-0.24801379342643143,0.15000000000000002,-0.23962339588655318,0.5123628106870154
mod_og,OfficeGrader Project,1.0,1472606102,0.0,0.15000000000000002,1098,1,1,1,"(2, 8)",1,-0.26616210606200913,0.15000000000000002,-0.23962339588655318,1.4942144980514378
auth_userkey,User key authentication,2365.0,1756075897,0.0,0.15000000000000002,562,5,0,0,"(5, 0)",0,1.213238275679568,0.15000000000000002,-0.23962339588655318,0.9736148797930149
mod_evoting,E-Voting,1061.0,1713972902,0.0,0.15000000000000002,1100,2,0,0,"(5, 2)",0,0.3971900109625559,0.15000000000000002,-0.23962339588655318,0.15756661507600273
filter_stash,Stash snippets,137.0,1502262202,0.0,0.15000000000000002,718,2,0,1,"(3, 4)",1,-0.18105277783998946,0.15000000000000002,-0.23962339588655318,0.5793238262734574
mod_recommend,Recommendation letters and appraisals,15.0,1475330447,0.0,0.15000000000000002,537,1,1,1,"(3, 1)",1,-0.257400851686213,0.15000000000000002,-0.23962339588655318,1.5029757524272338
qtype_wordselect,Word Select,1569.0,1776508875,0.0,0.15000000000000002,364,1,1,0,"(5, 2)",0,0.7150983840271589,0.15000000000000002,-0.23962339588655318,1.4754749881406057
block_download_certificates,Download Certificates,469.0,1776442483,0.0,0.15000000000000002,1104,2,0,0,"(5, 2)",0,0.026714111643176195,0.15000000000000002,-0.23962339588655318,-0.212909284243377
tool_cohortsync,Cohort synchronization,122.0,1774886561,0.0,0.15000000000000002,718,4,0,0,"(5, 1)",0,-0.19043983609977105,0.15000000000000002,-0.23962339588655318,-0.43006323198632423
auth_saml2sso,SAML2 SSO Auth,178.0,1747385231,0.0,0.15000000000000002,1106,2,0,0,"(4, 5)",0,-0.1553948185965865,0.15000000000000002,-0.23962339588655318,-0.3950182144831397
block_via_permanent,Via permanent activities,15.0,1655394978,0.0,0.15000000000000002,1107,2,0,1,"(4, 0)",1,-0.257400851686213,0.15000000000000002,-0.23962339588655318,0.5029757524272338
block_via,Via recordings,15.0,1655394898,0.0,0.15000000000000002,1107,2,0,1,"(4, 0)",1,-0.257400851686213,0.15000000000000002,-0.23962339588655318,0.5029757524272338
auth_outage,Outage manager,405.0,1783948825,0.0,0.15000000000000002,562,2,0,0,"(5, 1)",0,-0.013337336931891887,0.15000000000000002,-0.23962339588655318,-0.25296073281844506
tool_cmdlinetools,command line manager,11.0,1475741969,0.0,0.15000000000000002,894,1,1,1,"(3, 0)",1,-0.25990406722215476,0.15000000000000002,-0.23962339588655318,1.5004725368912921
block_my_external_backup_restore_courses,Restore courses from remote Moodles,100.0,1753872107,2.0,0.405,894,1,1,0,"(4, 5)",0,-0.2042075215474507,2.4050000000000002,2.3202986193419117,3.116091097794461
tool_my_external_backup_restore_courses_admin,"admin tool for block ""Restore courses from remote Moodles""",4.0,1475747823,0.0,0.15000000000000002,894,1,1,1,"(3, 0)",1,-0.2642846944100528,0.15000000000000002,-0.23962339588655318,1.496091909703394
block_horario,Course schedules,125.0,1649548194,0.0,0.15000000000000002,1113,1,1,1,"(4, 0)",1,-0.18856242444781474,0.15000000000000002,-0.23962339588655318,1.571814179665632
tool_cohortautoroles,Cohort auto roles management,18.0,1476224890,0.0,0.15000000000000002,562,2,0,1,"(3, 1)",1,-0.2555234400342567,0.15000000000000002,-0.23962339588655318,0.5048531640791901
enrol_grabber,Enrolments grabber,30.0,1750660591,0.0,0.15000000000000002,894,1,1,0,"(4, 5)",0,-0.24801379342643143,0.15000000000000002,-0.23962339588655318,0.5123628106870154
filter_multiembed,Multi-Embed Filter,480.0,1573909412,0.0,0.15000000000000002,1116,1,1,1,"(3, 8)",1,0.03359795436701602,0.15000000000000002,-0.23962339588655318,1.7939745584804627
block_chessblock,ChessBlock,15.0,1478100153,0.0,0.15000000000000002,1117,1,1,1,"(3, 1)",1,-0.257400851686213,0.15000000000000002,-0.23962339588655318,1.5029757524272338
mod_cardtobrain,card2brain,4.0,1477997531,0.0,0.15000000000000002,1118,1,1,1,"(3, 2)",1,-0.2642846944100528,0.15000000000000002,-0.23962339588655318,1.496091909703394
mod_smartchoice,smartchoice,4.0,1477680399,0.0,0.15000000000000002,1119,1,1,1,"(3, 1)",1,-0.2642846944100528,0.15000000000000002,-0.23962339588655318,1.496091909703394
report_lpmonitoring,Monitoring of learning plans,1251.0,1781120395,0.0,0.15000000000000002,718,6,0,0,"(5, 1)",0,0.5160927489197893,0.15000000000000002,-0.23962339588655318,0.2764693530332361
block_anderspink,Content Curation by Anders Pink,19.0,1531124452,0.0,0.15000000000000002,1121,1,1,1,"(3, 5)",1,-0.2548976361502713,0.15000000000000002,-0.23962339588655318,1.5054789679631755
block_resetcompletion,Reset Completion,77.0,1478809947,0.0,0.15000000000000002,2946,1,1,1,"(3, 2)",1,-0.2186010108791158,0.15000000000000002,-0.23962339588655318,1.5417755932343309
mod_studentquiz,StudentQuiz,1273.0,1773373172,0.0,0.15000000000000002,2941,4,0,0,"(5, 1)",0,0.529860434367469,0.15000000000000002,-0.23962339588655318,0.2902370384809158
theme_base,Base,480.0,1478904019,6.0,2.7478124999999998,602,1,1,1,"(3, 3)",1,0.03359795436701602,8.7478125,9.520788799925635,11.55438675429265
theme_canvas,Canvas,385.0,1478904306,17.0,2.2537499999999997,602,1,1,1,"(3, 2)",1,-0.02585341461160066,19.25375,21.447343432681418,23.421490018069818
local_innoedtools,Inno Ed Tools,1.0,1499587693,0.0,0.15000000000000002,1126,1,1,1,"(3, 1)",1,-0.26616210606200913,0.15000000000000002,-0.23962339588655318,1.4942144980514378
block_quick_user,Quick User Search,257.0,1582756466,0.0,0.15000000000000002,1127,1,1,1,"(4, 3)",0,-0.10595631176173682,0.15000000000000002,-0.23962339588655318,1.65442029235171
block_quick_course,Quick Course Search,70.0,1582756283,0.0,0.15000000000000002,1127,1,1,1,"(4, 3)",0,-0.22298163806701388,0.15000000000000002,-0.23962339588655318,1.537394966046433
enrol_notificationeabc,Enrol Notification,1104.0,1513198180,0.0,0.15000000000000002,2071,1,1,1,"(3, 3)",1,0.4240995779739298,0.15000000000000002,-0.23962339588655318,2.1844761820873764
local_problemsection,Problem section,8.0,1543087592,0.0,0.15000000000000002,1130,1,1,1,"(3, 5)",1,-0.2617814788741111,0.15000000000000002,-0.23962339588655318,1.4985951252393357
qtype_wq,Wiris Quizzes Commons question type,2239.0,1788340203,7.0,1.026107142857143,776,1,1,0,"(5, 2)",0,1.1343869862974028,8.026107142857143,8.70149415147405,10.835881137771452
qtype_essaywiris,Wiris Quizzes Essay question type,1928.0,1788340203,1.0,0.16821428571428573,776,1,1,0,"(5, 2)",0,0.9397619783779313,1.1682142857142856,0.9162742388008639,2.8560362171787954
qtype_matchwiris,Wiris Quizzes Matching question type,1929.0,1788340205,1.0,0.16821428571428573,776,1,1,0,"(5, 2)",0,0.9403877822619168,1.1682142857142856,0.9162742388008639,2.856662021062781
qtype_multichoicewiris,Wiris Quizzes Multi Choice question type,2021.0,1788340205,1.0,0.16821428571428573,776,1,1,0,"(5, 2)",0,0.9979617395885771,1.1682142857142856,0.9162742388008639,2.914235978389441
qtype_multianswerwiris,Wiris Quizzes Embedded answer (Cloze) question type,1956.0,1788340204,1.0,0.16821428571428573,776,1,1,0,"(5, 2)",0,0.9572844871295236,1.1682142857142856,0.9162742388008639,2.8735587259303874
qtype_shortanswerwiris,Wiris Quizzes Short-Answer question type,1991.0,1788340202,1.0,0.16821428571428573,776,1,1,0,"(5, 2)",0,0.979187623069014,1.1682142857142856,0.9162742388008639,2.8954618618698778
qtype_truefalsewiris,Wiris Quizzes - True/False question type,1932.0,1788340203,1.0,0.16821428571428573,776,1,1,0,"(5, 2)",0,0.9422651939138731,1.1682142857142856,0.9162742388008639,2.858539432714737
local_wirisquizzes,WirisQuizzes,1615.0,1788340204,0.0,0.15000000000000002,776,1,1,0,"(5, 2)",0,0.743885362690489,0.15000000000000002,-0.23962339588655318,1.5042619668039359
local_myddleware,Myddleware - Your open source data integration tool,228.0,1750341197,0.0,0.15000000000000002,1139,1,1,0,"(5, 0)",0,-0.12410462439731455,0.15000000000000002,-0.23962339588655318,0.6362719797161323
logstore_graylog,Graylog Logstore,37.0,1481889022,0.0,0.15000000000000002,1140,1,1,1,"(3, 1)",1,-0.24363316623853334,0.15000000000000002,-0.23962339588655318,1.5167434378749136
theme_photo,Photo,70.0,1487556663,0.0,0.15000000000000002,718,1,1,1,"(3, 2)",1,-0.22298163806701388,0.15000000000000002,-0.23962339588655318,1.537394966046433
block_inactiveuseralert,Inactive user alerts,87.0,1480880345,0.0,0.15000000000000002,1142,1,1,1,"(3, 1)",1,-0.21234297203926142,0.15000000000000002,-0.23962339588655318,1.5480336320741854
local_contact,Contact Form,4707.0,1778894954,0.0,0.15000000000000002,2888,1,1,0,"(5, 2)",0,2.6788709719734656,0.15000000000000002,-0.23962339588655318,3.4392475760869123
assignfeedback_solutionsheet,Solution sheet,346.0,1657884633,0.0,0.15000000000000002,1144,1,1,1,"(4, 0)",1,-0.050259766087032774,0.15000000000000002,-0.23962339588655318,1.710116838026414
filter_estreamauth,Planet eStream Authentication Plugin,84.0,1740403781,0.0,0.15000000000000002,1145,1,1,0,"(4, 5)",0,-0.21422038369121774,0.15000000000000002,-0.23962339588655318,0.5461562204222291
local_course_announcement,Course Announcement,54.0,1481636366,0.0,0.15000000000000002,852,1,1,1,"(3, 1)",1,-0.23299450021078089,0.15000000000000002,-0.23962339588655318,1.5273821039026658
filter_cincopa,"Cincopa Video, Audio and Images Filter",174.0,1660899320,2.0,0.405,1167,1,1,1,"(4, 0)",1,-0.15789803413252823,2.4050000000000002,2.3202986193419117,4.162400585209383
block_search_course_category,Course Category Finder,53.0,1624458663,0.0,0.15000000000000002,1519,1,1,1,"(3, 11)",1,-0.23362030409476633,0.15000000000000002,-0.23962339588655318,1.5267563000186803
theme_fordson,Fordson,3870.0,1626869959,0.0,0.15000000000000002,2888,1,1,1,"(3, 11)",1,2.1550731210776535,0.15000000000000002,-0.23962339588655318,3.9154497251911002
block_panopto,Panopto,825.0,1785424204,2.0,0.34125000000000005,2897,1,1,0,"(5, 2)",0,0.2495002943419924,2.34125,2.247928318467936,3.4974286128099283
tinymce_panoptobutton,Panopto Button - TinyMCE,36.0,1693501552,0.0,0.15000000000000002,2897,1,1,1,"(4, 1)",0,-0.2442589701225188,0.15000000000000002,-0.23962339588655318,1.5161176339909281
atto_panoptobutton,Panopto button - Atto,289.0,1720560736,0.0,0.15000000000000002,2897,1,1,0,"(4, 4)",0,-0.08593058747420278,0.15000000000000002,-0.23962339588655318,0.6744460166392441
profilefield_conditional,Conditional field,833.0,1750450040,0.0,0.15000000000000002,2941,1,1,0,"(5, 0)",0,0.2545067254138759,0.15000000000000002,-0.23962339588655318,1.0148833295273227
mod_moodecgrpmanagement,Group Management,20.0,1568815696,0.0,0.15000000000000002,1100,2,0,1,"(3, 7)",1,-0.2542718322662858,0.15000000000000002,-0.23962339588655318,0.506104771847161
assignsubmission_mojec,JUnit Exercise Corrector,2.0,1483731919,0.0,0.15000000000000002,1155,1,1,1,"(3, 1)",1,-0.2655363021780237,0.15000000000000002,-0.23962339588655318,1.494840301935423
qtype_coderunner,CodeRunner,4186.0,1780185350,2.0,0.39543750000000005,2941,2,0,0,"(5, 2)",0,2.3528271484170524,2.3954375,2.3094430742108147,4.662270222627868
qbehaviour_adaptive_adapted_for_coderunner,Adaptive adapted for coderunner,4220.0,1780185608,1.0,0.48612187500000004,2941,1,1,0,"(5, 2)",0,2.3741044804725573,1.486121875,1.2771694213377636,4.65127390181032
mod_virtualpc,Virtual PC,21.0,1486407312,0.0,0.15000000000000002,1158,1,1,1,"(3, 1)",1,-0.2536460283823004,0.15000000000000002,-0.23962339588655318,1.5067305757311464
block_moderator_guide,Moderator Guide,28.0,1540301686,1.0,0.2775,843,2,0,1,"(3, 8)",1,-0.2492654011944023,1.2775,1.040337611727679,1.7910722105332768
repository_personalyoutube,Personal YouTube,150.0,1783352074,0.0,0.15000000000000002,1433,1,1,0,"(5, 0)",0,-0.17291732734817877,0.15000000000000002,-0.23962339588655318,0.587459276765268
qtype_blocklymoodle,Blocklymoodle,21.0,1490385243,0.0,0.15000000000000002,1161,1,1,1,"(3, 2)",1,-0.2536460283823004,0.15000000000000002,-0.23962339588655318,1.5067305757311464
block_mynotes,My Notes,192.0,1515769555,0.0,0.15000000000000002,1162,1,1,1,"(3, 4)",1,-0.14663356422079035,0.15000000000000002,-0.23962339588655318,1.6137430398926564
local_session_dynamodb,DynamoDB Sessions,3.0,1486437816,0.0,0.15000000000000002,562,1,1,1,"(3, 8)",1,-0.2649104982940383,0.15000000000000002,-0.23962339588655318,1.4954661058194085
mod_iadlearning,IADLearning,9.0,1516721736,0.0,0.15000000000000002,1164,1,1,1,"(3, 4)",1,-0.26115567499012565,0.15000000000000002,-0.23962339588655318,1.4992209291233212
search_elastic,Elastic,160.0,1783301038,0.0,0.15000000000000002,562,1,1,0,"(4, 5)",0,-0.1666592885083244,0.15000000000000002,-0.23962339588655318,0.5937173156051224
block_videochat,Video chat,91.0,1491141217,0.0,0.15000000000000002,1166,1,1,1,"(3, 2)",1,-0.20983975650331965,0.15000000000000002,-0.23962339588655318,1.5505368476101271
atto_cincopa,Cincopa Atto Plugin,28.0,1671604927,0.0,0.15000000000000002,1167,1,1,1,"(4, 1)",0,-0.2492654011944023,0.15000000000000002,-0.23962339588655318,1.5111112029190445
tinymce_cincopa,Cincopa TinyMCE,9.0,1671605026,0.0,0.15000000000000002,1167,1,1,1,"(4, 1)",0,-0.26115567499012565,0.15000000000000002,-0.23962339588655318,1.4992209291233212
local_listcoursefiles,List course files,270.0,1742290505,0.0,0.15000000000000002,852,2,0,0,"(4, 5)",0,-0.09782086126992612,0.15000000000000002,-0.23962339588655318,-0.3374442571564793
tool_moodlebox,MoodleBox,72.0,1785931800,0.0,0.15000000000000002,1170,1,1,0,"(5, 2)",0,-0.221730030299043,0.15000000000000002,-0.23962339588655318,0.5386465738144038
local_csp,Content security policy,1360.0,1782437287,0.0,0.15000000000000002,562,2,0,0,"(5, 0)",0,0.5843053722742021,0.15000000000000002,-0.23962339588655318,0.3446819763876489
local_lessonexport,Lesson PDF Export ,367.0,1568036372,0.0,0.15000000000000002,2946,1,1,1,"(3, 8)",1,-0.03711788452333856,0.15000000000000002,-0.23962339588655318,1.7232587195901083
assignsubmission_cincopa,Cincopa Rich Media Assignment Submission,41.0,1762159035,0.0,0.15000000000000002,1167,1,1,0,"(5, 1)",0,-0.2411299507025916,0.15000000000000002,-0.23962339588655318,0.5192466534108552
mod_wavefront,Wavefront Renderer,92.0,1656764934,1.0,0.2775,1871,1,1,1,"(4, 0)",1,-0.20921395261933423,1.2775,1.040337611727679,2.8311236591083446
availability_days,Restriction by days offset from start,,1529338002,0.0,0.15000000000000002,1175,0,0,1,"(3, 5)",1,-0.2667879099459946,0.15000000000000002,-0.23962339588655318,0.4935886941674522
filter_imageopt,Image optimiser,260.0,1620636067,0.0,0.15000000000000002,178,1,1,1,"(3, 9)",1,-0.1040789001097805,0.15000000000000002,-0.23962339588655318,1.6562977040036664
tool_hidecourses,Hide courses,170.0,1543435564,0.0,0.15000000000000002,816,2,0,1,"(5, 2)",0,-0.16040124966847,0.15000000000000002,-0.23962339588655318,0.5999753544449768
local_course_template,Use template on course creation,343.0,1692710296,0.0,0.15000000000000002,816,2,0,1,"(5, 2)",0,-0.05213717773898909,0.15000000000000002,-0.23962339588655318,0.7082394263744578
local_boostnavigation,Boost navigation fumbling,1981.0,1657169481,1.0,0.19250000000000003,242,2,0,1,"(3, 11)",1,0.9729295842291595,1.1925000000000001,0.9438438772290452,2.9167734614582046
local_downloadcenter,Download Center,957.0,1778513083,0.0,0.15000000000000002,1188,1,1,0,"(5, 2)",0,0.33210640702807026,0.15000000000000002,-0.23962339588655318,1.0924830111415171
filter_sectionnames,Section names auto-linking,146.0,1751564137,0.0,0.15000000000000002,983,1,1,0,"(5, 2)",0,-0.17542054288412054,0.15000000000000002,-0.23962339588655318,0.5849560612293263
local_ciabinitialsprofilepics,Initials Profile Pics,151.0,1571780878,0.0,0.15000000000000002,158,1,1,1,"(3, 7)",1,-0.17229152346419332,0.15000000000000002,-0.23962339588655318,1.5880850806492535
auth_wordpress,WordPress authentication,31.0,1495110764,0.0,0.15000000000000002,1871,1,1,1,"(3, 3)",1,-0.24738798954244598,0.15000000000000002,-0.23962339588655318,1.5129886145710008
filter_bookchapters,Book chapter auto-linking,67.0,1751564184,0.0,0.15000000000000002,983,1,1,0,"(5, 2)",0,-0.2248590497189702,0.15000000000000002,-0.23962339588655318,0.5355175543944766
tool_deletecourses,Delete courses,972.0,1649793649,0.0,0.15000000000000002,816,2,0,1,"(5, 2)",0,0.34149346528785185,0.15000000000000002,-0.23962339588655318,1.1018700694012986
local_boostcoc,Boost course overview on campus,6.0,1560373803,0.0,0.15000000000000002,242,2,0,1,"(3, 7)",1,-0.26303308664208197,0.15000000000000002,-0.23962339588655318,0.49734351747136485
atto_templates,Templates,30.0,1580724225,0.0,0.15000000000000002,1213,1,1,1,"(3, 6)",1,-0.24801379342643143,0.15000000000000002,-0.23962339588655318,1.5123628106870153
local_lessonexportepub,Lesson Export EPUB,2.0,1491985473,0.0,0.15000000000000002,2946,1,1,1,"(3, 1)",1,-0.2655363021780237,0.15000000000000002,-0.23962339588655318,1.494840301935423
theme_moove,Moove,27596.0,1782071020,0.0,0.15000000000000002,1999,1,1,0,"(5, 2)",0,17.002896072516172,0.15000000000000002,-0.23962339588655318,17.76327267662962
local_externaldisclaimer,External disclaimer,9.0,1491994649,0.0,0.15000000000000002,1190,1,1,1,"(3, 2)",1,-0.26115567499012565,0.15000000000000002,-0.23962339588655318,1.4992209291233212
atto_snippet,Poodll Snippet,460.0,1728370311,0.0,0.15000000000000002,204,1,1,0,"(5, 1)",0,0.021081876687307245,0.15000000000000002,-0.23962339588655318,0.7814584808007541
message_slack,Slack message processor,51.0,1499884128,0.0,0.15000000000000002,1425,1,1,1,"(3, 3)",1,-0.2348719118627372,0.15000000000000002,-0.23962339588655318,1.5255046922507096
message_telegram,Telegram,198.0,1499886490,0.0,0.15000000000000002,1425,1,1,1,"(3, 3)",1,-0.14287874091687772,0.15000000000000002,-0.23962339588655318,1.617497863196569
repository_searchable,Searchable filesystem,89.0,1628669189,0.0,0.15000000000000002,2897,3,0,1,"(5, 1)",0,-0.21109136427129055,0.15000000000000002,-0.23962339588655318,0.5492852398421563
local_maintenance_livecheck,Maintenance mode (live check),486.0,1783197559,0.0,0.15000000000000002,242,2,0,0,"(5, 2)",0,0.03735277767092866,0.15000000000000002,-0.23962339588655318,-0.20227061821562453
block_public_files,Public files,96.0,1493599954,0.0,0.15000000000000002,2520,1,1,1,"(3, 2)",1,-0.20671073708339247,0.15000000000000002,-0.23962339588655318,1.5536658670300545
enrol_easy,Easy Enrollments,677.0,1607449969,1.0,0.2775,2888,1,1,1,"(3, 10)",1,0.15688131951214745,1.2775,1.040337611727679,3.1972189312398265
block_course_overview,Course overview (legacy),378.0,1558607696,1.0,0.2775,843,1,1,1,"(3, 7)",1,-0.030234041799498734,1.2775,1.040337611727679,3.01010356992818
mod_groupmembers,Group Members,360.0,1785319802,0.0,0.15000000000000002,734,4,0,0,"(5, 2)",0,-0.041498511711236634,0.15000000000000002,-0.23962339588655318,-0.2811219075977898
mod_appsanywhere,Moodle AppsAnywhere Plugin,6.0,1587387658,0.0,0.15000000000000002,1200,1,1,1,"(3, 8)",1,-0.26303308664208197,0.15000000000000002,-0.23962339588655318,1.4973435174713647
local_profiletheme,Profile field based theme delivery,184.0,1783198725,0.0,0.15000000000000002,242,2,0,0,"(5, 2)",0,-0.15163999529267386,0.15000000000000002,-0.23962339588655318,-0.39126339117922704
local_profilecohort,Profile field based cohort membership,2664.0,1783198789,0.0,0.15000000000000002,242,2,0,0,"(5, 2)",0,1.4003536369912144,0.15000000000000002,-0.23962339588655318,1.1607302411046612
tool_inspire,Inspire,32.0,1496313407,0.0,0.15000000000000002,1203,2,0,1,"(3, 3)",1,-0.24676218565846056,0.15000000000000002,-0.23962339588655318,0.5136144184549862
local_session_keepalive,Session keepalive,504.0,1783233580,0.0,0.15000000000000002,242,2,0,0,"(5, 2)",0,0.048617247582666556,0.15000000000000002,-0.23962339588655318,-0.19100614830388662
block_onlinesurvey,Evaluations (evasys),197.0,1723557736,0.0,0.15000000000000002,1892,2,0,0,"(4, 4)",0,-0.14350454480086314,0.15000000000000002,-0.23962339588655318,-0.3831279406874163
local_gradebook,Grade Book,57.0,1496404377,0.0,0.15000000000000002,2897,1,1,1,"(3, 1)",1,-0.23111708855882457,0.15000000000000002,-0.23962339588655318,1.5292595155546223
report_tuteur,Tuteur,11.0,1504256493,0.0,0.15000000000000002,1418,2,0,1,"(3, 3)",1,-0.25990406722215476,0.15000000000000002,-0.23962339588655318,0.5004725368912921
block_skypeweb,Skype Web,27.0,1565165909,0.0,0.15000000000000002,869,2,0,1,"(3, 7)",1,-0.24989120507838775,0.15000000000000002,-0.23962339588655318,0.5104853990350591
search_algolia,Algolia,5.0,1496007027,0.0,0.15000000000000002,1209,1,1,1,"(3, 3)",1,-0.2636588905260674,0.15000000000000002,-0.23962339588655318,1.4967177135873795
mod_treasurehunt,Treasure Hunt,381.0,1765267711,1.0,0.2775,2891,1,1,0,"(5, 1)",0,-0.028356630147542417,1.2775,1.040337611727679,2.0119809815801366
local_navbarplus,Navbar Plus,736.0,1783197616,0.0,0.15000000000000002,242,2,0,0,"(5, 2)",0,0.19380374866728836,0.15000000000000002,-0.23962339588655318,-0.04581964721926482
block_course_slider,Course slider,34.0,1500542378,0.0,0.15000000000000002,843,3,0,1,"(3, 3)",1,-0.24551057789048966,0.15000000000000002,-0.23962339588655318,0.5148660262229572
atto_linkadv,LinkAdv,147.0,1752566656,0.0,0.15000000000000002,1213,1,1,0,"(4, 5)",0,-0.1747947390001351,0.15000000000000002,-0.23962339588655318,0.5855818651133118
mod_courseguide,Course guide,19.0,1533278593,0.0,0.15000000000000002,843,2,0,1,"(3, 8)",1,-0.2548976361502713,0.15000000000000002,-0.23962339588655318,0.5054789679631755
assignfeedback_helixfeedback,MEDIAL Video Feedback Plugin,105.0,1779288248,0.0,0.15000000000000002,780,1,1,0,"(5, 2)",0,-0.2010785021275235,0.15000000000000002,-0.23962339588655318,0.5592981019859233
assignfeedback_structured,Structured feedback,304.0,1761909819,0.0,0.15000000000000002,697,2,0,0,"(5, 2)",0,-0.0765435292144212,0.15000000000000002,-0.23962339588655318,-0.3161669251009744
mod_leapbuilder,Leap Builder,1.0,1497799012,0.0,0.15000000000000002,1217,1,1,1,"(3, 2)",1,-0.26616210606200913,0.15000000000000002,-0.23962339588655318,1.4942144980514378
block_counter,Visitor Counter,196.0,1735855060,0.0,0.15000000000000002,2889,1,1,0,"(4, 5)",0,-0.14413034868484859,0.15000000000000002,-0.23962339588655318,0.6162462554285982
report_coursestats,CourseStats,2837.0,1594297730,0.0,0.15000000000000002,1425,1,1,1,"(4, 3)",0,1.5086177089206954,0.15000000000000002,-0.23962339588655318,3.268994313034142
repository_owncloud,ownCloud,76.0,1542983897,0.0,0.15000000000000002,734,3,0,1,"(3, 7)",1,-0.21922681476310124,0.15000000000000002,-0.23962339588655318,0.5411497893503456
mod_collaborativefolders,Collaborative Folders,107.0,1772196502,0.0,0.15000000000000002,734,2,0,0,"(5, 1)",0,-0.19982689435955264,0.15000000000000002,-0.23962339588655318,-0.4394502902461058
atto_sketch,Sketch,760.0,1704299532,0.0,0.15000000000000002,983,1,1,0,"(4, 4)",0,0.20882304188293888,0.15000000000000002,-0.23962339588655318,0.9691996459963856
tinymce_sketch,Sketch,55.0,1664457368,0.0,0.15000000000000002,983,1,1,1,"(4, 1)",0,-0.23236869632679547,0.15000000000000002,-0.23962339588655318,1.5280079077866513
report_siteoutcomes,Site Outcomes report,33.0,1526567775,0.0,0.15000000000000002,983,1,1,1,"(4, 2)",0,-0.2461363817744751,0.15000000000000002,-0.23962339588655318,1.5142402223389717
tool_lockstats,Cron lock statistics,239.0,1628834442,0.0,0.15000000000000002,562,3,0,1,"(3, 11)",1,-0.11722078167347472,0.15000000000000002,-0.23962339588655318,0.643155822439972
block_coursesearch,Basic course search,524.0,1738585214,0.0,0.15000000000000002,1213,1,1,0,"(4, 5)",0,0.061133325262375325,0.15000000000000002,-0.23962339588655318,0.8215099293758221
media_jwplayer,JW Player,251.0,1787681400,0.0,0.15000000000000002,697,2,0,0,"(5, 2)",0,-0.10971113506564946,0.15000000000000002,-0.23962339588655318,-0.3493345309522026
local_metadata,Metadata,359.0,1622143757,0.0,0.15000000000000002,1425,1,1,1,"(4, 0)",1,-0.04212431559522207,0.15000000000000002,-0.23962339588655318,1.7182522885182248
tinymce_recordrtc,RecordRTC TinyMCE,204.0,1580331427,0.0,0.15000000000000002,36,1,1,1,"(3, 8)",1,-0.13912391761296508,0.15000000000000002,-0.23962339588655318,1.6212526865004817
filter_filtercodes,FilterCodes,7840.0,1783965628,0.0,0.15000000000000002,2888,1,1,0,"(5, 2)",0,4.639514540499845,0.15000000000000002,-0.23962339588655318,5.399891144613292
local_course_templates,Course templates,1527.0,1684331560,0.0,0.15000000000000002,433,3,0,1,"(4, 2)",0,0.6888146208997704,0.15000000000000002,-0.23962339588655318,1.4491912250132173
tool_coursedates,Set course dates,498.0,1597432042,0.0,0.15000000000000002,816,2,0,1,"(5, 2)",0,0.04486242427875392,0.15000000000000002,-0.23962339588655318,0.8052390283922007
local_get_user_cohorts,Get User Cohort,33.0,1505823764,0.0,0.15000000000000002,1233,1,1,1,"(3, 3)",1,-0.2461363817744751,0.15000000000000002,-0.23962339588655318,1.5142402223389717
tool_quizpasschange,Quiz Password Change,35.0,1539368320,0.0,0.15000000000000002,1422,2,0,1,"(3, 8)",1,-0.24488477400650424,0.15000000000000002,-0.23962339588655318,0.5154918301069426
availability_examus,Proctoring by Examus,62.0,1623409003,0.0,0.15000000000000002,2055,2,0,1,"(3, 11)",1,-0.22798806913889738,0.15000000000000002,-0.23962339588655318,0.5323885349745494
quizaccess_activateattempt,Auto activate quiz attempt button access rule,26.0,1507198660,0.0,0.15000000000000002,1263,2,0,1,"(3, 3)",1,-0.25051700896237317,0.15000000000000002,-0.23962339588655318,0.5098595951510736
local_instructor_files,Download instructor files,238.0,1592243273,0.0,0.15000000000000002,816,2,0,1,"(5, 2)",0,-0.11784658555746017,0.15000000000000002,-0.23962339588655318,0.6425300185559867
tool_opcache,Opcache management,2530.0,1783241386,0.0,0.15000000000000002,242,2,0,0,"(5, 2)",0,1.3164959165371657,0.15000000000000002,-0.23962339588655318,1.0768725206506125
block_report_free_seats,Free seats report,22.0,1727112172,0.0,0.15000000000000002,433,2,0,0,"(4, 4)",0,-0.25302022449831496,0.15000000000000002,-0.23962339588655318,-0.49264362038486814
local_feedbackviewer,Feedback viewer,116.0,1760556592,0.0,0.15000000000000002,816,2,0,0,"(5, 2)",0,-0.1941946594036837,0.15000000000000002,-0.23962339588655318,-0.43381805529023687
block_kuracloud,kuraCloud,3.0,1644285641,0.0,0.15000000000000002,1241,1,1,1,"(3, 11)",1,-0.2649104982940383,0.15000000000000002,-0.23962339588655318,1.4954661058194085
gradereport_quizanalytics,Quiz Analytics,1551.0,1788444606,0.0,0.15000000000000002,2888,2,0,0,"(5, 2)",0,0.703833914115421,0.15000000000000002,-0.23962339588655318,0.4642105182288678
atto_recordrtc,RecordRTC for Atto,557.0,1519679550,0.0,0.15000000000000002,36,1,1,1,"(3, 4)",1,0.08178485343389481,0.15000000000000002,-0.23962339588655318,1.8421614575473417
local_aws,Amazon's SDK for PHP,1859.0,1715153397,3.0,0.5325000000000001,562,1,1,0,"(4, 3)",0,0.8965815103829361,3.5325,3.6002596269561438,5.4968411373390795
block_countdown,Final countdown,183.0,1556231812,0.0,0.15000000000000002,1245,1,1,1,"(3, 6)",1,-0.1522657991766593,0.15000000000000002,-0.23962339588655318,1.6081108049367874
local_kopere_dashboard,Kopere Dashboard,5857.0,1776144645,4.0,0.6408750000000001,1999,1,1,0,"(1, 9)",1,3.39854543855672,4.640875,4.858509544308183,9.257054982864904
local_notifyemailsignup,Notify site administrators about new Email Signups,317.0,1598953659,0.0,0.15000000000000002,1019,1,1,1,"(4, 5)",0,-0.0684080787226105,0.15000000000000002,-0.23962339588655318,1.6919685253908363
block_lw_courses,My Courses,391.0,1546846095,0.0,0.15000000000000002,220,3,0,1,"(3, 6)",1,-0.02209859130768803,0.15000000000000002,-0.23962339588655318,0.7382780128057588
local_recompletion,Course recompletion,2047.0,1786849801,1.0,0.2775,562,1,1,0,"(5, 2)",0,1.0142326405721986,1.2775,1.040337611727679,3.054570252299878
local_pages,Local Pages,791.0,1635980582,0.0,0.15000000000000002,220,2,0,1,"(3, 11)",1,0.22822296228648747,0.15000000000000002,-0.23962339588655318,0.9885995663999343
local_changeloglib,Changelog Lib,34.0,1611498022,2.0,0.405,1252,2,0,1,"(3, 10)",1,-0.24551057789048966,2.4050000000000002,2.3202986193419117,3.074788041451422
assignsubmission_changes,Changes,8.0,1514737355,0.0,0.15000000000000002,1252,2,0,1,"(3, 4)",1,-0.2617814788741111,0.15000000000000002,-0.23962339588655318,0.4985951252393357
local_uploadnotification,Upload notification,19.0,1525608557,0.0,0.15000000000000002,1252,2,0,1,"(3, 7)",1,-0.2548976361502713,0.15000000000000002,-0.23962339588655318,0.5054789679631755
enrol_arlo,"Arlo for Moodle | Sell Courses, Registrations, Payments, CRM",125.0,1786914600,0.0,0.15000000000000002,1254,1,1,0,"(5, 2)",0,-0.18856242444781474,0.15000000000000002,-0.23962339588655318,0.5718141796656321
theme_boost_campus,Boost Campus,606.0,1667509155,0.0,0.15000000000000002,242,2,0,1,"(3, 11)",1,0.1124492437491813,0.15000000000000002,-0.23962339588655318,0.8728258478626281
plagiarism_unicheck,Unicheck Plagiarism Checker Plugin,134.0,1676465103,0.0,0.15000000000000002,1188,1,1,1,"(4, 1)",0,-0.18293018949194578,0.15000000000000002,-0.23962339588655318,1.577446414621501
filter_syntaxhighlighter,Syntax Highlighter,800.0,1736429761,0.0,0.15000000000000002,1213,1,1,0,"(4, 5)",0,0.23385519724235643,0.15000000000000002,-0.23962339588655318,0.9942318013558032
mod_confman,ConfMan,75.0,1624377906,0.0,0.15000000000000002,539,3,0,1,"(3, 11)",1,-0.2198526186470867,0.15000000000000002,-0.23962339588655318,0.5405239854663602
search_postgresfulltext,Postgres Full Text Search,152.0,1669361173,0.0,0.15000000000000002,562,2,0,1,"(4, 1)",0,-0.1716657195802079,0.15000000000000002,-0.23962339588655318,0.5887108845332389
plagiarism_plagiarismsearch,PlagiarismSearch,69.0,1779716269,0.0,0.15000000000000002,2164,1,1,0,"(5, 2)",0,-0.22360744195099932,0.15000000000000002,-0.23962339588655318,0.5367691621624475
block_news_slider,Adaptable News Slider,237.0,1587720761,0.0,0.15000000000000002,843,3,0,1,"(3, 8)",1,-0.1184723894414456,0.15000000000000002,-0.23962339588655318,0.6419042146720012
tool_mergefiles,Merge PDF Files,5.0,1507105151,0.0,0.15000000000000002,1263,2,0,1,"(3, 3)",1,-0.2636588905260674,0.15000000000000002,-0.23962339588655318,0.4967177135873795
quiz_downloadsubmissions,Download essay submissions,879.0,1602016214,0.0,0.15000000000000002,1263,2,0,1,"(3, 9)",1,0.2832937040772061,0.15000000000000002,-0.23962339588655318,1.0436703081906529
theme_enlightlite,Enlightlite,1410.0,1691126453,0.0,0.15000000000000002,1999,1,1,1,"(4, 2)",0,0.615595566473474,0.15000000000000002,-0.23962339588655318,2.3759721705869206
block_pinned_users,Pinned Users,1.0,1506069326,0.0,0.15000000000000002,1265,1,1,1,"(3, 3)",1,-0.26616210606200913,0.15000000000000002,-0.23962339588655318,1.4942144980514378
local_yukaltura,YU Kaltura Media Local Libraries,49.0,1735826820,4.0,0.6313125,1268,1,1,0,"(4, 5)",0,-0.2361235196307081,4.6313125,4.847653999177086,5.611530479546378
local_yumymedia,YU Kaltura Media Gallery,41.0,1735827686,3.0,0.34125000000000005,1268,1,1,0,"(4, 5)",0,-0.2411299507025916,3.34125,3.3831487243342173,4.142018773631626
mod_kalmediaassign,YU Kaltura Media Assignment,8.0,1735828219,0.0,0.15000000000000002,1268,1,1,0,"(4, 5)",0,-0.2617814788741111,0.15000000000000002,-0.23962339588655318,0.4985951252393357
mod_kalmediares,YU Kaltura Media Resource,30.0,1735828618,0.0,0.15000000000000002,1268,1,1,0,"(4, 5)",0,-0.24801379342643143,0.15000000000000002,-0.23962339588655318,0.5123628106870154
local_twittercard,Twitter card,5.0,1672484382,0.0,0.15000000000000002,1270,1,1,1,"(4, 1)",0,-0.2636588905260674,0.15000000000000002,-0.23962339588655318,1.4967177135873795
block_advnotifications,Advanced Notifications,1413.0,1644820517,0.0,0.15000000000000002,220,1,1,1,"(3, 11)",1,0.6174729781254303,0.15000000000000002,-0.23962339588655318,2.377849582238877
mod_leganto,Leganto reading list,45.0,1728406617,0.0,0.15000000000000002,697,2,0,0,"(5, 2)",0,-0.23862673516664984,0.15000000000000002,-0.23962339588655318,-0.478250131053203
local_augmented_teacher,The augmented teacher,67.0,1548937203,0.0,0.15000000000000002,1273,2,0,1,"(3, 5)",1,-0.2248590497189702,0.15000000000000002,-0.23962339588655318,0.5355175543944766
local_discoursesso,Discourse SSO,13.0,1588094523,0.0,0.15000000000000002,1274,1,1,1,"(3, 8)",1,-0.25865245945418386,0.15000000000000002,-0.23962339588655318,1.501724144659263
tool_ally,Ally,349.0,1786122601,2.0,0.9612404689154856,1276,1,1,0,"(5, 2)",0,-0.048382354435076456,2.9612404689154856,2.9517541502233997,3.903371795788323
filter_ally,Anthology Ally (previously Blackboard Ally),348.0,1786119003,2.0,0.9612404689154856,1276,1,1,0,"(5, 2)",0,-0.0490081583190619,2.9612404689154856,2.9517541502233997,3.9027459919043377
report_allylti,Accessibility Report,349.0,1786119003,2.0,0.9612404689154856,1276,1,1,0,"(5, 2)",0,-0.048382354435076456,2.9612404689154856,2.9517541502233997,3.903371795788323
mod_citizencam,CitizenCam Record,1.0,1513245978,0.0,0.15000000000000002,1278,1,1,1,"(3, 4)",1,-0.26616210606200913,0.15000000000000002,-0.23962339588655318,1.4942144980514378
theme_boost_magnific,Boost Magnific,3865.0,1782328394,0.0,0.15000000000000002,1999,1,1,0,"(1, 9)",1,2.1519441016577265,0.15000000000000002,-0.23962339588655318,2.9123207057711733
qtype_mtf,MTF (ETH),907.0,1785222603,0.0,0.15000000000000002,1280,1,1,0,"(5, 2)",0,0.3008162128287984,0.15000000000000002,-0.23962339588655318,1.061192816942245
mod_moodleoverflow,Moodleoverflow,485.0,1783411075,0.0,0.15000000000000002,734,3,0,0,"(5, 2)",0,0.036726973786943215,0.15000000000000002,-0.23962339588655318,-0.20289642209960995
block_qrcode,QR code,1029.0,1785316202,0.0,0.15000000000000002,734,4,0,0,"(5, 2)",0,0.3771642866750219,0.15000000000000002,-0.23962339588655318,0.1375408907884687
local_webhooks,WebHooks,838.0,1589579748,0.0,0.15000000000000002,2916,1,1,1,"(3, 8)",1,0.2576357448338031,0.15000000000000002,-0.23962339588655318,2.01801234894725
quizaccess_useripmapping,User-IP Mapping quiz access rule,3.0,1518421934,0.0,0.15000000000000002,1263,2,0,1,"(3, 4)",1,-0.2649104982940383,0.15000000000000002,-0.23962339588655318,0.49546610581940853
plagiarism_strike,StrikePlagiarism,191.0,1788293401,0.0,0.15000000000000002,1188,2,0,0,"(5, 2)",0,-0.14725936810477577,0.15000000000000002,-0.23962339588655318,-0.3868827639913289
assignsubmission_submarker,Submission marker,5.0,1509444590,0.0,0.15000000000000002,1286,2,0,1,"(3, 3)",1,-0.2636588905260674,0.15000000000000002,-0.23962339588655318,0.4967177135873795
theme_training,Training,21.0,1526963998,0.0,0.15000000000000002,2888,1,1,1,"(3, 6)",1,-0.2536460283823004,0.15000000000000002,-0.23962339588655318,1.5067305757311464
filter_formattimestamp,Format timestamp,5.0,1511280514,0.0,0.15000000000000002,293,1,1,1,"(3, 4)",1,-0.2636588905260674,0.15000000000000002,-0.23962339588655318,1.4967177135873795
report_completionoverview,Course completion overview,508.0,1511365027,0.0,0.15000000000000002,1289,2,0,1,"(3, 4)",1,0.05112046311860831,0.15000000000000002,-0.23962339588655318,0.8114970672320552
tool_objectfs,Object storage file system,1701.0,1783309397,0.0,0.15000000000000002,562,1,1,0,"(4, 5)",0,0.7977044967132367,0.15000000000000002,-0.23962339588655318,1.5580811008266835
repository_res,RES,1.0,1528124942,0.0,0.15000000000000002,1291,2,0,1,"(3, 3)",1,-0.26616210606200913,0.15000000000000002,-0.23962339588655318,0.4942144980514377
mod_unedtrivial,UNEDTrivial (spaced quizzes),3.0,1516228338,0.0,0.15000000000000002,1292,1,1,1,"(3, 3)",1,-0.2649104982940383,0.15000000000000002,-0.23962339588655318,1.4954661058194085
enrol_guestcohort,Guest Cohort,25.0,1629033702,0.0,0.15000000000000002,1303,1,1,1,"(3, 11)",1,-0.25114281284635864,0.15000000000000002,-0.23962339588655318,1.5092337912670881
tool_cohortdatabase,Cohort external database,144.0,1727666363,0.0,0.15000000000000002,562,2,0,0,"(4, 3)",0,-0.1766721506520914,0.15000000000000002,-0.23962339588655318,-0.4162955465386446
mod_threesixo,360° feedback,1064.0,1787454602,0.0,0.15000000000000002,220,1,1,0,"(5, 2)",0,0.3990674226145122,0.15000000000000002,-0.23962339588655318,1.159444026727959
calendartype_thaibuddhist,Thai Buddhist Calendar Type,27.0,1699946197,0.0,0.15000000000000002,947,1,1,0,"(4, 3)",0,-0.24989120507838775,0.15000000000000002,-0.23962339588655318,0.5104853990350591
enrol_coursecompleted,Course completed enrolment,3925.0,1780732442,0.0,0.15000000000000002,2889,1,1,0,"(5, 2)",0,2.189492334696853,0.15000000000000002,-0.23962339588655318,2.9498689388102997
mod_jazzquiz,JazzQuiz,442.0,1714745580,0.0,0.15000000000000002,1382,3,0,0,"(4, 4)",0,0.009817406775569349,0.15000000000000002,-0.23962339588655318,-0.22980598911098382
block_todo,My ToDo list,410.0,1761876640,0.0,0.15000000000000002,1299,1,1,0,"(5, 1)",0,-0.010208317511964693,0.15000000000000002,-0.23962339588655318,0.7501682866014822
plagiarism_safeassign,SafeAssign plagiarism plugin,49.0,1681336605,0.0,0.15000000000000002,2946,6,0,1,"(4, 0)",1,-0.2361235196307081,0.15000000000000002,-0.23962339588655318,0.5242530844827387
block_course_status,Course Status,76.0,1587479996,0.0,0.15000000000000002,843,3,0,1,"(3, 8)",1,-0.21922681476310124,0.15000000000000002,-0.23962339588655318,0.5411497893503456
mod_clearlesson,Clear Lessons Video,6.0,1682418667,0.0,0.15000000000000002,1302,1,1,1,"(4, 2)",0,-0.26303308664208197,0.15000000000000002,-0.23962339588655318,1.4973435174713647
repository_giphy,Giphy,7.0,1605187512,0.0,0.15000000000000002,1303,1,1,1,"(3, 11)",1,-0.2624072827580965,0.15000000000000002,-0.23962339588655318,1.4979693213553502
block_cohortspecifichtml,Text (on cohorts),716.0,1783260190,0.0,0.15000000000000002,242,2,0,0,"(5, 2)",0,0.18128767098757959,0.15000000000000002,-0.23962339588655318,-0.058335724898973595
local_coursetocal,Courses to Calendar,217.0,1756844656,0.0,0.15000000000000002,1305,2,0,0,"(5, 0)",0,-0.1309884671211544,0.15000000000000002,-0.23962339588655318,-0.37061186300770754
theme_degrade,Degrade Theme,3931.0,1782328339,0.0,0.15000000000000002,1999,1,1,0,"(1, 9)",1,2.1932471580007653,0.15000000000000002,-0.23962339588655318,2.953623762114212
enrol_extendedguest,Extended guest access,37.0,1530605844,0.0,0.15000000000000002,1307,1,1,1,"(5, 1)",0,-0.24363316623853334,0.15000000000000002,-0.23962339588655318,1.5167434378749136
search_azure,Azure Search,33.0,1529301850,0.0,0.15000000000000002,562,1,1,1,"(3, 5)",1,-0.2461363817744751,0.15000000000000002,-0.23962339588655318,1.5142402223389717
qformat_multichoiceset,Import all or nothing format,28.0,1520520059,0.0,0.15000000000000002,827,1,1,1,"(3, 6)",1,-0.2492654011944023,0.15000000000000002,-0.23962339588655318,1.5111112029190445
availability_enrol,Activity Restriction by course enrollment,101.0,1520632383,0.0,0.15000000000000002,1310,1,1,1,"(3, 4)",1,-0.20358171766346528,0.15000000000000002,-0.23962339588655318,1.5567948864499814
enrol_xp,Level Up XP Enrolment,1076.0,1776740200,0.0,0.15000000000000002,718,1,1,0,"(5, 2)",0,0.4065770692223375,0.15000000000000002,-0.23962339588655318,1.1669536733357844
qformat_crossxml,Cross XML format,188.0,1776087751,0.0,0.15000000000000002,893,1,1,0,"(5, 2)",0,-0.1491367797567321,0.15000000000000002,-0.23962339588655318,0.6112398243567148
local_bulkenrol,User bulk enrolment,2997.0,1783198690,0.0,0.15000000000000002,242,2,0,0,"(5, 2)",0,1.6087463303583656,0.15000000000000002,-0.23962339588655318,1.3691229344718123
quiz_group,Group quiz,175.0,1782987115,0.0,0.15000000000000002,1314,1,1,0,"(5, 2)",0,-0.1572722302485428,0.15000000000000002,-0.23962339588655318,0.603104373864904
tool_dataprivacy,Data privacy,7.0,1592281531,0.0,0.15000000000000002,220,2,0,1,"(3, 4)",1,-0.2624072827580965,0.15000000000000002,-0.23962339588655318,0.4979693213553503
tool_policy,Policies,8.0,1536310120,0.0,0.15000000000000002,220,2,0,1,"(3, 4)",1,-0.2617814788741111,0.15000000000000002,-0.23962339588655318,0.4985951252393357
local_adminsettingsconfig,Admin Settings Config,6.0,1521475049,0.0,0.15000000000000002,1213,1,1,1,"(3, 4)",1,-0.26303308664208197,0.15000000000000002,-0.23962339588655318,1.4973435174713647
local_commander,Commander / quick navigation,216.0,1783089086,0.0,0.15000000000000002,646,3,0,0,"(5, 2)",0,-0.1316142710051398,0.15000000000000002,-0.23962339588655318,-0.371237666891693
local_temporary_enrolments,Temporary enrolments,12.0,1552572193,1.0,0.2775,816,1,1,1,"(3, 6)",1,-0.25927826333816933,1.2775,1.040337611727679,2.7810593483895096
local_azure_storage,Azure Object Storage SDK for PHP,32.0,1522888052,0.0,0.15000000000000002,562,1,1,1,"(3, 4)",1,-0.24676218565846056,0.15000000000000002,-0.23962339588655318,1.5136144184549862
block_lastcourse,My last course,26.0,1621347665,0.0,0.15000000000000002,1406,1,1,1,"(3, 11)",1,-0.25051700896237317,0.15000000000000002,-0.23962339588655318,1.5098595951510736
local_bbliveusers,LiveUsers - Local Plugin,39.0,1537363142,1.0,0.2775,1323,1,1,1,"(3, 5)",1,-0.24238155847056247,1.2775,1.040337611727679,2.7979560532571166
block_bbliveusers,LiveUsers - Block Plugin,12.0,1537791540,0.0,0.15000000000000002,1323,1,1,1,"(3, 5)",1,-0.25927826333816933,0.15000000000000002,-0.23962339588655318,1.5010983407752776
tool_uploadenrolmentmethods,Upload enrolment methods,860.0,1747391585,0.0,0.15000000000000002,827,1,1,0,"(5, 0)",0,0.2714034302814828,0.15000000000000002,-0.23962339588655318,1.0317800343949295
block_open_courses,Open Courses,13.0,1524736847,0.0,0.15000000000000002,1430,1,1,1,"(3, 4)",1,-0.25865245945418386,0.15000000000000002,-0.23962339588655318,1.501724144659263
local_confseed,Configuration Seeder,2.0,1591626221,0.0,0.15000000000000002,1326,2,0,1,"(3, 9)",1,-0.2655363021780237,0.15000000000000002,-0.23962339588655318,0.49484030193542305
auth_samlidp,SAML Identity Provider,105.0,1708706271,0.0,0.15000000000000002,869,1,1,0,"(4, 3)",0,-0.2010785021275235,0.15000000000000002,-0.23962339588655318,0.5592981019859233
local_hide_inactive_courses,Hide inactive courses,7.0,1555608875,0.0,0.15000000000000002,816,1,1,1,"(3, 6)",1,-0.2624072827580965,0.15000000000000002,-0.23962339588655318,1.4979693213553502
block_knowledge_sharing,Knowledge Sharing,5.0,1551082160,0.0,0.15000000000000002,1329,1,1,1,"(3, 6)",1,-0.2636588905260674,0.15000000000000002,-0.23962339588655318,1.4967177135873795
filter_shortcodes,Shortcodes,2950.0,1759720850,1.0,0.21375000000000002,718,1,1,0,"(5, 1)",0,1.57933354781105,1.21375,0.9679673108537037,3.5473008586647534
tool_trigger,Event Trigger,758.0,1731972097,0.0,0.15000000000000002,562,1,1,0,"(4, 5)",0,0.207571434114968,0.15000000000000002,-0.23962339588655318,0.9679480382284148
ltisource_ecohub,EcoHub LTI Source,1.0,1526994044,0.0,0.15000000000000002,1332,1,1,1,"(3, 3)",1,-0.26616210606200913,0.15000000000000002,-0.23962339588655318,1.4942144980514378
block_temporary_enrolments,Temporary enrolments,3.0,1553004077,0.0,0.15000000000000002,816,1,1,1,"(3, 6)",1,-0.2649104982940383,0.15000000000000002,-0.23962339588655318,1.4954661058194085
webservice_restful,RESTful protocol,1238.0,1748383421,1.0,0.21375000000000002,562,1,1,0,"(4, 5)",0,0.5079572984279785,1.21375,0.9679673108537037,2.475924609281682
format_collapsibletopics,Collapsible Topics format,676.0,1654866827,0.0,0.15000000000000002,1342,1,1,1,"(3, 11)",1,0.15625551562816203,0.15000000000000002,-0.23962339588655318,1.916632119741609
tool_webanalytics,Web Analytics,640.0,1729203609,0.0,0.15000000000000002,562,2,0,0,"(4, 3)",0,0.13372657580468622,0.15000000000000002,-0.23962339588655318,-0.10589682008186696
mod_videofront,VideoFront Vídeo,61.0,1608255640,2.0,0.405,1999,2,0,1,"(1, 9)",1,-0.22861387302288283,2.4050000000000002,2.3202986193419117,3.0916847463190287
report_questionnairestats,Questionnaire statistics,235.0,1556220355,0.0,0.15000000000000002,1425,1,1,1,"(4, 1)",0,-0.11972399720941648,0.15000000000000002,-0.23962339588655318,1.6406526069040304
mod_simplelesson,Simple lesson,135.0,1717471051,0.0,0.15000000000000002,1339,1,1,0,"(4, 4)",0,-0.18230438560796036,0.15000000000000002,-0.23962339588655318,0.5780722185054865
media_videofront,Player VideoFront,36.0,1649686322,0.0,0.15000000000000002,1999,2,0,1,"(1, 9)",1,-0.2442589701225188,0.15000000000000002,-0.23962339588655318,0.516117633990928
repository_videofront,VideoFront videos,15.0,1587747444,0.0,0.15000000000000002,1999,2,0,1,"(1, 9)",1,-0.257400851686213,0.15000000000000002,-0.23962339588655318,0.5029757524272338
format_collapsibleweeks,Collapsible Weeks format,105.0,1654866154,0.0,0.15000000000000002,1342,1,1,1,"(3, 11)",1,-0.2010785021275235,0.15000000000000002,-0.23962339588655318,1.5592981019859233
quiz_archive,Quiz archive report,1122.0,1785521401,0.0,0.15000000000000002,1495,1,1,0,"(5, 2)",0,0.4353640478856677,0.15000000000000002,-0.23962339588655318,1.1957406519991145
qformat_csv,CSV format,661.0,1746772408,0.0,0.15000000000000002,1512,1,1,0,"(5, 2)",0,0.14686845736838045,0.15000000000000002,-0.23962339588655318,0.9072450614818273
tool_uploadblocksettings,Upload block settings,33.0,1747391832,0.0,0.15000000000000002,827,1,1,0,"(5, 0)",0,-0.2461363817744751,0.15000000000000002,-0.23962339588655318,0.5142402223389717
assignfeedback_editpdfplus,Annotate PDF advanced,260.0,1612543203,0.0,0.15000000000000002,2897,2,0,1,"(3, 9)",1,-0.1040789001097805,0.15000000000000002,-0.23962339588655318,0.6562977040036664
logstore_trax,TRAX Logs,42.0,1635238832,0.0,0.15000000000000002,1347,1,1,1,"(3, 9)",1,-0.24050414681860616,0.15000000000000002,-0.23962339588655318,1.5198724572948406
atto_justify,Justify align,1756.0,1529526328,0.0,0.15000000000000002,1348,1,1,1,"(5, 2)",0,0.8321237103324358,0.15000000000000002,-0.23962339588655318,2.592500314445883
editor_ousupsub,Superscript/subscript editor,150.0,1750668532,0.0,0.15000000000000002,2941,3,0,0,"(5, 0)",0,-0.17291732734817877,0.15000000000000002,-0.23962339588655318,-0.41254072323473195
assignsubmission_physical,Physical Submissions,5.0,1548668802,1.0,0.9612404689154856,562,7,0,1,"(3, 8)",1,-0.2636588905260674,1.9612404689154856,1.8165337443571183,2.552874853831051
local_barcode,Barcode Scanning,4.0,1548668582,1.0,0.9612404689154856,562,7,0,1,"(3, 8)",1,-0.2642846944100528,1.9612404689154856,1.8165337443571183,2.552249049947066
tool_opencast,Opencast API,327.0,1784877003,6.0,0.8416875000000001,734,4,0,0,"(5, 1)",0,-0.06215003988275611,6.8416875,7.356916803793768,7.294766763911012
block_opencast,Opencast Videos,281.0,1784725042,0.0,0.15000000000000002,734,4,0,0,"(5, 1)",0,-0.0909370185460863,0.15000000000000002,-0.23962339588655318,-0.3305604144326395
local_gdpr_deleteuserdata,GDPR delete userdata,21.0,1531062680,0.0,0.15000000000000002,869,1,1,1,"(3, 5)",1,-0.2536460283823004,0.15000000000000002,-0.23962339588655318,1.5067305757311464
quiz_liveviewgrid,Live Report,195.0,1682704488,0.0,0.15000000000000002,1355,1,1,1,"(4, 2)",0,-0.14475615256883403,0.15000000000000002,-0.23962339588655318,1.6156204515446126
local_ws_enrolcohort,Webservice functions for cohort enrolment,189.0,1656381537,0.0,0.15000000000000002,220,2,0,1,"(4, 0)",1,-0.14851097587274667,0.15000000000000002,-0.23962339588655318,0.6118656282407001
mod_pdfannotator,PDF Annotation,2774.0,1757336316,0.0,0.15000000000000002,1723,3,0,0,"(5, 0)",0,1.4691920642296126,0.15000000000000002,-0.23962339588655318,1.2295686683430593
filter_embedquestion,Embed questions filter,1389.0,1782377673,3.0,0.46875000000000006,2941,4,0,0,"(5, 2)",0,0.6024536849097798,3.46875,3.527889326082168,4.130343010991948
atto_embedquestion,Embed question atto button,642.0,1750427042,0.0,0.15000000000000002,2941,6,0,0,"(4, 5)",0,0.13497818357265712,0.15000000000000002,-0.23962339588655318,-0.10464521231389606
filter_jsxgraph,JSXGraph,445.0,1788797401,0.0,0.15000000000000002,1360,1,1,0,"(5, 2)",0,0.011694818427525665,0.15000000000000002,-0.23962339588655318,0.7720714225409725
block_remaining_lesson_timer,Remaining Lesson Timer,74.0,1540843727,0.0,0.15000000000000002,1361,1,1,1,"(3, 5)",1,-0.2204784225310721,0.15000000000000002,-0.23962339588655318,1.5398981815823747
mod_cobra,CoBRA,10.0,1724053773,0.0,0.15000000000000002,1342,2,0,0,"(4, 3)",0,-0.2605298711061402,0.15000000000000002,-0.23962339588655318,-0.5001532669926934
availability_cohort,Restriction by cohort,1894.0,1785953401,0.0,0.15000000000000002,242,2,0,0,"(5, 2)",0,0.9184846463224264,0.15000000000000002,-0.23962339588655318,0.6788612504358733
block_point_view,Point of view - Feedback,902.0,1778070086,0.0,0.15000000000000002,1626,2,0,0,"(5, 1)",0,0.2976871934088712,0.15000000000000002,-0.23962339588655318,0.058063797522317995
local_revoke_consent,Revoke consent,3.0,1532209164,0.0,0.15000000000000002,734,1,1,1,"(3, 5)",1,-0.2649104982940383,0.15000000000000002,-0.23962339588655318,1.4954661058194085
block_gps,Geolocation block,125.0,1648827258,1.0,0.2775,539,3,0,1,"(4, 0)",1,-0.18856242444781474,1.2775,1.040337611727679,1.8517751872798642
availability_gps,Geolocation condition,103.0,1653657477,0.0,0.15000000000000002,539,3,0,1,"(4, 0)",1,-0.2023301098954944,0.15000000000000002,-0.23962339588655318,0.5580464942179524
auth_vulnerablepassword,Vulnerable Password,3.0,1533228613,0.0,0.15000000000000002,1302,1,1,1,"(3, 5)",1,-0.2649104982940383,0.15000000000000002,-0.23962339588655318,1.4954661058194085
tool_rssfeeds,Manage all RSS feeds,59.0,1579616383,0.0,0.15000000000000002,816,2,0,1,"(5, 2)",0,-0.2298654807908537,0.15000000000000002,-0.23962339588655318,0.5305111233225931
theme_classic,Classic,13.0,1551089028,1.0,0.2775,2081,1,1,1,"(3, 6)",1,-0.25865245945418386,1.2775,1.040337611727679,2.781685152273495
mod_braincert,BrainCert HTML5 Virtual Classroom,29.0,1631029243,0.0,0.15000000000000002,1371,1,1,1,"(3, 11)",1,-0.24863959731041688,0.15000000000000002,-0.23962339588655318,1.5117370068030298
repository_pixabay,Pixabay Media,204.0,1588925907,0.0,0.15000000000000002,1469,1,1,1,"(4, 1)",0,-0.13912391761296508,0.15000000000000002,-0.23962339588655318,1.6212526865004817
mod_unilabel,Unilabel,2088.0,1778764264,0.0,0.15000000000000002,734,1,1,0,"(5, 2)",0,1.0398905998156016,0.15000000000000002,-0.23962339588655318,1.8002672039290484
mod_videotime,Video Time,3107.0,1782463029,1.0,0.2775,893,2,0,0,"(5, 2)",0,1.6775847575967637,1.2775,1.040337611727679,2.7179223693244428
block_logreport,Log report,83.0,1786363800,0.0,0.15000000000000002,1375,2,0,0,"(5, 2)",0,-0.21484618757520318,0.15000000000000002,-0.23962339588655318,-0.45446958346175637
mod_wooclap,Wooclap,821.0,1782295029,0.0,0.15000000000000002,1553,7,0,0,"(5, 2)",0,0.24699707880605065,0.15000000000000002,-0.23962339588655318,0.007373682919497471
format_tiles,Tiles format,22619.0,1769376734,0.0,0.15000000000000002,1377,1,1,0,"(5, 1)",0,13.888270141920644,0.15000000000000002,-0.23962339588655318,14.64864674603409
mod_panopto,Panopto resource module,52.0,1761926406,0.0,0.15000000000000002,697,2,0,0,"(5, 2)",0,-0.23424610797875178,0.15000000000000002,-0.23962339588655318,-0.47386950386530496
repository_panopto,Panopto repository,66.0,1755252835,1.0,0.2775,697,2,0,0,"(5, 2)",0,-0.22548485360295564,1.2775,1.040337611727679,0.8148527581247234
qtype_shortmath,ShortMath,255.0,1628080103,0.0,0.15000000000000002,1382,2,0,1,"(3, 11)",1,-0.10720791952970771,0.15000000000000002,-0.23962339588655318,0.6531686845837391
block_socialcomments,Social Comments,305.0,1774343712,0.0,0.15000000000000002,893,2,0,0,"(5, 1)",0,-0.07591772533043577,0.15000000000000002,-0.23962339588655318,-0.31554112121698896
mod_capquiz,CAPQuiz,66.0,1788765002,0.0,0.15000000000000002,1382,3,0,0,"(5, 2)",0,-0.22548485360295564,0.15000000000000002,-0.23962339588655318,-0.4651082494895088
mod_qrcode,GradeQR,20.0,1548629975,0.0,0.15000000000000002,1383,1,1,1,"(3, 10)",1,-0.2542718322662858,0.15000000000000002,-0.23962339588655318,1.506104771847161
atto_cloudpoodll,Cloud Poodll for Atto - audio and video recording,183.0,1747889898,0.0,0.15000000000000002,204,1,1,0,"(5, 1)",0,-0.1522657991766593,0.15000000000000002,-0.23962339588655318,0.6081108049367875
assignsubmission_cloudpoodll,Cloud Poodll Assignment Submission,275.0,1780903546,0.0,0.15000000000000002,204,1,1,0,"(5, 2)",0,-0.09469184184999893,0.15000000000000002,-0.23962339588655318,0.6656847622634479
atto_subtitle,Poodll Subtitle,126.0,1625538342,0.0,0.15000000000000002,204,1,1,1,"(5, 1)",0,-0.18793662056382932,0.15000000000000002,-0.23962339588655318,1.5724399835496174
block_statics,Statics block,1.0,1548234664,0.0,0.15000000000000002,1421,1,1,1,"(3, 6)",1,-0.26616210606200913,0.15000000000000002,-0.23962339588655318,1.4942144980514378
block_course_discuss,Course discuss,67.0,1550225951,1.0,0.2775,843,3,0,1,"(3, 6)",1,-0.2248590497189702,1.2775,1.040337611727679,1.8154785620087088
block_user_favorites,User favourites / favorite / bookmark,511.0,1776036177,0.0,0.15000000000000002,646,4,0,0,"(5, 1)",0,0.052997874770564626,0.15000000000000002,-0.23962339588655318,-0.18662552111598857
repository_learn360,Learn360,1.0,1558629600,0.0,0.15000000000000002,1396,1,1,1,"(3, 7)",1,-0.26616210606200913,0.15000000000000002,-0.23962339588655318,1.4942144980514378
filter_learn360,Learn360 Media,2.0,1558629729,1.0,0.2775,1396,1,1,1,"(3, 7)",1,-0.2655363021780237,1.2775,1.040337611727679,2.7748013095496553
block_evalcomix,EvalCOMIX-FLOASS,312.0,1721206764,0.0,0.15000000000000002,1392,1,1,0,"(4, 3)",0,-0.0715370981425377,0.15000000000000002,-0.23962339588655318,0.6888395059709091
tool_certificate,Workplace certificate manager,9953.0,1786533001,2.0,0.62175,2891,1,1,0,"(5, 2)",0,5.961838147361078,2.62175,2.566357642313428,9.528195789674506
plagiarism_pchkorg,PlagiarismCheck.org plugin,198.0,1788347400,0.0,0.15000000000000002,1188,1,1,0,"(5, 2)",0,-0.14287874091687772,0.15000000000000002,-0.23962339588655318,0.6174978631965691
repository_filmsondemand,Films On Demand,8.0,1557513197,0.0,0.15000000000000002,1396,1,1,1,"(3, 6)",1,-0.2617814788741111,0.15000000000000002,-0.23962339588655318,1.4985951252393357
filter_filmsondemand,Films On Demand Media,8.0,1557512994,1.0,0.2775,1396,1,1,1,"(3, 6)",1,-0.2617814788741111,1.2775,1.040337611727679,2.778556132853568
block_common_courses,Common Courses,11.0,1620994730,0.0,0.15000000000000002,1423,1,1,1,"(4, 0)",1,-0.25990406722215476,0.15000000000000002,-0.23962339588655318,1.5004725368912921
repository_cvod,Classroom Video On Demand,5.0,1553281768,0.0,0.15000000000000002,1396,1,1,1,"(3, 6)",1,-0.2636588905260674,0.15000000000000002,-0.23962339588655318,1.4967177135873795
filter_cvod,Classroom Video On Demand Media Filter,6.0,1553281831,1.0,0.2775,1396,1,1,1,"(3, 6)",1,-0.26303308664208197,1.2775,1.040337611727679,2.777304525085597
report_apocalypse,Flash apocalypse,98.0,1564694560,0.0,0.15000000000000002,562,2,0,1,"(3, 8)",1,-0.2054591293154216,0.15000000000000002,-0.23962339588655318,0.5549174747980252
block_globalad,Globalad,28.0,1558515508,1.0,0.2775,1421,1,1,1,"(3, 7)",1,-0.2492654011944023,1.2775,1.040337611727679,2.791072210533277
local_ganalytics,Google Analytics,311.0,1623968998,0.0,0.15000000000000002,457,1,1,1,"(3, 11)",1,-0.07216290202652313,0.15000000000000002,-0.23962339588655318,1.6882137020869237
block_switchrole,Switch role,6.0,1543926198,0.0,0.15000000000000002,869,1,1,1,"(4, 1)",0,-0.26303308664208197,0.15000000000000002,-0.23962339588655318,1.4973435174713647
tool_environment,Command line environment check,3.0,1544477916,0.0,0.15000000000000002,843,1,1,1,"(3, 6)",1,-0.2649104982940383,0.15000000000000002,-0.23962339588655318,1.4954661058194085
filter_h5p,H5P Filter,854.0,1624377226,0.0,0.15000000000000002,539,4,0,1,"(3, 11)",1,0.26764860697757015,0.15000000000000002,-0.23962339588655318,1.028025211091017
block_mymindmap_overview,My mindmap overview,135.0,1744804415,0.0,0.15000000000000002,1406,1,1,0,"(4, 5)",0,-0.18230438560796036,0.15000000000000002,-0.23962339588655318,0.5780722185054865
block_discussion_feed,Discussion Feed,18.0,1551958616,0.0,0.15000000000000002,843,3,0,1,"(3, 6)",1,-0.2555234400342567,0.15000000000000002,-0.23962339588655318,0.5048531640791901
mod_datalynx,Datalynx,210.0,1788365423,0.0,0.15000000000000002,1983,2,0,0,"(5, 2)",0,-0.13536909430905245,0.15000000000000002,-0.23962339588655318,-0.37499249019560565
mod_gcanvas,HTML5 canvas sketch game,254.0,1786720201,0.0,0.15000000000000002,646,2,0,0,"(5, 0)",0,-0.10783372341369314,0.15000000000000002,-0.23962339588655318,-0.3474571193002463
format_wplist,Workplace list course format,130.0,1697019273,0.0,0.15000000000000002,2891,1,1,0,"(4, 2)",0,-0.18543340502788755,0.15000000000000002,-0.23962339588655318,0.5749431990855592
local_bongo,Bongo,13.0,1616436221,0.0,0.15000000000000002,2897,1,1,1,"(3, 6)",1,-0.25865245945418386,0.15000000000000002,-0.23962339588655318,1.501724144659263
local_deleteoldquizattempts,Old quiz and question attempts deletion,288.0,1739710743,0.0,0.15000000000000002,2918,1,1,0,"(5, 0)",0,-0.08655639135818823,0.15000000000000002,-0.23962339588655318,0.6738202127552586
mod_livepoll,Live poll,266.0,1784842764,0.0,0.15000000000000002,2946,2,0,0,"(5, 1)",0,-0.10032407680586787,0.15000000000000002,-0.23962339588655318,-0.33994747269242104
theme_boost_o365teams,Microsoft 365 Teams Theme,2192.0,1783418868,1.0,0.17550000000000002,869,3,0,0,"(5, 2)",0,1.1049742037500871,1.1755,0.9245451303293183,2.0295193340794055
filter_ws,WebService Filter for Moodle Mobile app,75.0,1743504969,2.0,0.405,220,1,1,0,"(4, 5)",0,-0.2198526186470867,2.4050000000000002,2.3202986193419117,3.100446000694825
atto_filterws,WebService Filter for Atto (Moodle Mobile app),9.0,1673941440,0.0,0.15000000000000002,220,1,1,1,"(4, 1)",0,-0.26115567499012565,0.15000000000000002,-0.23962339588655318,1.4992209291233212
local_latesubmissions,Students at risk of missing assignment due dates,15.0,1562817079,0.0,0.15000000000000002,1203,1,1,1,"(3, 7)",1,-0.257400851686213,0.15000000000000002,-0.23962339588655318,1.5029757524272338
tool_attestoodle,Attestoodle,183.0,1738754899,0.0,0.15000000000000002,1418,2,0,0,"(4, 3)",0,-0.1522657991766593,0.15000000000000002,-0.23962339588655318,-0.3918891950632125
enrol_mmbrio,MMBR.IO,1.0,1549574350,0.0,0.15000000000000002,1419,1,1,1,"(3, 6)",1,-0.26616210606200913,0.15000000000000002,-0.23962339588655318,1.4942144980514378
format_event,Event course,15.0,1555295898,0.0,0.15000000000000002,433,1,1,1,"(3, 5)",1,-0.257400851686213,0.15000000000000002,-0.23962339588655318,1.5029757524272338
tool_globaladtool,Globaladtool,19.0,1558511238,0.0,0.15000000000000002,1421,1,1,1,"(3, 7)",1,-0.2548976361502713,0.15000000000000002,-0.23962339588655318,1.5054789679631755
tool_coursesummary,Course Summary Overwrite,9.0,1550008565,0.0,0.15000000000000002,1422,2,0,1,"(3, 6)",1,-0.26115567499012565,0.15000000000000002,-0.23962339588655318,0.49922092912332117
mod_jitsi,Jitsi,3148.0,1784967001,0.0,0.15000000000000002,1423,1,1,0,"(5, 2)",0,1.7032427168401667,0.15000000000000002,-0.23962339588655318,2.4636193209536135
ltisource_message_handler,LTI Message Handler,162.0,1585936289,0.0,0.15000000000000002,1422,2,0,1,"(3, 11)",1,-0.1654076807403535,0.15000000000000002,-0.23962339588655318,0.5949689233730933
tool_brcli,Backup and Restore Command-Line Interface,1208.0,1552648142,0.0,0.15000000000000002,1425,1,1,1,"(4, 1)",0,0.4891831819084154,0.15000000000000002,-0.23962339588655318,2.2495597860218624
qtype_essayautograde,Essay (auto-grade),1737.0,1746756722,0.0,0.15000000000000002,150,1,1,0,"(5, 1)",0,0.8202334365367125,0.15000000000000002,-0.23962339588655318,1.5806100406501593
local_cnw_smartcohort,Smart Cohort,298.0,1692440029,0.0,0.15000000000000002,1427,1,1,1,"(4, 2)",0,-0.08029835251833384,0.15000000000000002,-0.23962339588655318,1.680078251595113
block_edwiser_site_monitor,Edwiser Site Monitor,1844.0,1776965101,0.0,0.15000000000000002,1441,1,1,0,"(5, 2)",0,0.8871944521231545,0.15000000000000002,-0.23962339588655318,1.6475710562366013
theme_trema,Trema,4462.0,1781770249,0.0,0.15000000000000002,2888,2,0,0,"(5, 2)",0,2.525549020397033,0.15000000000000002,-0.23962339588655318,2.28592562451048
qformat_printout,Print out for review,364.0,1752583682,0.0,0.15000000000000002,1430,1,1,0,"(5, 0)",0,-0.038995296175294875,0.15000000000000002,-0.23962339588655318,0.7213813079381519
report_forumkeywords,Forum Keywords,29.0,1561706915,0.0,0.15000000000000002,2891,1,1,1,"(3, 7)",1,-0.24863959731041688,0.15000000000000002,-0.23962339588655318,1.5117370068030298
mod_teamup,TeamUp,176.0,1771346415,0.0,0.15000000000000002,1872,1,1,0,"(5, 1)",0,-0.15664642636455736,0.15000000000000002,-0.23962339588655318,0.6037301777488895
block_taggedcoursesearch,Tagged Course Search,218.0,1744847479,0.0,0.15000000000000002,1433,2,0,0,"(5, 2)",0,-0.13036266323716894,0.15000000000000002,-0.23962339588655318,-0.3699860591237221
atto_studietube,Atto Studietube,2.0,1637321066,0.0,0.15000000000000002,1602,1,1,1,"(3, 11)",1,-0.2655363021780237,0.15000000000000002,-0.23962339588655318,1.494840301935423
block_export_quiz,Export Quiz,188.0,1558604410,0.0,0.15000000000000002,1435,1,1,1,"(3, 7)",1,-0.1491367797567321,0.15000000000000002,-0.23962339588655318,1.6112398243567148
enrol_credit,Credit enrolment,160.0,1746007304,1.0,0.2775,893,2,0,0,"(5, 0)",0,-0.1666592885083244,1.2775,1.040337611727679,0.8736783232193546
tool_supporter,Supporter,360.0,1788178203,0.0,0.15000000000000002,1437,2,0,0,"(5, 2)",0,-0.041498511711236634,0.15000000000000002,-0.23962339588655318,-0.2811219075977898
tool_s3logs,S3 Log Archiver,57.0,1660253339,0.0,0.15000000000000002,562,2,0,1,"(4, 0)",1,-0.23111708855882457,0.15000000000000002,-0.23962339588655318,0.5292595155546223
qtype_sc,Single choice (ETH),135.0,1785222603,0.0,0.15000000000000002,1280,1,1,0,"(5, 2)",0,-0.18230438560796036,0.15000000000000002,-0.23962339588655318,0.5780722185054865
fileconverter_librelambda,LibreLambda document converter,556.0,1752722421,0.0,0.15000000000000002,562,1,1,0,"(4, 5)",0,0.08115904954990937,0.15000000000000002,-0.23962339588655318,0.8415356536633563
format_remuiformat,Edwiser Course Formats,9969.0,1777526815,0.0,0.15000000000000002,1441,1,1,0,"(5, 2)",0,5.971851009504845,0.15000000000000002,-0.23962339588655318,6.732227613618292
mod_ubicast,UbiCast Nudgis Moodle activity plugin,193.0,1786608601,4.0,0.6504375000000002,2897,1,1,0,"(5, 2)",0,-0.1460077603368049,4.650437500000001,4.869365089439279,5.723357329102474
atto_ubicast,UbiCast Nudgis atto button,100.0,1733825724,0.0,0.15000000000000002,2897,1,1,0,"(4, 5)",0,-0.2042075215474507,0.15000000000000002,-0.23962339588655318,0.5561690825659962
block_ubicast,UbiCast Nudgis block plugin,121.0,1786608600,0.0,0.15000000000000002,2897,1,1,0,"(5, 2)",0,-0.1910656399837565,0.15000000000000002,-0.23962339588655318,0.5693109641296903
block_blc_modules,BLC Modules,67.0,1785319801,0.0,0.15000000000000002,1445,1,1,0,"(5, 0)",0,-0.2248590497189702,0.15000000000000002,-0.23962339588655318,0.5355175543944766
block_mystudents,My Students,104.0,1764067502,0.0,0.15000000000000002,1342,1,1,0,"(5, 1)",0,-0.20170430601150896,0.15000000000000002,-0.23962339588655318,0.5586722981019379
antivirus_mimeblocker,Mime Blocker antivirus,351.0,1676891135,0.0,0.15000000000000002,1447,2,0,1,"(4, 1)",0,-0.04713074666710558,0.15000000000000002,-0.23962339588655318,0.7132458574463412
mod_collabora,Collabora - Collaborative document editing,649.0,1786378201,1.0,0.2775,734,3,0,0,"(5, 2)",0,0.13935881076055517,1.2775,1.040337611727679,1.1796964224882343
block_edureportbook,eduReportbook,1.0,1640431872,0.0,0.15000000000000002,539,3,0,1,"(3, 11)",1,-0.26616210606200913,0.15000000000000002,-0.23962339588655318,0.4942144980514377
local_simple_course_creator,Simple course creator,11.0,1782241742,0.0,0.15000000000000002,1520,1,1,0,"(5, 2)",0,-0.25990406722215476,0.15000000000000002,-0.23962339588655318,0.5004725368912921
block_game,Block Game,948.0,1761151557,1.0,0.2775,1681,1,1,0,"(5, 1)",0,0.3264741720722013,1.2775,1.040337611727679,2.3668117837998803
availability_relativedate,Restriction by relative date,2437.0,1788163801,0.0,0.15000000000000002,2889,1,1,0,"(5, 2)",0,1.2582961553265197,0.15000000000000002,-0.23962339588655318,2.0186727594399665
tool_lifecycle,Course Life Cycle,360.0,1786990201,2.0,0.34125000000000005,734,2,0,0,"(5, 2)",0,-0.041498511711236634,2.34125,2.247928318467936,2.206429806756699
availability_ipaddress,Availability restriction by IP address,733.0,1773665618,0.0,0.15000000000000002,646,3,0,0,"(5, 1)",0,0.19192633701533204,0.15000000000000002,-0.23962339588655318,-0.04769705887122114
availability_othercompleted,Restriction by other course completion,1903.0,1684298806,0.0,0.15000000000000002,1455,1,1,1,"(4, 2)",0,0.9241168812782954,0.15000000000000002,-0.23962339588655318,2.684493485391742
format_softcourse,Soft Course format,1248.0,1776418643,0.0,0.15000000000000002,1059,3,0,0,"(5, 2)",0,0.514215337267833,0.15000000000000002,-0.23962339588655318,0.2745919413812798
atto_edusharing,edu-sharing Atto Plugin,33.0,1721139130,0.0,0.15000000000000002,1045,1,1,0,"(4, 4)",0,-0.2461363817744751,0.15000000000000002,-0.23962339588655318,0.5142402223389717
qtype_externaltask,External task,33.0,1559642262,0.0,0.15000000000000002,1458,1,1,1,"(3, 7)",1,-0.2461363817744751,0.15000000000000002,-0.23962339588655318,1.5142402223389717
filter_html5avtomp4,HTML5 audio/video to MP4 filter,126.0,1624017978,0.0,0.15000000000000002,2897,2,0,1,"(4, 2)",0,-0.18793662056382932,0.15000000000000002,-0.23962339588655318,0.5724399835496174
auth_mumie,Digital Learning - Single Sign On,79.0,1788181801,1.0,0.2775,1461,1,1,0,"(5, 2)",0,-0.21734940311114492,1.2775,1.040337611727679,1.822988208616534
mod_mumie,Digital Learning,64.0,1782734278,0.0,0.15000000000000002,1461,1,1,0,"(5, 2)",0,-0.2267364613709265,0.15000000000000002,-0.23962339588655318,0.5336401427425204
filter_applink,Moodle App link,19.0,1560760867,1.0,0.2775,220,1,1,1,"(3, 7)",1,-0.2548976361502713,1.2775,1.040337611727679,2.7854399755774075
atto_applink,Moodle App link Filter for Atto,2.0,1560495787,0.0,0.15000000000000002,220,1,1,1,"(3, 7)",1,-0.2655363021780237,0.15000000000000002,-0.23962339588655318,1.494840301935423
format_kickstart,Kickstart,882.0,1774552696,0.0,0.15000000000000002,893,2,0,0,"(5, 1)",0,0.2851711157291624,0.15000000000000002,-0.23962339588655318,0.04554771984260925
qtype_lti,LTI Question Type (External Tool),83.0,1785222602,0.0,0.15000000000000002,1280,1,1,0,"(5, 2)",0,-0.21484618757520318,0.15000000000000002,-0.23962339588655318,0.5455304165382436
report_assign,Assignment submission and export report,604.0,1652877468,0.0,0.15000000000000002,843,1,1,1,"(4, 3)",0,0.11119763598121044,0.15000000000000002,-0.23962339588655318,1.8715742400946573
format_flexible,Flexible format,415.0,1571325300,0.0,0.15000000000000002,843,3,0,1,"(3, 8)",1,-0.007079298092037498,0.15000000000000002,-0.23962339588655318,0.7532973060214093
mod_structlabel,Structured label,147.0,1561533453,0.0,0.15000000000000002,843,3,0,1,"(3, 8)",1,-0.1747947390001351,0.15000000000000002,-0.23962339588655318,0.5855818651133118
calendartype_jewish,Jewish/Hebrew calendar type,17.0,1561666183,0.0,0.15000000000000002,1469,1,1,1,"(3, 10)",1,-0.2561492439182421,0.15000000000000002,-0.23962339588655318,1.5042273601952048
atto_etitle,Enhanced Paragraph styles,19.0,1563027631,0.0,0.15000000000000002,236,1,1,1,"(3, 7)",1,-0.2548976361502713,0.15000000000000002,-0.23962339588655318,1.5054789679631755
tool_passwordvalidator,Password Validator,218.0,1731553700,0.0,0.15000000000000002,562,3,0,0,"(4, 5)",0,-0.13036266323716894,0.15000000000000002,-0.23962339588655318,-0.3699860591237221
local_annoto,Annoto -Unleashing In-Video Engagement and Insights,168.0,1788277220,0.0,0.15000000000000002,1472,1,1,0,"(5, 2)",0,-0.16165285743644087,0.15000000000000002,-0.23962339588655318,0.5987237466770059
gradingform_multigraders,Multiple graders,139.0,1723193915,0.0,0.15000000000000002,1473,1,1,0,"(4, 2)",0,-0.1798011700720186,0.15000000000000002,-0.23962339588655318,0.5805754340414282
filter_viewermecaobj,Viewer Meca Obj,9.0,1578660710,0.0,0.15000000000000002,1478,1,1,1,"(3, 8)",1,-0.26115567499012565,0.15000000000000002,-0.23962339588655318,1.4992209291233212
qbehaviour_adaptiveexternalgrading,Adaptive for external grading,82.0,1732017486,1.0,0.385875,1476,1,1,0,"(5, 1)",0,-0.2154719914591886,1.385875,1.1633671232134373,1.9478951317542488
qtype_proforma,ProFormA Programming Question Type,69.0,1779778181,1.0,0.2775,1476,1,1,0,"(5, 1)",0,-0.22360744195099932,1.2775,1.040337611727679,1.8167301697766796
qformat_proforma,ProFormA format,17.0,1711006705,0.0,0.15000000000000002,1476,1,1,0,"(5, 1)",0,-0.2561492439182421,0.15000000000000002,-0.23962339588655318,0.5042273601952048
filter_dxf,Viewier dxf,3.0,1578667301,0.0,0.15000000000000002,1478,1,1,1,"(3, 8)",1,-0.2649104982940383,0.15000000000000002,-0.23962339588655318,1.4954661058194085
local_cohortauto,Auto-cohort plugin,423.0,1575238013,0.0,0.15000000000000002,562,1,1,1,"(3, 11)",1,-0.002072867020153988,0.15000000000000002,-0.23962339588655318,1.7583037370932928
assignfeedback_cloudpoodll,Cloud Poodll Assignment Feedback - audio and video recording,185.0,1776662277,0.0,0.15000000000000002,204,1,1,0,"(5, 2)",0,-0.1510141914086884,0.15000000000000002,-0.23962339588655318,0.6093624127047584
tinymce_cloudpoodll,Cloud Poodll for TinyMCE - audio and video recording,14.0,1660454827,0.0,0.15000000000000002,204,1,1,1,"(4, 1)",0,-0.25802665557019844,0.15000000000000002,-0.23962339588655318,1.5023499485432483
qtype_cloudpoodll,Cloud Poodll Recording Question,258.0,1786893001,0.0,0.15000000000000002,204,1,1,0,"(5, 2)",0,-0.10533050787775139,0.15000000000000002,-0.23962339588655318,0.6550460962356954
tool_navdb,Database Navigation,115.0,1568040807,0.0,0.15000000000000002,220,1,1,1,"(3, 7)",1,-0.19482046328766914,0.15000000000000002,-0.23962339588655318,1.5655561408257777
local_catdup,Category Duplicate,433.0,1629206199,0.0,0.15000000000000002,1469,1,1,1,"(3, 11)",1,0.0041851718197004,0.15000000000000002,-0.23962339588655318,1.7645617759331471
atto_yukaltura,YU Kaltura Media for Atto,6.0,1735829043,0.0,0.15000000000000002,1268,1,1,0,"(4, 5)",0,-0.26303308664208197,0.15000000000000002,-0.23962339588655318,0.49734351747136485
tool_mentordatabase,Mentor external database,1.0,1567579982,0.0,0.15000000000000002,1486,1,1,1,"(3, 7)",1,-0.26616210606200913,0.15000000000000002,-0.23962339588655318,1.4942144980514378
mod_goone,GO1 Content,67.0,1716585667,0.0,0.15000000000000002,2946,6,0,0,"(4, 3)",0,-0.2248590497189702,0.15000000000000002,-0.23962339588655318,-0.4644824456055234
tool_asynccourseimport,Asynchronous course import,27.0,1568207940,0.0,0.15000000000000002,1488,1,1,1,"(3, 7)",1,-0.24989120507838775,0.15000000000000002,-0.23962339588655318,1.510485399035059
block_enrolcode,EnrolByCode,29.0,1743686293,1.0,0.2775,539,4,0,0,"(4, 5)",0,-0.24863959731041688,1.2775,1.040337611727679,0.7916980144172622
block_clipboard,Clipboard,15.0,1568658246,0.0,0.15000000000000002,1490,1,1,1,"(3, 7)",1,-0.257400851686213,0.15000000000000002,-0.23962339588655318,1.5029757524272338
tool_untoken_oauth2,Oauth2 token unlink event,90.0,1739730027,0.0,0.15000000000000002,2222,1,1,0,"(4, 5)",0,-0.2104655603873051,0.15000000000000002,-0.23962339588655318,0.5499110437261417
local_macromucho,Mass creation of multiple choice questions,24.0,1582799887,0.0,0.15000000000000002,1430,1,1,1,"(3, 8)",1,-0.25176861673034406,0.15000000000000002,-0.23962339588655318,1.5086079873831029
local_cohort_profile,Cohorts in profile,293.0,1582379591,0.0,0.15000000000000002,1493,1,1,1,"(3, 7)",1,-0.08342737193826102,0.15000000000000002,-0.23962339588655318,1.6769492321751858
report_upgradelog,Upgrade log,268.0,1760104975,0.0,0.15000000000000002,1494,1,1,0,"(5, 1)",0,-0.099072469037897,0.15000000000000002,-0.23962339588655318,0.6613041350755497
local_differentiator,Differentiator,79.0,1785521400,0.0,0.15000000000000002,1495,1,1,0,"(5, 2)",0,-0.21734940311114492,0.15000000000000002,-0.23962339588655318,0.5430272010023018
local_pluginsfetcher,Plugins fetcher,40.0,1781941015,0.0,0.15000000000000002,1661,4,0,0,"(5, 2)",0,-0.24175575458657703,0.15000000000000002,-0.23962339588655318,-0.4813791504731302
block_course_checker,Course checker,70.0,1693385902,0.0,0.15000000000000002,1661,5,0,1,"(4, 2)",0,-0.22298163806701388,0.15000000000000002,-0.23962339588655318,0.537394966046433
tool_coursefields,Set course fields,351.0,1785337804,0.0,0.15000000000000002,242,2,0,0,"(5, 2)",0,-0.04713074666710558,0.15000000000000002,-0.23962339588655318,-0.2867541425536588
report_modstats,Module Usage Statistics,389.0,1594302010,0.0,0.15000000000000002,1425,1,1,1,"(4, 1)",0,-0.023350199075658905,0.15000000000000002,-0.23962339588655318,1.737026405037788
tool_securityquestions,Security Questions,128.0,1710723167,0.0,0.15000000000000002,562,3,0,0,"(4, 3)",0,-0.18668501279585842,0.15000000000000002,-0.23962339588655318,-0.4263084086824116
mod_clickmeeting,Virtual Class,185.0,1739259015,0.0,0.15000000000000002,1501,1,1,0,"(4, 5)",0,-0.1510141914086884,0.15000000000000002,-0.23962339588655318,0.6093624127047584
plagiarism_turnitinsim,Turnitin Integrity Plugin,1204.0,1785345001,0.0,0.15000000000000002,1502,4,0,0,"(5, 2)",0,0.4866799663724737,0.15000000000000002,-0.23962339588655318,0.2470565704859205
report_embedquestion,Embedded questions progress,529.0,1782890793,0.0,0.15000000000000002,2941,4,0,0,"(5, 2)",0,0.06426234468230252,0.15000000000000002,-0.23962339588655318,-0.17536105120425066
local_disablerightclick,Disable Right Click,339.0,1597511882,0.0,0.15000000000000002,1504,1,1,1,"(3, 9)",1,-0.054640393274930844,0.15000000000000002,-0.23962339588655318,1.705736210838516
mod_supervideo,Mod Super Video,4435.0,1775316795,3.0,0.5325000000000001,1999,1,1,0,"(1, 9)",1,2.5086523155294267,3.5325,3.6002596269561438,7.1089119424855705
auth_shibboleth_link,Shibboleth Link,6.0,1625142251,0.0,0.15000000000000002,539,4,0,1,"(3, 11)",1,-0.26303308664208197,0.15000000000000002,-0.23962339588655318,0.49734351747136485
mod_alfaview,alfaview classroom,37.0,1772191551,0.0,0.15000000000000002,1507,2,0,0,"(5, 1)",0,-0.24363316623853334,0.15000000000000002,-0.23962339588655318,-0.4832565621250865
tool_speedtest,Speed Test,263.0,1575978616,0.0,0.15000000000000002,562,2,0,1,"(3, 8)",1,-0.10220148845782419,0.15000000000000002,-0.23962339588655318,0.6581751156556226
qtype_vplquestion,VPL Question,514.0,1781698432,0.0,0.15000000000000002,1626,1,1,0,"(5, 2)",0,0.05487528642252094,0.15000000000000002,-0.23962339588655318,0.8152518905359678
format_multitopic,Multitopic format,3652.0,1784664934,0.0,0.15000000000000002,2889,1,1,0,"(5, 2)",0,2.018647874368828,0.15000000000000002,-0.23962339588655318,2.779024478482275
mod_peerwork,Peer Work,499.0,1742658286,0.0,0.15000000000000002,843,5,0,0,"(4, 5)",0,0.04548822816273936,0.15000000000000002,-0.23962339588655318,-0.1941351677238138
auth_azureb2c,Azure AD B2C Connect,102.0,1678181418,0.0,0.15000000000000002,1512,1,1,1,"(5, 2)",0,-0.20295591377947983,0.15000000000000002,-0.23962339588655318,1.557420690333967
block_enrolkey,Enrol key,30.0,1576709499,0.0,0.15000000000000002,562,2,0,1,"(3, 7)",1,-0.24801379342643143,0.15000000000000002,-0.23962339588655318,0.5123628106870154
tool_mfa,Multi-factor authentication,490.0,1691024559,0.0,0.15000000000000002,562,4,0,1,"(4, 2)",0,0.03985599320687041,0.15000000000000002,-0.23962339588655318,0.8002325973203173
tool_abconfig,A/B config,36.0,1774354062,0.0,0.15000000000000002,562,3,0,0,"(5, 1)",0,-0.2442589701225188,0.15000000000000002,-0.23962339588655318,-0.483882366009072
fileconverter_onlyoffice,ONLYOFFICE document converter,113.0,1577036730,0.0,0.15000000000000002,734,2,0,1,"(3, 9)",1,-0.19607207105564,0.15000000000000002,-0.23962339588655318,0.5643045330578068
qtype_recordrtc,Record audio/video question type,1346.0,1759479991,0.0,0.15000000000000002,2941,4,0,0,"(5, 0)",0,0.575544117898406,0.15000000000000002,-0.23962339588655318,0.3359207220118528
block_behaviour,Behaviour Analytics,94.0,1679082688,1.0,0.2775,1821,2,0,1,"(4, 1)",0,-0.20796234485136333,1.2775,1.040337611727679,1.8323752668763156
local_questionfinder,Question Finder,8.0,1642502956,0.0,0.15000000000000002,1519,1,1,1,"(3, 11)",1,-0.2617814788741111,0.15000000000000002,-0.23962339588655318,1.4985951252393357
block_bulkactivity,Bulk Activity Creation,217.0,1782241653,0.0,0.15000000000000002,1520,1,1,0,"(5, 2)",0,-0.1309884671211544,0.15000000000000002,-0.23962339588655318,0.6293881369922925
assignsubmission_collabora,Collaborative submissions,168.0,1786378201,0.0,0.15000000000000002,734,3,0,0,"(5, 2)",0,-0.16165285743644087,0.15000000000000002,-0.23962339588655318,-0.40127625332299405
filter_slider,Slider in content - for Slider Block,192.0,1588532246,0.0,0.15000000000000002,1522,1,1,1,"(3, 8)",1,-0.14663356422079035,0.15000000000000002,-0.23962339588655318,1.6137430398926564
qbehaviour_selfassess,Self-assessment,1177.0,1781082401,1.0,0.2775,2941,3,0,0,"(5, 1)",0,0.4697832615048668,1.2775,1.040337611727679,1.510120873232546
mod_typorepo,TYPO3 Repository Activity,2.0,1698324438,0.0,0.15000000000000002,893,2,0,0,"(4, 3)",0,-0.2655363021780237,0.15000000000000002,-0.23962339588655318,-0.505159698064577
block_dash,Dash,728.0,1774346418,0.0,0.15000000000000002,893,2,0,0,"(5, 1)",0,0.18879731759540483,0.15000000000000002,-0.23962339588655318,-0.05082607829114835
block_integrityadvocate,Integrity Advocate Block,42.0,1783720790,1.0,0.2775,1541,3,0,0,"(5, 2)",0,-0.24050414681860616,1.2775,1.040337611727679,0.7998334649090728
local_yuja,YuJa Media Chooser,30.0,1682094695,0.0,0.15000000000000002,2897,1,1,1,"(4, 2)",0,-0.24801379342643143,0.15000000000000002,-0.23962339588655318,1.5123628106870153
block_mycertificates,My Certificates,658.0,1726599140,0.0,0.15000000000000002,1999,1,1,0,"(4, 4)",0,0.14499104571642413,0.15000000000000002,-0.23962339588655318,0.905367649829871
tool_clearbackupfiles,Clear Backup Files,927.0,1782238448,0.0,0.15000000000000002,1520,1,1,0,"(5, 2)",0,0.31333229050850714,0.15000000000000002,-0.23962339588655318,1.073708894621954
mod_wims,WIMS Course,39.0,1775828064,0.0,0.15000000000000002,1530,1,1,0,"(5, 2)",0,-0.24238155847056247,0.15000000000000002,-0.23962339588655318,0.5179950456428843
tool_uploadpage,Upload Single Page Courses,7.0,1597652460,0.0,0.15000000000000002,1564,1,1,1,"(3, 11)",1,-0.2624072827580965,0.15000000000000002,-0.23962339588655318,1.4979693213553502
gradeexport_apogee,File for Apogée,77.0,1634552812,0.0,0.15000000000000002,1533,1,1,1,"(3, 11)",1,-0.2186010108791158,0.15000000000000002,-0.23962339588655318,1.5417755932343309
theme_bandeau,Bandeau,29.0,1659709470,0.0,0.15000000000000002,1533,1,1,1,"(3, 11)",1,-0.24863959731041688,0.15000000000000002,-0.23962339588655318,1.5117370068030298
atto_templates4u,Templates4U,641.0,1623057693,0.0,0.15000000000000002,1213,1,1,1,"(4, 1)",0,0.13435237968867167,0.15000000000000002,-0.23962339588655318,1.8947289838021186
antivirus_savdi,Sophos SAV-DI antivirus,40.0,1777256142,0.0,0.15000000000000002,1535,1,1,0,"(5, 2)",0,-0.24175575458657703,0.15000000000000002,-0.23962339588655318,0.5186208495268698
mod_coursecertificate,Workplace course certificate,8970.0,1786543802,0.0,0.15000000000000002,2891,1,1,0,"(5, 2)",0,5.3466729294033914,0.15000000000000002,-0.23962339588655318,6.107049533516839
atto_teamsmeeting,Teams Meeting (atto editor),3353.0,1788361880,0.0,0.15000000000000002,869,4,0,0,"(4, 5)",0,1.8315325130571818,0.15000000000000002,-0.23962339588655318,1.5919091171706286
qbehaviour_interactiveexplain,Interactive with explanation,79.0,1592598970,0.0,0.15000000000000002,364,1,1,1,"(4, 0)",1,-0.21734940311114492,0.15000000000000002,-0.23962339588655318,1.5430272010023018
block_multiblock,Multiblock,1047.0,1741318952,0.0,0.15000000000000002,562,1,1,0,"(4, 5)",0,0.3884287565867598,0.15000000000000002,-0.23962339588655318,1.1488053607002067
local_qbehaviour_interactiveexplain,Interactive with explanation question behaviour config,111.0,1776628099,1.0,0.2775,364,1,1,0,"(5, 2)",0,-0.19732367882361088,1.2775,1.040337611727679,1.8430139329040682
availability_integrityadvocate,Restriction by IntegrityAdvocate,17.0,1758947481,0.0,0.15000000000000002,1541,3,0,0,"(5, 0)",0,-0.2561492439182421,0.15000000000000002,-0.23962339588655318,-0.4957726398047953
tool_uploadpageresults,Upload page activities completions,9.0,1609864642,0.0,0.15000000000000002,1564,1,1,1,"(3, 10)",1,-0.26115567499012565,0.15000000000000002,-0.23962339588655318,1.4992209291233212
tool_imageoptimize,Image optimization,151.0,1635593780,0.0,0.15000000000000002,1027,1,1,1,"(3, 11)",1,-0.17229152346419332,0.15000000000000002,-0.23962339588655318,1.5880850806492535
quizaccess_fullface,FULLFace access rule,17.0,1616614931,0.0,0.15000000000000002,924,1,1,1,"(3, 11)",1,-0.2561492439182421,0.15000000000000002,-0.23962339588655318,1.5042273601952048
qbehaviour_survey,Survey,124.0,1588517095,0.0,0.15000000000000002,699,1,1,1,"(3, 8)",1,-0.18918822833180018,0.15000000000000002,-0.23962339588655318,1.5711883757816465
qformat_h5p,H5P content types,3995.0,1759891096,0.0,0.15000000000000002,893,1,1,0,"(5, 2)",0,2.2332986065758336,0.15000000000000002,-0.23962339588655318,2.9936752106892803
block_tog,Eduteams: Task oriented groups block,23.0,1588873905,0.0,0.15000000000000002,1547,1,1,1,"(3, 8)",1,-0.2523944206143295,0.15000000000000002,-0.23962339588655318,1.5079821834991174
tool_apcu,APCu management,426.0,1783239894,0.0,0.15000000000000002,242,2,0,0,"(5, 2)",0,-0.00019545536819767166,0.15000000000000002,-0.23962339588655318,-0.23981885125475086
tool_redis,Redis management,1137.0,1783243086,0.0,0.15000000000000002,242,2,0,0,"(5, 2)",0,0.44475110614544927,0.15000000000000002,-0.23962339588655318,0.2051277102588961
enrol_oss,OSS Enrolment,29.0,1769101231,0.0,0.15000000000000002,242,1,1,0,"(5, 1)",0,-0.24863959731041688,0.15000000000000002,-0.23962339588655318,0.5117370068030299
quizaccess_seb,Safe Exam Browser access rule (quizaccess_seb) for Moodle 3.7 and 3.8,40.0,1599703240,1.0,0.2775,562,2,0,1,"(3, 8)",1,-0.24175575458657703,1.2775,1.040337611727679,1.798581857141102
quizaccess_delayed,Delayed attempts in quizzes,615.0,1759929315,0.0,0.15000000000000002,2891,1,1,0,"(5, 1)",0,0.11808147870505026,0.15000000000000002,-0.23962339588655318,0.8784580828184971
mod_wooflash,Wooflash,143.0,1788277221,0.0,0.15000000000000002,1553,6,0,0,"(5, 2)",0,-0.17729795453607686,0.15000000000000002,-0.23962339588655318,-0.41692135042263
tool_moodlenet,MoodleNet,142.0,1594281406,0.0,0.15000000000000002,220,2,0,1,"(3, 8)",1,-0.17792375842006228,0.15000000000000002,-0.23962339588655318,0.5824528456933845
mod_moodlenet,MoodleNet,15.0,1591240896,0.0,0.15000000000000002,220,2,0,1,"(3, 8)",1,-0.257400851686213,0.15000000000000002,-0.23962339588655318,0.5029757524272338
tool_modedit,modedit,32.0,1755244977,0.0,0.15000000000000002,1213,1,1,0,"(5, 0)",0,-0.24676218565846056,0.15000000000000002,-0.23962339588655318,0.5136144184549862
mod_msteams,MS Teams Meeting,1669.0,1749622278,0.0,0.15000000000000002,539,3,0,0,"(5, 0)",0,0.7776787724257027,0.15000000000000002,-0.23962339588655318,0.5380553765391496
local_edusupport,Help,63.0,1643352052,0.0,0.15000000000000002,539,3,0,1,"(3, 11)",1,-0.22736226525491196,0.15000000000000002,-0.23962339588655318,0.5330143388585349
local_importtosection,Import to section,78.0,1592163027,0.0,0.15000000000000002,1576,1,1,1,"(3, 9)",1,-0.21797520699513037,0.15000000000000002,-0.23962339588655318,1.5424013971183164
tool_migratehvp2h5p,Migrate content from mod_hvp to mod_h5pactivity,1813.0,1759236381,0.0,0.15000000000000002,220,4,0,0,"(5, 1)",0,0.8677945317196059,0.15000000000000002,-0.23962339588655318,0.6281711358330526
block_grades_sorter,Grades sorter,31.0,1595195907,0.0,0.15000000000000002,1561,1,1,1,"(3, 9)",1,-0.24738798954244598,0.15000000000000002,-0.23962339588655318,1.5129886145710008
mod_wordcards,Poodll Wordcards,456.0,1788757800,0.0,0.15000000000000002,204,1,1,0,"(5, 2)",0,0.018578661151365493,0.15000000000000002,-0.23962339588655318,0.7789552652648123
mod_externalcontent,External content,181.0,1690206181,3.0,0.5325000000000001,1564,1,1,1,"(4, 1)",0,-0.15351740694463017,3.5325,3.6002596269561438,5.446742220011513
tool_uploadexternalcontent,Upload external content courses,13.0,1678884476,0.0,0.15000000000000002,1564,1,1,1,"(4, 1)",0,-0.25865245945418386,0.15000000000000002,-0.23962339588655318,1.501724144659263
tool_uploadexternalcontentresults,Upload external content completions,47.0,1678887973,0.0,0.15000000000000002,1564,1,1,1,"(4, 1)",0,-0.23737512739867897,0.15000000000000002,-0.23962339588655318,1.523001476714768
mod_cado,CADO: Course outline & approval,21.0,1672960523,0.0,0.15000000000000002,1566,1,1,1,"(4, 1)",0,-0.2536460283823004,0.15000000000000002,-0.23962339588655318,1.5067305757311464
quiz_answersheets,Export quiz attempts,1035.0,1784664936,1.0,0.21375000000000002,2941,4,0,0,"(5, 2)",0,0.3809191099789345,1.21375,0.9679673108537037,1.3488864208326383
local_enrolstats,Enrol Stats,74.0,1755274124,0.0,0.15000000000000002,1624,1,1,0,"(5, 0)",0,-0.2204784225310721,0.15000000000000002,-0.23962339588655318,0.5398981815823747
mod_quickom,Quickom,10.0,1614063986,0.0,0.15000000000000002,1569,1,1,1,"(3, 10)",1,-0.2605298711061402,0.15000000000000002,-0.23962339588655318,1.4998467330073066
local_megamenu,Boost Mega Menu (Bootstrap 4),63.0,1594534895,0.0,0.15000000000000002,1570,1,1,1,"(3, 10)",1,-0.22736226525491196,0.15000000000000002,-0.23962339588655318,1.5330143388585349
quizaccess_failgrade,Fail Grade,223.0,1785363001,0.0,0.15000000000000002,1571,1,1,0,"(5, 2)",0,-0.12723364381724175,0.15000000000000002,-0.23962339588655318,0.6331429602962051
mod_znaniumcombook,Book from znanium.ru,95.0,1734262394,1.0,0.21375000000000002,2918,1,1,0,"(5, 0)",0,-0.2073365409673779,1.21375,0.9679673108537037,1.7606307698863257
atto_znaniumcombook,Hyperlink to book from znanium.ru,56.0,1712377350,0.0,0.15000000000000002,2918,1,1,0,"(5, 0)",0,-0.23174289244281002,0.15000000000000002,-0.23962339588655318,0.5286337116706368
customfield_multiselect,Multiselect menu,286.0,1594897345,0.0,0.15000000000000002,1743,3,0,1,"(3, 8)",1,-0.0878079991261591,0.15000000000000002,-0.23962339588655318,0.6725686049872877
mod_ivs,Interactive Video Suite,236.0,1761818166,1.0,0.2775,1847,1,1,0,"(5, 1)",0,-0.11909819332543103,1.2775,1.040337611727679,1.9212394184022479
local_wsmanagesections,Webservice manage sections,230.0,1692533243,0.0,0.15000000000000002,1576,1,1,1,"(4, 2)",0,-0.12285301662934367,0.15000000000000002,-0.23962339588655318,1.6375235874841032
local_vxg_dashboard,Unique Dashboard 🦄,55.0,1597912330,0.0,0.15000000000000002,1999,1,1,1,"(3, 9)",1,-0.23236869632679547,0.15000000000000002,-0.23962339588655318,1.5280079077866513
theme_vxg_boost,Rounded Theme 🍪,228.0,1621077612,0.0,0.15000000000000002,1999,1,1,1,"(3, 10)",1,-0.12410462439731455,0.15000000000000002,-0.23962339588655318,1.6362719797161323
local_vxg_menus,Flexible Menu 🤩,103.0,1623960900,0.0,0.15000000000000002,1999,1,1,1,"(3, 11)",1,-0.2023301098954944,0.15000000000000002,-0.23962339588655318,1.5580464942179524
block_vxg_orgs,Organization Management 💯,36.0,1626290928,0.0,0.15000000000000002,1999,1,1,1,"(3, 11)",1,-0.2442589701225188,0.15000000000000002,-0.23962339588655318,1.5161176339909281
local_wsgetroles,Webservice get roles,205.0,1692541626,0.0,0.15000000000000002,1576,1,1,1,"(4, 2)",0,-0.13849811372897963,0.15000000000000002,-0.23962339588655318,1.6218784903844672
mod_lanebs,LMS Constructor EBS LAN,318.0,1765358527,0.0,0.15000000000000002,1582,1,1,0,"(5, 2)",0,-0.06778227483862506,0.15000000000000002,-0.23962339588655318,0.6925943292748218
local_glossary_wordimport,Microsoft Word file Import/Export (Glossary),497.0,1745422675,1.0,0.17550000000000002,827,1,1,0,"(5, 0)",0,0.04423662039476848,1.1755,0.9245451303293183,1.9687817507240868
qformat_simplecsv,Simple CSV format,45.0,1596785283,0.0,0.15000000000000002,142,1,1,1,"(3, 9)",1,-0.23862673516664984,0.15000000000000002,-0.23962339588655318,1.521749868946797
format_timeline,Format Timeline,242.0,1698619656,0.0,0.15000000000000002,1999,1,1,0,"(4, 3)",0,-0.11534337002151841,0.15000000000000002,-0.23962339588655318,0.6450332340919285
availability_courseprogress,Restriction by course progress,552.0,1596985384,0.0,0.15000000000000002,1999,1,1,1,"(4, 1)",0,0.07865583401396761,0.15000000000000002,-0.23962339588655318,1.8390324381274143
profilefield_masked,Masked field,176.0,1596986534,0.0,0.15000000000000002,1999,1,1,1,"(4, 1)",0,-0.15664642636455736,0.15000000000000002,-0.23962339588655318,1.6037301777488895
mod_notetaker,Notetaker,135.0,1609262689,0.0,0.15000000000000002,1588,1,1,1,"(3, 10)",1,-0.18230438560796036,0.15000000000000002,-0.23962339588655318,1.5780722185054865
mod_diary,Diary,1144.0,1783882720,0.0,0.15000000000000002,190,1,1,0,"(5, 2)",0,0.4491317333333473,0.15000000000000002,-0.23962339588655318,1.209508337446794
theme_rebel,Rebel,188.0,1610372926,0.0,0.15000000000000002,2888,1,1,1,"(3, 10)",1,-0.1491367797567321,0.15000000000000002,-0.23962339588655318,1.6112398243567148
availability_quizquestion,Restriction by single quiz question,369.0,1616070261,0.0,0.15000000000000002,2941,4,0,1,"(3, 11)",1,-0.03586627675536768,0.15000000000000002,-0.23962339588655318,0.7245103273580791
tool_genmobilecss,Generate custom CSS for Moodle Mobile,62.0,1620406621,0.0,0.15000000000000002,1592,1,1,1,"(3, 9)",1,-0.22798806913889738,0.15000000000000002,-0.23962339588655318,1.5323885349745494
qtype_tcs,Concordance of reasoning,232.0,1787328601,2.0,0.405,718,4,0,0,"(5, 1)",0,-0.1216014088613728,2.4050000000000002,2.3202986193419117,2.198697210480539
mod_concordance,Learning by concordance management,165.0,1787321401,0.0,0.15000000000000002,718,5,0,0,"(5, 1)",0,-0.16353026908839718,0.15000000000000002,-0.23962339588655318,-0.40315366497495037
local_chunkupload,Chunkupload,209.0,1768804335,0.0,0.15000000000000002,734,4,0,0,"(5, 1)",0,-0.1359948981930379,0.15000000000000002,-0.23962339588655318,-0.3756182940795911
auth_leeloolxp_tracking_sso,Leeloo LXP SSO,2.0,1639484428,2.0,0.7301250000000001,1652,1,1,1,"(3, 11)",1,-0.2655363021780237,2.730125,2.6893871537991862,4.423850851621163
block_fastnav,Block Fast Navigation,51.0,1734424198,0.0,0.15000000000000002,646,2,0,0,"(4, 5)",0,-0.2348719118627372,0.15000000000000002,-0.23962339588655318,-0.4744953077492904
report_growth,Growth report,914.0,1773849897,0.0,0.15000000000000002,2889,1,1,0,"(5, 1)",0,0.30519684001669645,0.15000000000000002,-0.23962339588655318,1.0655734441301432
quizaccess_proctoring,Proctoring for Moodle,2165.0,1778481821,0.0,0.15000000000000002,2525,1,1,0,"(5, 2)",0,1.0880774988824804,0.15000000000000002,-0.23962339588655318,1.8484541029959272
block_weather,Weather,32.0,1608826129,0.0,0.15000000000000002,1603,1,1,1,"(3, 10)",1,-0.24676218565846056,0.15000000000000002,-0.23962339588655318,1.5136144184549862
assignsubmission_comparativejudgement,Comparative judgement,23.0,1779959486,0.0,0.15000000000000002,293,1,1,0,"(5, 2)",0,-0.2523944206143295,0.15000000000000002,-0.23962339588655318,0.5079821834991174
filter_studietube,Studietube iFrame Filter,9.0,1758718594,2.0,0.405,1602,1,1,0,"(5, 0)",0,-0.26115567499012565,2.4050000000000002,2.3202986193419117,3.059142944351786
block_time,Time,107.0,1612696517,0.0,0.15000000000000002,1603,1,1,1,"(3, 10)",1,-0.19982689435955264,0.15000000000000002,-0.23962339588655318,1.5605497097538943
block_simple_calculator,Simple calculator,135.0,1605005970,0.0,0.15000000000000002,1603,1,1,1,"(3, 10)",1,-0.18230438560796036,0.15000000000000002,-0.23962339588655318,1.5780722185054865
mod_edumeet,Edumeet,43.0,1602055916,0.0,0.15000000000000002,1605,2,0,1,"(3, 9)",1,-0.23987834293462074,0.15000000000000002,-0.23962339588655318,0.520498261178826
format_topicsactivitycards,Topics activity cards format,518.0,1751029065,0.0,0.15000000000000002,293,1,1,0,"(5, 0)",0,0.057378501958462697,0.15000000000000002,-0.23962339588655318,0.8177551060719095
mod_googlemeet,Google Meet™ for Moodle,3791.0,1682960884,0.0,0.15000000000000002,1607,1,1,1,"(4, 2)",0,2.105634614242804,0.15000000000000002,-0.23962339588655318,3.8660112183562507
report_allbackups,All backups,2896.0,1784795916,0.0,0.15000000000000002,562,2,0,0,"(5, 0)",0,1.5455401380758362,0.15000000000000002,-0.23962339588655318,1.305916742189283
local_modcustomfields,Custom fields for activity modules,619.0,1720033001,0.0,0.15000000000000002,924,1,1,0,"(5, 1)",0,0.12058469424099201,0.15000000000000002,-0.23962339588655318,0.8809612983544388
customfield_dynamic,Dynamic Dropdown menu,175.0,1613416143,0.0,0.15000000000000002,1656,1,1,1,"(3, 10)",1,-0.1572722302485428,0.15000000000000002,-0.23962339588655318,1.603104373864904
local_selfcohort,Self cohort,76.0,1719605620,0.0,0.15000000000000002,924,1,1,0,"(5, 1)",0,-0.21922681476310124,0.15000000000000002,-0.23962339588655318,0.5411497893503456
assignsubmission_snap,Snap! submissions,343.0,1679477893,0.0,0.15000000000000002,1613,1,1,1,"(5, 1)",0,-0.05213717773898909,0.15000000000000002,-0.23962339588655318,1.7082394263744578
assignsubmission_snap4arduino,Snap4Arduino submissions,10.0,1615771006,0.0,0.15000000000000002,1613,1,1,1,"(4, 0)",1,-0.2605298711061402,0.15000000000000002,-0.23962339588655318,1.4998467330073066
assignsubmission_beetleblocks,BeetleBlocks submissions,12.0,1615771308,0.0,0.15000000000000002,1613,1,1,1,"(4, 0)",1,-0.25927826333816933,0.15000000000000002,-0.23962339588655318,1.5010983407752776
assignsubmission_turtlestitch,TurtleStitch submissions,291.0,1615771624,0.0,0.15000000000000002,1613,1,1,1,"(4, 0)",1,-0.08467897970623191,0.15000000000000002,-0.23962339588655318,1.6756976244072148
mod_securepdf,Secure PDF,880.0,1742986217,0.0,0.15000000000000002,1469,1,1,0,"(4, 5)",0,0.28391950796119153,0.15000000000000002,-0.23962339588655318,1.0442961120746383
block_lord,Learning Object Relation Discovery (LORD),7.0,1678137290,0.0,0.15000000000000002,1821,2,0,1,"(4, 1)",0,-0.2624072827580965,0.15000000000000002,-0.23962339588655318,0.4979693213553503
mod_mposter,Media Poster,5.0,1605082422,0.0,0.15000000000000002,1618,1,1,1,"(3, 9)",1,-0.2636588905260674,0.15000000000000002,-0.23962339588655318,1.4967177135873795
mod_rocketchat,Rocket.Chat,110.0,1745829099,0.0,0.15000000000000002,894,2,0,0,"(4, 5)",0,-0.19794948270759632,0.15000000000000002,-0.23962339588655318,-0.4375728785941495
enrol_oneroster,One Roster,22.0,1611121789,0.0,0.15000000000000002,220,2,0,1,"(3, 10)",1,-0.25302022449831496,0.15000000000000002,-0.23962339588655318,0.5073563796151319
auth_emailotp,Email OTP,54.0,1609840654,0.0,0.15000000000000002,142,1,1,1,"(3, 10)",1,-0.23299450021078089,0.15000000000000002,-0.23962339588655318,1.5273821039026658
report_enrolaudit,Enrolment audit,65.0,1605276709,0.0,0.15000000000000002,562,2,0,1,"(3, 9)",1,-0.22611065748694106,0.15000000000000002,-0.23962339588655318,0.5342659466265057
qtype_drawing,Freehand drawing,772.0,1764766770,0.0,0.15000000000000002,1623,1,1,0,"(5, 1)",0,0.21633268849076415,0.15000000000000002,-0.23962339588655318,0.9767092926042109
local_qsearchbytype,Question search by question type,11.0,1605767803,0.0,0.15000000000000002,1624,1,1,1,"(3, 9)",1,-0.25990406722215476,0.15000000000000002,-0.23962339588655318,1.5004725368912921
filter_medial,MEDIAL Filter,77.0,1779288064,0.0,0.15000000000000002,780,1,1,0,"(5, 2)",0,-0.2186010108791158,0.15000000000000002,-0.23962339588655318,0.541775593234331
mod_randomactivity,Random activity,152.0,1769509656,0.0,0.15000000000000002,1626,1,1,0,"(5, 0)",0,-0.1716657195802079,0.15000000000000002,-0.23962339588655318,0.5887108845332389
report_questionstats,Question Usage Statistics,65.0,1611937739,0.0,0.15000000000000002,1425,1,1,1,"(4, 1)",0,-0.22611065748694106,0.15000000000000002,-0.23962339588655318,1.5342659466265056
mod_activitymap,Activitymap,115.0,1654375126,0.0,0.15000000000000002,1628,2,0,1,"(4, 0)",1,-0.19482046328766914,0.15000000000000002,-0.23962339588655318,0.5655561408257777
tool_cmcompetency,Course module competency rating,98.0,1781031050,1.0,0.2775,718,5,0,0,"(5, 1)",0,-0.2054591293154216,1.2775,1.040337611727679,0.8348784824122575
report_cmcompetency,Course module competency report,78.0,1781108629,0.0,0.15000000000000002,718,6,0,0,"(5, 1)",0,-0.21797520699513037,0.15000000000000002,-0.23962339588655318,-0.4575986028816835
mod_minilesson,Poodll MiniLesson,449.0,1788765001,0.0,0.15000000000000002,204,1,1,0,"(5, 2)",0,0.014198033963467421,0.15000000000000002,-0.23962339588655318,0.7745746380769143
local_questionbulkupdate,Questions bulk update (Legacy),65.0,1740840486,0.0,0.15000000000000002,2918,1,1,0,"(5, 0)",0,-0.22611065748694106,0.15000000000000002,-0.23962339588655318,0.5342659466265057
local_notifycohorts,Notify Cohorts,70.0,1624374603,0.0,0.15000000000000002,924,1,1,1,"(5, 1)",0,-0.22298163806701388,0.15000000000000002,-0.23962339588655318,1.537394966046433
mod_solo,Poodll Solo,309.0,1786893003,0.0,0.15000000000000002,204,1,1,0,"(5, 2)",0,-0.07341450979449402,0.15000000000000002,-0.23962339588655318,0.6869620943189528
mod_debate,Debate,439.0,1675137942,0.0,0.15000000000000002,1603,1,1,1,"(4, 1)",0,0.007939995123613033,0.15000000000000002,-0.23962339588655318,1.76831659923706
tool_bulkemail,Bulk Email,598.0,1740064311,0.0,0.15000000000000002,1636,1,1,0,"(4, 5)",0,0.1074428126772978,0.15000000000000002,-0.23962339588655318,0.8678194167907446
enrol_iyzicopayment,iyzico Payment,15.0,1613235367,0.0,0.15000000000000002,2526,2,0,1,"(3, 10)",1,-0.257400851686213,0.15000000000000002,-0.23962339588655318,0.5029757524272338
block_lpprogress,Learning Plans Progress,230.0,1765387404,0.0,0.15000000000000002,924,1,1,0,"(5, 1)",0,-0.12285301662934367,0.15000000000000002,-0.23962339588655318,0.6375235874841032
block_telegram_forum,telegram_forum,68.0,1763742965,0.0,0.15000000000000002,642,1,1,0,"(5, 1)",0,-0.22423324583498475,0.15000000000000002,-0.23962339588655318,0.536143358278462
datafield_jsignature,JSignature,213.0,1612604647,0.0,0.15000000000000002,1303,1,1,1,"(3, 11)",1,-0.13349168265709613,0.15000000000000002,-0.23962339588655318,1.6268849214563508
tool_ribbons,Environment Ribbons,74.0,1717590368,0.0,0.15000000000000002,1127,1,1,0,"(5, 2)",0,-0.2204784225310721,0.15000000000000002,-0.23962339588655318,0.5398981815823747
theme_schoollege,Schoollege,142.0,1619442751,0.0,0.15000000000000002,2888,1,1,1,"(3, 10)",1,-0.17792375842006228,0.15000000000000002,-0.23962339588655318,1.5824528456933846
enrol_shared,Shared enrolments,28.0,1628594286,1.0,0.2775,1644,3,0,1,"(3, 11)",1,-0.2492654011944023,1.2775,1.040337611727679,1.7910722105332768
mod_sharedurl,Shared URL,12.0,1628594122,0.0,0.15000000000000002,1644,3,0,1,"(3, 11)",1,-0.25927826333816933,0.15000000000000002,-0.23962339588655318,0.5010983407752775
filter_akamaitoken,Akamai Media Services tokenized stream protection,1.0,1679660052,0.0,0.15000000000000002,697,1,1,1,"(4, 1)",0,-0.26616210606200913,0.15000000000000002,-0.23962339588655318,1.4942144980514378
local_campaign,Campaigns,12.0,1628512022,0.0,0.15000000000000002,1644,2,0,1,"(3, 11)",1,-0.25927826333816933,0.15000000000000002,-0.23962339588655318,0.5010983407752775
quiz_export,QuizExport,461.0,1778071249,1.0,0.2775,1644,3,0,0,"(5, 2)",0,0.021707680571292687,1.2775,1.040337611727679,1.0620452922989716
block_rewardstally,Rewards Tally,2.0,1613649402,0.0,0.15000000000000002,1648,1,1,1,"(3, 10)",1,-0.2655363021780237,0.15000000000000002,-0.23962339588655318,1.494840301935423
mod_labelcollapsed,Label Collapsed,389.0,1753119630,0.0,0.15000000000000002,1649,1,1,0,"(5, 0)",0,-0.023350199075658905,0.15000000000000002,-0.23962339588655318,0.7370264050377879
local_quickregister,Quick register,27.0,1643799018,0.0,0.15000000000000002,1644,2,0,1,"(3, 11)",1,-0.24989120507838775,0.15000000000000002,-0.23962339588655318,0.5104853990350591
tool_leeloolxp_sync,Leeloo LXP Synchronizer,1.0,1623934982,2.0,0.34125000000000005,1652,1,1,1,"(3, 11)",1,-0.26616210606200913,2.34125,2.247928318467936,3.981766212405927
block_leeloolxp_synchronizer,Leeloo LXP Synchronizer Block,1.0,1615378493,0.0,0.15000000000000002,1652,1,1,1,"(3, 10)",1,-0.26616210606200913,0.15000000000000002,-0.23962339588655318,1.4942144980514378
local_leeloolxp_web_login_tracking,Leeloo LXP Login and Attendance Tracking,2.0,1623935048,2.0,0.34125000000000005,1652,1,1,1,"(3, 11)",1,-0.2655363021780237,2.34125,2.247928318467936,3.9823920162899125
local_leeloolxp_web_tat,Leeloo LXP Activities and Resources Tracking,1.0,1623935018,0.0,0.15000000000000002,1652,1,1,1,"(3, 11)",1,-0.26616210606200913,0.15000000000000002,-0.23962339588655318,1.4942144980514378
block_leeloolxp_tracking,Leeloo LXP Attendance,1.0,1623935070,0.0,0.15000000000000002,1652,1,1,1,"(3, 11)",1,-0.26616210606200913,0.15000000000000002,-0.23962339588655318,1.4942144980514378
availability_enroldate,Restriction by Enrolment date,476.0,1615659276,0.0,0.15000000000000002,1656,1,1,1,"(4, 1)",0,0.03109473883107427,0.15000000000000002,-0.23962339588655318,1.791471342944521
local_moofactory_notification,moofactory Notifications,267.0,1775546630,0.0,0.15000000000000002,1657,1,1,0,"(5, 1)",0,-0.09969827292188244,0.15000000000000002,-0.23962339588655318,0.6606783311915644
fileconverter_flasksoffice,Flask soffice,259.0,1769876199,0.0,0.15000000000000002,1658,1,1,0,"(5, 1)",0,-0.10470470399376594,0.15000000000000002,-0.23962339588655318,0.6556719001196809
filter_dbconcept,DBConcept,9.0,1717303076,0.0,0.15000000000000002,1659,1,1,0,"(4, 4)",0,-0.26115567499012565,0.15000000000000002,-0.23962339588655318,0.49922092912332117
local_rocketchat,Rocket.Chat Integration (Local),14.0,1781290708,1.0,0.2775,1661,1,1,0,"(5, 2)",0,-0.25802665557019844,1.2775,1.040337611727679,1.7823109561574806
block_rocketchat,Rocket.Chat Integration (Block),4.0,1781288634,0.0,0.15000000000000002,1661,1,1,0,"(5, 2)",0,-0.2642846944100528,0.15000000000000002,-0.23962339588655318,0.496091909703394
plagiarism_drillbit,Drillbit plagiarism plugin,,1783510581,0.0,0.15000000000000002,1662,0,0,0,"(5, 2)",0,-0.2667879099459946,0.15000000000000002,-0.23962339588655318,-0.5064113058325478
local_custom_registration,Custom registration form,141.0,1628586028,0.0,0.15000000000000002,1644,3,0,1,"(4, 3)",0,-0.17854956230404773,0.15000000000000002,-0.23962339588655318,0.5818270418093991
mod_linkedincert,LinkedIn certificates Activity,192.0,1628590803,0.0,0.15000000000000002,1644,3,0,1,"(3, 11)",1,-0.14663356422079035,0.15000000000000002,-0.23962339588655318,0.6137430398926564
filter_ubicast,Filter for UbiCast Nudgis Atto & TinyMCE plugins,105.0,1764145701,0.0,0.15000000000000002,2897,2,0,0,"(5, 2)",0,-0.2010785021275235,0.15000000000000002,-0.23962339588655318,-0.44070189801407667
local_lpautocomplete,Learning Plan Auto-complete,57.0,1615812072,0.0,0.15000000000000002,924,1,1,1,"(5, 1)",0,-0.23111708855882457,0.15000000000000002,-0.23962339588655318,1.5292595155546223
paygw_alipay,Alipay ,16.0,1621567592,0.0,0.15000000000000002,562,2,0,1,"(3, 11)",1,-0.2567750478022276,0.15000000000000002,-0.23962339588655318,0.5036015563112193
local_lesson_wordimport,Microsoft Word file Import/Export (Lesson),606.0,1745589261,1.0,0.17550000000000002,827,1,1,0,"(5, 0)",0,0.1124492437491813,1.1755,0.9245451303293183,2.0369943740784997
qtype_shortanssimilarity,Short Answer Similarity,43.0,1705002525,0.0,0.15000000000000002,1821,4,0,0,"(4, 3)",0,-0.23987834293462074,0.15000000000000002,-0.23962339588655318,-0.4795017388211739
block_tb_faq,Leeloo LXP FAQ,10.0,1625462699,0.0,0.15000000000000002,1652,1,1,1,"(3, 11)",1,-0.2605298711061402,0.15000000000000002,-0.23962339588655318,1.4998467330073066
filter_leeloolxp,Leeloo LXP Content Filter,9.0,1619762418,0.0,0.15000000000000002,1652,1,1,1,"(3, 10)",1,-0.26115567499012565,0.15000000000000002,-0.23962339588655318,1.4992209291233212
block_grade_overview,Grade overview,282.0,1675437740,0.0,0.15000000000000002,1681,1,1,1,"(4, 1)",0,-0.09031121466210086,0.15000000000000002,-0.23962339588655318,1.670065389451346
mod_custommailing,Custom Mailing,641.0,1776331547,0.0,0.15000000000000002,1644,4,0,0,"(5, 1)",0,0.13435237968867167,0.15000000000000002,-0.23962339588655318,-0.10527101619788151
format_popups,Pop up activities,1374.0,1759791950,0.0,0.15000000000000002,893,1,1,0,"(5, 2)",0,0.5930666266499982,0.15000000000000002,-0.23962339588655318,1.353443230763445
local_wordimport,Microsoft Word File Import/Export (Set),349.0,1746027225,0.0,0.15000000000000002,827,1,1,0,"(5, 0)",0,-0.048382354435076456,0.15000000000000002,-0.23962339588655318,0.7119942496783704
local_leeloolxpcontentapi,Leeloo LXP Content API Plugin,117.0,1625466205,12.0,1.6799999999999997,1652,1,1,1,"(3, 11)",1,-0.19356885551969824,13.68,15.119908695484234,16.926339839964534
mod_lessonspace,Lessonspace,6.0,1623062960,0.0,0.15000000000000002,1677,1,1,1,"(3, 11)",1,-0.26303308664208197,0.15000000000000002,-0.23962339588655318,1.4973435174713647
block_enroleasy,Easy Enrollments block,141.0,1619190635,0.0,0.15000000000000002,2888,1,1,1,"(3, 11)",1,-0.17854956230404773,0.15000000000000002,-0.23962339588655318,1.5818270418093991
mod_courselinks,Courses links,146.0,1744544705,0.0,0.15000000000000002,1533,1,1,0,"(4, 5)",0,-0.17542054288412054,0.15000000000000002,-0.23962339588655318,0.5849560612293263
qtype_tcsjudgment,Concordance of judgment,154.0,1787332201,0.0,0.15000000000000002,718,4,0,0,"(5, 1)",0,-0.170414111812237,0.15000000000000002,-0.23962339588655318,-0.4100375076987902
availability_game,Availability Block Game by level,111.0,1651106721,0.0,0.15000000000000002,1681,1,1,1,"(5, 0)",0,-0.19732367882361088,0.15000000000000002,-0.23962339588655318,1.563052925289836
local_assignsubmission_download,Assign Submission Download,269.0,1784884202,0.0,0.15000000000000002,1188,1,1,0,"(5, 2)",0,-0.09844666515391155,0.15000000000000002,-0.23962339588655318,0.6619299389595352
report_offlinequizcron,Offlinequiz Cronjob,253.0,1785856200,0.0,0.15000000000000002,1188,1,1,0,"(5, 2)",0,-0.10845952729767858,0.15000000000000002,-0.23962339588655318,0.6519170768157683
mod_opencast,Opencast Video Provider,206.0,1784726448,1.0,0.21375000000000002,734,4,0,0,"(5, 1)",0,-0.1378723098449942,1.21375,0.9679673108537037,0.8300950010087095
local_mo_api,Login using Moodle Users,26.0,1619170495,0.0,0.15000000000000002,1685,1,1,1,"(3, 10)",1,-0.25051700896237317,0.15000000000000002,-0.23962339588655318,1.5098595951510736
block_tb_m_slots,Leeloo LXP Sliding Benefits Spots,4.0,1633330300,0.0,0.15000000000000002,1652,1,1,1,"(3, 11)",1,-0.2642846944100528,0.15000000000000002,-0.23962339588655318,1.496091909703394
block_tb_top_cats,Leeloo LXP Top Categories,11.0,1633930951,0.0,0.15000000000000002,1652,1,1,1,"(3, 11)",1,-0.25990406722215476,0.15000000000000002,-0.23962339588655318,1.5004725368912921
block_tb_clients,Leeloo LXP Sliding Clients,1.0,1633330173,0.0,0.15000000000000002,1652,1,1,1,"(3, 11)",1,-0.26616210606200913,0.15000000000000002,-0.23962339588655318,1.4942144980514378
block_tb_headings,Leeloo LXP Sliding Highlights,2.0,1633330261,0.0,0.15000000000000002,1652,1,1,1,"(3, 11)",1,-0.2655363021780237,0.15000000000000002,-0.23962339588655318,1.494840301935423
block_tb_teachers,Leeloo LXP Sliding Teachers,18.0,1633330325,0.0,0.15000000000000002,1652,1,1,1,"(3, 11)",1,-0.2555234400342567,0.15000000000000002,-0.23962339588655318,1.50485316407919
block_tb_slider,Leeloo LXP Awesome Responsive Slider,28.0,1633930928,0.0,0.15000000000000002,1652,1,1,1,"(3, 11)",1,-0.2492654011944023,0.15000000000000002,-0.23962339588655318,1.5111112029190445
block_tb_testimonials,Leeloo LXP Testimonials Spots,12.0,1633330339,0.0,0.15000000000000002,1652,1,1,1,"(3, 11)",1,-0.25927826333816933,0.15000000000000002,-0.23962339588655318,1.5010983407752776
mod_labelwithgroup,Label with group,21.0,1647950862,0.0,0.15000000000000002,1693,1,1,1,"(4, 0)",1,-0.2536460283823004,0.15000000000000002,-0.23962339588655318,1.5067305757311464
tinymce_html_components,TinyMCE Html Components Plugin,50.0,1631705955,0.0,0.15000000000000002,1533,1,1,1,"(3, 11)",1,-0.23549771574672265,0.15000000000000002,-0.23962339588655318,1.5248788883667241
block_powerbi,Power BI,266.0,1712856889,0.0,0.15000000000000002,924,1,1,0,"(5, 1)",0,-0.10032407680586787,0.15000000000000002,-0.23962339588655318,0.660052527307579
qformat_ohie,'ōhie format,34.0,1619663553,0.0,0.15000000000000002,1696,2,0,1,"(3, 10)",1,-0.24551057789048966,0.15000000000000002,-0.23962339588655318,0.5148660262229572
filter_recitactivity,RECIT Autolink,206.0,1747161566,1.0,0.2775,1812,5,0,0,"(4, 5)",0,-0.1378723098449942,1.2775,1.040337611727679,0.9024653018826848
availability_sectioncompleted,Restriction by section completion,943.0,1746007422,0.0,0.15000000000000002,893,2,0,0,"(4, 5)",0,0.32334515265227415,0.15000000000000002,-0.23962339588655318,0.08372175676572097
availability_credit,Restriction by credit,30.0,1754302990,0.0,0.15000000000000002,893,2,0,0,"(5, 0)",0,-0.24801379342643143,0.15000000000000002,-0.23962339588655318,-0.4876371893129846
gradingform_offline,Offline,8.0,1619859143,0.0,0.15000000000000002,1700,1,1,1,"(3, 5)",1,-0.2617814788741111,0.15000000000000002,-0.23962339588655318,1.4985951252393357
mod_sertifier,Sertifier Certificates & Badges,49.0,1775220396,0.0,0.15000000000000002,1701,3,0,0,"(5, 0)",0,-0.2361235196307081,0.15000000000000002,-0.23962339588655318,-0.4757469155172613
block_mylearning,My learning,115.0,1720452780,0.0,0.15000000000000002,2891,1,1,0,"(4, 4)",0,-0.19482046328766914,0.15000000000000002,-0.23962339588655318,0.5655561408257777
format_trail,Trail format,1508.0,1778592108,0.0,0.15000000000000002,1681,1,1,0,"(5, 2)",0,0.676924347104047,0.15000000000000002,-0.23962339588655318,1.437300951217494
quizaccess_wifiresilience,Quiz Wifi Resilience Mode,93.0,1785222604,0.0,0.15000000000000002,1280,1,1,0,"(5, 2)",0,-0.20858814873534878,0.15000000000000002,-0.23962339588655318,0.5517884553780981
block_tb_latestentry,Leeloo LXP Latest Blog Entry,2.0,1633330283,0.0,0.15000000000000002,1652,1,1,1,"(3, 11)",1,-0.2655363021780237,0.15000000000000002,-0.23962339588655318,1.494840301935423
block_tb_blog,Leeloo LXP Recent blog entries,1.0,1633930861,0.0,0.15000000000000002,1652,1,1,1,"(3, 11)",1,-0.26616210606200913,0.15000000000000002,-0.23962339588655318,1.4942144980514378
block_tb_course_nav,Leeloo LXP Course Navigation,4.0,1633930897,0.0,0.15000000000000002,1652,1,1,1,"(3, 11)",1,-0.2642846944100528,0.15000000000000002,-0.23962339588655318,1.496091909703394
block_tb_courses,Leeloo LXP Courses multi-list slider,15.0,1633330219,0.0,0.15000000000000002,1652,1,1,1,"(3, 11)",1,-0.257400851686213,0.15000000000000002,-0.23962339588655318,1.5029757524272338
paygw_stripe,Stripe,1892.0,1787375401,0.0,0.15000000000000002,562,1,1,0,"(5, 2)",0,0.9172330385544556,0.15000000000000002,-0.23962339588655318,1.6776096426679024
tool_token,Token generator,68.0,1732077464,0.0,0.15000000000000002,562,2,0,0,"(4, 5)",0,-0.22423324583498475,0.15000000000000002,-0.23962339588655318,-0.46385664172153795
block_definitions,Dictionary,42.0,1765996994,0.0,0.15000000000000002,1711,1,1,0,"(5, 1)",0,-0.24050414681860616,0.15000000000000002,-0.23962339588655318,0.5198724572948407
mod_naas,Nugget,46.0,1773055014,0.0,0.15000000000000002,2897,1,1,0,"(5, 1)",0,-0.23800093128266442,0.15000000000000002,-0.23962339588655318,0.5223756728307825
paygw_wechat,WeChat,10.0,1621567492,0.0,0.15000000000000002,562,2,0,1,"(3, 11)",1,-0.2605298711061402,0.15000000000000002,-0.23962339588655318,0.49984673300730664
dataformat_xml,XML data format,114.0,1760105065,0.0,0.15000000000000002,1494,1,1,0,"(5, 1)",0,-0.19544626717165456,0.15000000000000002,-0.23962339588655318,0.5649303369417923
local_courseteam,Course Teams group,9.0,1627981379,0.0,0.15000000000000002,869,1,1,1,"(3, 11)",1,-0.26115567499012565,0.15000000000000002,-0.23962339588655318,1.4992209291233212
mod_goodhabits,Good Habits Activity,104.0,1749650587,0.0,0.15000000000000002,1716,1,1,0,"(5, 0)",0,-0.20170430601150896,0.15000000000000002,-0.23962339588655318,0.5586722981019379
paygw_paynl,PAY.,4.0,1630311061,0.0,0.15000000000000002,1188,2,0,1,"(3, 11)",1,-0.2642846944100528,0.15000000000000002,-0.23962339588655318,0.496091909703394
paygw_mollie,Mollie,42.0,1765876024,0.0,0.15000000000000002,1188,2,0,0,"(5, 1)",0,-0.24050414681860616,0.15000000000000002,-0.23962339588655318,-0.48012754270515934
quiz_markspersection,Marks per section (Only for 4.3 and below),320.0,1706213577,0.0,0.15000000000000002,718,6,0,0,"(4, 3)",0,-0.06653066707065418,0.15000000000000002,-0.23962339588655318,-0.3061540629572074
mod_wordcloud,Wordcloud,589.0,1787353800,0.0,0.15000000000000002,1721,1,1,0,"(5, 1)",0,0.10181057772142885,0.15000000000000002,-0.23962339588655318,0.8621871818348756
local_contactlist,Contactlist,52.0,1779346231,0.0,0.15000000000000002,1721,1,1,0,"(5, 2)",0,-0.23424610797875178,0.15000000000000002,-0.23962339588655318,0.5261304961346951
local_learning_analytics,Learning Analytics,1064.0,1748264318,0.0,0.15000000000000002,1723,3,0,0,"(5, 0)",0,0.3990674226145122,0.15000000000000002,-0.23962339588655318,0.15944402672795904
logstore_lanalytics,Learning Analytics Log,1368.0,1660814775,1.0,0.2775,1723,3,0,1,"(4, 3)",0,0.5893118033460856,1.2775,1.040337611727679,2.6296494150737644
tinymce_h5p,H5P button plugin for TinyMCE editor,69.0,1623224802,0.0,0.15000000000000002,562,2,0,1,"(3, 11)",1,-0.22360744195099932,0.15000000000000002,-0.23962339588655318,0.5367691621624475
atto_wordcount,Atto Word Count,735.0,1647654873,0.0,0.15000000000000002,1725,1,1,1,"(4, 5)",0,0.1931779447833029,0.15000000000000002,-0.23962339588655318,1.9535545488967498
local_delete_course,Delete course,61.0,1731008693,0.0,0.15000000000000002,642,1,1,0,"(5, 1)",0,-0.22861387302288283,0.15000000000000002,-0.23962339588655318,0.5317627310905639
mod_swipe,Swipe,19.0,1624450643,0.0,0.15000000000000002,2081,1,1,1,"(3, 11)",1,-0.2548976361502713,0.15000000000000002,-0.23962339588655318,1.5054789679631755
local_courseexpiry,Course Expiry,13.0,1628287747,1.0,0.2775,539,3,0,1,"(3, 11)",1,-0.25865245945418386,1.2775,1.040337611727679,1.781685152273495
block_courseexpiry,Course Expiry Block,6.0,1628255205,0.0,0.15000000000000002,539,2,0,1,"(3, 11)",1,-0.26303308664208197,0.15000000000000002,-0.23962339588655318,0.49734351747136485
local_dompdf,Dompdf library,83.0,1721232560,0.0,0.15000000000000002,2097,1,1,0,"(4, 4)",0,-0.21484618757520318,0.15000000000000002,-0.23962339588655318,0.5455304165382436
local_webuntis,WebUntis Integration,52.0,1679899295,0.0,0.15000000000000002,539,3,0,1,"(4, 1)",0,-0.23424610797875178,0.15000000000000002,-0.23962339588655318,0.5261304961346951
repository_pod,Pod,72.0,1679065495,0.0,0.15000000000000002,894,1,1,1,"(4, 5)",0,-0.221730030299043,0.15000000000000002,-0.23962339588655318,1.538646573814404
mod_board,Board — collaboration post-it board activity for Moodle,4171.0,1784895002,0.0,0.15000000000000002,947,2,0,0,"(5, 2)",0,2.3434400901572707,0.15000000000000002,-0.23962339588655318,2.1038166942707175
contenttype_repurpose,Repurpose resources,389.0,1777933336,0.0,0.15000000000000002,893,1,1,0,"(5, 2)",0,-0.023350199075658905,0.15000000000000002,-0.23962339588655318,0.7370264050377879
block_graderanking,Grade ranking,57.0,1729840525,0.0,0.15000000000000002,1735,1,1,0,"(4, 5)",0,-0.23111708855882457,0.15000000000000002,-0.23962339588655318,0.5292595155546223
mod_dicomviewer,Viewer DICOM Image,12.0,1660721554,0.0,0.15000000000000002,1736,1,1,1,"(4, 0)",1,-0.25927826333816933,0.15000000000000002,-0.23962339588655318,1.5010983407752776
mod_stickynotes,Sticky Notes,1212.0,1771492833,0.0,0.15000000000000002,2047,1,1,0,"(5, 1)",0,0.49168639744435716,0.15000000000000002,-0.23962339588655318,1.252063001557804
mod_flexquiz,Flex Quiz,17.0,1660042177,0.0,0.15000000000000002,1738,1,1,1,"(3, 11)",1,-0.2561492439182421,0.15000000000000002,-0.23962339588655318,1.5042273601952048
message_appcrue,Push notifications via TwinPush (for Appcrue),66.0,1778082762,0.0,0.15000000000000002,2891,1,1,0,"(5, 2)",0,-0.22548485360295564,0.15000000000000002,-0.23962339588655318,0.5348917505104912
local_qtracker,Question Tracker,34.0,1692603199,1.0,0.2775,1382,2,0,1,"(4, 2)",0,-0.24551057789048966,1.2775,1.040337611727679,1.7948270338371892
tool_cohortheader,Cohort based additional html settings.,6.0,1627009682,0.0,0.15000000000000002,562,3,0,1,"(3, 11)",1,-0.26303308664208197,0.15000000000000002,-0.23962339588655318,0.49734351747136485
quizaccess_quizproctoring,ProctorLink for Moodle Proctoring,145.0,1783943550,0.0,0.15000000000000002,1742,1,1,0,"(5, 2)",0,-0.17604634676810596,0.15000000000000002,-0.23962339588655318,0.5843302573453408
local_regperiod,Registration duration to the site,40.0,1700637046,0.0,0.15000000000000002,1743,3,0,0,"(4, 3)",0,-0.24175575458657703,0.15000000000000002,-0.23962339588655318,-0.4813791504731302
qtype_answersselect,Random select answers,260.0,1745096893,2.0,0.34125000000000005,2897,1,1,0,"(5, 0)",0,-0.1040789001097805,2.34125,2.247928318467936,3.1438494183581556
enrol_sslcommerz,SSLCOMMERZ Payment Gateway,3.0,1638521554,0.0,0.15000000000000002,2525,1,1,1,"(3, 11)",1,-0.2649104982940383,0.15000000000000002,-0.23962339588655318,1.4954661058194085
mod_pulse,Pulse,1344.0,1763581975,0.0,0.15000000000000002,893,2,0,0,"(5, 0)",0,0.5742925101304351,0.15000000000000002,-0.23962339588655318,0.33466911424388196
atto_c4l,Components for Learning (C4L),931.0,1735457496,0.0,0.15000000000000002,2639,1,1,0,"(4, 5)",0,0.31583550604444893,0.15000000000000002,-0.23962339588655318,1.0762121101578956
theme_simplest,Simplest,152.0,1713765462,0.0,0.15000000000000002,2081,1,1,0,"(4, 4)",0,-0.1716657195802079,0.15000000000000002,-0.23962339588655318,0.5887108845332389
local_learningtools,Learning Tools,538.0,1753385943,0.0,0.15000000000000002,893,2,0,0,"(4, 5)",0,0.06989457963817147,0.15000000000000002,-0.23962339588655318,-0.1697288162483817
plagiarism_copyleaks,Copyleaks Plagiarism and AI Content Detector plugin,436.0,1775990957,0.0,0.15000000000000002,1750,2,0,0,"(5, 2)",0,0.006062583471656716,0.15000000000000002,-0.23962339588655318,-0.23356081241489646
enrol_gwpayments,Gateway Payments Enrolment,157.0,1765806046,0.0,0.15000000000000002,1188,2,0,0,"(5, 1)",0,-0.1685367001602807,0.15000000000000002,-0.23962339588655318,-0.4081600960468339
availability_gwpayments,Gateway Payments availability condition for paid access,96.0,1765803532,0.0,0.15000000000000002,1188,2,0,0,"(5, 1)",0,-0.20671073708339247,0.15000000000000002,-0.23962339588655318,-0.4463341329699456
mod_gwpayments,Gateway Payments activity module,74.0,1765803215,0.0,0.15000000000000002,1188,2,0,0,"(5, 1)",0,-0.2204784225310721,0.15000000000000002,-0.23962339588655318,-0.4601018184176253
message_msgraph,Microsoft Graph,35.0,1649792593,0.0,0.15000000000000002,924,1,1,1,"(4, 0)",1,-0.24488477400650424,0.15000000000000002,-0.23962339588655318,1.5154918301069427
qformat_answersselect,Random select answers format,14.0,1745153949,0.0,0.15000000000000002,2897,1,1,0,"(5, 0)",0,-0.25802665557019844,0.15000000000000002,-0.23962339588655318,0.5023499485432483
block_course_list_advanced,Course list advanced (deprecated!!!),25.0,1652367951,0.0,0.15000000000000002,1791,1,1,1,"(4, 0)",1,-0.25114281284635864,0.15000000000000002,-0.23962339588655318,1.5092337912670881
availability_user,Restriction by user,542.0,1785143401,1.0,0.19250000000000003,2493,1,1,0,"(5, 2)",0,0.07239779517411322,1.1925000000000001,0.9438438772290452,2.0162416724031584
atto_qrcode,QR Code,63.0,1630928259,0.0,0.15000000000000002,2525,1,1,1,"(3, 11)",1,-0.22736226525491196,0.15000000000000002,-0.23962339588655318,1.5330143388585349
mod_meetzi,meetzi-room,3.0,1651248934,0.0,0.15000000000000002,1759,1,1,1,"(4, 0)",1,-0.2649104982940383,0.15000000000000002,-0.23962339588655318,1.4954661058194085
tool_tcpdffonts,TCPDF Fonts,985.0,1765189199,0.0,0.15000000000000002,1188,2,0,0,"(5, 1)",0,0.34962891577966254,0.15000000000000002,-0.23962339588655318,0.11000551989310936
format_redirected,Redirected format,77.0,1709204307,0.0,0.15000000000000002,2891,1,1,0,"(4, 5)",0,-0.2186010108791158,0.15000000000000002,-0.23962339588655318,0.541775593234331
local_clickview,ClickView Integration (Local),148.0,1738295042,4.0,0.66,1763,1,1,0,"(4, 5)",0,-0.17416893511614964,4.66,4.880220634570375,5.706051699454226
atto_clickview,Embed ClickView Video (Atto),49.0,1738296173,0.0,0.15000000000000002,1763,1,1,0,"(4, 5)",0,-0.2361235196307081,0.15000000000000002,-0.23962339588655318,0.5242530844827387
tinymce_clickview,Embed ClickView Video (TinyMCE),6.0,1688021503,0.0,0.15000000000000002,1763,1,1,1,"(4, 1)",0,-0.26303308664208197,0.15000000000000002,-0.23962339588655318,1.4973435174713647
mod_clickview,ClickView Video (Activity),85.0,1738295841,0.0,0.15000000000000002,1763,1,1,0,"(4, 5)",0,-0.2135945798072323,0.15000000000000002,-0.23962339588655318,0.5467820243062145
block_quiz_attempts_list,Quiz attempts list,15.0,1638521788,0.0,0.15000000000000002,1644,2,0,1,"(3, 11)",1,-0.257400851686213,0.15000000000000002,-0.23962339588655318,0.5029757524272338
block_html_placeholders,HTML with placeholders,19.0,1633910797,0.0,0.15000000000000002,562,2,0,1,"(3, 11)",1,-0.2548976361502713,0.15000000000000002,-0.23962339588655318,0.5054789679631755
auth_classlink,ClassLink OAuth2,18.0,1636698658,0.0,0.15000000000000002,1512,1,1,1,"(5, 2)",0,-0.2555234400342567,0.15000000000000002,-0.23962339588655318,1.50485316407919
assignsubmission_maharaws,Mahara submissions,195.0,1769981939,0.0,0.15000000000000002,562,2,0,0,"(5, 1)",0,-0.14475615256883403,0.15000000000000002,-0.23962339588655318,-0.38437954845538724
tool_resendnewaccountemail,Bulk resend new account email,547.0,1712950607,0.0,0.15000000000000002,924,1,1,0,"(5, 1)",0,0.07552681459404043,0.15000000000000002,-0.23962339588655318,0.8359034187074872
local_webmonetization,Web monetization,1.0,1639565225,0.0,0.15000000000000002,293,1,1,1,"(3, 11)",1,-0.26616210606200913,0.15000000000000002,-0.23962339588655318,1.4942144980514378
local_invitation,Invitation,425.0,1778765177,0.0,0.15000000000000002,734,1,1,0,"(5, 2)",0,-0.0008212592521831104,0.15000000000000002,-0.23962339588655318,0.7595553448612637
tool_ischolarsync,iScholar  Moodle Synchronization,7.0,1643399649,0.0,0.15000000000000002,1773,1,1,1,"(3, 11)",1,-0.2624072827580965,0.15000000000000002,-0.23962339588655318,1.4979693213553502
tool_userupsert,User upsert,8.0,1732148600,0.0,0.15000000000000002,562,2,0,0,"(4, 5)",0,-0.2617814788741111,0.15000000000000002,-0.23962339588655318,-0.5014048747606643
repository_opencast,Opencast Videos Repository,155.0,1784795917,0.0,0.15000000000000002,734,4,0,0,"(5, 1)",0,-0.1697883079282516,0.15000000000000002,-0.23962339588655318,-0.40941170381480474
filter_opencast,Opencast Videos Filter,134.0,1784748842,0.0,0.15000000000000002,734,4,0,0,"(5, 1)",0,-0.18293018949194578,0.15000000000000002,-0.23962339588655318,-0.42255358537849896
block_timetable,Timetable,525.0,1746007488,0.0,0.15000000000000002,893,2,0,0,"(4, 5)",0,0.06175912914636077,0.15000000000000002,-0.23962339588655318,-0.1778642667401924
local_och5pcore,H5P Opencast Extension (Core),71.0,1784818792,0.0,0.15000000000000002,734,4,0,0,"(5, 0)",0,-0.22235583418302843,0.15000000000000002,-0.23962339588655318,-0.46197923006958164
mod_discourse,DisCourse,99.0,1683291990,0.0,0.15000000000000002,1891,2,0,1,"(4, 2)",0,-0.20483332543143615,0.15000000000000002,-0.23962339588655318,0.5555432786820107
atto_sharing,Sharing,31.0,1636451987,0.0,0.15000000000000002,2525,1,1,1,"(3, 11)",1,-0.24738798954244598,0.15000000000000002,-0.23962339588655318,1.5129886145710008
scormreport_numbas,Numbas report,16.0,1638180096,0.0,0.15000000000000002,1781,1,1,1,"(3, 11)",1,-0.2567750478022276,0.15000000000000002,-0.23962339588655318,1.5036015563112193
mod_aulaplaneta,AulaPlaneta,331.0,1638184614,4.0,0.64725,1786,1,1,1,"(3, 11)",1,-0.059646824346814356,4.64725,4.86574657439558,6.806099750048765
mod_aulaplanetateacher,AulaPlaneta - Didactic Sequence,267.0,1638185393,1.0,0.19250000000000003,1786,1,1,1,"(3, 11)",1,-0.09969827292188244,1.1925000000000001,0.9438438772290452,2.8441456043071627
mod_aulaplanetastudynot,AulaPlaneta - Learning Notebook,319.0,1638186144,1.0,0.19250000000000003,1786,1,1,1,"(3, 11)",1,-0.06715647095463963,1.1925000000000001,0.9438438772290452,2.8766874062744057
block_aulaplanetarepo,aulaPlaneta Repository,329.0,1638186420,0.0,0.15000000000000002,1786,1,1,1,"(3, 11)",1,-0.06089843211478523,0.15000000000000002,-0.23962339588655318,1.6994781719986616
block_aulaplaneta_contentbank,aulaPlaneta content bank,328.0,1638186873,0.0,0.15000000000000002,1786,1,1,1,"(3, 11)",1,-0.061524235998770674,0.15000000000000002,-0.23962339588655318,1.698852368114676
qformat_gift_answersselect,GIFT to Random select answers format,16.0,1745153999,0.0,0.15000000000000002,2897,1,1,0,"(5, 0)",0,-0.2567750478022276,0.15000000000000002,-0.23962339588655318,0.5036015563112193
profilefield_statictext,Static text,101.0,1775137552,0.0,0.15000000000000002,924,1,1,0,"(5, 2)",0,-0.20358171766346528,0.15000000000000002,-0.23962339588655318,0.5567948864499815
block_qtracker,Question Tracker,23.0,1692602718,0.0,0.15000000000000002,1382,2,0,1,"(4, 2)",0,-0.2523944206143295,0.15000000000000002,-0.23962339588655318,0.5079821834991174
tool_gdpr_plus,GDPR Policies plus,152.0,1640295020,0.0,0.15000000000000002,1743,3,0,1,"(3, 11)",1,-0.1716657195802079,0.15000000000000002,-0.23962339588655318,0.5887108845332389
local_feedbackchoicegenerator,1./2. ranked choice generator for feedback,7.0,1730638766,0.0,0.15000000000000002,1791,1,1,0,"(4, 5)",0,-0.2624072827580965,0.15000000000000002,-0.23962339588655318,0.4979693213553503
block_guestcourses,Guestcourses,17.0,1776788502,0.0,0.15000000000000002,1791,1,1,0,"(5, 2)",0,-0.2561492439182421,0.15000000000000002,-0.23962339588655318,0.5042273601952048
format_designer,Designer,1411.0,1776709730,0.0,0.15000000000000002,893,2,0,0,"(5, 1)",0,0.6162213703574595,0.15000000000000002,-0.23962339588655318,0.3765979744709063
local_checkboxes,Checkboxes,20.0,1657289184,0.0,0.15000000000000002,1852,1,1,1,"(3, 11)",1,-0.2542718322662858,0.15000000000000002,-0.23962339588655318,1.506104771847161
atto_recittakepicture,Take Picture RÉCIT,435.0,1677696963,1.0,0.181875,1812,4,0,1,"(4, 1)",0,0.005436779587671277,1.181875,0.9317821604167159,1.9372189400043873
enrol_sber,Sber,14.0,1647847448,0.0,0.15000000000000002,2056,1,1,1,"(4, 3)",0,-0.25802665557019844,0.15000000000000002,-0.23962339588655318,1.5023499485432483
tool_datewatch,Date watcher,932.0,1786543801,0.0,0.15000000000000002,2891,1,1,0,"(5, 2)",0,0.31646130992843435,0.15000000000000002,-0.23962339588655318,1.0768379140418811
atto_code,Code,150.0,1642589482,0.0,0.15000000000000002,1626,1,1,1,"(4, 5)",0,-0.17291732734817877,0.15000000000000002,-0.23962339588655318,1.587459276765268
qtype_numericalrecit,Formula with steps RÉCIT,101.0,1682443998,0.0,0.15000000000000002,1812,5,0,1,"(4, 1)",0,-0.20358171766346528,0.15000000000000002,-0.23962339588655318,0.5567948864499815
filter_threedviewer,Threed-Viewer,59.0,1764766996,0.0,0.15000000000000002,1280,1,1,0,"(5, 1)",0,-0.2298654807908537,0.15000000000000002,-0.23962339588655318,0.5305111233225931
mod_learningmap,Learning map,2420.0,1771508114,1.0,0.2775,2493,2,0,0,"(5, 1)",0,1.2476574892987673,1.2775,1.040337611727679,2.2879951010264463
mod_onlyofficeeditor,ONLYOFFICE Document,575.0,1754319413,1.0,0.2775,1970,2,0,0,"(5, 0)",0,0.0930493233456327,1.2775,1.040337611727679,1.1333869350733117
customfield_file,File,284.0,1702577206,0.0,0.15000000000000002,293,1,1,0,"(4, 3)",0,-0.08905960689412998,0.15000000000000002,-0.23962339588655318,0.6713169972193168
mod_onlyoffice,ONLYOFFICE document,325.0,1782198703,0.0,0.15000000000000002,1804,1,1,0,"(5, 2)",0,-0.06340164765072699,0.15000000000000002,-0.23962339588655318,0.6969749564627199
tool_langpackdropper,Language pack dropper,250.0,1761764989,0.0,0.15000000000000002,242,2,0,0,"(5, 1)",0,-0.1103369389496349,0.15000000000000002,-0.23962339588655318,-0.34996033483618805
qbehaviour_studentfeedbackdeferred,Student feedback (deferred),189.0,1759320838,3.0,0.82096875,1626,1,1,0,"(5, 1)",0,-0.14851097587274667,3.82096875,3.9277352384108823,4.779224262538136
qbehaviour_studentfeedbackimmediate,Student feedback (immediate),98.0,1759320907,1.0,0.21375000000000002,1626,1,1,0,"(5, 1)",0,-0.2054591293154216,1.21375,0.9679673108537037,1.7625081815382821
quiz_feedback,Feedback export,69.0,1759321322,1.0,0.21375000000000002,1626,1,1,0,"(5, 1)",0,-0.22360744195099932,1.21375,0.9679673108537037,1.7443598689027042
paygw_cardinity,Cardinity,3.0,1663235127,0.0,0.15000000000000002,2525,1,1,1,"(4, 0)",1,-0.2649104982940383,0.15000000000000002,-0.23962339588655318,1.4954661058194085
mod_observation,Observation,72.0,1652050879,0.0,0.15000000000000002,562,2,0,1,"(4, 0)",1,-0.221730030299043,0.15000000000000002,-0.23962339588655318,0.5386465738144038
mod_panoptosubmission,Panopto Student Submission,260.0,1785424204,0.0,0.15000000000000002,2897,1,1,0,"(5, 2)",0,-0.1040789001097805,0.15000000000000002,-0.23962339588655318,0.6562977040036664
atto_recitautolink,RÉCIT autolink,118.0,1747161630,0.0,0.15000000000000002,1812,5,0,0,"(4, 5)",0,-0.19294305163571282,0.15000000000000002,-0.23962339588655318,-0.43256644752226603
mod_plugnmeet,plugNmeet,280.0,1786540201,0.0,0.15000000000000002,1813,1,1,0,"(5, 2)",0,-0.09156282243007173,0.15000000000000002,-0.23962339588655318,0.668813781683375
mod_completionmarker,Completion marker,5.0,1673531387,0.0,0.15000000000000002,1815,1,1,1,"(4, 1)",0,-0.2636588905260674,0.15000000000000002,-0.23962339588655318,1.4967177135873795
mod_jupyternotebook,Jupyter Notebook,79.0,1675434464,0.0,0.15000000000000002,1815,1,1,1,"(4, 1)",0,-0.21734940311114492,0.15000000000000002,-0.23962339588655318,1.5430272010023018
local_virus_scanner,Virus Scanner,7.0,1714989589,0.0,0.15000000000000002,2109,1,1,0,"(4, 4)",0,-0.2624072827580965,0.15000000000000002,-0.23962339588655318,0.4979693213553503
profilefield_brasilufmunicipio,Brasil UF e Município,65.0,1756990817,0.0,0.15000000000000002,924,1,1,0,"(5, 1)",0,-0.22611065748694106,0.15000000000000002,-0.23962339588655318,0.5342659466265057
local_sitenotice,Site Notice,748.0,1730427667,0.0,0.15000000000000002,562,2,0,0,"(4, 5)",0,0.2013133952751136,0.15000000000000002,-0.23962339588655318,-0.038310000611439576
tool_blocksmanager,Blocks Manager,11.0,1683342329,0.0,0.15000000000000002,562,2,0,1,"(4, 1)",0,-0.25990406722215476,0.15000000000000002,-0.23962339588655318,0.5004725368912921
mod_verbalfeedback,Verbal feedback,162.0,1780692209,0.0,0.15000000000000002,1495,2,0,0,"(5, 2)",0,-0.1654076807403535,0.15000000000000002,-0.23962339588655318,-0.4050310766269067
format_psg,Personalised Study Guide format,12.0,1655070630,0.0,0.15000000000000002,1821,2,0,1,"(3, 11)",1,-0.25927826333816933,0.15000000000000002,-0.23962339588655318,0.5010983407752775
mod_coursebadges,Course badges,46.0,1681390183,0.0,0.15000000000000002,1815,1,1,1,"(4, 1)",0,-0.23800093128266442,0.15000000000000002,-0.23962339588655318,1.5223756728307825
mod_labellud,Labellud,15.0,1673469596,0.0,0.15000000000000002,1815,1,1,1,"(4, 1)",0,-0.257400851686213,0.15000000000000002,-0.23962339588655318,1.5029757524272338
qtype_molsimilarity,Molsimilarity,112.0,1778568805,0.0,0.15000000000000002,894,4,0,0,"(5, 2)",0,-0.19669787493962546,0.15000000000000002,-0.23962339588655318,-0.43632127082617866
paygw_bank,Bank Transference,232.0,1711365165,0.0,0.15000000000000002,1825,1,1,0,"(4, 3)",0,-0.1216014088613728,0.15000000000000002,-0.23962339588655318,0.638775195252074
theme_boost_union,Boost Union,8896.0,1785672603,1.0,0.2775,242,5,0,0,"(5, 2)",0,5.300363441988469,1.2775,1.040337611727679,6.340701053716148
mod_swiftquiz,SwiftQuiz,15.0,1690720009,0.0,0.15000000000000002,1827,3,0,1,"(3, 11)",1,-0.257400851686213,0.15000000000000002,-0.23962339588655318,0.5029757524272338
tool_health,Health center,762.0,1744826540,0.0,0.15000000000000002,2125,1,1,0,"(5, 0)",0,0.21007464965090974,0.15000000000000002,-0.23962339588655318,0.9704512537643566
filter_censor,Word censorship,496.0,1648120388,0.0,0.15000000000000002,220,1,1,1,"(4, 0)",1,0.043610816510783044,0.15000000000000002,-0.23962339588655318,1.80398742062423
block_quiz_results,Quiz results,662.0,1648123051,0.0,0.15000000000000002,220,1,1,1,"(4, 0)",1,0.14749426125236587,0.15000000000000002,-0.23962339588655318,1.9078708653658127
repository_boxnet,Box repository,322.0,1648126791,0.0,0.15000000000000002,220,1,1,1,"(4, 0)",1,-0.06527905930268331,0.15000000000000002,-0.23962339588655318,1.6950975448107635
portfolio_boxnet,Box portfolio,297.0,1648131025,0.0,0.15000000000000002,220,1,1,1,"(4, 0)",1,-0.08092415640231927,0.15000000000000002,-0.23962339588655318,1.6794524477111277
message_jabber,Jabber,356.0,1648132338,0.0,0.15000000000000002,220,1,1,1,"(4, 0)",1,-0.044001727247178386,0.15000000000000002,-0.23962339588655318,1.7163748768662686
report_coursemodstats,Course module instances report,48.0,1648564026,0.0,0.15000000000000002,1834,1,1,1,"(4, 0)",1,-0.23674932351469352,0.15000000000000002,-0.23962339588655318,1.5236272805987534
profilefield_orcid,ORCID custom profile field type,13.0,1657398186,0.0,0.15000000000000002,1835,2,0,1,"(4, 0)",1,-0.25865245945418386,0.15000000000000002,-0.23962339588655318,0.501724144659263
report_advancedgrading,Advanced Grading report,796.0,1775463679,0.0,0.15000000000000002,364,1,1,0,"(5, 2)",0,0.2313519817064147,0.15000000000000002,-0.23962339588655318,0.9917285858198615
block_edutechpreferences,Edutech Preferences,1.0,1669743122,0.0,0.15000000000000002,1837,1,1,1,"(4, 1)",0,-0.26616210606200913,0.15000000000000002,-0.23962339588655318,1.4942144980514378
block_ask4summary,Ask4Summary,1.0,1655153985,0.0,0.15000000000000002,1821,2,0,1,"(4, 0)",1,-0.26616210606200913,0.15000000000000002,-0.23962339588655318,0.4942144980514377
mod_percipio,Percipio,56.0,1781763187,1.0,0.2775,1899,1,1,0,"(5, 1)",0,-0.23174289244281002,1.2775,1.040337611727679,1.808594719284869
availability_coursecat,Restriction by course category,31.0,1657001553,0.0,0.15000000000000002,1644,1,1,1,"(3, 11)",1,-0.24738798954244598,0.15000000000000002,-0.23962339588655318,1.5129886145710008
mod_collabwordcloud,WordCloud,202.0,1749545140,0.0,0.15000000000000002,1815,1,1,0,"(4, 5)",0,-0.14037552538093595,0.15000000000000002,-0.23962339588655318,0.6200010787325109
quiz_exportresults,exportresults,28.0,1656772697,0.0,0.15000000000000002,1842,1,1,1,"(4, 0)",1,-0.2492654011944023,0.15000000000000002,-0.23962339588655318,1.5111112029190445
block_smartest,Smartest,3.0,1663158813,0.0,0.15000000000000002,1843,1,1,1,"(4, 0)",1,-0.2649104982940383,0.15000000000000002,-0.23962339588655318,1.4954661058194085
atto_fontawesomepicker,Font awesome,116.0,1681398983,0.0,0.15000000000000002,1815,1,1,1,"(4, 1)",0,-0.1941946594036837,0.15000000000000002,-0.23962339588655318,1.5661819447097631
theme_learnr,LearnR,1678.0,1774462356,0.0,0.15000000000000002,2888,1,1,0,"(5, 1)",0,0.7833110073815717,0.15000000000000002,-0.23962339588655318,1.5436876114950184
mod_scratchpad,Scratchpad,26.0,1786687802,0.0,0.15000000000000002,1897,3,0,0,"(4, 3)",0,-0.25051700896237317,0.15000000000000002,-0.23962339588655318,-0.49014040484892635
filter_ivs,Interactive Video Suite - Filter,4.0,1650981118,0.0,0.15000000000000002,1847,1,1,1,"(3, 11)",1,-0.2642846944100528,0.15000000000000002,-0.23962339588655318,1.496091909703394
tool_bulkchangeprofilefields,Bulk Change User Profile Fields,110.0,1718741449,0.0,0.15000000000000002,924,1,1,0,"(5, 1)",0,-0.19794948270759632,0.15000000000000002,-0.23962339588655318,0.5624271214058505
atto_orphaned,Atto orphaned files (deprecated),19.0,1657116096,0.0,0.15000000000000002,1791,2,0,1,"(4, 1)",0,-0.2548976361502713,0.15000000000000002,-0.23962339588655318,0.5054789679631755
gradereport_rubrics,Rubrics report,896.0,1784842762,0.0,0.15000000000000002,947,1,1,0,"(5, 2)",0,0.29393237010495854,0.15000000000000002,-0.23962339588655318,1.0543089742184053
gradereport_markingguide,Marking Guide report,159.0,1784842762,0.0,0.15000000000000002,947,1,1,0,"(5, 2)",0,-0.16728509239230982,0.15000000000000002,-0.23962339588655318,0.593091511721137
block_openai_chat,AI Chat Block,2771.0,1779227367,0.0,0.15000000000000002,1852,1,1,0,"(5, 2)",0,1.4673146525776564,0.15000000000000002,-0.23962339588655318,2.227691256691103
mod_consentform,Consent Form,579.0,1785327003,0.0,0.15000000000000002,1188,1,1,0,"(5, 2)",0,0.09555253888157446,0.15000000000000002,-0.23962339588655318,0.8559291429950213
mod_stackview,Stackviewer,47.0,1778224993,1.0,0.2775,646,2,0,0,"(4, 5)",0,-0.23737512739867897,1.2775,1.040337611727679,0.8029624843290001
atto_reciteditor,HTML Bootstrap Editor (deprecated version),469.0,1674663278,0.0,0.15000000000000002,1812,5,0,1,"(4, 1)",0,0.026714111643176195,0.15000000000000002,-0.23962339588655318,0.787090715756623
customfield_duration,Duration,146.0,1654598189,0.0,0.15000000000000002,293,1,1,1,"(4, 0)",1,-0.17542054288412054,0.15000000000000002,-0.23962339588655318,1.5849560612293263
atto_molstructure,Chemical substances,62.0,1710856872,0.0,0.15000000000000002,894,4,0,0,"(4, 1)",0,-0.22798806913889738,0.15000000000000002,-0.23962339588655318,-0.4676114650254506
mod_glossaryfocus,Focus Glossary,23.0,1659431470,0.0,0.15000000000000002,893,1,1,1,"(4, 0)",1,-0.2523944206143295,0.15000000000000002,-0.23962339588655318,1.5079821834991174
theme_almondb,Almondb,3566.0,1777900871,0.0,0.15000000000000002,1859,1,1,0,"(5, 2)",0,1.9648287403460802,0.15000000000000002,-0.23962339588655318,2.725205344459527
local_openlms,Open LMS utilities,586.0,1752880642,1.0,0.26793750000000005,2946,1,1,0,"(4, 5)",0,0.09993316606947253,1.2679375,1.0294820665965827,2.129415232666055
enrol_programs,Programs,510.0,1752875912,1.0,0.2775,2946,1,1,0,"(4, 5)",0,0.052372070886579185,1.2775,1.040337611727679,2.092709682614258
block_myprograms,My programs block,339.0,1752880027,0.0,0.15000000000000002,2946,1,1,0,"(4, 5)",0,-0.054640393274930844,0.15000000000000002,-0.23962339588655318,0.7057362108385159
tool_courserating,Course ratings,1619.0,1776454072,0.0,0.15000000000000002,537,1,1,0,"(5, 2)",0,0.7463885782264308,0.15000000000000002,-0.23962339588655318,1.5067651823398776
mod_cardbox,Card Box,281.0,1739524094,0.0,0.15000000000000002,1723,3,0,0,"(4, 5)",0,-0.0909370185460863,0.15000000000000002,-0.23962339588655318,-0.3305604144326395
tool_directsso,Direct SSO Entrypoint,143.0,1761493195,0.0,0.15000000000000002,242,2,0,0,"(5, 1)",0,-0.17729795453607686,0.15000000000000002,-0.23962339588655318,-0.41692135042263
tool_selfsignuphardlifecycle,Hard life cycle for self-signup users,14.0,1786997400,0.0,0.15000000000000002,242,2,0,0,"(5, 2)",0,-0.25802665557019844,0.15000000000000002,-0.23962339588655318,-0.4976500514567516
quizaccess_edusynch,EduSynch E-Proctoring,8.0,1719237714,0.0,0.15000000000000002,2946,1,1,0,"(4, 4)",0,-0.2617814788741111,0.15000000000000002,-0.23962339588655318,0.4985951252393357
local_login,Login splash page,475.0,1663620996,0.0,0.15000000000000002,562,2,0,1,"(4, 0)",1,0.030468934947088827,0.15000000000000002,-0.23962339588655318,0.7908455390605357
profilefield_autocomplete,Autocomplete input,133.0,1658223524,0.0,0.15000000000000002,332,1,1,1,"(3, 11)",1,-0.18355599337593123,0.15000000000000002,-0.23962339588655318,1.5768206107375156
paygw_duitku,Duitku,73.0,1659082588,0.0,0.15000000000000002,1870,2,0,1,"(4, 0)",1,-0.22110422641505756,0.15000000000000002,-0.23962339588655318,0.5392723776983892
filter_wavefront,Wavefront Filter,16.0,1656763891,0.0,0.15000000000000002,1871,1,1,1,"(4, 0)",1,-0.2567750478022276,0.15000000000000002,-0.23962339588655318,1.5036015563112193
mod_dynamo,Dynamo,179.0,1771346331,0.0,0.15000000000000002,1872,1,1,0,"(5, 1)",0,-0.15476901471260104,0.15000000000000002,-0.23962339588655318,0.6056075894008458
assignfeedback_grades_chart,Grades chart,25.0,1700608004,0.0,0.15000000000000002,1883,1,1,0,"(4, 1)",0,-0.25114281284635864,0.15000000000000002,-0.23962339588655318,0.5092337912670881
block_availdep,Availability dependencies,30.0,1662918879,0.0,0.15000000000000002,1874,1,1,1,"(4, 0)",1,-0.24801379342643143,0.15000000000000002,-0.23962339588655318,1.5123628106870153
block_deft,Deft response,153.0,1788145801,1.0,0.2775,893,2,0,0,"(5, 2)",0,-0.17103991569622246,1.2775,1.040337611727679,0.8692976960314566
filter_translations,Content translations,467.0,1751963735,2.0,0.405,293,2,0,0,"(5, 0)",0,0.02546250387520532,2.4050000000000002,2.3202986193419117,2.345761123217117
atto_translations,Translations Companion,97.0,1732591455,0.0,0.15000000000000002,293,2,0,0,"(4, 5)",0,-0.20608493319940702,0.15000000000000002,-0.23962339588655318,-0.4457083290859602
local_sync_service,Sync Webservice,74.0,1718720520,0.0,0.15000000000000002,1878,1,1,0,"(4, 2)",0,-0.2204784225310721,0.15000000000000002,-0.23962339588655318,0.5398981815823747
block_analyticswidget,Analytic Widgets,99.0,1755451833,0.0,0.15000000000000002,1624,1,1,0,"(5, 0)",0,-0.20483332543143615,0.15000000000000002,-0.23962339588655318,0.5555432786820107
tool_percipioexternalcontentsync,Percipio External Content Sync,1.0,1678881072,0.0,0.15000000000000002,1564,1,1,1,"(4, 1)",0,-0.26616210606200913,0.15000000000000002,-0.23962339588655318,1.4942144980514378
report_sphorphanedfiles,Report Orphaned files,200.0,1755074721,0.0,0.15000000000000002,1791,2,0,0,"(5, 0)",0,-0.14162713314890685,0.15000000000000002,-0.23962339588655318,-0.38125052903546003
mod_teamviewerclassroom,TeamViewer Classroom,7.0,1663849777,0.0,0.15000000000000002,539,2,0,1,"(4, 0)",1,-0.2624072827580965,0.15000000000000002,-0.23962339588655318,0.4979693213553503
local_coursefiles,Course files,60.0,1661296362,0.0,0.15000000000000002,1883,1,1,1,"(4, 0)",1,-0.22923967690686825,0.15000000000000002,-0.23962339588655318,1.5311369272065787
availability_enrolmentmethod,Restriction by enrolment method,199.0,1728928048,0.0,0.15000000000000002,675,1,1,0,"(5, 0)",0,-0.14225293703289227,0.15000000000000002,-0.23962339588655318,0.6181236670805546
local_course_creator,Course creator,47.0,1782241854,0.0,0.15000000000000002,1520,1,1,0,"(5, 2)",0,-0.23737512739867897,0.15000000000000002,-0.23962339588655318,0.5230014767147678
local_choicesexport,Choices export,1.0,1661302012,0.0,0.15000000000000002,1883,1,1,1,"(4, 0)",1,-0.26616210606200913,0.15000000000000002,-0.23962339588655318,1.4942144980514378
local_wswizard,Markanyx - Web Service Wizard,11.0,1747247132,0.0,0.15000000000000002,1887,3,0,0,"(4, 3)",0,-0.25990406722215476,0.15000000000000002,-0.23962339588655318,-0.49952746310870794
mod_whiteboard,Whiteboard,167.0,1660984726,0.0,0.15000000000000002,893,2,0,1,"(4, 0)",1,-0.16227866132042632,0.15000000000000002,-0.23962339588655318,0.5980979427930205
format_cards,Cards format,979.0,1745336000,0.0,0.15000000000000002,2889,1,1,0,"(5, 0)",0,0.34587409247574996,0.15000000000000002,-0.23962339588655318,1.1062506965891967
paygw_chargebee,Chargebee,2.0,1760326544,0.0,0.15000000000000002,293,1,1,0,"(5, 1)",0,-0.2655363021780237,0.15000000000000002,-0.23962339588655318,0.49484030193542305
mod_margic,Margic,112.0,1697974219,0.0,0.15000000000000002,1891,2,0,0,"(4, 3)",0,-0.19669787493962546,0.15000000000000002,-0.23962339588655318,-0.43632127082617866
mod_iconactivatecontent,ICON activate external content,17.0,1674566229,0.0,0.15000000000000002,1892,1,1,1,"(4, 1)",0,-0.2561492439182421,0.15000000000000002,-0.23962339588655318,1.5042273601952048
atto_medimgviewer,Medical Imaging Study Viewer resource manager,1.0,1675780559,0.0,0.15000000000000002,1894,1,1,1,"(3, 9)",1,-0.26616210606200913,0.15000000000000002,-0.23962339588655318,1.4942144980514378
filter_medimgviewer,Medical Imaging Study Viewer filter,8.0,1678109968,1.0,0.2775,1894,1,1,1,"(3, 9)",1,-0.2617814788741111,1.2775,1.040337611727679,2.778556132853568
enrol_temporaryaccess,Temporary access,41.0,1687272496,0.0,0.15000000000000002,1626,1,1,1,"(4, 5)",0,-0.2411299507025916,0.15000000000000002,-0.23962339588655318,1.519246653410855
mod_isardvdi,Isard VDI Open Source Virtual Desktops,4.0,1679664709,0.0,0.15000000000000002,1896,2,0,1,"(3, 11)",1,-0.2642846944100528,0.15000000000000002,-0.23962339588655318,0.496091909703394
block_skillscard,Skills Card,16.0,1787548202,0.0,0.15000000000000002,1897,3,0,0,"(5, 2)",0,-0.2567750478022276,0.15000000000000002,-0.23962339588655318,-0.4963984436887808
block_completedcourse,Completed Courses,58.0,1788277221,0.0,0.15000000000000002,1897,3,0,0,"(5, 2)",0,-0.23049128467483915,0.15000000000000002,-0.23962339588655318,-0.47011468056139233
block_percipio_home,Percipio Home,1.0,1666092696,0.0,0.15000000000000002,1899,1,1,1,"(4, 0)",1,-0.26616210606200913,0.15000000000000002,-0.23962339588655318,1.4942144980514378
block_readspeaker_embhl,ReadSpeaker for Moodle,948.0,1779888391,0.0,0.15000000000000002,1900,4,0,0,"(5, 2)",0,0.3264741720722013,0.15000000000000002,-0.23962339588655318,0.08685077618564813
tool_powerusers,Power users generator,6.0,1772468740,0.0,0.15000000000000002,2561,1,1,0,"(5, 1)",0,-0.26303308664208197,0.15000000000000002,-0.23962339588655318,0.49734351747136485
block_featured_courses,Featured Courses,203.0,1672806161,0.0,0.15000000000000002,1743,3,0,1,"(4, 1)",0,-0.13974972149695053,0.15000000000000002,-0.23962339588655318,0.6206268826164962
format_sections,Sections format,78.0,1667258740,0.0,0.15000000000000002,562,3,0,1,"(4, 0)",1,-0.21797520699513037,0.15000000000000002,-0.23962339588655318,0.5424013971183165
webservice_xmlrpc,XML-RPC protocol,420.0,1695230599,0.0,0.15000000000000002,220,1,1,0,"(4, 4)",0,-0.003950278672110305,0.15000000000000002,-0.23962339588655318,0.7564263254413365
block_rss_thumbnails,RSS Thumbnail,39.0,1675322222,0.0,0.15000000000000002,1743,3,0,1,"(4, 1)",0,-0.24238155847056247,0.15000000000000002,-0.23962339588655318,0.5179950456428843
filter_stackview,Filter stackview,8.0,1778227135,0.0,0.15000000000000002,646,3,0,0,"(4, 5)",0,-0.2617814788741111,0.15000000000000002,-0.23962339588655318,-0.5014048747606643
report_rolessitemap,Roles Category Sitemap,43.0,1745333529,0.0,0.15000000000000002,1791,1,1,0,"(5, 0)",0,-0.23987834293462074,0.15000000000000002,-0.23962339588655318,0.520498261178826
repository_txttoimg,AI Text to Image,312.0,1781437003,0.0,0.15000000000000002,1469,1,1,0,"(5, 2)",0,-0.0715370981425377,0.15000000000000002,-0.23962339588655318,0.6888395059709091
block_tasklist,Task List,30.0,1667772204,0.0,0.15000000000000002,562,4,0,1,"(4, 2)",0,-0.24801379342643143,0.15000000000000002,-0.23962339588655318,0.5123628106870154
customfield_semester,Semesterfield,280.0,1785319802,1.0,0.21375000000000002,734,3,0,0,"(5, 2)",0,-0.09156282243007173,1.21375,0.9679673108537037,0.8764044884236319
enrol_selfwithcapability,Self enrolment with capability,34.0,1699870957,0.0,0.15000000000000002,1626,1,1,0,"(4, 5)",0,-0.24551057789048966,0.15000000000000002,-0.23962339588655318,0.5148660262229572
quiz_filedownloader,Quiz Filedownloader,125.0,1785222603,0.0,0.15000000000000002,1280,3,0,0,"(5, 2)",0,-0.18856242444781474,0.15000000000000002,-0.23962339588655318,-0.4281858203343679
block_overviewmyrolesincourses,Overview my roles in courses,36.0,1776798819,0.0,0.15000000000000002,1791,1,1,0,"(5, 2)",0,-0.2442589701225188,0.15000000000000002,-0.23962339588655318,0.516117633990928
customfield_picture,Picture custom field,797.0,1760105015,0.0,0.15000000000000002,1494,1,1,0,"(5, 1)",0,0.2319777855904001,0.15000000000000002,-0.23962339588655318,0.9923543897038469
tiny_c4l,Components for Learning (C4L),3051.0,1788383403,0.0,0.15000000000000002,2639,2,0,0,"(5, 2)",0,1.6425397400935793,0.15000000000000002,-0.23962339588655318,1.402916344207026
block_enhanced_myoverview,Enhanced Course overview,94.0,1677840907,0.0,0.15000000000000002,1743,3,0,1,"(4, 1)",0,-0.20796234485136333,0.15000000000000002,-0.23962339588655318,0.5524142592620835
block_forum_groups,Forum Groups,4.0,1669908668,0.0,0.15000000000000002,1743,3,0,1,"(4, 1)",0,-0.2642846944100528,0.15000000000000002,-0.23962339588655318,0.496091909703394
block_group_members,Group Members,13.0,1682688204,0.0,0.15000000000000002,1743,3,0,1,"(4, 2)",0,-0.25865245945418386,0.15000000000000002,-0.23962339588655318,0.501724144659263
lifecycletrigger_customfieldsemester,Customfield semester trigger,213.0,1762028932,0.0,0.15000000000000002,242,2,0,0,"(5, 1)",0,-0.13349168265709613,0.15000000000000002,-0.23962339588655318,-0.37311507854364934
block_thumblinks_action,Thumbnail links and action,28.0,1670251138,0.0,0.15000000000000002,1743,3,0,1,"(4, 1)",0,-0.2492654011944023,0.15000000000000002,-0.23962339588655318,0.5111112029190445
availability_criteria_level,Restrict by rubric criterion grade/level,17.0,1670360235,0.0,0.15000000000000002,562,2,0,1,"(4, 2)",0,-0.2561492439182421,0.15000000000000002,-0.23962339588655318,0.5042273601952048
auth_companion,Companion account,158.0,1778764917,0.0,0.15000000000000002,734,1,1,0,"(5, 2)",0,-0.16791089627629527,0.15000000000000002,-0.23962339588655318,0.5924657078371516
mod_folderexamtimer,Folder Examtimer,5.0,1670951310,0.0,0.15000000000000002,1923,1,1,1,"(4, 1)",0,-0.2636588905260674,0.15000000000000002,-0.23962339588655318,1.4967177135873795
enrol_bycategory,Enrol by Category (enrol_self + waiting list + x),103.0,1785168602,0.0,0.15000000000000002,1924,1,1,0,"(5, 2)",0,-0.2023301098954944,0.15000000000000002,-0.23962339588655318,0.5580464942179524
block_timezoneclock,Timezone Clock,214.0,1788102600,0.0,0.15000000000000002,1925,1,1,0,"(5, 2)",0,-0.13286587877311068,0.15000000000000002,-0.23962339588655318,0.6275107253403361
mod_rumbletalkchat,RumbleTalk Group Chat,27.0,1752382574,0.0,0.15000000000000002,1926,1,1,0,"(5, 0)",0,-0.24989120507838775,0.15000000000000002,-0.23962339588655318,0.5104853990350591
availability_time,Restriction by time,324.0,1760163819,0.0,0.15000000000000002,2493,1,1,0,"(5, 2)",0,-0.06402745153471243,0.15000000000000002,-0.23962339588655318,0.6963491525787344
availability_weekday,Restriction by weekday,128.0,1760163895,0.0,0.15000000000000002,2493,1,1,0,"(5, 2)",0,-0.18668501279585842,0.15000000000000002,-0.23962339588655318,0.5736915913175884
tiny_filterws,WebService Filter for TinyMCE,51.0,1779285670,0.0,0.15000000000000002,220,1,1,0,"(5, 2)",0,-0.2348719118627372,0.15000000000000002,-0.23962339588655318,0.5255046922507096
block_floatingbutton,Floating buttons,254.0,1762501673,0.0,0.15000000000000002,2493,2,0,0,"(5, 2)",0,-0.10783372341369314,0.15000000000000002,-0.23962339588655318,-0.3474571193002463
block_completion_levels,Completion Levels,520.0,1769508762,0.0,0.15000000000000002,1626,1,1,0,"(5, 0)",0,0.05863010972643357,0.15000000000000002,-0.23962339588655318,0.8190067138398804
qbehaviour_certaintywithstudentfbdeferred,Degrees of Certainty with student feedback (deferred),81.0,1775052436,4.0,0.46875000000000006,1626,1,1,0,"(5, 1)",0,-0.21609779534317405,4.46875,4.663109731948449,5.447011936605275
qbehaviour_certaintywithstudentfeedback,Degrees of Certainty with student feedback (immediate),32.0,1759322205,0.0,0.15000000000000002,1626,1,1,0,"(5, 1)",0,-0.24676218565846056,0.15000000000000002,-0.23962339588655318,0.5136144184549862
quiz_certainty,Certainty export,23.0,1759322315,0.0,0.15000000000000002,1626,1,1,0,"(5, 1)",0,-0.2523944206143295,0.15000000000000002,-0.23962339588655318,0.5079821834991174
local_debugtoolbar,Debug toolbar,31.0,1775507658,0.0,0.15000000000000002,1935,1,1,0,"(5, 2)",0,-0.24738798954244598,0.15000000000000002,-0.23962339588655318,0.5129886145710009
local_autocompleteactivities,Autocomplete Activities,24.0,1692173526,0.0,0.15000000000000002,1936,1,1,1,"(4, 2)",0,-0.25176861673034406,0.15000000000000002,-0.23962339588655318,1.5086079873831029
report_payments,Payments report,170.0,1780736068,0.0,0.15000000000000002,2889,1,1,0,"(5, 2)",0,-0.16040124966847,0.15000000000000002,-0.23962339588655318,0.5999753544449768
tool_sentry,Sentry report tool,125.0,1780792366,0.0,0.15000000000000002,2001,2,0,0,"(5, 2)",0,-0.18856242444781474,0.15000000000000002,-0.23962339588655318,-0.4281858203343679
filter_ace_inline,Ace inline CodeRunner extension,235.0,1737924650,1.0,0.21375000000000002,2941,2,0,0,"(4, 5)",0,-0.11972399720941648,1.21375,0.9679673108537037,0.8482433136442872
availability_criteria_score,Restrict by marking guide criterion score,22.0,1674601427,0.0,0.15000000000000002,562,2,0,1,"(4, 2)",0,-0.25302022449831496,0.15000000000000002,-0.23962339588655318,0.5073563796151319
filter_forumembed,Forum discussion embed,45.0,1674607966,0.0,0.15000000000000002,562,2,0,1,"(4, 1)",0,-0.23862673516664984,0.15000000000000002,-0.23962339588655318,0.521749868946797
report_simultaneous,Simultaneous activities,69.0,1774352694,0.0,0.15000000000000002,2891,1,1,0,"(5, 1)",0,-0.22360744195099932,0.15000000000000002,-0.23962339588655318,0.5367691621624475
mod_scormremote,SCORM Remote,218.0,1744290283,0.0,0.15000000000000002,562,1,1,0,"(4, 4)",0,-0.13036266323716894,0.15000000000000002,-0.23962339588655318,0.6300139408762779
qbank_qtoactivity,Question to activity,44.0,1761280666,0.0,0.15000000000000002,1603,1,1,0,"(5, 1)",0,-0.2392525390506353,0.15000000000000002,-0.23962339588655318,0.5211240650628115
theme_boosted,Boosted,251.0,1698519306,0.0,0.15000000000000002,1999,2,0,0,"(4, 3)",0,-0.10971113506564946,0.15000000000000002,-0.23962339588655318,-0.3493345309522026
mod_srg,Student Report Generation,16.0,1732271808,0.0,0.15000000000000002,2110,1,1,0,"(4, 5)",0,-0.2567750478022276,0.15000000000000002,-0.23962339588655318,0.5036015563112193
mod_guestquiz,GuestQuiz,42.0,1743222146,0.0,0.15000000000000002,1872,1,1,0,"(4, 5)",0,-0.24050414681860616,0.15000000000000002,-0.23962339588655318,0.5198724572948407
assignsubmission_automaticextension,Automatic extension,30.0,1675666932,0.0,0.15000000000000002,562,2,0,1,"(4, 0)",1,-0.24801379342643143,0.15000000000000002,-0.23962339588655318,0.5123628106870154
tiny_preview,Preview,1059.0,1772486686,0.0,0.15000000000000002,893,1,1,0,"(5, 2)",0,0.39593840319458506,0.15000000000000002,-0.23962339588655318,1.156315007308032
gradeexport_profiles,Profiles,17.0,1677089533,0.0,0.15000000000000002,1950,1,1,1,"(4, 2)",0,-0.2561492439182421,0.15000000000000002,-0.23962339588655318,1.5042273601952048
report_modulecompletion,Module completion tracker,483.0,1749633280,0.0,0.15000000000000002,1951,1,1,0,"(5, 0)",0,0.03547536601897234,0.15000000000000002,-0.23962339588655318,0.7958519701324192
paygw_airtelafrica,Airtel Africa,21.0,1783154132,0.0,0.15000000000000002,2889,1,1,0,"(5, 2)",0,-0.2536460283823004,0.15000000000000002,-0.23962339588655318,0.5067305757311464
tool_lpcustomfields,Custom fields for learning plan templates,7.0,1678739068,0.0,0.15000000000000002,924,1,1,1,"(5, 1)",0,-0.2624072827580965,0.15000000000000002,-0.23962339588655318,1.4979693213553502
block_minhabiblioteca,Minha Biblioteca,28.0,1748291509,0.0,0.15000000000000002,1954,1,1,0,"(4, 5)",0,-0.2492654011944023,0.15000000000000002,-0.23962339588655318,0.5111112029190445
paygw_mtnafrica,MTN Africa,18.0,1776848150,0.0,0.15000000000000002,2889,1,1,0,"(5, 2)",0,-0.2555234400342567,0.15000000000000002,-0.23962339588655318,0.5048531640791901
qbehaviour_asyncevaluation,Asynchronous evaluations (deferred),25.0,1678897303,1.0,0.21375000000000002,1626,1,1,1,"(4, 5)",0,-0.25114281284635864,1.21375,0.9679673108537037,2.716824498007345
qbehaviour_asyncevaluationimmediate,Asynchronous evaluations (immediate),23.0,1678898763,0.0,0.15000000000000002,1626,1,1,1,"(4, 5)",0,-0.2523944206143295,0.15000000000000002,-0.23962339588655318,1.5079821834991174
theme_stream,Stream,671.0,1782590706,0.0,0.15000000000000002,1999,1,1,0,"(5, 2)",0,0.15312649620823482,0.15000000000000002,-0.23962339588655318,0.9135031003216816
block_rbreport,Report,1437.0,1786543802,0.0,0.15000000000000002,2891,1,1,0,"(5, 2)",0,0.6324922713410809,0.15000000000000002,-0.23962339588655318,1.3928688754545278
plagiarism_plagium,Plagium,1.0,1683940539,0.0,0.15000000000000002,1960,1,1,1,"(4, 2)",0,-0.26616210606200913,0.15000000000000002,-0.23962339588655318,1.4942144980514378
filter_moddata,Database Activity filter,37.0,1743757147,0.0,0.15000000000000002,2897,2,0,0,"(4, 5)",0,-0.24363316623853334,0.15000000000000002,-0.23962339588655318,-0.4832565621250865
local_aiquestions,AI Text to questions generator,432.0,1686054533,0.0,0.15000000000000002,1469,2,0,1,"(4, 2)",0,0.003559367935714961,0.15000000000000002,-0.23962339588655318,0.7639359720491617
tiny_multilang2,Multi-Language Content (v2),1383.0,1776512008,0.0,0.15000000000000002,1495,2,0,0,"(5, 2)",0,0.5986988616058672,0.15000000000000002,-0.23962339588655318,0.359075465719314
report_failedemails,Failed emails,173.0,1680465644,0.0,0.15000000000000002,1964,1,1,1,"(4, 1)",0,-0.15852383801651368,0.15000000000000002,-0.23962339588655318,1.601852766096933
auth_magic,Magic,147.0,1706287309,0.0,0.15000000000000002,893,2,0,0,"(4, 3)",0,-0.1747947390001351,0.15000000000000002,-0.23962339588655318,-0.41441813488668827
tiny_fontcolor,Tiny Font Color,6944.0,1783519495,0.0,0.15000000000000002,1495,2,0,0,"(5, 2)",0,4.078794260448892,0.15000000000000002,-0.23962339588655318,3.839170864562339
block_motrain,Incentli,85.0,1776840078,0.0,0.15000000000000002,718,2,0,0,"(5, 2)",0,-0.2135945798072323,0.15000000000000002,-0.23962339588655318,-0.45321797569378547
tiny_wiris,MathType for TinyMCE 6 by WIRIS,2052.0,1776770072,0.0,0.15000000000000002,776,1,1,0,"(5, 2)",0,1.0173616599921258,0.15000000000000002,-0.23962339588655318,1.7777382641055726
availability_otherenrolled,Restriction by other course enrollment,106.0,1682073218,0.0,0.15000000000000002,293,1,1,1,"(4, 2)",0,-0.2004526982435381,0.15000000000000002,-0.23962339588655318,1.5599239058699088
assignsubmission_onlyoffice,ONLYOFFICE Assign Submission,120.0,1754318628,0.0,0.15000000000000002,1970,2,0,0,"(5, 0)",0,-0.19169144386774195,0.15000000000000002,-0.23962339588655318,-0.43131483975429513
enrol_teameo,Teameo & Classeo Enrolments,,1747927076,0.0,0.15000000000000002,1971,0,0,0,"(5, 0)",0,-0.2667879099459946,0.15000000000000002,-0.23962339588655318,-0.5064113058325478
block_clampmail,CLAMPMail,147.0,1760705138,0.0,0.15000000000000002,816,1,1,0,"(5, 2)",0,-0.1747947390001351,0.15000000000000002,-0.23962339588655318,0.5855818651133118
tiny_sketch,Sketch,502.0,1778610854,0.0,0.15000000000000002,983,1,1,0,"(5, 2)",0,0.04736563981469567,0.15000000000000002,-0.23962339588655318,0.8077422439281425
block_quizonepagepaginate,Quiz One Page Paginate,29.0,1758944887,0.0,0.15000000000000002,1541,3,0,0,"(5, 0)",0,-0.24863959731041688,0.15000000000000002,-0.23962339588655318,-0.4882629931969701
report_ldapaccounts,Moodle Accounts in LDAP,29.0,1788282600,0.0,0.15000000000000002,1495,1,1,0,"(5, 2)",0,-0.24863959731041688,0.15000000000000002,-0.23962339588655318,0.5117370068030299
qtype_crossword,Crossword question type,321.0,1784664936,0.0,0.15000000000000002,2941,4,0,0,"(5, 2)",0,-0.06590486318666874,0.15000000000000002,-0.23962339588655318,-0.3055282590732219
tool_redirects,Redirects,422.0,1754620400,0.0,0.15000000000000002,562,1,1,0,"(4, 5)",0,-0.0026986709041394268,0.15000000000000002,-0.23962339588655318,0.7576779332093074
enrol_wallet,"Wallet Enrolment (coupons, payments and all needed restrictions)",177.0,1778777119,3.0,0.5325000000000001,1999,1,1,0,"(5, 2)",0,-0.1560206224805719,3.5325,3.6002596269561438,4.4442390044755715
block_wallet,Wallet Balance,23.0,1775341793,0.0,0.15000000000000002,1999,1,1,0,"(5, 2)",0,-0.2523944206143295,0.15000000000000002,-0.23962339588655318,0.5079821834991174
paygw_paymob,Paymob payment,43.0,1757969147,0.0,0.15000000000000002,1999,1,1,0,"(5, 0)",0,-0.23987834293462074,0.15000000000000002,-0.23962339588655318,0.520498261178826
tiny_clickview,Embed ClickView Video (Tiny),70.0,1786493401,0.0,0.15000000000000002,1763,1,1,0,"(5, 2)",0,-0.22298163806701388,0.15000000000000002,-0.23962339588655318,0.537394966046433
local_prometheus,Prometheus reporting endpoint,44.0,1701101664,0.0,0.15000000000000002,2889,1,1,0,"(4, 2)",0,-0.2392525390506353,0.15000000000000002,-0.23962339588655318,0.5211240650628115
local_wunderbyte_table,Wunderbyte Table,1644.0,1787130601,3.0,0.44750000000000006,1983,2,0,0,"(5, 2)",0,0.7620336753260667,3.4475000000000002,3.5037658924575097,4.265799567783576
qtype_jack,JACK,10.0,1701366383,0.0,0.15000000000000002,1983,2,0,0,"(4, 3)",0,-0.2605298711061402,0.15000000000000002,-0.23962339588655318,-0.5001532669926934
local_ai_connector,AI Connector,235.0,1738680691,0.0,0.15000000000000002,869,2,0,0,"(4, 5)",0,-0.11972399720941648,0.15000000000000002,-0.23962339588655318,-0.35934739309596964
tool_opensesame,OpenSesame Connector,20.0,1767650942,0.0,0.15000000000000002,1986,4,0,0,"(5, 1)",0,-0.2542718322662858,0.15000000000000002,-0.23962339588655318,-0.493895228152839
auth_relogin,ReLogin,49.0,1751139681,0.0,0.15000000000000002,1999,1,1,0,"(5, 0)",0,-0.2361235196307081,0.15000000000000002,-0.23962339588655318,0.5242530844827387
tool_excimer,Excimer profiler,309.0,1780673702,0.0,0.15000000000000002,562,1,1,0,"(4, 5)",0,-0.07341450979449402,0.15000000000000002,-0.23962339588655318,0.6869620943189528
mod_sortvoting,Preference Sort Voting,73.0,1728651852,0.0,0.15000000000000002,2227,2,0,0,"(5, 0)",0,-0.22110422641505756,0.15000000000000002,-0.23962339588655318,-0.46072762230161074
tool_htmlbootstrapeditor,HTML Bootstrap Editor (Tool),789.0,1755878527,2.0,0.405,1812,4,0,0,"(4, 5)",0,0.2269713545185166,2.4050000000000002,2.3202986193419117,2.5472699738604283
atto_htmlbootstrapeditor,HTML Bootstrap Editor (Atto Button),340.0,1749836854,0.0,0.15000000000000002,1812,4,0,0,"(4, 5)",0,-0.05401458939094541,0.15000000000000002,-0.23962339588655318,-0.29363798527749857
block_ube_ta,Teaching Assistant Block,147.0,1720118028,0.0,0.15000000000000002,1992,1,1,0,"(4, 4)",0,-0.1747947390001351,0.15000000000000002,-0.23962339588655318,0.5855818651133118
local_yujaverity,YuJa Verity,8.0,1686067064,0.0,0.15000000000000002,1993,1,1,1,"(4, 2)",0,-0.2617814788741111,0.15000000000000002,-0.23962339588655318,1.4985951252393357
block_campaign_manager,Campaign Manager,23.0,1711085119,0.0,0.15000000000000002,2113,1,1,0,"(4, 3)",0,-0.2523944206143295,0.15000000000000002,-0.23962339588655318,0.5079821834991174
lifecyclestep_adminapprove,Admin Approve Step,313.0,1686321008,0.0,0.15000000000000002,734,2,0,1,"(4, 2)",0,-0.07091129425855225,0.15000000000000002,-0.23962339588655318,0.6894653098548946
block_openai_questions,OpenAI Question Generator,236.0,1702658203,0.0,0.15000000000000002,1852,1,1,0,"(4, 3)",0,-0.11909819332543103,0.15000000000000002,-0.23962339588655318,0.6412784107880158
local_moodleappbehat,Moodle App Behat,7.0,1768826108,0.0,0.15000000000000002,220,5,0,0,"(5, 1)",0,-0.2624072827580965,0.15000000000000002,-0.23962339588655318,-0.5020306786446497
plagiarism_originality,Originality - Plagiarism Detection,194.0,1752485715,0.0,0.15000000000000002,2113,1,1,0,"(5, 0)",0,-0.14538195645281946,0.15000000000000002,-0.23962339588655318,0.6149946476606274
quizaccess_hidecorrect,Hide Correctly Answered Questions on Re-Attempt,301.0,1748611953,0.0,0.15000000000000002,1999,1,1,0,"(5, 0)",0,-0.07842094086637752,0.15000000000000002,-0.23962339588655318,0.6819556632470694
qbank_importasversion,Import question as new version,930.0,1776774652,1.0,0.27670312500000005,2941,2,0,0,"(5, 2)",0,0.31520970216046346,1.276703125,1.0394329829667543,1.3546426851272177
tool_deletemessage,Delete Messages,397.0,1765302514,0.0,0.15000000000000002,2001,1,1,0,"(5, 1)",0,-0.018343768003775397,0.15000000000000002,-0.23962339588655318,0.7420328361096714
availability_wallet,Restriction by wallet payment.,19.0,1775341754,0.0,0.15000000000000002,1999,1,1,0,"(5, 2)",0,-0.2548976361502713,0.15000000000000002,-0.23962339588655318,0.5054789679631755
mod_pingo,PINGO,16.0,1698062624,0.0,0.15000000000000002,1891,2,0,0,"(4, 3)",0,-0.2567750478022276,0.15000000000000002,-0.23962339588655318,-0.4963984436887808
profilefield_brasilcep,Brasil CEP,26.0,1752775174,0.0,0.15000000000000002,924,1,1,0,"(5, 1)",0,-0.25051700896237317,0.15000000000000002,-0.23962339588655318,0.5098595951510736
quizaccess_announcements,Live Quiz announcements,25.0,1688469490,0.0,0.15000000000000002,2005,1,1,1,"(4, 5)",0,-0.25114281284635864,0.15000000000000002,-0.23962339588655318,1.5092337912670881
tiny_iorad,iorad,16.0,1688366327,0.0,0.15000000000000002,2006,2,0,1,"(5, 1)",0,-0.2567750478022276,0.15000000000000002,-0.23962339588655318,0.5036015563112193
tiny_cloze,Cloze question editor,2259.0,1780068769,0.0,0.15000000000000002,1495,1,1,0,"(5, 2)",0,1.1469030639771116,0.15000000000000002,-0.23962339588655318,1.9072796680905584
local_imprint,Imprint,65.0,1732967941,0.0,0.15000000000000002,2079,1,1,0,"(4, 5)",0,-0.22611065748694106,0.15000000000000002,-0.23962339588655318,0.5342659466265057
local_honorlockproctoring,Honorlock Proctoring Service,28.0,1701985180,0.0,0.15000000000000002,2586,2,0,0,"(4, 3)",0,-0.2492654011944023,0.15000000000000002,-0.23962339588655318,-0.48888879708095545
auth_wallet,Signup with Wallet Balance Confirm,4.0,1775341838,0.0,0.15000000000000002,1999,1,1,0,"(5, 2)",0,-0.2642846944100528,0.15000000000000002,-0.23962339588655318,0.496091909703394
gradingform_rubric_ranges,Ranged rubric,231.0,1732234548,0.0,0.15000000000000002,562,2,0,0,"(4, 5)",0,-0.12222721274535824,0.15000000000000002,-0.23962339588655318,-0.36185060863191143
tiny_codepro,Source code Pro,922.0,1776795449,0.0,0.15000000000000002,2204,1,1,0,"(5, 2)",0,0.31020327108858,0.15000000000000002,-0.23962339588655318,1.0705798752020268
atto_aic,AIC content generator,81.0,1712739176,0.0,0.15000000000000002,1624,1,1,0,"(4, 3)",0,-0.21609779534317405,0.15000000000000002,-0.23962339588655318,0.5442788087702728
local_tier,Tier plugin,10.0,1751251354,0.0,0.15000000000000002,2014,1,1,0,"(5, 0)",0,-0.2605298711061402,0.15000000000000002,-0.23962339588655318,0.49984673300730664
tool_forcedcache,Forced Caching,509.0,1782399016,0.0,0.15000000000000002,562,1,1,0,"(5, 1)",0,0.05174626700259375,0.15000000000000002,-0.23962339588655318,0.8121228711160405
tool_cloudmetrics,Cloudmetrics,58.0,1770767744,0.0,0.15000000000000002,562,1,1,0,"(4, 5)",0,-0.23049128467483915,0.15000000000000002,-0.23962339588655318,0.5298853194386077
enrol_gapply,Enrollment Application,440.0,1781197440,0.0,0.15000000000000002,2103,1,1,0,"(5, 2)",0,0.008565799007598471,0.15000000000000002,-0.23962339588655318,0.7689424031210452
enrol_poasdatabase,POAS External database,6.0,1707488620,0.0,0.15000000000000002,699,2,0,0,"(4, 3)",0,-0.26303308664208197,0.15000000000000002,-0.23962339588655318,-0.5026564825286352
mod_kanban,Kanban board,818.0,1777994406,0.0,0.15000000000000002,2493,2,0,0,"(5, 2)",0,0.24511966715409433,0.15000000000000002,-0.23962339588655318,0.005496271267541153
quiz_archiver,Quiz Archiver,331.0,1788538201,0.0,0.15000000000000002,2283,1,1,0,"(5, 2)",0,-0.059646824346814356,0.15000000000000002,-0.23962339588655318,0.7007297797666325
tool_lala,Let's audit Learning Analytics,12.0,1707121245,0.0,0.15000000000000002,2021,1,1,0,"(4, 3)",0,-0.25927826333816933,0.15000000000000002,-0.23962339588655318,0.5010983407752775
mod_labnbook,LabNBook,42.0,1788437400,0.0,0.15000000000000002,2022,1,1,0,"(4, 5)",0,-0.24050414681860616,0.15000000000000002,-0.23962339588655318,0.5198724572948407
local_allinoneaccessibility,All in One Accessibility®,67.0,1783940552,0.0,0.15000000000000002,2599,1,1,0,"(5, 2)",0,-0.2248590497189702,0.15000000000000002,-0.23962339588655318,0.5355175543944766
tiny_poodll,Tiny Poodll,176.0,1786893003,0.0,0.15000000000000002,204,1,1,0,"(5, 2)",0,-0.15664642636455736,0.15000000000000002,-0.23962339588655318,0.6037301777488895
mod_kialo,Kialo Discussion,579.0,1782481535,0.0,0.15000000000000002,2025,4,0,0,"(5, 2)",0,0.09555253888157446,0.15000000000000002,-0.23962339588655318,-0.14407085700497874
tiny_htmlblock,Tiny HTML Blocks,1057.0,1777373509,0.0,0.15000000000000002,1495,1,1,0,"(5, 2)",0,0.39468679542661417,0.15000000000000002,-0.23962339588655318,1.155063399540061
media_kinescope,Kinescope,32.0,1760439088,0.0,0.15000000000000002,2519,2,0,0,"(5, 1)",0,-0.24676218565846056,0.15000000000000002,-0.23962339588655318,-0.48638558154501377
mod_learninggoalwidget,Learning Goal Widget,17.0,1747210405,0.0,0.15000000000000002,2028,1,1,0,"(4, 5)",0,-0.2561492439182421,0.15000000000000002,-0.23962339588655318,0.5042273601952048
mod_mooduell,MooDuell,89.0,1783002917,0.0,0.15000000000000002,1983,2,0,0,"(5, 2)",0,-0.21109136427129055,0.15000000000000002,-0.23962339588655318,-0.45071476015784373
tiny_fontsize,Tiny Font Size,2816.0,1786612201,0.0,0.15000000000000002,2167,1,1,0,"(5, 2)",0,1.495475827357001,0.15000000000000002,-0.23962339588655318,2.255852431470448
qtype_reacsimilarity,Reacsimilarity,51.0,1778568895,0.0,0.15000000000000002,894,3,0,0,"(5, 2)",0,-0.2348719118627372,0.15000000000000002,-0.23962339588655318,-0.4744953077492904
local_shopping_cart,Shopping Cart,106.0,1784902201,0.0,0.15000000000000002,1983,2,0,0,"(5, 1)",0,-0.2004526982435381,0.15000000000000002,-0.23962339588655318,-0.4400760941300913
mod_bizexaminer,bizExaminer,18.0,1729504446,0.0,0.15000000000000002,2033,1,1,0,"(4, 5)",0,-0.2555234400342567,0.15000000000000002,-0.23962339588655318,0.5048531640791901
tiny_snippet,Snippet for TinyMCE,404.0,1776659068,0.0,0.15000000000000002,204,1,1,0,"(5, 2)",0,-0.013963140815877325,0.15000000000000002,-0.23962339588655318,0.7464134632975694
tiny_generico,Generico for Tiny,589.0,1785827401,0.0,0.15000000000000002,204,1,1,0,"(5, 2)",0,0.10181057772142885,0.15000000000000002,-0.23962339588655318,0.8621871818348756
local_ibob,Inscription by open badges,79.0,1788268205,1.0,0.2775,2037,1,1,0,"(5, 2)",0,-0.21734940311114492,1.2775,1.040337611727679,1.822988208616534
enrol_ibobenrol,Open Badges Enrolment,87.0,1788268206,0.0,0.15000000000000002,2037,1,1,0,"(5, 2)",0,-0.21234297203926142,0.15000000000000002,-0.23962339588655318,0.5480336320741854
block_myprogress,My Progress,436.0,1776333194,0.0,0.15000000000000002,1104,2,0,0,"(5, 2)",0,0.006062583471656716,0.15000000000000002,-0.23962339588655318,-0.23356081241489646
assignsubmission_edusharing,edu-sharing submissions,18.0,1781619730,0.0,0.15000000000000002,1045,1,1,0,"(5, 2)",0,-0.2555234400342567,0.15000000000000002,-0.23962339588655318,0.5048531640791901
tool_upgradecopy,UpgradeCopy,72.0,1698223021,0.0,0.15000000000000002,843,1,1,0,"(4, 5)",0,-0.221730030299043,0.15000000000000002,-0.23962339588655318,0.5386465738144038
tiny_stash,Tiny stash,310.0,1780894946,0.0,0.15000000000000002,718,1,1,0,"(5, 2)",0,-0.07278870591050857,0.15000000000000002,-0.23962339588655318,0.6875878982029382
mod_surveypro,Surveypro,425.0,1777992035,0.0,0.15000000000000002,2042,1,1,0,"(5, 2)",0,-0.0008212592521831104,0.15000000000000002,-0.23962339588655318,0.7595553448612637
tool_resetpasswords,Bulk Reset Password,104.0,1772782459,0.0,0.15000000000000002,2043,1,1,0,"(5, 1)",0,-0.20170430601150896,0.15000000000000002,-0.23962339588655318,0.5586722981019379
mod_timetableevents,Timetable events,26.0,1700045906,0.0,0.15000000000000002,562,2,0,0,"(4, 3)",0,-0.25051700896237317,0.15000000000000002,-0.23962339588655318,-0.49014040484892635
local_accessibility,Accessibility,970.0,1765865468,0.0,0.15000000000000002,947,2,0,0,"(5, 1)",0,0.340241857519881,0.15000000000000002,-0.23962339588655318,0.10061846163332783
block_verify_certs,Verify certificates,84.0,1718712851,0.0,0.15000000000000002,562,1,1,0,"(4, 4)",0,-0.21422038369121774,0.15000000000000002,-0.23962339588655318,0.5461562204222291
report_coursemanager,Course Manager,534.0,1781595434,0.0,0.15000000000000002,2047,1,1,0,"(5, 1)",0,0.06739136410222972,0.15000000000000002,-0.23962339588655318,0.8277679682156766
quiz_exportattemptscsv,QuizExportAttemptsCsv,56.0,1785964201,0.0,0.15000000000000002,2048,1,1,0,"(5, 2)",0,-0.23174289244281002,0.15000000000000002,-0.23962339588655318,0.5286337116706368
quizaccess_quilgo,Quilgo® Proctoring for Moodle,266.0,1787955000,0.0,0.15000000000000002,2049,1,1,0,"(5, 2)",0,-0.10032407680586787,0.15000000000000002,-0.23962339588655318,0.660052527307579
plagiarism_origai,Originality.ai Plagiarism & AI Detection Plugin,55.0,1785510604,0.0,0.15000000000000002,2525,3,0,0,"(5, 0)",0,-0.23236869632679547,0.15000000000000002,-0.23962339588655318,-0.47199209221334865
tiny_teamsmeeting,Teams Meeting (TinyMCE editor),946.0,1788365429,1.0,0.2775,869,4,0,0,"(5, 2)",0,0.32522256430423047,1.2775,1.040337611727679,1.3655601760319094
tool_skills,Skills,51.0,1775065202,0.0,0.15000000000000002,893,1,1,0,"(5, 1)",0,-0.2348719118627372,0.15000000000000002,-0.23962339588655318,0.5255046922507096
local_lionai_reports,LionAI Reports,81.0,1730702290,0.0,0.15000000000000002,2053,4,0,0,"(4, 5)",0,-0.21609779534317405,0.15000000000000002,-0.23962339588655318,-0.4557211912297272
mod_ispring,iSpring Module,229.0,1775582257,0.0,0.15000000000000002,2054,1,1,0,"(5, 2)",0,-0.1234788205133291,0.15000000000000002,-0.23962339588655318,0.6368977836001177
availability_examus2,Proctoring by Examus 2.0,95.0,1756976057,0.0,0.15000000000000002,2055,1,1,0,"(5, 0)",0,-0.2073365409673779,0.15000000000000002,-0.23962339588655318,0.5530400631460689
local_accountdate_profile,User account creation date in profile,39.0,1703656892,0.0,0.15000000000000002,2056,1,1,0,"(5, 1)",0,-0.24238155847056247,0.15000000000000002,-0.23962339588655318,0.5179950456428843
mod_mootimeter,Mootimeter,351.0,1765470216,0.0,0.15000000000000002,2493,2,0,0,"(5, 1)",0,-0.04713074666710558,0.15000000000000002,-0.23962339588655318,-0.2867541425536588
report_completionall,Course and Activity Completion Reports (all users),166.0,1775341708,0.0,0.15000000000000002,1999,1,1,0,"(5, 2)",0,-0.16290446520441176,0.15000000000000002,-0.23962339588655318,0.597472138909035
mod_listgrades,Publishing of class grades,58.0,1759841118,0.0,0.15000000000000002,2891,1,1,0,"(5, 1)",0,-0.23049128467483915,0.15000000000000002,-0.23962339588655318,0.5298853194386077
local_table_sql,Table Sql,38.0,1783001102,1.0,0.21375000000000002,539,3,0,0,"(5, 2)",0,-0.24300736235454792,1.21375,0.9679673108537037,0.7249599484991558
report_rubric_list,Rubric list,40.0,1711476465,0.0,0.15000000000000002,816,1,1,0,"(5, 2)",0,-0.24175575458657703,0.15000000000000002,-0.23962339588655318,0.5186208495268698
enrol_semco,SEMCO for Moodle Shop Solutions,29.0,1785305401,0.0,0.15000000000000002,242,3,0,0,"(5, 2)",0,-0.24863959731041688,0.15000000000000002,-0.23962339588655318,-0.4882629931969701
datafield_email,Database Field Email,45.0,1776512106,0.0,0.15000000000000002,1495,1,1,0,"(5, 2)",0,-0.23862673516664984,0.15000000000000002,-0.23962339588655318,0.521749868946797
gradeexport_group,Export grades to Group,39.0,1751016260,0.0,0.15000000000000002,2891,1,1,0,"(5, 0)",0,-0.24238155847056247,0.15000000000000002,-0.23962339588655318,0.5179950456428843
message_localmail,Local Mail notifications,171.0,1746741153,0.0,0.15000000000000002,2639,1,1,0,"(5, 2)",0,-0.15977544578448455,0.15000000000000002,-0.23962339588655318,0.6006011583289623
local_geniai,GeniAI,1703.0,1783684861,0.0,0.15000000000000002,1999,1,1,0,"(1, 9)",1,0.7989561044812076,0.15000000000000002,-0.23962339588655318,1.5593327085946544
datafield_regex,Regular expression,52.0,1776512174,0.0,0.15000000000000002,1495,1,1,0,"(5, 2)",0,-0.23424610797875178,0.15000000000000002,-0.23962339588655318,0.5261304961346951
mod_certificatebeautiful,Beautiful certificate,2813.0,1777337240,0.0,0.15000000000000002,1999,1,1,0,"(1, 9)",1,1.4935984157050448,0.15000000000000002,-0.23962339588655318,2.2539750198184914
mod_videoassessment,Video Assessment Module,48.0,1783311434,0.0,0.15000000000000002,947,2,0,0,"(5, 2)",0,-0.23674932351469352,0.15000000000000002,-0.23962339588655318,-0.4763727194012467
local_levitate,Levitate,81.0,1716372245,0.0,0.15000000000000002,2946,2,0,0,"(4, 4)",0,-0.21609779534317405,0.15000000000000002,-0.23962339588655318,-0.4557211912297272
local_ulibot,Ulibot,42.0,1747775476,0.0,0.15000000000000002,2071,1,1,0,"(4, 5)",0,-0.24050414681860616,0.15000000000000002,-0.23962339588655318,0.5198724572948407
tiny_edusharing,Edu-Sharing TinyMCE-Editor Plugin,27.0,1788768601,0.0,0.15000000000000002,1045,1,1,0,"(5, 2)",0,-0.24989120507838775,0.15000000000000002,-0.23962339588655318,0.5104853990350591
mod_exammanagement,Exam management,37.0,1709231325,0.0,0.15000000000000002,1891,2,0,0,"(4, 3)",0,-0.24363316623853334,0.15000000000000002,-0.23962339588655318,-0.4832565621250865
report_hybridmeter,HybridMeter,29.0,1725890826,0.0,0.15000000000000002,2897,1,1,0,"(4, 4)",0,-0.24863959731041688,0.15000000000000002,-0.23962339588655318,0.5117370068030299
tiny_orphanedfiles,Tiny orphaned files,143.0,1756463561,0.0,0.15000000000000002,1791,1,1,0,"(5, 0)",0,-0.17729795453607686,0.15000000000000002,-0.23962339588655318,0.58307864957737
availability_facetoface,Restriction by Face-to-face session,44.0,1752880827,0.0,0.15000000000000002,2946,1,1,0,"(4, 5)",0,-0.2392525390506353,0.15000000000000002,-0.23962339588655318,0.5211240650628115
local_dyslexia,Dyslexia,165.0,1765815365,0.0,0.15000000000000002,1626,1,1,0,"(5, 0)",0,-0.16353026908839718,0.15000000000000002,-0.23962339588655318,0.5968463350250497
tiny_medial,MEDIAL TinyMCE Editor - Latest,61.0,1779288372,0.0,0.15000000000000002,780,1,1,0,"(5, 2)",0,-0.22861387302288283,0.15000000000000002,-0.23962339588655318,0.5317627310905639
local_easyconf,Easy Configuration,1.0,1715180036,0.0,0.15000000000000002,2079,1,1,0,"(4, 4)",0,-0.26616210606200913,0.15000000000000002,-0.23962339588655318,0.4942144980514377
filter_aijammer,AI Jammer,47.0,1769507079,0.0,0.15000000000000002,1626,1,1,0,"(5, 0)",0,-0.23737512739867897,0.15000000000000002,-0.23962339588655318,0.5230014767147678
report_securityaudit,NIS2 and GDPR Security Audit Report,444.0,1754908733,0.0,0.15000000000000002,2081,1,1,0,"(5, 0)",0,0.011069014543540227,0.15000000000000002,-0.23962339588655318,0.771445618656987
tiny_wordlimit,TinyMCE Word Limit,221.0,1775806820,0.0,0.15000000000000002,827,1,1,0,"(5, 1)",0,-0.12848525158521262,0.15000000000000002,-0.23962339588655318,0.6318913525282341
tool_emailutils,Email utilities,27.0,1710463849,0.0,0.15000000000000002,562,1,1,0,"(4, 3)",0,-0.24989120507838775,0.15000000000000002,-0.23962339588655318,0.5104853990350591
local_catquiz,ALiSe CAT Quiz,30.0,1733477304,0.0,0.15000000000000002,1983,4,0,0,"(4, 5)",0,-0.24801379342643143,0.15000000000000002,-0.23962339588655318,-0.4876371893129846
tool_vault,Vault - Site backup and migration,318.0,1785089403,0.0,0.15000000000000002,537,1,1,0,"(5, 2)",0,-0.06778227483862506,0.15000000000000002,-0.23962339588655318,0.6925943292748218
quiz_outline,Outline,13.0,1711024544,0.0,0.15000000000000002,924,1,1,0,"(4, 3)",0,-0.25865245945418386,0.15000000000000002,-0.23962339588655318,0.501724144659263
local_meccertbulkdownload,ME CustomCert Bulk Download,84.0,1747670127,0.0,0.15000000000000002,1035,1,1,0,"(4, 5)",0,-0.21422038369121774,0.15000000000000002,-0.23962339588655318,0.5461562204222291
tiny_molstructure,Chemical substance,200.0,1740665796,0.0,0.15000000000000002,894,2,0,0,"(5, 1)",0,-0.14162713314890685,0.15000000000000002,-0.23962339588655318,-0.38125052903546003
local_coursetransfer,Course Transfer,171.0,1716192512,0.0,0.15000000000000002,2891,3,0,0,"(4, 4)",0,-0.15977544578448455,0.15000000000000002,-0.23962339588655318,-0.39939884167103773
mod_kuet,Kuet,361.0,1787739001,0.0,0.15000000000000002,2891,3,0,0,"(4, 5)",0,-0.04087270782725119,0.15000000000000002,-0.23962339588655318,-0.2804961037138044
gradeexport_groupfilter_xls,Groupfilter_xls Export Gradebook with Groups,98.0,1732609706,0.0,0.15000000000000002,2891,2,0,0,"(4, 5)",0,-0.2054591293154216,0.15000000000000002,-0.23962339588655318,-0.4450825252019748
gradereport_gradeconfigwizard,Grade setup wizard,76.0,1730201465,0.0,0.15000000000000002,2891,2,0,0,"(4, 5)",0,-0.21922681476310124,0.15000000000000002,-0.23962339588655318,-0.4588502106496544
tool_dynamic_cohorts,Dynamic cohorts,1902.0,1774923032,0.0,0.15000000000000002,562,2,0,0,"(5, 1)",0,0.9234910773943099,0.15000000000000002,-0.23962339588655318,0.6838676815077567
local_accessibility_filescan,Accessibility Filescan,19.0,1715800425,0.0,0.15000000000000002,2095,1,1,0,"(4, 4)",0,-0.2548976361502713,0.15000000000000002,-0.23962339588655318,0.5054789679631755
block_accessibility_filescan,Accessibility Filescan,17.0,1711471849,0.0,0.15000000000000002,2095,1,1,0,"(4, 3)",0,-0.2561492439182421,0.15000000000000002,-0.23962339588655318,0.5042273601952048
plagiarism_advacheck,Advacheck,71.0,1768382835,0.0,0.15000000000000002,2096,3,0,0,"(5, 1)",0,-0.22235583418302843,0.15000000000000002,-0.23962339588655318,-0.46197923006958164
tool_lazycron,Lazy cron,23.0,1777554704,0.0,0.15000000000000002,2097,1,1,0,"(5, 2)",0,-0.2523944206143295,0.15000000000000002,-0.23962339588655318,0.5079821834991174
local_aatplugin,AAT Export Utility,1.0,1733945209,0.0,0.15000000000000002,2098,6,0,0,"(4, 5)",0,-0.26616210606200913,0.15000000000000002,-0.23962339588655318,-0.5057855019485623
local_alternative_file_system,Alternative File System,322.0,1783128541,0.0,0.15000000000000002,1999,1,1,0,"(1, 9)",1,-0.06527905930268331,0.15000000000000002,-0.23962339588655318,0.6950975448107635
auth_coupon,Email/coupon authentication,50.0,1765443134,0.0,0.15000000000000002,1188,2,0,0,"(5, 1)",0,-0.23549771574672265,0.15000000000000002,-0.23962339588655318,-0.47512111163327586
profilefield_coupon,Coupon processor profile field,17.0,1765873786,0.0,0.15000000000000002,1188,2,0,0,"(5, 1)",0,-0.2561492439182421,0.15000000000000002,-0.23962339588655318,-0.4957726398047953
tiny_embedquestion,Embedded question TinyMCE editor plugin,383.0,1782379582,0.0,0.15000000000000002,2941,4,0,0,"(5, 2)",0,-0.02710502237957154,0.15000000000000002,-0.23962339588655318,-0.2667284182661247
block_cinfo,Course extra UI,186.0,1771856677,0.0,0.15000000000000002,2103,1,1,0,"(5, 2)",0,-0.150388387524703,0.15000000000000002,-0.23962339588655318,0.6099882165887438
quiz_essaydownload,Essay responses downloader plugin (quiz_essaydownload),202.0,1782032292,0.0,0.15000000000000002,1812,1,1,0,"(5, 2)",0,-0.14037552538093595,0.15000000000000002,-0.23962339588655318,0.6200010787325109
paygw_cryptocloud,CryptoCloud,8.0,1734089138,0.0,0.15000000000000002,2143,1,1,0,"(4, 5)",0,-0.2617814788741111,0.15000000000000002,-0.23962339588655318,0.4985951252393357
block_disealytics,DiSEA Learner Dashboard,42.0,1741006468,0.0,0.15000000000000002,2106,2,0,0,"(4, 5)",0,-0.24050414681860616,0.15000000000000002,-0.23962339588655318,-0.48012754270515934
block_mycourse,My Course,83.0,1774369197,0.0,0.15000000000000002,2212,1,1,0,"(5, 1)",0,-0.21484618757520318,0.15000000000000002,-0.23962339588655318,0.5455304165382436
mod_stream,STREAM All-in-One Video Platform Activity,105.0,1772621007,2.0,0.513375,2113,1,1,0,"(5, 1)",0,-0.2010785021275235,2.513375,2.4433281308276693,3.242249628700146
block_site_stats,Site Statistics,165.0,1761406773,0.0,0.15000000000000002,2109,1,1,0,"(5, 1)",0,-0.16353026908839718,0.15000000000000002,-0.23962339588655318,0.5968463350250497
block_booksearch,Book Search,13.0,1728747178,0.0,0.15000000000000002,2110,1,1,0,"(4, 5)",0,-0.25865245945418386,0.15000000000000002,-0.23962339588655318,0.501724144659263
qtype_essayannotate,Essay annotate,31.0,1733679385,0.0,0.15000000000000002,2111,5,0,0,"(4, 5)",0,-0.24738798954244598,0.15000000000000002,-0.23962339588655318,-0.48701138542899913
local_deepler,Deepl Translator,103.0,1769013343,0.0,0.15000000000000002,1019,1,1,0,"(5, 1)",0,-0.2023301098954944,0.15000000000000002,-0.23962339588655318,0.5580464942179524
filter_stream,STREAM All-in-One Video Platform Filter,12.0,1718040838,0.0,0.15000000000000002,2113,1,1,0,"(4, 4)",0,-0.25927826333816933,0.15000000000000002,-0.23962339588655318,0.5010983407752775
report_lmsace_reports,LMSACE reports,288.0,1779887663,0.0,0.15000000000000002,1999,1,1,0,"(5, 1)",0,-0.08655639135818823,0.15000000000000002,-0.23962339588655318,0.6738202127552586
local_copygroups,Copy Groups,31.0,1729672665,0.0,0.15000000000000002,1644,1,1,0,"(4, 5)",0,-0.24738798954244598,0.15000000000000002,-0.23962339588655318,0.5129886145710009
logstore_error_log,PHP Error log,41.0,1785399001,0.0,0.15000000000000002,1303,1,1,0,"(5, 2)",0,-0.2411299507025916,0.15000000000000002,-0.23962339588655318,0.5192466534108552
local_courselist,Course list,118.0,1777885397,0.0,0.15000000000000002,433,1,1,0,"(4, 5)",0,-0.19294305163571282,0.15000000000000002,-0.23962339588655318,0.567433552477734
local_stream,STREAM All-in-One Video Platform Integration,48.0,1772620912,1.0,0.2775,2113,1,1,0,"(5, 1)",0,-0.23674932351469352,1.2775,1.040337611727679,1.8035882882129854
customfield_textregex,Short text with regex validation,85.0,1785226201,0.0,0.15000000000000002,2232,1,1,0,"(5, 2)",0,-0.2135945798072323,0.15000000000000002,-0.23962339588655318,0.5467820243062145
atto_aceinlineassistant,Atto Ace Inline Assistant,7.0,1727644422,0.0,0.15000000000000002,2941,1,1,0,"(4, 4)",0,-0.2624072827580965,0.15000000000000002,-0.23962339588655318,0.4979693213553503
quizaccess_tcquiz,TCQuiz,21.0,1729968694,0.0,0.15000000000000002,2121,1,1,0,"(4, 4)",0,-0.2536460283823004,0.15000000000000002,-0.23962339588655318,0.5067305757311464
auth_edwiserbridge,Edwiser Bridge - The #1 WordPress Moodle Integration plugin to sell Moodle courses via WooCommerce,2041.0,1778750259,0.0,0.15000000000000002,1441,1,1,0,"(5, 2)",0,1.010477817268286,0.15000000000000002,-0.23962339588655318,1.7708544213817328
block_site_announcements,Site announcements,124.0,1785046202,0.0,0.15000000000000002,2123,1,1,0,"(5, 2)",0,-0.18918822833180018,0.15000000000000002,-0.23962339588655318,0.5711883757816466
format_btns,Format Btns,30.0,1728701053,0.0,0.15000000000000002,2124,1,1,0,"(4, 5)",0,-0.24801379342643143,0.15000000000000002,-0.23962339588655318,0.5123628106870154
local_webshell,Webshell,50.0,1744824800,0.0,0.15000000000000002,2125,1,1,0,"(5, 0)",0,-0.23549771574672265,0.15000000000000002,-0.23962339588655318,0.5248788883667241
local_treestudyplan,Study plans,113.0,1788214200,0.0,0.15000000000000002,1999,1,1,0,"(5, 2)",0,-0.19607207105564,0.15000000000000002,-0.23962339588655318,0.5643045330578068
quizaccess_videocapture,Face recognition quiz access rule,16.0,1757664384,0.0,0.15000000000000002,2793,1,1,0,"(5, 0)",0,-0.2567750478022276,0.15000000000000002,-0.23962339588655318,0.5036015563112193
local_devassist,Site backup and Developer Assist,49.0,1752452787,0.0,0.15000000000000002,1999,1,1,0,"(5, 0)",0,-0.2361235196307081,0.15000000000000002,-0.23962339588655318,0.5242530844827387
tool_amoslink,AMOS Link,41.0,1719823535,0.0,0.15000000000000002,2047,1,1,0,"(4, 4)",0,-0.2411299507025916,0.15000000000000002,-0.23962339588655318,0.5192466534108552
mod_bacs,BACS: Zero-Setup Code Grader & Contests,10.0,1781944819,0.0,0.15000000000000002,2130,1,1,0,"(5, 2)",0,-0.2605298711061402,0.15000000000000002,-0.23962339588655318,0.49984673300730664
tiny_wordimport,Microsoft Word File Import (TinyMCE),1153.0,1779434841,1.0,0.17550000000000002,827,1,1,0,"(5, 1)",0,0.4547639682892163,1.1755,0.9245451303293183,2.379309098618535
mod_cloudstudio,Cloud Studio,16.0,1746191737,2.0,0.39543750000000005,1999,2,0,0,"(1, 9)",1,-0.2567750478022276,2.3954375,2.3094430742108147,2.052668026408587
local_notificationsagent,Notifications Agent,281.0,1753789838,0.0,0.15000000000000002,2891,3,0,0,"(5, 0)",0,-0.0909370185460863,0.15000000000000002,-0.23962339588655318,-0.3305604144326395
tiny_cursive,Cursive,120.0,1788268204,0.0,0.15000000000000002,2525,2,0,0,"(5, 2)",0,-0.19169144386774195,0.15000000000000002,-0.23962339588655318,-0.43131483975429513
block_accessibility_overview,Accessibility Overview,120.0,1784842762,0.0,0.15000000000000002,947,1,1,0,"(5, 1)",0,-0.19169144386774195,0.15000000000000002,-0.23962339588655318,0.5686851602457048
paygw_fawry,Fawry Payment,9.0,1734528233,0.0,0.15000000000000002,1999,1,1,0,"(4, 5)",0,-0.26115567499012565,0.15000000000000002,-0.23962339588655318,0.49922092912332117
mod_vinapse,Vinapse - Video AI,12.0,1720083322,0.0,0.15000000000000002,2137,1,1,0,"(5, 0)",0,-0.25927826333816933,0.15000000000000002,-0.23962339588655318,0.5010983407752775
tool_copy_courses,Massive Course Copy,134.0,1780454347,0.0,0.15000000000000002,2124,1,1,0,"(5, 2)",0,-0.18293018949194578,0.15000000000000002,-0.23962339588655318,0.577446414621501
local_easycustmenu,Easy Custom Menu,212.0,1782819507,0.0,0.15000000000000002,2158,1,1,0,"(5, 2)",0,-0.13411748654108158,0.15000000000000002,-0.23962339588655318,0.6262591175723653
block_bookchapter_pdf,Export book-chapters PDF,12.0,1729847536,0.0,0.15000000000000002,2632,1,1,0,"(4, 1)",0,-0.25927826333816933,0.15000000000000002,-0.23962339588655318,0.5010983407752775
block_course_statistics,Course statistics,57.0,1729578449,0.0,0.15000000000000002,2141,1,1,0,"(4, 2)",0,-0.23111708855882457,0.15000000000000002,-0.23962339588655318,0.5292595155546223
tiny_ai,AI editor tools,657.0,1777986590,2.0,0.2743125,2493,3,0,0,"(5, 2)",0,0.14436524183243868,2.2743125,2.171939502550262,2.3163047443827005
paygw_yookassa,YooKassa,54.0,1761370518,0.0,0.15000000000000002,2143,1,1,0,"(5, 1)",0,-0.23299450021078089,0.15000000000000002,-0.23962339588655318,0.5273821039026659
qbank_genai,Generative AI Question Bank,319.0,1776019731,0.0,0.15000000000000002,2144,1,1,0,"(5, 2)",0,-0.06715647095463963,0.15000000000000002,-0.23962339588655318,0.6932201331588073
mod_serlo,Serlo Editor,24.0,1739811882,0.0,0.15000000000000002,2145,1,1,0,"(4, 5)",0,-0.25176861673034406,0.15000000000000002,-0.23962339588655318,0.5086079873831028
local_certaintysettings,Certainty quiz behaviours settings,11.0,1721834157,0.0,0.15000000000000002,1626,1,1,0,"(4, 5)",0,-0.25990406722215476,0.15000000000000002,-0.23962339588655318,0.5004725368912921
paygw_robokassa,Robokassa,33.0,1776924389,0.0,0.15000000000000002,2143,1,1,0,"(5, 2)",0,-0.2461363817744751,0.15000000000000002,-0.23962339588655318,0.5142402223389717
paygw_payanyway,PayAnyWay,5.0,1743536862,0.0,0.15000000000000002,2143,1,1,0,"(4, 5)",0,-0.2636588905260674,0.15000000000000002,-0.23962339588655318,0.4967177135873795
auth_cognito,Oomax Pro Multi-Brand Identity & Access Security Suite,17.0,1731514975,0.0,0.15000000000000002,2149,2,0,0,"(4, 5)",0,-0.2561492439182421,0.15000000000000002,-0.23962339588655318,-0.4957726398047953
mod_pokcertificate,POK Certificate,57.0,1773942694,0.0,0.15000000000000002,2150,4,0,0,"(4, 5)",0,-0.23111708855882457,0.15000000000000002,-0.23962339588655318,-0.47074048444537775
profilefield_phone,Phone,108.0,1770313136,0.0,0.15000000000000002,1999,1,1,0,"(5, 1)",0,-0.1992010904755672,0.15000000000000002,-0.23962339588655318,0.5611755136378797
tiny_corrections,Tiny corrections,164.0,1738326097,0.0,0.15000000000000002,2897,2,0,0,"(4, 5)",0,-0.16415607297238263,0.15000000000000002,-0.23962339588655318,-0.4037794688589358
local_kopere_mobile,Kopere APP Mobile,415.0,1745512537,0.0,0.15000000000000002,1999,1,1,0,"(1, 9)",1,-0.007079298092037498,0.15000000000000002,-0.23962339588655318,0.7532973060214093
mod_ardora,Ardora,10.0,1788786601,0.0,0.15000000000000002,2154,1,1,0,"(5, 2)",0,-0.2605298711061402,0.15000000000000002,-0.23962339588655318,0.49984673300730664
media_rutube,RuTube,120.0,1776924159,0.0,0.15000000000000002,2143,1,1,0,"(5, 2)",0,-0.19169144386774195,0.15000000000000002,-0.23962339588655318,0.5686851602457048
local_custompage,Custom pages,260.0,1782055524,1.0,0.2775,869,1,1,0,"(5, 1)",0,-0.1040789001097805,1.2775,1.040337611727679,1.9362587116178984
block_vitrina,Showcase,253.0,1773778827,0.0,0.15000000000000002,2889,1,1,0,"(5, 1)",0,-0.10845952729767858,0.15000000000000002,-0.23962339588655318,0.6519170768157683
local_customcleanurl,Custom Clean URL,88.0,1788264601,0.0,0.15000000000000002,2158,1,1,0,"(5, 2)",0,-0.21171716815527597,0.15000000000000002,-0.23962339588655318,0.5486594359581709
local_nolej,Nolej,247.0,1725285065,0.0,0.15000000000000002,2159,1,1,0,"(4, 4)",0,-0.11221435060159121,0.15000000000000002,-0.23962339588655318,0.6481622535118556
block_newsslider,News Slider,122.0,1738595196,0.0,0.15000000000000002,2160,1,1,0,"(4, 5)",0,-0.19043983609977105,0.15000000000000002,-0.23962339588655318,0.5699367680136758
filter_gitquotes,Git flavored markdown quotes filter,16.0,1726149419,0.0,0.15000000000000002,2161,1,1,0,"(4, 4)",0,-0.2567750478022276,0.15000000000000002,-0.23962339588655318,0.5036015563112193
availability_message,Restriction by message,6.0,1730108942,0.0,0.15000000000000002,2162,1,1,0,"(4, 5)",0,-0.26303308664208197,0.15000000000000002,-0.23962339588655318,0.49734351747136485
qbank_filtername,Filter questions with name,136.0,1731578531,0.0,0.15000000000000002,2163,1,1,0,"(4, 5)",0,-0.1816785817239749,0.15000000000000002,-0.23962339588655318,0.5786980223894719
assignsubmission_edulegit,EduLegit workspace,1.0,1739518882,0.0,0.15000000000000002,2164,1,1,0,"(4, 5)",0,-0.26616210606200913,0.15000000000000002,-0.23962339588655318,0.4942144980514377
qbank_bulkxmlexport,Bulk XML Export questions,50.0,1776533259,0.0,0.15000000000000002,1495,1,1,0,"(5, 2)",0,-0.23549771574672265,0.15000000000000002,-0.23962339588655318,0.5248788883667241
mod_otopo,Otopo,111.0,1781275583,0.0,0.15000000000000002,1104,3,0,0,"(5, 2)",0,-0.19732367882361088,0.15000000000000002,-0.23962339588655318,-0.43694707471016403
tiny_fontfamily,Tiny Font Family,2035.0,1786612201,0.0,0.15000000000000002,2167,1,1,0,"(5, 2)",0,1.0067229939643734,0.15000000000000002,-0.23962339588655318,1.7670995980778201
mod_videoconnect,Video Connect,111.0,1785413401,0.0,0.15000000000000002,2891,2,0,0,"(5, 1)",0,-0.19732367882361088,0.15000000000000002,-0.23962339588655318,-0.43694707471016403
filter_couponinput,Coupon form text filter,6.0,1765890519,0.0,0.15000000000000002,1188,1,1,0,"(5, 1)",0,-0.26303308664208197,0.15000000000000002,-0.23962339588655318,0.49734351747136485
local_ai_manager,AI Manager,887.0,1788340206,6.0,0.8899781250000001,2493,3,0,0,"(5, 2)",0,0.2883001351490896,6.889978125,7.411737306705804,7.700037441854894
block_ai_chat,AI Chat,463.0,1784800703,1.0,0.19250000000000003,2493,3,0,0,"(5, 2)",0,0.022959288339263563,1.1925000000000001,0.9438438772290452,0.9668031655683087
block_bgwidget,BG Widget,1.0,1733333738,0.0,0.15000000000000002,2172,3,0,0,"(4, 5)",0,-0.26616210606200913,0.15000000000000002,-0.23962339588655318,-0.5057855019485623
mod_interactivevideo,Interactive Video,1322.0,1788441001,1.0,0.2775,2103,1,1,0,"(5, 2)",0,0.5605248246827554,1.2775,1.040337611727679,2.6008624364104342
tool_ltigroupautoenrol,Automatic enrolment in groups by LTI tool,22.0,1775020105,0.0,0.15000000000000002,2174,1,1,0,"(5, 2)",0,-0.25302022449831496,0.15000000000000002,-0.23962339588655318,0.5073563796151319
qtype_multianswerrgx,Embedded answers with REGEXP (Clozergx),38.0,1746394324,0.0,0.15000000000000002,2897,1,1,0,"(5, 0)",0,-0.24300736235454792,0.15000000000000002,-0.23962339588655318,0.5173692417588989
local_aise,Accent Insensitive Search Enabler,8.0,1748870756,0.0,0.15000000000000002,539,3,0,0,"(5, 0)",0,-0.2617814788741111,0.15000000000000002,-0.23962339588655318,-0.5014048747606643
local_resend_password_profile,Resend Password Profile,107.0,1759098359,0.0,0.15000000000000002,2177,1,1,0,"(5, 0)",0,-0.19982689435955264,0.15000000000000002,-0.23962339588655318,0.5605497097538942
enrol_cart,Shopping Cart,85.0,1763057562,0.0,0.15000000000000002,2390,1,1,0,"(5, 2)",0,-0.2135945798072323,0.15000000000000002,-0.23962339588655318,0.5467820243062145
block_zoomonline,Zoom Online,100.0,1739446200,0.0,0.15000000000000002,2179,1,1,0,"(4, 5)",0,-0.2042075215474507,0.15000000000000002,-0.23962339588655318,0.5561690825659962
mod_plenum,Plenary meeting,22.0,1787447401,0.0,0.15000000000000002,893,1,1,0,"(5, 2)",0,-0.25302022449831496,0.15000000000000002,-0.23962339588655318,0.5073563796151319
mod_mmogame,Multiple Player Online Game,17.0,1777892224,0.0,0.15000000000000002,2181,1,1,0,"(5, 2)",0,-0.2561492439182421,0.15000000000000002,-0.23962339588655318,0.5042273601952048
local_webworkers,WebWorkers Support,1.0,1730775109,0.0,0.15000000000000002,2182,1,1,0,"(4, 5)",0,-0.26616210606200913,0.15000000000000002,-0.23962339588655318,0.4942144980514377
enrol_campusonline,CAMPUSonline enrolment,26.0,1785942600,0.0,0.15000000000000002,2340,2,0,0,"(5, 1)",0,-0.25051700896237317,0.15000000000000002,-0.23962339588655318,-0.49014040484892635
tool_driprelease,Drip release,35.0,1775426221,0.0,0.15000000000000002,364,1,1,0,"(5, 2)",0,-0.24488477400650424,0.15000000000000002,-0.23962339588655318,0.5154918301069426
local_eportfolio,ePortfolio,81.0,1777431102,2.0,0.405,2197,1,1,0,"(5, 1)",0,-0.21609779534317405,2.4050000000000002,2.3202986193419117,3.1042008239987378
mod_certifygen,Unimoodle Certifygen,25.0,1763728880,2.0,0.405,2891,3,0,0,"(5, 1)",0,-0.25114281284635864,2.4050000000000002,2.3202986193419117,2.0691558064955533
qbank_quiztimer,Timing Questionbank extension,58.0,1747810054,0.0,0.15000000000000002,2891,2,0,0,"(4, 5)",0,-0.23049128467483915,0.15000000000000002,-0.23962339588655318,-0.47011468056139233
quizaccess_quiztimer,Quiztimer (access rule),151.0,1750844390,1.0,0.2775,2891,2,0,0,"(5, 0)",0,-0.17229152346419332,1.2775,1.040337611727679,0.8680460882634857
availability_dedicationtime,Restriction by dedication time,206.0,1764236890,0.0,0.15000000000000002,2109,1,1,0,"(5, 1)",0,-0.1378723098449942,0.15000000000000002,-0.23962339588655318,0.6225042942684527
mod_onlyofficedocspace,ONLYOFFICE DocSpace,27.0,1759152689,0.0,0.15000000000000002,1970,1,1,0,"(5, 0)",0,-0.24989120507838775,0.15000000000000002,-0.23962339588655318,0.5104853990350591
local_copy,Copy and Paste Modules,315.0,1761761587,0.0,0.15000000000000002,1999,1,1,0,"(1, 9)",1,-0.06965968649058138,0.15000000000000002,-0.23962339588655318,0.6907169176228655
paygw_razorpay,Razorpay,121.0,1746870066,0.0,0.15000000000000002,2109,1,1,0,"(5, 0)",0,-0.1910656399837565,0.15000000000000002,-0.23962339588655318,0.5693109641296903
tiny_translations,Translations companion,57.0,1732593988,0.0,0.15000000000000002,293,1,1,0,"(4, 5)",0,-0.23111708855882457,0.15000000000000002,-0.23962339588655318,0.5292595155546223
block_faq_list,Faq list,115.0,1736847425,0.0,0.15000000000000002,1035,1,1,0,"(4, 5)",0,-0.19482046328766914,0.15000000000000002,-0.23962339588655318,0.5655561408257777
media_cloudstudio,CloudStudio Filter Player,8.0,1736197691,1.0,0.21375000000000002,1999,2,0,0,"(1, 9)",1,-0.2617814788741111,1.21375,0.9679673108537037,0.7061858319795926
repository_cloudstudio,CloudStudio File Repository,2.0,1736455044,0.0,0.15000000000000002,1999,2,0,0,"(4, 5)",0,-0.2655363021780237,0.15000000000000002,-0.23962339588655318,-0.505159698064577
block_eportfolio,ePortfolio Block,53.0,1759219233,0.0,0.15000000000000002,2197,1,1,0,"(5, 0)",0,-0.23362030409476633,0.15000000000000002,-0.23962339588655318,0.5267563000186805
mod_eportfolio,ePortfolio Grading,51.0,1765551384,0.0,0.15000000000000002,2197,1,1,0,"(5, 0)",0,-0.2348719118627372,0.15000000000000002,-0.23962339588655318,0.5255046922507096
availability_useragent,User Agent,35.0,1732891459,0.0,0.15000000000000002,2897,2,0,0,"(4, 5)",0,-0.24488477400650424,0.15000000000000002,-0.23962339588655318,-0.48450816989305745
local_boost_dark,Boost Dark,3887.0,1779664092,0.0,0.15000000000000002,1999,1,1,0,"(1, 9)",1,2.165711787105406,0.15000000000000002,-0.23962339588655318,2.926088391218853
quiz_heartbeat,Heartbeat quiz status overview (quiz_heartbeat),52.0,1777637230,0.0,0.15000000000000002,1812,1,1,0,"(5, 2)",0,-0.23424610797875178,0.15000000000000002,-0.23962339588655318,0.5261304961346951
block_su_agent_moodle,Moodle Agent,22.0,1758270213,0.0,0.15000000000000002,2202,1,1,0,"(5, 0)",0,-0.25302022449831496,0.15000000000000002,-0.23962339588655318,0.5073563796151319
local_corolair,Raison AI Tutor: AI Teaching Assistant for Courses,126.0,1788534602,0.0,0.15000000000000002,2203,1,1,0,"(5, 2)",0,-0.18793662056382932,0.15000000000000002,-0.23962339588655318,0.5724399835496174
tiny_widgethub,WidgetHub,432.0,1787652601,0.0,0.15000000000000002,2204,1,1,0,"(5, 2)",0,0.003559367935714961,0.15000000000000002,-0.23962339588655318,0.7639359720491617
local_webcourse,WEBSERVICE Integration - COURSE,1.0,1736971581,0.0,0.15000000000000002,2205,1,1,0,"(4, 5)",0,-0.26616210606200913,0.15000000000000002,-0.23962339588655318,0.4942144980514377
local_kopere_bi,Kopere BI - 100+ Reports and Dashboards for Moodle,2301.0,1780403130,2.0,0.2775,1999,1,1,0,"(1, 9)",1,1.1731868271045,2.2775,2.17555801759396,4.3487448446984605
block_student_info,Student identification,14.0,1735931453,0.0,0.15000000000000002,2207,1,1,0,"(4, 5)",0,-0.25802665557019844,0.15000000000000002,-0.23962339588655318,0.5023499485432483
mod_contentdesigner,Content Designer,165.0,1760612210,0.0,0.15000000000000002,893,2,0,0,"(4, 5)",0,-0.16353026908839718,0.15000000000000002,-0.23962339588655318,-0.40315366497495037
local_whatsappgen,WhatsApp Generator,154.0,1764646972,0.0,0.15000000000000002,2209,1,1,0,"(5, 1)",0,-0.170414111812237,0.15000000000000002,-0.23962339588655318,0.5899624923012098
tiny_qrcode,QR code,121.0,1736539614,0.0,0.15000000000000002,2525,1,1,0,"(4, 5)",0,-0.1910656399837565,0.15000000000000002,-0.23962339588655318,0.5693109641296903
enrol_yafee,YaFee,48.0,1747990721,0.0,0.15000000000000002,2143,1,1,0,"(5, 0)",0,-0.23674932351469352,0.15000000000000002,-0.23962339588655318,0.5236272805987533
local_gototop,Go to Top,32.0,1736889724,0.0,0.15000000000000002,2212,1,1,0,"(5, 0)",0,-0.24676218565846056,0.15000000000000002,-0.23962339588655318,0.5136144184549862
block_alphabees,Alphabees AI Tutor / AI Chat,89.0,1782337762,0.0,0.15000000000000002,2213,1,1,0,"(5, 2)",0,-0.21109136427129055,0.15000000000000002,-0.23962339588655318,0.5492852398421563
filter_cssinject,CSS inject,74.0,1761294281,0.0,0.15000000000000002,2214,1,1,0,"(5, 1)",0,-0.2204784225310721,0.15000000000000002,-0.23962339588655318,0.5398981815823747
tool_category_backup,Category Backup,64.0,1748927993,0.0,0.15000000000000002,2124,1,1,0,"(5, 2)",0,-0.2267364613709265,0.15000000000000002,-0.23962339588655318,0.5336401427425204
block_rate,Star Rating,84.0,1770300118,0.0,0.15000000000000002,1999,1,1,0,"(1, 9)",1,-0.21422038369121774,0.15000000000000002,-0.23962339588655318,0.5461562204222291
profilefield_database,User Field DB,218.0,1762175803,0.0,0.15000000000000002,1999,1,1,0,"(1, 9)",1,-0.13036266323716894,0.15000000000000002,-0.23962339588655318,0.6300139408762779
local_backupftp,Moodle Course Backup,281.0,1782867862,0.0,0.15000000000000002,1999,1,1,0,"(1, 9)",1,-0.0909370185460863,0.15000000000000002,-0.23962339588655318,0.6694395855673605
mod_pdfprotect,PDF Protect,1436.0,1782761874,0.0,0.15000000000000002,1999,1,1,0,"(1, 9)",1,0.6318664674570954,0.15000000000000002,-0.23962339588655318,1.3922430715705423
media_supervideo,SuperVideo Filter Player,848.0,1761789348,0.0,0.15000000000000002,1999,1,1,0,"(1, 9)",1,0.2638937836736575,0.15000000000000002,-0.23962339588655318,1.0242703877871042
tool_registrationrules,Registration Rules,332.0,1746629613,0.0,0.15000000000000002,2221,1,1,0,"(5, 0)",0,-0.059021020462828915,0.15000000000000002,-0.23962339588655318,0.7013555836506179
enrol_mpcheckoutpro,mpcheckoutpro,30.0,1748990734,0.0,0.15000000000000002,2222,1,1,0,"(4, 5)",0,-0.24801379342643143,0.15000000000000002,-0.23962339588655318,0.5123628106870154
repository_ottflix,OttFlix Repository,299.0,1745515215,0.0,0.15000000000000002,1999,2,0,0,"(1, 9)",1,-0.0796725486343484,0.15000000000000002,-0.23962339588655318,-0.3192959445209016
media_ottflix,OttFlix Filter Player,320.0,1745515311,0.0,0.15000000000000002,1999,2,0,0,"(1, 9)",1,-0.06653066707065418,0.15000000000000002,-0.23962339588655318,-0.3061540629572074
qbank_purgecategory,Purge question categories,612.0,1740934805,1.0,0.2775,2918,1,1,0,"(5, 0)",0,0.11620406705309394,1.2775,1.040337611727679,2.1565416787807727
availability_recompletion,Restriction by recompletion,26.0,1743085957,0.0,0.15000000000000002,562,1,1,0,"(4, 5)",0,-0.25051700896237317,0.15000000000000002,-0.23962339588655318,0.5098595951510736
local_volunteer,Volunteer Selector,3.0,1738835988,0.0,0.15000000000000002,2227,2,0,0,"(5, 0)",0,-0.2649104982940383,0.15000000000000002,-0.23962339588655318,-0.5045338941805915
qbank_quickrenamecategories,Quick rename of question categories,66.0,1740286725,1.0,0.2775,2918,1,1,0,"(5, 0)",0,-0.22548485360295564,1.2775,1.040337611727679,1.8148527581247234
theme_liquid,Liquid,247.0,1784664934,0.0,0.15000000000000002,1035,1,1,0,"(5, 2)",0,-0.11221435060159121,0.15000000000000002,-0.23962339588655318,0.6481622535118556
tiny_ubicast,UbiCast Nudgis TinyMCE button,115.0,1786608601,1.0,0.21375000000000002,2897,1,1,0,"(5, 2)",0,-0.19482046328766914,1.21375,0.9679673108537037,1.7731468475660346
qbank_renumbercategory,Renumber question categories,56.0,1738688418,1.0,0.2775,2918,1,1,0,"(5, 0)",0,-0.23174289244281002,1.2775,1.040337611727679,1.808594719284869
profilefield_textregex,Short text with regex validation,54.0,1744623567,0.0,0.15000000000000002,2232,1,1,0,"(5, 0)",0,-0.23299450021078089,0.15000000000000002,-0.23962339588655318,0.5273821039026659
qbank_resortcategory,Resort question categories,75.0,1738780410,1.0,0.2775,2918,1,1,0,"(5, 0)",0,-0.2198526186470867,1.2775,1.040337611727679,1.8204849930805924
tool_advancedreplace,Advanced Search and Replace,76.0,1738801129,0.0,0.15000000000000002,562,2,0,0,"(4, 5)",0,-0.21922681476310124,0.15000000000000002,-0.23962339588655318,-0.4588502106496544
block_ai_control,AI control center,117.0,1764865385,0.0,0.15000000000000002,2493,2,0,0,"(5, 1)",0,-0.19356885551969824,0.15000000000000002,-0.23962339588655318,-0.4331922514062514
format_ludilearn,Ludilearn,291.0,1777515096,0.0,0.15000000000000002,1059,4,0,0,"(5, 1)",0,-0.08467897970623191,0.15000000000000002,-0.23962339588655318,-0.3243023755927851
local_edudashboard,EDUdashboard,70.0,1745518027,0.0,0.15000000000000002,2237,1,1,0,"(4, 5)",0,-0.22298163806701388,0.15000000000000002,-0.23962339588655318,0.537394966046433
format_learningmap,Learning map format,357.0,1744879590,0.0,0.15000000000000002,2493,2,0,0,"(5, 2)",0,-0.043375923363192945,0.15000000000000002,-0.23962339588655318,-0.28299931924974614
qbank_bulkupdate,Questions bulk update,102.0,1740209289,1.0,0.2775,2918,1,1,0,"(5, 0)",0,-0.20295591377947983,1.2775,1.040337611727679,1.8373816979481992
local_graidy,GRAiDY,13.0,1755670362,0.0,0.15000000000000002,2240,1,1,0,"(5, 0)",0,-0.25865245945418386,0.15000000000000002,-0.23962339588655318,0.501724144659263
local_teachermatic,TeacherMatic,6.0,1772527932,0.0,0.15000000000000002,2241,1,1,0,"(5, 1)",0,-0.26303308664208197,0.15000000000000002,-0.23962339588655318,0.49734351747136485
plagiarism_sst,SmallSEOTools Plagiarism Checker,1.0,1745322600,0.0,0.15000000000000002,2242,1,1,0,"(5, 0)",0,-0.26616210606200913,0.15000000000000002,-0.23962339588655318,0.4942144980514377
local_helpdesk,Helpdesk and Knowledge base,703.0,1783253615,0.0,0.15000000000000002,1999,1,1,0,"(1, 9)",1,0.17315222049576887,0.15000000000000002,-0.23962339588655318,0.9335288246092157
paygw_bepaid,bePaid,2.0,1743501742,0.0,0.15000000000000002,2143,1,1,0,"(4, 5)",0,-0.2655363021780237,0.15000000000000002,-0.23962339588655318,0.49484030193542305
mod_whatsappmb,WhatsApp for Moodle,38.0,1781226991,0.0,0.15000000000000002,2245,1,1,0,"(5, 2)",0,-0.24300736235454792,0.15000000000000002,-0.23962339588655318,0.5173692417588989
qtype_guessit,Guess It,47.0,1746021675,1.0,0.21375000000000002,2897,2,0,0,"(5, 0)",0,-0.23737512739867897,1.21375,0.9679673108537037,0.7305921834550247
qbehaviour_guessit,Guess It Adaptive mode with Help,50.0,1746022058,2.0,0.39543750000000005,2897,2,0,0,"(5, 0)",0,-0.23549771574672265,2.3954375,2.3094430742108147,2.073945358464092
block_key_figures,Key figures,41.0,1770970810,0.0,0.15000000000000002,2248,1,1,0,"(5, 1)",0,-0.2411299507025916,0.15000000000000002,-0.23962339588655318,0.5192466534108552
block_analytics,Analytics,41.0,1746515200,0.0,0.15000000000000002,869,2,0,0,"(5, 0)",0,-0.2411299507025916,0.15000000000000002,-0.23962339588655318,-0.4807533465891448
local_metacleaner,Meta Cleaner,4.0,1743147454,0.0,0.15000000000000002,2320,1,1,0,"(4, 5)",0,-0.2642846944100528,0.15000000000000002,-0.23962339588655318,0.496091909703394
block_terusrag,Terus RAG,55.0,1775015282,0.0,0.15000000000000002,2251,1,1,0,"(4, 5)",0,-0.23236869632679547,0.15000000000000002,-0.23962339588655318,0.5280079077866513
local_integrity,Academic integrity,38.0,1760485379,0.0,0.15000000000000002,562,2,0,0,"(5, 1)",0,-0.24300736235454792,0.15000000000000002,-0.23962339588655318,-0.48263075824110113
smsgateway_twilio,Twilio,25.0,1742300547,0.0,0.15000000000000002,2109,1,1,0,"(4, 5)",0,-0.25114281284635864,0.15000000000000002,-0.23962339588655318,0.5092337912670881
local_courseflowtool,CourseFlow Tool,10.0,1755875946,0.0,0.15000000000000002,2254,1,1,0,"(5, 0)",0,-0.2605298711061402,0.15000000000000002,-0.23962339588655318,0.49984673300730664
qtype_regexmatch,RegEx Matcher,13.0,1767785923,0.0,0.15000000000000002,2425,1,1,0,"(5, 1)",0,-0.25865245945418386,0.15000000000000002,-0.23962339588655318,0.501724144659263
aiprovider_bedrock,Amazon Bedrock API provider,32.0,1773004039,0.0,0.15000000000000002,2256,2,0,0,"(4, 5)",0,-0.24676218565846056,0.15000000000000002,-0.23962339588655318,-0.48638558154501377
filter_mermaid,Mermaid,75.0,1769711349,0.0,0.15000000000000002,2257,1,1,0,"(5, 1)",0,-0.2198526186470867,0.15000000000000002,-0.23962339588655318,0.5405239854663602
local_preventcopy,Prevent Copy,220.0,1779026750,0.0,0.15000000000000002,2258,1,1,0,"(5, 2)",0,-0.12911105546919807,0.15000000000000002,-0.23962339588655318,0.6312655486442488
customfield_radio,Radio,11.0,1755437866,0.0,0.15000000000000002,2109,1,1,0,"(5, 0)",0,-0.25990406722215476,0.15000000000000002,-0.23962339588655318,0.5004725368912921
profilefield_radio,Radio,36.0,1755441844,0.0,0.15000000000000002,2109,1,1,0,"(5, 0)",0,-0.2442589701225188,0.15000000000000002,-0.23962339588655318,0.516117633990928
local_activitybyidnumber,View activity by ID Number,1.0,1743509348,0.0,0.15000000000000002,293,1,1,0,"(4, 5)",0,-0.26616210606200913,0.15000000000000002,-0.23962339588655318,0.4942144980514377
qformat_gift_guessit,GIFT to guessit format,9.0,1747083096,0.0,0.15000000000000002,2897,2,0,0,"(5, 0)",0,-0.26115567499012565,0.15000000000000002,-0.23962339588655318,-0.5007790708766788
block_precondition,Precondition,32.0,1774031316,0.0,0.15000000000000002,2889,1,1,0,"(5, 1)",0,-0.24676218565846056,0.15000000000000002,-0.23962339588655318,0.5136144184549862
block_smartedu,SmartEdu – Intelligent Learning,78.0,1755560228,0.0,0.15000000000000002,1425,1,1,0,"(5, 0)",0,-0.21797520699513037,0.15000000000000002,-0.23962339588655318,0.5424013971183165
local_bulk_roles_importer,Bulk Roles Importer,8.0,1744874173,0.0,0.15000000000000002,1035,1,1,0,"(5, 0)",0,-0.2617814788741111,0.15000000000000002,-0.23962339588655318,0.4985951252393357
local_oauth2,OAuth2 Server,225.0,1786637401,2.0,0.34125000000000005,869,3,0,0,"(5, 2)",0,-0.12598203604927086,2.34125,2.247928318467936,2.1219462824186652
block_attentiontag,Attention Tag,0.0,1746005570,0.0,0.15000000000000002,2267,1,1,0,"(5, 0)",0,-0.2667879099459946,0.15000000000000002,-0.23962339588655318,0.4935886941674522
local_page,Custom Page by RoseaThemes,249.0,1778274780,0.0,0.15000000000000002,2268,1,1,0,"(5, 2)",0,-0.11096274283362033,0.15000000000000002,-0.23962339588655318,0.6494138612798265
smsgateway_messagebird,Messagebird,5.0,1788250201,0.0,0.15000000000000002,1188,2,0,0,"(5, 2)",0,-0.2636588905260674,0.15000000000000002,-0.23962339588655318,-0.5032822864126205
smsgateway_sinch,Sinch,1.0,1747050569,0.0,0.15000000000000002,1188,2,0,0,"(5, 0)",0,-0.26616210606200913,0.15000000000000002,-0.23962339588655318,-0.5057855019485623
smsgateway_textmagic,Textmagic,2.0,1747045004,0.0,0.15000000000000002,1188,2,0,0,"(5, 0)",0,-0.2655363021780237,0.15000000000000002,-0.23962339588655318,-0.505159698064577
local_ls2_copy,LS2 Copy,,1747926310,0.0,0.15000000000000002,2272,0,0,0,"(5, 0)",0,-0.2667879099459946,0.15000000000000002,-0.23962339588655318,-0.5064113058325478
block_ls2,LS2 Block,,1748307467,0.0,0.15000000000000002,2273,0,0,0,"(5, 0)",0,-0.2667879099459946,0.15000000000000002,-0.23962339588655318,-0.5064113058325478
local_quizessaygrader,Quiz Essay Grade Copy Tool,15.0,1745309210,0.0,0.15000000000000002,2143,1,1,0,"(5, 0)",0,-0.257400851686213,0.15000000000000002,-0.23962339588655318,0.5029757524272338
local_sticky2navigation,Sticky secondary navigation,3.0,1745256584,0.0,0.15000000000000002,1999,1,1,0,"(5, 0)",0,-0.2649104982940383,0.15000000000000002,-0.23962339588655318,0.49546610581940853
local_ssologin,SSO Login,30.0,1779149446,0.0,0.15000000000000002,2276,1,1,0,"(5, 2)",0,-0.24801379342643143,0.15000000000000002,-0.23962339588655318,0.5123628106870154
local_categorybanner,Category Banner,50.0,1759917041,0.0,0.15000000000000002,2277,1,1,0,"(5, 1)",0,-0.23549771574672265,0.15000000000000002,-0.23962339588655318,0.5248788883667241
aiprovider_jokes,Jokes AI provider,3.0,1760105188,0.0,0.15000000000000002,1494,1,1,0,"(5, 1)",0,-0.2649104982940383,0.15000000000000002,-0.23962339588655318,0.49546610581940853
block_ungraded_assignments,Ungraded Activities(Assingment/Quiz),59.0,1783954715,0.0,0.15000000000000002,1512,2,0,0,"(5, 2)",0,-0.2298654807908537,0.15000000000000002,-0.23962339588655318,-0.4694888766774069
paygw_novalnet,Novalnet,1.0,1787152202,0.0,0.15000000000000002,2280,1,1,0,"(5, 2)",0,-0.26616210606200913,0.15000000000000002,-0.23962339588655318,0.4942144980514377
local_extendmanualenrol,Manual Enrolment Extension,9.0,1747718951,0.0,0.15000000000000002,2300,1,1,0,"(5, 0)",0,-0.26115567499012565,0.15000000000000002,-0.23962339588655318,0.49922092912332117
local_icalsender,iCalSender,40.0,1787083801,0.0,0.15000000000000002,2282,1,1,0,"(5, 2)",0,-0.24175575458657703,0.15000000000000002,-0.23962339588655318,0.5186208495268698
tool_userautodelete,Automatic User Lifecycle Management,209.0,1785082201,0.0,0.15000000000000002,2283,1,1,0,"(5, 2)",0,-0.1359948981930379,0.15000000000000002,-0.23962339588655318,0.6243817059204089
tiny_htmlbootstrapeditor,HTML Bootstrap Editor TinyMCE,285.0,1747925989,0.0,0.15000000000000002,1812,3,0,0,"(4, 5)",0,-0.08843380301014454,0.15000000000000002,-0.23962339588655318,-0.3280571988966977
mod_nextblocks,NextBlocks,53.0,1754137425,0.0,0.15000000000000002,2285,1,1,0,"(5, 0)",0,-0.23362030409476633,0.15000000000000002,-0.23962339588655318,0.5267563000186805
local_customgradingform_renderer,Rubric Importer Core,108.0,1760115372,1.0,0.2775,2290,1,1,0,"(5, 0)",0,-0.1992010904755672,1.2775,1.040337611727679,1.8411365212521118
block_pin_user,Pin User,7.0,1782067681,0.0,0.15000000000000002,2287,1,1,0,"(5, 2)",0,-0.2624072827580965,0.15000000000000002,-0.23962339588655318,0.4979693213553503
block_uteluqchatbot,Chatbot,44.0,1776175066,0.0,0.15000000000000002,2288,1,1,0,"(5, 2)",0,-0.2392525390506353,0.15000000000000002,-0.23962339588655318,0.5211240650628115
customcertelement_textreplace,Text Replace,54.0,1760986659,0.0,0.15000000000000002,2289,1,1,0,"(5, 1)",0,-0.23299450021078089,0.15000000000000002,-0.23962339588655318,0.5273821039026659
block_importrubric,Import rubric from CSV,102.0,1760141446,0.0,0.15000000000000002,2290,1,1,0,"(5, 0)",0,-0.20295591377947983,0.15000000000000002,-0.23962339588655318,0.557420690333967
local_lockgrades,Lock Grades,12.0,1761255126,0.0,0.15000000000000002,2287,1,1,0,"(5, 1)",0,-0.25927826333816933,0.15000000000000002,-0.23962339588655318,0.5010983407752775
tool_customfields_exportimport,Custom Fields Import/Export,50.0,1763982924,0.0,0.15000000000000002,2292,1,1,0,"(5, 1)",0,-0.23549771574672265,0.15000000000000002,-0.23962339588655318,0.5248788883667241
local_wikicreator,Wiki Creator,6.0,1782343851,0.0,0.15000000000000002,2287,1,1,0,"(5, 2)",0,-0.26303308664208197,0.15000000000000002,-0.23962339588655318,0.49734351747136485
block_exaaichat,Exabis AI Chat Block,170.0,1786018201,2.0,0.34125000000000005,539,2,0,0,"(5, 2)",0,-0.16040124966847,2.34125,2.247928318467936,2.087527068799466
local_redirectafterlogin,Redirect After Login,146.0,1776328887,0.0,0.15000000000000002,1104,2,0,0,"(5, 2)",0,-0.17542054288412054,0.15000000000000002,-0.23962339588655318,-0.4150439387706737
block_masterdashboard,Master Dashboard,76.0,1776954360,0.0,0.15000000000000002,2297,1,1,0,"(5, 2)",0,-0.21922681476310124,0.15000000000000002,-0.23962339588655318,0.5411497893503456
block_teamdashboard,Team Dashboard,38.0,1776966037,0.0,0.15000000000000002,2297,1,1,0,"(5, 2)",0,-0.24300736235454792,0.15000000000000002,-0.23962339588655318,0.5173692417588989
local_purgeoldassignments,Purge old assignments,23.0,1750297856,0.0,0.15000000000000002,562,2,0,0,"(4, 5)",0,-0.2523944206143295,0.15000000000000002,-0.23962339588655318,-0.49201781650088267
local_bftranslate,Plugin Translator by Brickfield,39.0,1784842762,0.0,0.15000000000000002,947,1,1,0,"(5, 2)",0,-0.24238155847056247,0.15000000000000002,-0.23962339588655318,0.5179950456428843
filter_imagefullscreen,Image Fullscreen,48.0,1752505773,0.0,0.15000000000000002,2300,1,1,0,"(5, 0)",0,-0.23674932351469352,0.15000000000000002,-0.23962339588655318,0.5236272805987533
theme_seo,SEO,60.0,1776036287,0.0,0.15000000000000002,1999,1,1,0,"(5, 2)",0,-0.22923967690686825,0.15000000000000002,-0.23962339588655318,0.5311369272065786
local_pg,Pages,57.0,1752535111,0.0,0.15000000000000002,1999,1,1,0,"(5, 0)",0,-0.23111708855882457,0.15000000000000002,-0.23962339588655318,0.5292595155546223
report_certaintyquizzes,Certainty behaviour Quizzes reports,29.0,1781520123,0.0,0.15000000000000002,1626,1,1,0,"(5, 1)",0,-0.24863959731041688,0.15000000000000002,-0.23962339588655318,0.5117370068030299
qbank_questiongen,AI questions generator,190.0,1778215680,0.0,0.15000000000000002,2493,2,0,0,"(5, 2)",0,-0.14788517198876122,0.15000000000000002,-0.23962339588655318,-0.3875085678753144
filter_fenomiostream,FenomioStream,14.0,1772828886,0.0,0.15000000000000002,2566,1,1,0,"(4, 5)",0,-0.25802665557019844,0.15000000000000002,-0.23962339588655318,0.5023499485432483
tiny_aic,AIC content generator,12.0,1752131769,0.0,0.15000000000000002,1624,1,1,0,"(5, 0)",0,-0.25927826333816933,0.15000000000000002,-0.23962339588655318,0.5010983407752775
local_deletecourse,Course Deleter,21.0,1752842552,0.0,0.15000000000000002,2307,1,1,0,"(5, 0)",0,-0.2536460283823004,0.15000000000000002,-0.23962339588655318,0.5067305757311464
local_activitysetting,Activity Settings Report,84.0,1784664930,0.0,0.15000000000000002,2308,1,1,0,"(5, 2)",0,-0.21422038369121774,0.15000000000000002,-0.23962339588655318,0.5461562204222291
local_copilot,Microsoft 365 Copilot,96.0,1771346720,0.0,0.15000000000000002,869,3,0,0,"(5, 1)",0,-0.20671073708339247,0.15000000000000002,-0.23962339588655318,-0.4463341329699456
smsgateway_customapi,Custom API SMS Gateway,52.0,1786648201,0.0,0.15000000000000002,2311,1,1,0,"(5, 2)",0,-0.23424610797875178,0.15000000000000002,-0.23962339588655318,0.5261304961346951
local_coursessms,Course SMS Sender – Send SMS Messages to Course Participants,19.0,1786648201,0.0,0.15000000000000002,2311,1,1,0,"(5, 2)",0,-0.2548976361502713,0.15000000000000002,-0.23962339588655318,0.5054789679631755
mod_zipdownload, Individual ZIP Download Activity,8.0,1753941808,0.0,0.15000000000000002,2314,2,0,0,"(5, 0)",0,-0.2617814788741111,0.15000000000000002,-0.23962339588655318,-0.5014048747606643
theme_nice,Nice Learning Theme,501.0,1788059401,0.0,0.15000000000000002,2313,1,1,0,"(5, 2)",0,0.04673983593071024,0.15000000000000002,-0.23962339588655318,0.8071164400441571
mod_autopdfform,Individual PDF Download Activity,53.0,1757890934,0.0,0.15000000000000002,2314,2,0,0,"(5, 0)",0,-0.23362030409476633,0.15000000000000002,-0.23962339588655318,-0.47324369998131954
theme_govbrds,GovBR-DS,32.0,1779580685,0.0,0.15000000000000002,1999,1,1,0,"(4, 5)",0,-0.24676218565846056,0.15000000000000002,-0.23962339588655318,0.5136144184549862
local_coursefilters,Courses filters,13.0,1752756282,0.0,0.15000000000000002,1626,1,1,0,"(5, 0)",0,-0.25865245945418386,0.15000000000000002,-0.23962339588655318,0.501724144659263
theme_eadflix,EadFlix,1425.0,1782328224,0.0,0.15000000000000002,1999,1,1,0,"(1, 9)",1,0.6249826247332556,0.15000000000000002,-0.23962339588655318,1.3853592288467025
assignsubmission_atmegacode,ATmega Code Submission,8.0,1769994239,0.0,0.15000000000000002,2314,2,0,0,"(5, 1)",0,-0.2617814788741111,0.15000000000000002,-0.23962339588655318,-0.5014048747606643
plagiarism_pd,PlagiarismDetector Plagiarism Checker,1.0,1754032393,0.0,0.15000000000000002,2319,1,1,0,"(5, 0)",0,-0.26616210606200913,0.15000000000000002,-0.23962339588655318,0.4942144980514377
block_topactivecourses,Top Active Courses,21.0,1787253002,0.0,0.15000000000000002,2320,1,1,0,"(5, 2)",0,-0.2536460283823004,0.15000000000000002,-0.23962339588655318,0.5067305757311464
tiny_supersub,TinyMCE superscript and subscript buttons,184.0,1777645997,0.0,0.15000000000000002,1812,1,1,0,"(5, 2)",0,-0.15163999529267386,0.15000000000000002,-0.23962339588655318,0.608736608820773
mod_pandavideo,Panda Video,21.0,1763549986,1.0,0.385875,1999,2,0,0,"(1, 9)",1,-0.2536460283823004,1.385875,1.1633671232134373,0.909721094831137
media_pandavideo,Panda Video Filter Player,12.0,1764783462,0.0,0.15000000000000002,1999,2,0,0,"(1, 9)",1,-0.25927826333816933,0.15000000000000002,-0.23962339588655318,-0.4989016592247225
repository_pandavideo,Panda Video Repository,18.0,1774465104,1.0,0.2775,1999,2,0,0,"(1, 9)",1,-0.2555234400342567,1.2775,1.040337611727679,0.7848141716934223
availability_treasurehunt,Availability by Treasurehunt status,19.0,1765746850,0.0,0.15000000000000002,2891,1,1,0,"(5, 1)",0,-0.2548976361502713,0.15000000000000002,-0.23962339588655318,0.5054789679631755
local_appcrue,AppCrue connection services,29.0,1781783449,0.0,0.15000000000000002,2891,1,1,0,"(5, 2)",0,-0.24863959731041688,0.15000000000000002,-0.23962339588655318,0.5117370068030299
block_course_recommender,Course Recommender,58.0,1787580601,0.0,0.15000000000000002,2320,1,1,0,"(5, 2)",0,-0.23049128467483915,0.15000000000000002,-0.23962339588655318,0.5298853194386077
block_actvtmodal,Activity modal,61.0,1771859841,0.0,0.15000000000000002,2103,1,1,0,"(5, 1)",0,-0.22861387302288283,0.15000000000000002,-0.23962339588655318,0.5317627310905639
smsgateway_plivo,Plivo,1.0,1753431833,0.0,0.15000000000000002,1188,1,1,0,"(5, 0)",0,-0.26616210606200913,0.15000000000000002,-0.23962339588655318,0.4942144980514377
qbank_bulktags,Bulk tag questions,132.0,1775478501,0.0,0.15000000000000002,364,1,1,0,"(5, 2)",0,-0.18418179725991668,0.15000000000000002,-0.23962339588655318,0.5761948068535301
local_och5p,H5P Opencast Extension,28.0,1784800703,0.0,0.15000000000000002,734,3,0,0,"(5, 0)",0,-0.2492654011944023,0.15000000000000002,-0.23962339588655318,-0.48888879708095545
tool_my_external_backup_restore_courses,My external backup restore courses admin tools,30.0,1756887421,0.0,0.15000000000000002,894,1,1,0,"(5, 0)",0,-0.24801379342643143,0.15000000000000002,-0.23962339588655318,0.5123628106870154
profilefield_url,URL,11.0,1753874952,0.0,0.15000000000000002,2333,1,1,0,"(5, 0)",0,-0.25990406722215476,0.15000000000000002,-0.23962339588655318,0.5004725368912921
local_openeducationbadges,Open Educational Badges,16.0,1786529400,0.0,0.15000000000000002,2334,2,0,0,"(4, 5)",0,-0.2567750478022276,0.15000000000000002,-0.23962339588655318,-0.4963984436887808
local_textinsights,Text Insights,11.0,1783648272,0.0,0.15000000000000002,1624,1,1,0,"(5, 2)",0,-0.25990406722215476,0.15000000000000002,-0.23962339588655318,0.5004725368912921
aiplacement_textinsights,Text Insights,27.0,1755449752,0.0,0.15000000000000002,1624,1,1,0,"(5, 0)",0,-0.24989120507838775,0.15000000000000002,-0.23962339588655318,0.5104853990350591
tiny_elements,Course elements,306.0,1759586469,0.0,0.15000000000000002,2493,2,0,0,"(5, 2)",0,-0.07529192144645032,0.15000000000000002,-0.23962339588655318,-0.3149153173330035
theme_eadtraining,Ead Training,2339.0,1782328213,1.0,0.2775,1999,1,1,0,"(1, 9)",1,1.1969673746959466,1.2775,1.040337611727679,3.2373049864236254
mod_advurl,Advanced URL,15.0,1759356325,0.0,0.15000000000000002,2339,1,1,0,"(5, 0)",0,-0.257400851686213,0.15000000000000002,-0.23962339588655318,0.5029757524272338
filter_mapofusers,Map of Users,30.0,1779088162,0.0,0.15000000000000002,2340,1,1,0,"(5, 1)",0,-0.24801379342643143,0.15000000000000002,-0.23962339588655318,0.5123628106870154
gradereport_htmlexport,HTML Export,66.0,1774389731,0.0,0.15000000000000002,2432,1,1,0,"(5, 2)",0,-0.22548485360295564,0.15000000000000002,-0.23962339588655318,0.5348917505104912
plagiarism_dupli,Duplichecker Plagiarism Checker,1.0,1755760557,0.0,0.15000000000000002,2342,1,1,0,"(5, 0)",0,-0.26616210606200913,0.15000000000000002,-0.23962339588655318,0.4942144980514377
local_resume,Resume Button,54.0,1767098760,1.0,0.2775,1035,1,1,0,"(5, 1)",0,-0.23299450021078089,1.2775,1.040337611727679,1.807343111516898
filter_resumebutton,Resume Button Shortcode,5.0,1756542688,0.0,0.15000000000000002,1035,1,1,0,"(5, 1)",0,-0.2636588905260674,0.15000000000000002,-0.23962339588655318,0.4967177135873795
editor_codemirror,Codemirror,51.0,1755350954,0.0,0.15000000000000002,2493,2,0,0,"(5, 2)",0,-0.2348719118627372,0.15000000000000002,-0.23962339588655318,-0.4744953077492904
block_aipromptgen,AI tools for teachers - prompt generator,41.0,1772704057,0.0,0.15000000000000002,2491,1,1,0,"(5, 2)",0,-0.2411299507025916,0.15000000000000002,-0.23962339588655318,0.5192466534108552
enrol_accesscodes,Access code enrolment,57.0,1756154230,0.0,0.15000000000000002,2347,1,1,0,"(5, 0)",0,-0.23111708855882457,0.15000000000000002,-0.23962339588655318,0.5292595155546223
local_datatools,Data Tools (CLI),1.0,1759117556,0.0,0.15000000000000002,2348,1,1,0,"(5, 0)",0,-0.26616210606200913,0.15000000000000002,-0.23962339588655318,0.4942144980514377
tiny_styles,TinyMCE Styles,167.0,1786522201,0.0,0.15000000000000002,1188,1,1,0,"(5, 2)",0,-0.16227866132042632,0.15000000000000002,-0.23962339588655318,0.5980979427930205
local_autotag,AutoTag,6.0,1758484704,0.0,0.15000000000000002,2144,1,1,0,"(5, 2)",0,-0.26303308664208197,0.15000000000000002,-0.23962339588655318,0.49734351747136485
local_tagmap,TagMap,12.0,1777844860,0.0,0.15000000000000002,2144,1,1,0,"(5, 2)",0,-0.25927826333816933,0.15000000000000002,-0.23962339588655318,0.5010983407752775
report_usercoursereports,User Course Reports,61.0,1786385400,0.0,0.15000000000000002,2158,1,1,0,"(5, 2)",0,-0.22861387302288283,0.15000000000000002,-0.23962339588655318,0.5317627310905639
aiprovider_gemini,Gemini API provider,660.0,1786007400,0.0,0.15000000000000002,2353,1,1,0,"(5, 1)",0,0.146242653484395,0.15000000000000002,-0.23962339588655318,0.9066192575978418
paygw_authorizedotnet,Authorize.Net Payment Gateway for Moodle,14.0,1788268205,0.0,0.15000000000000002,2888,1,1,0,"(5, 2)",0,-0.25802665557019844,0.15000000000000002,-0.23962339588655318,0.5023499485432483
local_learnwise,Learnwise,62.0,1788185401,0.0,0.15000000000000002,2355,1,1,0,"(5, 2)",0,-0.22798806913889738,0.15000000000000002,-0.23962339588655318,0.5323885349745494
mod_viewer3d,Viewer 3D,49.0,1758798335,0.0,0.15000000000000002,2356,1,1,0,"(5, 0)",0,-0.2361235196307081,0.15000000000000002,-0.23962339588655318,0.5242530844827387
local_classalias,Class aliases,1.0,1759744023,0.0,0.15000000000000002,1213,1,1,0,"(5, 1)",0,-0.26616210606200913,0.15000000000000002,-0.23962339588655318,0.4942144980514377
mod_subjectattendance,Subject attendance,151.0,1776263723,0.0,0.15000000000000002,2143,1,1,0,"(5, 2)",0,-0.17229152346419332,0.15000000000000002,-0.23962339588655318,0.5880850806492535
local_cpf_validator,CPF Validator,17.0,1757602845,0.0,0.15000000000000002,2359,1,1,0,"(5, 0)",0,-0.2561492439182421,0.15000000000000002,-0.23962339588655318,0.5042273601952048
tool_proper,Replace names with proper names,10.0,1780736037,0.0,0.15000000000000002,2889,1,1,0,"(5, 2)",0,-0.2605298711061402,0.15000000000000002,-0.23962339588655318,0.49984673300730664
block_dixeo_coursegen,Dixeo Course Generator,10.0,1757753661,0.0,0.15000000000000002,2931,1,1,0,"(4, 5)",0,-0.2605298711061402,0.15000000000000002,-0.23962339588655318,0.49984673300730664
paygw_ifthenpay,ifthenpay | Payment Gateway,10.0,1787850601,0.0,0.15000000000000002,2362,1,1,0,"(5, 2)",0,-0.2605298711061402,0.15000000000000002,-0.23962339588655318,0.49984673300730664
qtype_aitext,AI Text,403.0,1788037801,0.0,0.15000000000000002,364,1,1,0,"(5, 2)",0,-0.014588944699862763,0.15000000000000002,-0.23962339588655318,0.745787659413584
auth_neesgov,Nees Gov.br,37.0,1766088374,0.0,0.15000000000000002,2364,1,1,0,"(4, 5)",0,-0.24363316623853334,0.15000000000000002,-0.23962339588655318,0.5167434378749135
report_grouptool,Grouptool Report,23.0,1770202867,0.0,0.15000000000000002,1188,1,1,0,"(5, 1)",0,-0.2523944206143295,0.15000000000000002,-0.23962339588655318,0.5079821834991174
block_progressanalytics,Progress Analytics,41.0,1759823399,0.0,0.15000000000000002,2366,1,1,0,"(4, 5)",0,-0.2411299507025916,0.15000000000000002,-0.23962339588655318,0.5192466534108552
block_glossarysearch,Glossary search,16.0,1757798608,0.0,0.15000000000000002,2320,1,1,0,"(5, 0)",0,-0.2567750478022276,0.15000000000000002,-0.23962339588655318,0.5036015563112193
block_recommend_course,Recommend a course,14.0,1775856056,0.0,0.15000000000000002,2368,1,1,0,"(5, 2)",0,-0.25802665557019844,0.15000000000000002,-0.23962339588655318,0.5023499485432483
tool_gnotify,Global Notification,50.0,1771233724,0.0,0.15000000000000002,1188,1,1,0,"(5, 1)",0,-0.23549771574672265,0.15000000000000002,-0.23962339588655318,0.5248788883667241
block_townsquare,Town Square,20.0,1775597573,1.0,0.2775,734,2,0,0,"(5, 2)",0,-0.2542718322662858,1.2775,1.040337611727679,0.7860657794613932
tiny_studietube,Studietube Plugin,6.0,1759146258,0.0,0.15000000000000002,1602,1,1,0,"(5, 0)",0,-0.26303308664208197,0.15000000000000002,-0.23962339588655318,0.49734351747136485
block_openai_chatbot,OpenAI ChatBot,27.0,1759780859,0.0,0.15000000000000002,2372,2,0,0,"(4, 4)",0,-0.24989120507838775,0.15000000000000002,-0.23962339588655318,-0.4895146009649409
block_vexturintroduction,Introduction block,43.0,1759238476,0.0,0.15000000000000002,2373,2,0,0,"(5, 0)",0,-0.23987834293462074,0.15000000000000002,-0.23962339588655318,-0.4795017388211739
local_townsquaresupport,Townsquare support,6.0,1764583215,0.0,0.15000000000000002,734,1,1,0,"(5, 1)",0,-0.26303308664208197,0.15000000000000002,-0.23962339588655318,0.49734351747136485
local_hiderestrictions,Hide Restrictions,14.0,1764872577,0.0,0.15000000000000002,2375,1,1,0,"(5, 1)",0,-0.25802665557019844,0.15000000000000002,-0.23962339588655318,0.5023499485432483
local_whatsapp,WhatsApp Chat,107.0,1759445048,0.0,0.15000000000000002,1035,1,1,0,"(5, 0)",0,-0.19982689435955264,0.15000000000000002,-0.23962339588655318,0.5605497097538942
aiprovider_openrouter,OpenRouter API provider,36.0,1769478954,0.0,0.15000000000000002,2377,1,1,0,"(5, 1)",0,-0.2442589701225188,0.15000000000000002,-0.23962339588655318,0.516117633990928
bbbext_bnreminders,BigBlueButton BN Reminders,49.0,1759776394,0.0,0.15000000000000002,36,2,0,0,"(5, 1)",0,-0.2361235196307081,0.15000000000000002,-0.23962339588655318,-0.4757469155172613
tool_updatepluginscli,Update Plugins CLI,144.0,1761120752,0.0,0.15000000000000002,947,3,0,0,"(5, 1)",0,-0.1766721506520914,0.15000000000000002,-0.23962339588655318,-0.4162955465386446
local_asyntai,Asyntai AI Chatbot for Moodle,61.0,1779703718,0.0,0.15000000000000002,2380,1,1,0,"(5, 2)",0,-0.22861387302288283,0.15000000000000002,-0.23962339588655318,0.5317627310905639
local_navigatr,Navigatr,12.0,1772677174,0.0,0.15000000000000002,2381,1,1,0,"(5, 1)",0,-0.25927826333816933,0.15000000000000002,-0.23962339588655318,0.5010983407752775
availability_plugin,Restriction by installed plugin,5.0,1760967877,0.0,0.15000000000000002,242,2,0,0,"(4, 5)",0,-0.2636588905260674,0.15000000000000002,-0.23962339588655318,-0.5032822864126205
local_guestredirect,Guest Redirect,18.0,1760709966,0.0,0.15000000000000002,242,2,0,0,"(4, 5)",0,-0.2555234400342567,0.15000000000000002,-0.23962339588655318,-0.4951468359208099
mod_pptbook,PPT to Book,90.0,1776965278,0.0,0.15000000000000002,2297,1,1,0,"(5, 2)",0,-0.2104655603873051,0.15000000000000002,-0.23962339588655318,0.5499110437261417
local_enrolkeycreator,Automatic enrolment key creator,1.0,1760526137,0.0,0.15000000000000002,242,2,0,0,"(4, 5)",0,-0.26616210606200913,0.15000000000000002,-0.23962339588655318,-0.5057855019485623
tool_tutor_follow,Teachers Dashboard,36.0,1787692200,0.0,0.15000000000000002,2124,1,1,0,"(5, 2)",0,-0.2442589701225188,0.15000000000000002,-0.23962339588655318,0.516117633990928
local_issuebadge,Issue Badge,2.0,1769377782,0.0,0.15000000000000002,2387,1,1,0,"(5, 1)",0,-0.2655363021780237,0.15000000000000002,-0.23962339588655318,0.49484030193542305
local_imageplus,ImagePlus,13.0,1772257382,0.0,0.15000000000000002,2399,1,1,0,"(5, 1)",0,-0.25865245945418386,0.15000000000000002,-0.23962339588655318,0.501724144659263
aiprovider_openwebui,Provider API OpenWebUI,44.0,1761865142,0.0,0.15000000000000002,2048,1,1,0,"(5, 1)",0,-0.2392525390506353,0.15000000000000002,-0.23962339588655318,0.5211240650628115
quizaccess_startlimit,Quiz start time limit,46.0,1761404393,0.0,0.15000000000000002,2390,1,1,0,"(5, 2)",0,-0.23800093128266442,0.15000000000000002,-0.23962339588655318,0.5223756728307825
aiprovider_datacurso,Datacurso AI Provider,424.0,1788797401,8.0,1.1657500000000003,1035,1,1,0,"(5, 2)",0,-0.0014470631361685493,9.165750000000001,9.995239978302374,10.993792915166205
local_coursegen,Course Creator AI,283.0,1787940602,1.0,0.19250000000000003,1035,1,1,0,"(5, 1)",0,-0.08968541077811541,1.1925000000000001,0.9438438772290452,1.8541584664509299
local_datacurso_ratings,Ranking Activities AI,78.0,1785183006,1.0,0.2775,1035,1,1,0,"(5, 1)",0,-0.21797520699513037,1.2775,1.040337611727679,1.8223624047325486
local_socialcert,Share Certificate AI,75.0,1785777000,0.0,0.15000000000000002,1035,1,1,0,"(5, 1)",0,-0.2198526186470867,0.15000000000000002,-0.23962339588655318,0.5405239854663602
local_forum_ai,Forum AI,102.0,1788199805,0.0,0.15000000000000002,1035,1,1,0,"(5, 1)",0,-0.20295591377947983,0.15000000000000002,-0.23962339588655318,0.557420690333967
local_assign_ai,Assignment AI,155.0,1788199804,0.0,0.15000000000000002,1035,1,1,0,"(5, 1)",0,-0.1697883079282516,0.15000000000000002,-0.23962339588655318,0.5905882961851953
report_lifestory,Student Life Story AI,100.0,1787843401,0.0,0.15000000000000002,1035,1,1,0,"(5, 1)",0,-0.2042075215474507,0.15000000000000002,-0.23962339588655318,0.5561690825659962
block_datacurso_recomendate,Recommended courses,49.0,1767127878,0.0,0.15000000000000002,1035,1,1,0,"(5, 1)",0,-0.2361235196307081,0.15000000000000002,-0.23962339588655318,0.5242530844827387
local_textplus,TextPlus,17.0,1772256300,0.0,0.15000000000000002,2399,1,1,0,"(5, 1)",0,-0.2561492439182421,0.15000000000000002,-0.23962339588655318,0.5042273601952048
local_coursedynamicrules,Smart Rules AI,76.0,1788354601,0.0,0.15000000000000002,1035,1,1,0,"(4, 5)",0,-0.21922681476310124,0.15000000000000002,-0.23962339588655318,0.5411497893503456
mod_chimpaigo,chimpAIgo!,6.0,1763922007,0.0,0.15000000000000002,2401,1,1,0,"(5, 1)",0,-0.26303308664208197,0.15000000000000002,-0.23962339588655318,0.49734351747136485
local_cleangradereport,Clean Grade Report,31.0,1765383674,0.0,0.15000000000000002,2375,1,1,0,"(5, 1)",0,-0.24738798954244598,0.15000000000000002,-0.23962339588655318,0.5129886145710009
local_extracredit,Extra Credit Checkbox,3.0,1762376775,0.0,0.15000000000000002,2375,1,1,0,"(5, 1)",0,-0.2649104982940383,0.15000000000000002,-0.23962339588655318,0.49546610581940853
block_moochat,MooChat,62.0,1771537917,0.0,0.15000000000000002,2375,1,1,0,"(5, 1)",0,-0.22798806913889738,0.15000000000000002,-0.23962339588655318,0.5323885349745494
mod_moochat,MooChat,83.0,1777396171,0.0,0.15000000000000002,2375,1,1,0,"(5, 2)",0,-0.21484618757520318,0.15000000000000002,-0.23962339588655318,0.5455304165382436
auth_jwtsso,JWT SSO authentication,48.0,1765444945,0.0,0.15000000000000002,2418,1,1,0,"(5, 1)",0,-0.23674932351469352,0.15000000000000002,-0.23962339588655318,0.5236272805987533
report_twgraph_lite,TWGraph_Lite,6.0,1768886184,0.0,0.15000000000000002,2407,1,1,0,"(5, 1)",0,-0.26303308664208197,0.15000000000000002,-0.23962339588655318,0.49734351747136485
mod_openbook,Openbook resource folder,42.0,1781079850,1.0,0.2775,1495,2,0,0,"(5, 2)",0,-0.24050414681860616,1.2775,1.040337611727679,0.7998334649090728
block_mathsyntaxhelp,Math Syntax Help,24.0,1775054275,0.0,0.15000000000000002,2283,1,1,0,"(5, 2)",0,-0.25176861673034406,0.15000000000000002,-0.23962339588655318,0.5086079873831028
local_course_checker,Course checker,49.0,1763647321,1.0,0.2775,1661,3,0,0,"(5, 2)",0,-0.2361235196307081,1.2775,1.040337611727679,0.8042140920969709
local_ltiusage,LTI Usage,19.0,1765291360,0.0,0.15000000000000002,2411,1,1,0,"(5, 1)",0,-0.2548976361502713,0.15000000000000002,-0.23962339588655318,0.5054789679631755
block_course_checker_info,Course checker info,18.0,1763043607,0.0,0.15000000000000002,1661,3,0,0,"(5, 2)",0,-0.2555234400342567,0.15000000000000002,-0.23962339588655318,-0.4951468359208099
availability_percentage,Restriction by percentage completion,17.0,1762380082,0.0,0.15000000000000002,2516,1,1,0,"(5, 1)",0,-0.2561492439182421,0.15000000000000002,-0.23962339588655318,0.5042273601952048
report_studentgrades,Student Course Grades,,1762398105,0.0,0.15000000000000002,2414,0,0,0,"(5, 1)",0,-0.2667879099459946,0.15000000000000002,-0.23962339588655318,-0.5064113058325478
local_kopere_status,System Status,310.0,1767743937,0.0,0.15000000000000002,1999,1,1,0,"(1, 9)",1,-0.07278870591050857,0.15000000000000002,-0.23962339588655318,0.6875878982029382
mod_mooproof,MooProof,23.0,1777319858,0.0,0.15000000000000002,2375,1,1,0,"(5, 2)",0,-0.2523944206143295,0.15000000000000002,-0.23962339588655318,0.5079821834991174
tool_redirectplus,Redirect Plus,13.0,1772253595,0.0,0.15000000000000002,2399,1,1,0,"(5, 1)",0,-0.25865245945418386,0.15000000000000002,-0.23962339588655318,0.501724144659263
local_behavioranalytics,Behavior Analytics,11.0,1762775980,0.0,0.15000000000000002,2418,1,1,0,"(5, 1)",0,-0.25990406722215476,0.15000000000000002,-0.23962339588655318,0.5004725368912921
local_trustgrade,TrustGrade,10.0,1774526354,0.0,0.15000000000000002,2113,1,1,0,"(5, 1)",0,-0.2605298711061402,0.15000000000000002,-0.23962339588655318,0.49984673300730664
local_hvpreport,HVP Student Results Report,70.0,1764606175,0.0,0.15000000000000002,2375,1,1,0,"(5, 1)",0,-0.22298163806701388,0.15000000000000002,-0.23962339588655318,0.537394966046433
paygw_zarinpal,ZarinPal,11.0,1763673691,0.0,0.15000000000000002,2390,1,1,0,"(5, 2)",0,-0.25990406722215476,0.15000000000000002,-0.23962339588655318,0.5004725368912921
local_dttutor,Tutor AI,156.0,1785183006,0.0,0.15000000000000002,1035,1,1,0,"(5, 2)",0,-0.16916250404426614,0.15000000000000002,-0.23962339588655318,0.5912141000691806
local_mycourseid,MyCourseID Helper,1.0,1763159022,0.0,0.15000000000000002,2423,1,1,0,"(4, 5)",0,-0.26616210606200913,0.15000000000000002,-0.23962339588655318,0.4942144980514377
local_quizstatsort,Quiz Statistics Sort,13.0,1763914872,0.0,0.15000000000000002,2375,1,1,0,"(5, 1)",0,-0.25865245945418386,0.15000000000000002,-0.23962339588655318,0.501724144659263
qtype_regexmatchcloze,Regexmatch Cloze,9.0,1767785962,0.0,0.15000000000000002,2425,1,1,0,"(5, 1)",0,-0.26115567499012565,0.15000000000000002,-0.23962339588655318,0.49922092912332117
local_certifygencompanion,Certifygen links,7.0,1763729043,0.0,0.15000000000000002,2891,1,1,0,"(5, 1)",0,-0.2624072827580965,0.15000000000000002,-0.23962339588655318,0.4979693213553503
certificateelement_activity,Certifygen fields,14.0,1763658525,0.0,0.15000000000000002,2891,1,1,0,"(5, 0)",0,-0.25802665557019844,0.15000000000000002,-0.23962339588655318,0.5023499485432483
aiplacement_exaaichat,Exabis AI Chat Course Assistance Placement,35.0,1770304513,0.0,0.15000000000000002,539,2,0,0,"(5, 1)",0,-0.24488477400650424,0.15000000000000002,-0.23962339588655318,-0.48450816989305745
local_zohoflow,Zoho Flow connector for Moodle,20.0,1782217587,0.0,0.15000000000000002,2429,1,1,0,"(5, 2)",0,-0.2542718322662858,0.15000000000000002,-0.23962339588655318,0.506104771847161
local_timemachine,Moodle Time Machine,6.0,1764679443,0.0,0.15000000000000002,2430,1,1,0,"(5, 0)",0,-0.26303308664208197,0.15000000000000002,-0.23962339588655318,0.49734351747136485
repository_aiimage,AI Image,53.0,1782788066,0.0,0.15000000000000002,204,1,1,0,"(5, 2)",0,-0.23362030409476633,0.15000000000000002,-0.23962339588655318,0.5267563000186805
local_parentassign,Parent Assignment,11.0,1773108238,0.0,0.15000000000000002,2432,1,1,0,"(5, 1)",0,-0.25990406722215476,0.15000000000000002,-0.23962339588655318,0.5004725368912921
tiny_injectcss,InjectCSS,160.0,1777383408,0.0,0.15000000000000002,2533,3,0,0,"(5, 2)",0,-0.1666592885083244,0.15000000000000002,-0.23962339588655318,-0.4062826843948776
mod_edflex,Edflex connector,,1783500079,0.0,0.15000000000000002,2946,0,0,0,"(5, 2)",0,-0.2667879099459946,0.15000000000000002,-0.23962339588655318,-0.5064113058325478
quizaccess_sebversion,Enforce minimum version for Safe Exam Browser,20.0,1777552725,0.0,0.15000000000000002,1812,1,1,0,"(5, 2)",0,-0.2542718322662858,0.15000000000000002,-0.23962339588655318,0.506104771847161
block_openbook,Openbook resource folder files block,30.0,1785521401,0.0,0.15000000000000002,1495,2,0,0,"(5, 2)",0,-0.24801379342643143,0.15000000000000002,-0.23962339588655318,-0.4876371893129846
local_sqlquerybuilder,SQL Query Builder,6.0,1764104305,0.0,0.15000000000000002,2533,1,1,0,"(5, 1)",0,-0.26303308664208197,0.15000000000000002,-0.23962339588655318,0.49734351747136485
local_oc_calendarcleanup,Calendarcleanup,8.0,1764336438,0.0,0.15000000000000002,2533,2,0,0,"(4, 5)",0,-0.2617814788741111,0.15000000000000002,-0.23962339588655318,-0.5014048747606643
tool_browse_users_classic,Browse list of users (classic mode),88.0,1768129130,0.0,0.15000000000000002,1303,1,1,0,"(5, 1)",0,-0.21171716815527597,0.15000000000000002,-0.23962339588655318,0.5486594359581709
report_coursestats_v2,Course Usage Statistics - v2,51.0,1766507981,0.0,0.15000000000000002,1425,1,1,0,"(5, 1)",0,-0.2348719118627372,0.15000000000000002,-0.23962339588655318,0.5255046922507096
local_ezxlate,ezXlate : API for external translation pipelines,4.0,1765835210,0.0,0.15000000000000002,2441,1,1,0,"(4, 5)",0,-0.2642846944100528,0.15000000000000002,-0.23962339588655318,0.496091909703394
quizaccess_ai,AI availability,26.0,1778223567,0.0,0.15000000000000002,2493,2,0,0,"(5, 2)",0,-0.25051700896237317,0.15000000000000002,-0.23962339588655318,-0.49014040484892635
mod_trainingevaluation,Training Evaluation,48.0,1765535056,0.0,0.15000000000000002,2443,1,1,0,"(5, 1)",0,-0.23674932351469352,0.15000000000000002,-0.23962339588655318,0.5236272805987533
local_globalembed,Global Embed,8.0,1765285472,0.0,0.15000000000000002,2444,1,1,0,"(5, 1)",0,-0.2617814788741111,0.15000000000000002,-0.23962339588655318,0.4985951252393357
tool_deleted_user_anonymizer,Deleted User Anonymizer,12.0,1786371000,0.0,0.15000000000000002,2533,4,0,0,"(4, 5)",0,-0.25927826333816933,0.15000000000000002,-0.23962339588655318,-0.4989016592247225
mod_coursesearch,Course Search,77.0,1788534602,0.0,0.15000000000000002,2446,1,1,0,"(5, 2)",0,-0.2186010108791158,0.15000000000000002,-0.23962339588655318,0.541775593234331
local_inventario,Inventory & Booking system,,1767994095,0.0,0.15000000000000002,2447,0,0,0,"(5, 1)",0,-0.2667879099459946,0.15000000000000002,-0.23962339588655318,-0.5064113058325478
mod_roadmap,Course Roadmap,57.0,1769759792,0.0,0.15000000000000002,2448,1,1,0,"(5, 1)",0,-0.23111708855882457,0.15000000000000002,-0.23962339588655318,0.5292595155546223
webservice_mcp,MCP,489.0,1784795917,0.0,0.15000000000000002,2390,1,1,0,"(5, 2)",0,0.039230189322884974,0.15000000000000002,-0.23962339588655318,0.7996067934363318
local_mc_plugin,MoodleConnect,66.0,1784800702,0.0,0.15000000000000002,2450,1,1,0,"(5, 2)",0,-0.22548485360295564,0.15000000000000002,-0.23962339588655318,0.5348917505104912
local_forumownpostfilter,Forum's Own Post Filter,7.0,1766418696,0.0,0.15000000000000002,947,3,0,0,"(5, 1)",0,-0.2624072827580965,0.15000000000000002,-0.23962339588655318,-0.5020306786446497
local_forumpostratelimit,Forum Post Rate Limiter,11.0,1766419054,0.0,0.15000000000000002,947,3,0,0,"(5, 1)",0,-0.25990406722215476,0.15000000000000002,-0.23962339588655318,-0.49952746310870794
mod_customgroups,International Student Custom Groups,2.0,1781761505,0.0,0.15000000000000002,947,4,0,0,"(5, 2)",0,-0.2655363021780237,0.15000000000000002,-0.23962339588655318,-0.505159698064577
aiprovider_openaicompatible,OpenAI Compatible API provider,137.0,1781167631,0.0,0.15000000000000002,2454,2,0,0,"(5, 2)",0,-0.18105277783998946,0.15000000000000002,-0.23962339588655318,-0.42067617372654265
logstore_socialflow,Social Flow Log,6.0,1780866904,1.0,0.2775,2456,1,1,0,"(5, 2)",0,-0.26303308664208197,1.2775,1.040337611727679,1.777304525085597
block_socialflow,Social flow block,1.0,1766752885,0.0,0.15000000000000002,2456,1,1,0,"(5, 2)",0,-0.26616210606200913,0.15000000000000002,-0.23962339588655318,0.4942144980514377
filter_bsmigrate,Bsmigrate,8.0,1766393644,0.0,0.15000000000000002,2081,1,1,0,"(5, 0)",0,-0.2617814788741111,0.15000000000000002,-0.23962339588655318,0.4985951252393357
local_eflow_aitutor,eFlow AI Tutor,4.0,1768052220,0.0,0.15000000000000002,2458,1,1,0,"(5, 1)",0,-0.2642846944100528,0.15000000000000002,-0.23962339588655318,0.496091909703394
paygw_helloasso,HelloAsso,2.0,1767603366,0.0,0.15000000000000002,2459,1,1,0,"(4, 3)",0,-0.2655363021780237,0.15000000000000002,-0.23962339588655318,0.49484030193542305
tool_upmon,Uptime Monitor,8.0,1767219102,0.0,0.15000000000000002,2460,1,1,0,"(5, 1)",0,-0.2617814788741111,0.15000000000000002,-0.23962339588655318,0.4985951252393357
tiny_persistentresize,Persistent resize,13.0,1769479602,0.0,0.15000000000000002,2462,1,1,0,"(4, 5)",0,-0.25865245945418386,0.15000000000000002,-0.23962339588655318,0.501724144659263
filter_lti,LTI (External tool) Filter,8.0,1767571326,0.0,0.15000000000000002,2462,1,1,0,"(5, 1)",0,-0.2617814788741111,0.15000000000000002,-0.23962339588655318,0.4985951252393357
report_edumetrics,EduMetrics,8.0,1772918795,0.0,0.15000000000000002,1425,1,1,0,"(5, 1)",0,-0.2617814788741111,0.15000000000000002,-0.23962339588655318,0.4985951252393357
local_aigrade,AI Grade,379.0,1773249143,0.0,0.15000000000000002,2375,1,1,0,"(5, 1)",0,-0.029608237915513293,0.15000000000000002,-0.23962339588655318,0.7307683661979335
mod_certify,Certify Digital Badges,17.0,1768570347,0.0,0.15000000000000002,2465,1,1,0,"(5, 1)",0,-0.2561492439182421,0.15000000000000002,-0.23962339588655318,0.5042273601952048
block_calculator,Calculator,48.0,1780496114,0.0,0.15000000000000002,2466,3,0,0,"(5, 2)",0,-0.23674932351469352,0.15000000000000002,-0.23962339588655318,-0.4763727194012467
local_invoice,Invoice Generator for PayPal and Payfast Enrolments,12.0,1769175591,0.0,0.15000000000000002,2467,1,1,0,"(5, 1)",0,-0.25927826333816933,0.15000000000000002,-0.23962339588655318,0.5010983407752775
block_whatsapp_messenger,WhatsApp Messenger,71.0,1778576036,0.0,0.15000000000000002,2113,1,1,0,"(5, 2)",0,-0.22235583418302843,0.15000000000000002,-0.23962339588655318,0.5380207699304184
local_questions_importer_ws,Question Web Service Import,18.0,1768574945,0.0,0.15000000000000002,2353,1,1,0,"(4, 5)",0,-0.2555234400342567,0.15000000000000002,-0.23962339588655318,0.5048531640791901
local_groupimport,Group import (via CSV) ,37.0,1768482658,0.0,0.15000000000000002,2470,1,1,0,"(5, 1)",0,-0.24363316623853334,0.15000000000000002,-0.23962339588655318,0.5167434378749135
media_mediasite,Mediasite media player (unofficial Mediasite plugin),4.0,1768506327,0.0,0.15000000000000002,2462,1,1,0,"(5, 1)",0,-0.2642846944100528,0.15000000000000002,-0.23962339588655318,0.496091909703394
repository_mediasite,Mediasite repository  (unofficial Mediasite plugin),4.0,1768869222,0.0,0.15000000000000002,2462,1,1,0,"(5, 1)",0,-0.2642846944100528,0.15000000000000002,-0.23962339588655318,0.496091909703394
tiny_embedmediasite,Embed Mediasite video (unofficial Mediasite plugin),3.0,1778054576,0.0,0.15000000000000002,2462,1,1,0,"(5, 1)",0,-0.2649104982940383,0.15000000000000002,-0.23962339588655318,0.49546610581940853
auth_kipmi,KIPMI Wallet Authentication,1.0,1776845057,0.0,0.15000000000000002,2474,2,0,0,"(5, 2)",0,-0.26616210606200913,0.15000000000000002,-0.23962339588655318,-0.5057855019485623
local_certimagegen,Certificate Image Generator,15.0,1771842430,0.0,0.15000000000000002,1035,1,1,0,"(5, 1)",0,-0.257400851686213,0.15000000000000002,-0.23962339588655318,0.5029757524272338
local_aicheck,AI Check,11.0,1768768457,0.0,0.15000000000000002,2375,1,1,0,"(5, 1)",0,-0.25990406722215476,0.15000000000000002,-0.23962339588655318,0.5004725368912921
report_adeptus_insights,Adeptus Insights,5.0,1771720381,1.0,0.2775,2479,1,1,0,"(5, 1)",0,-0.2636588905260674,1.2775,1.040337611727679,1.7766787212016117
mod_livewebinar,LiveWebinar,5.0,1771340303,0.0,0.15000000000000002,2478,1,1,0,"(5, 1)",0,-0.2636588905260674,0.15000000000000002,-0.23962339588655318,0.4967177135873795
block_adeptus_insights,Adeptus Insights,1.0,1769726659,0.0,0.15000000000000002,2479,1,1,0,"(5, 1)",0,-0.26616210606200913,0.15000000000000002,-0.23962339588655318,0.4942144980514377
paygw_librapay,LibraPay,0.0,1769516842,0.0,0.15000000000000002,2480,1,1,0,"(5, 1)",0,-0.2667879099459946,0.15000000000000002,-0.23962339588655318,0.4935886941674522
local_category_reset,Category Course Reset,39.0,1770242933,0.0,0.15000000000000002,2375,1,1,0,"(5, 1)",0,-0.24238155847056247,0.15000000000000002,-0.23962339588655318,0.5179950456428843
block_menubuilder,Custom Menu Builder,40.0,1769162652,0.0,0.15000000000000002,2482,1,1,0,"(5, 1)",0,-0.24175575458657703,0.15000000000000002,-0.23962339588655318,0.5186208495268698
local_bbb_lad,BigBlueButton Learning Analytics Dashboard,49.0,1783069566,0.0,0.15000000000000002,2340,1,1,0,"(5, 2)",0,-0.2361235196307081,0.15000000000000002,-0.23962339588655318,0.5242530844827387
local_assignmentnotice,AI Assessment Scale (Assignment Notice),10.0,1770070024,0.0,0.15000000000000002,2525,1,1,0,"(5, 1)",0,-0.2605298711061402,0.15000000000000002,-0.23962339588655318,0.49984673300730664
local_ascend_rewards,Ascend Rewards,6.0,1770966329,0.0,0.15000000000000002,2485,1,1,0,"(5, 1)",0,-0.26303308664208197,0.15000000000000002,-0.23962339588655318,0.49734351747136485
local_slow_queries,Slow queries,190.0,1770295584,0.0,0.15000000000000002,1999,1,1,0,"(1, 9)",1,-0.14788517198876122,0.15000000000000002,-0.23962339588655318,0.6124914321246856
mod_pptgen,Prompt2Slide AI,9.0,1771313079,0.0,0.15000000000000002,2487,1,1,0,"(5, 1)",0,-0.26115567499012565,0.15000000000000002,-0.23962339588655318,0.49922092912332117
mod_gestionprojet,Project Management,22.0,1778132841,0.0,0.15000000000000002,2488,1,1,0,"(5, 2)",0,-0.25302022449831496,0.15000000000000002,-0.23962339588655318,0.5073563796151319
coursereport_frictionradar,Friction Radar,37.0,1773666180,0.0,0.15000000000000002,2489,1,1,0,"(5, 1)",0,-0.24363316623853334,0.15000000000000002,-0.23962339588655318,0.5167434378749135
block_eledia_coursesearch,Course search,19.0,1770207540,0.0,0.15000000000000002,734,1,1,0,"(4, 5)",0,-0.2548976361502713,0.15000000000000002,-0.23962339588655318,0.5054789679631755
tiny_aipromptgen,Tiny AI Prompt Generator,36.0,1772682116,0.0,0.15000000000000002,2491,1,1,0,"(5, 2)",0,-0.2442589701225188,0.15000000000000002,-0.23962339588655318,0.516117633990928
mod_aichat,AI chat,66.0,1778222393,0.0,0.15000000000000002,2493,2,0,0,"(5, 2)",0,-0.22548485360295564,0.15000000000000002,-0.23962339588655318,-0.4651082494895088
local_ai_injection,AI Injection,26.0,1778223836,0.0,0.15000000000000002,2493,2,0,0,"(5, 2)",0,-0.25051700896237317,0.15000000000000002,-0.23962339588655318,-0.49014040484892635
tool_forced_settings,Forced settings,0.0,1770055044,0.0,0.15000000000000002,2897,1,1,0,"(5, 1)",0,-0.2667879099459946,0.15000000000000002,-0.23962339588655318,0.4935886941674522
local_pmlog,Process Mining Log Builder,6.0,1774904336,0.0,0.15000000000000002,2495,1,1,0,"(5, 2)",0,-0.26303308664208197,0.15000000000000002,-0.23962339588655318,0.49734351747136485
tiny_elediastyles,eleDia Styles,21.0,1770830914,0.0,0.15000000000000002,734,1,1,0,"(4, 5)",0,-0.2536460283823004,0.15000000000000002,-0.23962339588655318,0.5067305757311464
local_savian_ai,Savian AI,7.0,1771667344,0.0,0.15000000000000002,2497,1,1,0,"(5, 1)",0,-0.2624072827580965,0.15000000000000002,-0.23962339588655318,0.4979693213553503
message_kopereemail,Kopere Email,266.0,1777934694,0.0,0.15000000000000002,1999,1,1,0,"(1, 9)",1,-0.10032407680586787,0.15000000000000002,-0.23962339588655318,0.660052527307579
tool_newyeardates,New Year Dates,13.0,1771002709,0.0,0.15000000000000002,2375,1,1,0,"(5, 1)",0,-0.25865245945418386,0.15000000000000002,-0.23962339588655318,0.501724144659263
tool_sitedates,Site Course Dates,12.0,1771872704,0.0,0.15000000000000002,2375,1,1,0,"(5, 1)",0,-0.25927826333816933,0.15000000000000002,-0.23962339588655318,0.5010983407752775
quizaccess_oneconnection,Block concurrent connections quiz access rule,41.0,1772466519,0.0,0.15000000000000002,242,2,0,0,"(5, 1)",0,-0.2411299507025916,0.15000000000000002,-0.23962339588655318,-0.4807533465891448
mod_childcourse,Child course,440.0,1781795110,0.0,0.15000000000000002,1999,1,1,0,"(1, 9)",1,0.008565799007598471,0.15000000000000002,-0.23962339588655318,0.7689424031210452
ltisource_playquiznow,PlayQuizNow,8.0,1771246879,0.0,0.15000000000000002,2503,1,1,0,"(5, 1)",0,-0.2617814788741111,0.15000000000000002,-0.23962339588655318,0.4985951252393357
qbank_yetkinlik,Question Bank Competency Mapping,28.0,1787587802,1.0,0.2775,2505,1,1,0,"(5, 2)",0,-0.2492654011944023,1.2775,1.040337611727679,1.7910722105332768
local_yetkinlik,Competency Plugin,20.0,1788430200,0.0,0.15000000000000002,2505,1,1,0,"(5, 2)",0,-0.2542718322662858,0.15000000000000002,-0.23962339588655318,0.506104771847161
mod_scicalc,Scientific Calculator,58.0,1770772610,0.0,0.15000000000000002,1999,1,1,0,"(1, 9)",1,-0.23049128467483915,0.15000000000000002,-0.23962339588655318,0.5298853194386077
local_reactions,Reactions,62.0,1788779401,0.0,0.15000000000000002,2462,1,1,0,"(5, 1)",0,-0.22798806913889738,0.15000000000000002,-0.23962339588655318,0.5323885349745494
local_hlai_grading,Human Logic AI Grading,11.0,1772600992,0.0,0.15000000000000002,2946,4,0,0,"(5, 1)",0,-0.25990406722215476,0.15000000000000002,-0.23962339588655318,-0.49952746310870794
local_hlai_quizgen,AI Quiz Generator,41.0,1772602995,0.0,0.15000000000000002,2946,4,0,0,"(5, 1)",0,-0.2411299507025916,0.15000000000000002,-0.23962339588655318,-0.4807533465891448
block_my_certificates,My Certificates,90.0,1770968034,0.0,0.15000000000000002,1035,1,1,0,"(5, 1)",0,-0.2104655603873051,0.15000000000000002,-0.23962339588655318,0.5499110437261417
local_benefitsystem,Benefit system,2.0,1773667701,1.0,0.2775,2512,1,1,0,"(5, 1)",0,-0.2655363021780237,1.2775,1.040337611727679,1.7748013095496553
block_benefitsystem,Benefit system,2.0,1772019570,0.0,0.15000000000000002,2512,1,1,0,"(5, 1)",0,-0.2655363021780237,0.15000000000000002,-0.23962339588655318,0.49484030193542305
local_pluginreplace,Plugin replacer,3.0,1770868522,0.0,0.15000000000000002,2545,1,1,0,"(5, 1)",0,-0.2649104982940383,0.15000000000000002,-0.23962339588655318,0.49546610581940853
local_docviewer,Document Viewer,78.0,1772739057,0.0,0.15000000000000002,2549,1,1,0,"(5, 0)",0,-0.21797520699513037,0.15000000000000002,-0.23962339588655318,0.5424013971183165
mod_hlsplayer,HLS Player,15.0,1776004613,0.0,0.15000000000000002,2515,1,1,0,"(5, 2)",0,-0.257400851686213,0.15000000000000002,-0.23962339588655318,0.5029757524272338
tool_csvtocourse,CSV to Course,6.0,1771184881,0.0,0.15000000000000002,2516,1,1,0,"(5, 1)",0,-0.26303308664208197,0.15000000000000002,-0.23962339588655318,0.49734351747136485
local_haccgen,HACC Gen - AI Content Generator,27.0,1782475468,0.0,0.15000000000000002,2482,1,1,0,"(5, 2)",0,-0.24989120507838775,0.15000000000000002,-0.23962339588655318,0.5104853990350591
quizaccess_cheatdetect,Cheat Detection,58.0,1781686756,0.0,0.15000000000000002,1644,1,1,0,"(5, 1)",0,-0.23049128467483915,0.15000000000000002,-0.23962339588655318,0.5298853194386077
aiprovider_yandexai,Yandex AI API Provider,5.0,1772291098,0.0,0.15000000000000002,2519,1,1,0,"(5, 1)",0,-0.2636588905260674,0.15000000000000002,-0.23962339588655318,0.4967177135873795
tiny_dictate,Dictate,0.0,1771991642,0.0,0.15000000000000002,2520,1,1,0,"(5, 1)",0,-0.2667879099459946,0.15000000000000002,-0.23962339588655318,0.4935886941674522
local_lumination,Lumination AI Course Generator,19.0,1783754983,0.0,0.15000000000000002,2521,1,1,0,"(5, 2)",0,-0.2548976361502713,0.15000000000000002,-0.23962339588655318,0.5054789679631755
aiprovider_groq,Schoolees Groq AI Provider,23.0,1771326206,0.0,0.15000000000000002,2523,1,1,0,"(5, 1)",0,-0.2523944206143295,0.15000000000000002,-0.23962339588655318,0.5079821834991174
aiprovider_schooleesopenrouter,Schoolees OpenRouter AI Providers ,15.0,1771339337,0.0,0.15000000000000002,2523,1,1,0,"(5, 1)",0,-0.257400851686213,0.15000000000000002,-0.23962339588655318,0.5029757524272338
local_parentmanager,Parent/Child Manager,39.0,1776328763,0.0,0.15000000000000002,1104,2,0,0,"(5, 2)",0,-0.24238155847056247,0.15000000000000002,-0.23962339588655318,-0.48200495435711566
local_agentdetect,Agent Detection Lite,34.0,1780859615,0.0,0.15000000000000002,2525,1,1,0,"(5, 2)",0,-0.24551057789048966,0.15000000000000002,-0.23962339588655318,0.5148660262229572
profilefield_tckn,Turkish ID Number (TCKN),2.0,1771760502,0.0,0.15000000000000002,2526,1,1,0,"(5, 1)",0,-0.2655363021780237,0.15000000000000002,-0.23962339588655318,0.49484030193542305
local_information_center,Information Center,7.0,1781270681,0.0,0.15000000000000002,2533,4,0,0,"(5, 2)",0,-0.2624072827580965,0.15000000000000002,-0.23962339588655318,-0.5020306786446497
local_csv_user_sync,CSV User Sync,2.0,1772182013,0.0,0.15000000000000002,2528,1,1,0,"(5, 1)",0,-0.2655363021780237,0.15000000000000002,-0.23962339588655318,0.49484030193542305
block_playerhud,🕹️PlayerHUD,86.0,1788444603,2.0,0.405,2644,1,1,0,"(5, 2)",0,-0.21296877592324687,2.4050000000000002,2.3202986193419117,3.1073298434186647
local_integrationhub,Integration Hub,3.0,1772618431,0.0,0.15000000000000002,2536,1,1,0,"(5, 1)",0,-0.2649104982940383,0.15000000000000002,-0.23962339588655318,0.49546610581940853
filter_playerhud,🕹️PlayerHUD Filter,63.0,1788534603,0.0,0.15000000000000002,2644,1,1,0,"(5, 2)",0,-0.22736226525491196,0.15000000000000002,-0.23962339588655318,0.5330143388585349
availability_playerhud,🕹️PlayerHUD Availability Condition,45.0,1788444604,0.0,0.15000000000000002,2644,1,1,0,"(5, 2)",0,-0.23862673516664984,0.15000000000000002,-0.23962339588655318,0.521749868946797
local_oc_seasonal_animations,Seasonal Animations,7.0,1781180671,0.0,0.15000000000000002,2533,4,0,0,"(5, 2)",0,-0.2624072827580965,0.15000000000000002,-0.23962339588655318,-0.5020306786446497
local_cohortsync,Automatic Cohort Synchronization,21.0,1776859714,0.0,0.15000000000000002,2534,1,1,0,"(5, 1)",0,-0.2536460283823004,0.15000000000000002,-0.23962339588655318,0.5067305757311464
mod_attendancecontrol,Mister Asistencia,37.0,1772552176,0.0,0.15000000000000002,2535,1,1,0,"(5, 1)",0,-0.24363316623853334,0.15000000000000002,-0.23962339588655318,0.5167434378749135
local_mrca,Multi-Risk & Compliance Analyzer,12.0,1772837190,0.0,0.15000000000000002,2536,1,1,0,"(5, 1)",0,-0.25927826333816933,0.15000000000000002,-0.23962339588655318,0.5010983407752775
local_fullaccessibility,Full Accessibility,50.0,1787893801,0.0,0.15000000000000002,2537,1,1,0,"(5, 2)",0,-0.23549771574672265,0.15000000000000002,-0.23962339588655318,0.5248788883667241
format_letstudy,Letstudy Course Formats,188.0,1774121930,0.0,0.15000000000000002,2549,1,1,0,"(5, 0)",0,-0.1491367797567321,0.15000000000000002,-0.23962339588655318,0.6112398243567148
local_welcome_modal,Welcome Modal,16.0,1771824331,0.0,0.15000000000000002,2482,1,1,0,"(5, 1)",0,-0.2567750478022276,0.15000000000000002,-0.23962339588655318,0.5036015563112193
local_activityfilter,AI Activity Filter,14.0,1781180502,0.0,0.15000000000000002,2533,4,0,0,"(5, 2)",0,-0.25802665557019844,0.15000000000000002,-0.23962339588655318,-0.4976500514567516
local_smartgradeai,Smart Grade AI,,1773324247,0.0,0.15000000000000002,2541,0,0,0,"(5, 1)",0,-0.2667879099459946,0.15000000000000002,-0.23962339588655318,-0.5064113058325478
mod_sectionprogress,Section Progress,38.0,1772035879,0.0,0.15000000000000002,2375,1,1,0,"(5, 1)",0,-0.24300736235454792,0.15000000000000002,-0.23962339588655318,0.5173692417588989
mod_gradelist,Grade List,12.0,1772036518,0.0,0.15000000000000002,2375,1,1,0,"(5, 1)",0,-0.25927826333816933,0.15000000000000002,-0.23962339588655318,0.5010983407752775
mod_exaaifeedback,Exa AI Feedback,4.0,1780630859,0.0,0.15000000000000002,539,2,0,0,"(5, 2)",0,-0.2642846944100528,0.15000000000000002,-0.23962339588655318,-0.503908090296606
local_pluginzip,Plugin ZIP exporter,16.0,1773072308,0.0,0.15000000000000002,2545,1,1,0,"(4, 5)",0,-0.2567750478022276,0.15000000000000002,-0.23962339588655318,0.5036015563112193
local_change_auth,Change Auth Plugin,2.0,1773076647,0.0,0.15000000000000002,2545,1,1,0,"(5, 1)",0,-0.2655363021780237,0.15000000000000002,-0.23962339588655318,0.49484030193542305
local_smart_resume,Smart Resume,19.0,1788441001,0.0,0.15000000000000002,2547,1,1,0,"(5, 2)",0,-0.2548976361502713,0.15000000000000002,-0.23962339588655318,0.5054789679631755
local_aceengine,Adaptive Challenge Engine (ACE),4.0,1773074348,2.0,0.405,2549,1,1,0,"(5, 1)",0,-0.2642846944100528,2.4050000000000002,2.3202986193419117,3.0560139249318587
block_ace_quests,My Quests,4.0,1773074381,0.0,0.15000000000000002,2549,1,1,0,"(5, 1)",0,-0.2642846944100528,0.15000000000000002,-0.23962339588655318,0.496091909703394
block_aceengine,ACE Dashboard,4.0,1773074478,0.0,0.15000000000000002,2549,1,1,0,"(5, 1)",0,-0.2642846944100528,0.15000000000000002,-0.23962339588655318,0.496091909703394
local_fastcomments,FastComments,4.0,1773810369,0.0,0.15000000000000002,2551,1,1,0,"(5, 1)",0,-0.2642846944100528,0.15000000000000002,-0.23962339588655318,0.496091909703394
local_mseb,Moodle Secure Exam Browser,31.0,1775302048,0.0,0.15000000000000002,2552,1,1,0,"(5, 2)",0,-0.24738798954244598,0.15000000000000002,-0.23962339588655318,0.5129886145710009
local_dimensions,Competency Dimensions,43.0,1775076335,1.0,0.21375000000000002,718,1,1,0,"(5, 2)",0,-0.23987834293462074,1.21375,0.9679673108537037,1.728088967919083
tiny_justify,Tiny Justify,238.0,1772578684,0.0,0.15000000000000002,2001,1,1,0,"(5, 2)",0,-0.11784658555746017,0.15000000000000002,-0.23962339588655318,0.6425300185559867
block_clearmessages,Clear Messages,11.0,1785431401,0.0,0.15000000000000002,2537,1,1,0,"(5, 2)",0,-0.25990406722215476,0.15000000000000002,-0.23962339588655318,0.5004725368912921
enrol_gapplya,Enrolment Request,62.0,1784664921,0.0,0.15000000000000002,2556,1,1,0,"(5, 2)",0,-0.22798806913889738,0.15000000000000002,-0.23962339588655318,0.5323885349745494
local_coursecountdown,Course countdown,3.0,1774074120,0.0,0.15000000000000002,2557,1,1,0,"(5, 1)",0,-0.2649104982940383,0.15000000000000002,-0.23962339588655318,0.49546610581940853
local_edugears,EduGears AI LTI,20.0,1787688600,0.0,0.15000000000000002,2558,1,1,0,"(5, 2)",0,-0.2542718322662858,0.15000000000000002,-0.23962339588655318,0.506104771847161
local_qbankremotemanager,QBank Remote Manager,6.0,1774886517,0.0,0.15000000000000002,2559,1,1,0,"(5, 2)",0,-0.26303308664208197,0.15000000000000002,-0.23962339588655318,0.49734351747136485
editor_customeditor,Anoop Kakkur Rich Text Editor,105.0,1786720201,0.0,0.15000000000000002,2560,2,0,0,"(5, 2)",0,-0.2010785021275235,0.15000000000000002,-0.23962339588655318,-0.44070189801407667
local_devtools,Developer Tools,15.0,1772735321,0.0,0.15000000000000002,2561,1,1,0,"(5, 1)",0,-0.257400851686213,0.15000000000000002,-0.23962339588655318,0.5029757524272338
quizaccess_autoproctor,AutoProctor Integration,11.0,1783840970,0.0,0.15000000000000002,1999,1,1,0,"(5, 2)",0,-0.25990406722215476,0.15000000000000002,-0.23962339588655318,0.5004725368912921
local_unifiedgrader,Unified Grader,78.0,1787127001,0.0,0.15000000000000002,2563,1,1,0,"(5, 2)",0,-0.21797520699513037,0.15000000000000002,-0.23962339588655318,0.5424013971183165
tool_realtime,Real time events,201.0,1772822914,1.0,0.2775,537,1,1,0,"(5, 2)",0,-0.1410013292649214,1.2775,1.040337611727679,1.8993362824627575
mod_kahoodle,Kahoodle,186.0,1778000823,0.0,0.15000000000000002,537,1,1,0,"(5, 2)",0,-0.150388387524703,0.15000000000000002,-0.23962339588655318,0.6099882165887438
mod_fenomiostream,FenomioStream,14.0,1787188201,0.0,0.15000000000000002,2566,1,1,0,"(5, 2)",0,-0.25802665557019844,0.15000000000000002,-0.23962339588655318,0.5023499485432483
atto_fenomiostream,FenomioStream,7.0,1772830096,0.0,0.15000000000000002,2566,1,1,0,"(4, 5)",0,-0.2624072827580965,0.15000000000000002,-0.23962339588655318,0.4979693213553503
tiny_fenomiostream,FenomioStream,12.0,1772830529,0.0,0.15000000000000002,2566,1,1,0,"(4, 5)",0,-0.25927826333816933,0.15000000000000002,-0.23962339588655318,0.5010983407752775
local_singleloginlock,Single login lock,5.0,1773665694,0.0,0.15000000000000002,2569,3,0,0,"(5, 1)",0,-0.2636588905260674,0.15000000000000002,-0.23962339588655318,-0.5032822864126205
mod_certstudio,Certificate Studio,47.0,1774111706,0.0,0.15000000000000002,2549,1,1,0,"(5, 1)",0,-0.23737512739867897,0.15000000000000002,-0.23962339588655318,0.5230014767147678
local_academic_ticket_system,Academic Ticket System,40.0,1779386857,0.0,0.15000000000000002,2571,1,1,0,"(5, 2)",0,-0.24175575458657703,0.15000000000000002,-0.23962339588655318,0.5186208495268698
local_courseprogresslite,Course Progress Lite,19.0,1774076652,0.0,0.15000000000000002,2557,1,1,0,"(5, 1)",0,-0.2548976361502713,0.15000000000000002,-0.23962339588655318,0.5054789679631755
local_kopere_sitemap,Public sitemap,102.0,1773091400,0.0,0.15000000000000002,1999,1,1,0,"(1, 9)",1,-0.20295591377947983,0.15000000000000002,-0.23962339588655318,0.557420690333967
local_kopere_wpbridge,Kopere WP Bridge,745.0,1773097612,0.0,0.15000000000000002,1999,1,1,0,"(1, 9)",1,0.1994359836231573,0.15000000000000002,-0.23962339588655318,0.9598125877366042
local_smartnoticeslite,Smart Notices Lite,49.0,1774078720,0.0,0.15000000000000002,2557,1,1,0,"(5, 1)",0,-0.2361235196307081,0.15000000000000002,-0.23962339588655318,0.5242530844827387
format_simple,Simple format,185.0,1788372600,0.0,0.15000000000000002,2563,1,1,0,"(5, 2)",0,-0.1510141914086884,0.15000000000000002,-0.23962339588655318,0.6093624127047584
local_plugininstalltimer,Plugin Installations Monitoring,32.0,1776329109,0.0,0.15000000000000002,1104,2,0,0,"(5, 2)",0,-0.24676218565846056,0.15000000000000002,-0.23962339588655318,-0.48638558154501377
mod_gear,GEAR - Immersive AR/VR Learning,29.0,1776154369,0.0,0.15000000000000002,2491,1,1,0,"(5, 2)",0,-0.24863959731041688,0.15000000000000002,-0.23962339588655318,0.5117370068030299
bbbext_bnx,BigBlueButton BN Experience,91.0,1780934833,0.0,0.15000000000000002,36,2,0,0,"(5, 2)",0,-0.20983975650331965,0.15000000000000002,-0.23962339588655318,-0.44946315238987283
assignfeedback_aifeedback,AI Feedback Assistant,27.0,1773385743,0.0,0.15000000000000002,2580,1,1,0,"(5, 1)",0,-0.24989120507838775,0.15000000000000002,-0.23962339588655318,0.5104853990350591
mod_streamassign,Stream assignment,2.0,1773795686,0.0,0.15000000000000002,2113,1,1,0,"(5, 1)",0,-0.2655363021780237,0.15000000000000002,-0.23962339588655318,0.49484030193542305
block_servermon,Server Monitor,60.0,1782042538,0.0,0.15000000000000002,2632,1,1,0,"(5, 2)",0,-0.22923967690686825,0.15000000000000002,-0.23962339588655318,0.5311369272065786
tiny_inject_bootstrapjs,InjectBootstrap,7.0,1774273947,0.0,0.15000000000000002,2533,2,0,0,"(5, 1)",0,-0.2624072827580965,0.15000000000000002,-0.23962339588655318,-0.5020306786446497
aiprovider_mistral,Mistral API provider,15.0,1773836860,0.0,0.15000000000000002,2584,1,1,0,"(5, 1)",0,-0.257400851686213,0.15000000000000002,-0.23962339588655318,0.5029757524272338
filter_sborniktestov,Sbornik Testov quiz embed,1.0,1773420728,0.0,0.15000000000000002,2585,1,1,0,"(5, 1)",0,-0.26616210606200913,0.15000000000000002,-0.23962339588655318,0.4942144980514377
quizaccess_honorlock,Honorlock Proctoring Service,13.0,1773424401,0.0,0.15000000000000002,2586,2,0,0,"(5, 1)",0,-0.25865245945418386,0.15000000000000002,-0.23962339588655318,-0.49827585534073704
local_msgraph_api_mailer,MS Graph API Mailer,49.0,1781088217,0.0,0.15000000000000002,2622,1,1,0,"(5, 2)",0,-0.2361235196307081,0.15000000000000002,-0.23962339588655318,0.5242530844827387
customfield_multivalue,Multi-value,21.0,1776745952,0.0,0.15000000000000002,2588,1,1,0,"(5, 1)",0,-0.2536460283823004,0.15000000000000002,-0.23962339588655318,0.5067305757311464
availability_stripepayment,Restriction by Stripe payment,16.0,1778184417,0.0,0.15000000000000002,2619,1,1,0,"(5, 2)",0,-0.2567750478022276,0.15000000000000002,-0.23962339588655318,0.5036015563112193
block_moodpulse,Mood Pulse,3.0,1773691012,0.0,0.15000000000000002,2590,1,1,0,"(5, 1)",0,-0.2649104982940383,0.15000000000000002,-0.23962339588655318,0.49546610581940853
local_evalimport,Evaluation instrument importer,16.0,1774581106,0.0,0.15000000000000002,2290,1,1,0,"(5, 2)",0,-0.2567750478022276,0.15000000000000002,-0.23962339588655318,0.5036015563112193
local_coursecatalog,Course catalog,102.0,1775201498,0.0,0.15000000000000002,1035,1,1,0,"(5, 2)",0,-0.20295591377947983,0.15000000000000002,-0.23962339588655318,0.557420690333967
plagiarism_edfast,EdFast Plagiarism Detector,1.0,1774711066,0.0,0.15000000000000002,2593,1,1,0,"(5, 1)",0,-0.26616210606200913,0.15000000000000002,-0.23962339588655318,0.4942144980514377
customcertelement_assignfeedbackcomments,Custom Certificate - Assignment Feedback Comments,15.0,1775646091,0.0,0.15000000000000002,1035,1,1,0,"(5, 2)",0,-0.257400851686213,0.15000000000000002,-0.23962339588655318,0.5029757524272338
aiprovider_anthropic,Anthropic API provider,20.0,1774177622,0.0,0.15000000000000002,2632,1,1,0,"(5, 1)",0,-0.2542718322662858,0.15000000000000002,-0.23962339588655318,0.506104771847161
aiplacement_airesourceguide,AI Resource Guide,18.0,1775160916,0.0,0.15000000000000002,1035,1,1,0,"(4, 5)",0,-0.2555234400342567,0.15000000000000002,-0.23962339588655318,0.5048531640791901
aiprovider_claude,Claude API Provider,284.0,1787649002,0.0,0.15000000000000002,2705,2,0,0,"(5, 2)",0,-0.08905960689412998,0.15000000000000002,-0.23962339588655318,-0.3286830027806832
mod_videotracker,LearnPlug Video Tracker Starter,17.0,1784985001,0.0,0.15000000000000002,2659,1,1,0,"(5, 2)",0,-0.2561492439182421,0.15000000000000002,-0.23962339588655318,0.5042273601952048
local_skynetaccessibilityscanner,SkynetAccessibility Scanner,2.0,1777027604,0.0,0.15000000000000002,2599,1,1,0,"(5, 2)",0,-0.2655363021780237,0.15000000000000002,-0.23962339588655318,0.49484030193542305
format_streamdeck,Streamdeck,86.0,1775559707,0.0,0.15000000000000002,2563,1,1,0,"(5, 2)",0,-0.21296877592324687,0.15000000000000002,-0.23962339588655318,0.5474078281902
tool_mediatime,Media Time,31.0,1782461510,0.0,0.15000000000000002,893,1,1,0,"(5, 2)",0,-0.24738798954244598,0.15000000000000002,-0.23962339588655318,0.5129886145710009
mod_collabmatch,Collaborative Match,11.0,1776397942,0.0,0.15000000000000002,2631,1,1,0,"(5, 2)",0,-0.25990406722215476,0.15000000000000002,-0.23962339588655318,0.5004725368912921
local_automatic_badges,Automatic Badges,37.0,1776405390,0.0,0.15000000000000002,2603,2,0,0,"(5, 2)",0,-0.24363316623853334,0.15000000000000002,-0.23962339588655318,-0.4832565621250865
format_learningjourney,Learning journey,45.0,1774467640,0.0,0.15000000000000002,2113,1,1,0,"(5, 1)",0,-0.23862673516664984,0.15000000000000002,-0.23962339588655318,0.521749868946797
block_private_shares,Private Shares,5.0,1775557136,0.0,0.15000000000000002,2605,1,1,0,"(5, 2)",0,-0.2636588905260674,0.15000000000000002,-0.23962339588655318,0.4967177135873795
local_stackmatheditor,STACK MathQuill Editor,35.0,1776142862,0.0,0.15000000000000002,2174,1,1,0,"(5, 2)",0,-0.24488477400650424,0.15000000000000002,-0.23962339588655318,0.5154918301069426
local_kwtsms,kwtSMS - OTP and SMS Notifications,0.0,1776560480,0.0,0.15000000000000002,2607,1,1,0,"(5, 2)",0,-0.2667879099459946,0.15000000000000002,-0.23962339588655318,0.4935886941674522
gradereport_coifish,CoIFish,20.0,1782984836,0.0,0.15000000000000002,2563,1,1,0,"(5, 2)",0,-0.2542718322662858,0.15000000000000002,-0.23962339588655318,0.506104771847161
quiz_autograde,AutoGrade,28.0,1782573983,0.0,0.15000000000000002,2144,1,1,0,"(5, 2)",0,-0.2492654011944023,0.15000000000000002,-0.23962339588655318,0.5111112029190445
booktool_epubimport,EPUB import,16.0,1775881962,0.0,0.15000000000000002,2610,1,1,0,"(5, 2)",0,-0.2567750478022276,0.15000000000000002,-0.23962339588655318,0.5036015563112193
local_zendesk,Zendesk Support Integration,4.0,1775775148,1.0,0.2775,2627,1,1,0,"(4, 5)",0,-0.2642846944100528,1.2775,1.040337611727679,1.7760529173176263
local_mycoursesfilter,MyCoursesFiltered,8.0,1775737390,0.0,0.15000000000000002,2174,1,1,0,"(5, 2)",0,-0.2617814788741111,0.15000000000000002,-0.23962339588655318,0.4985951252393357
tiny_fileimport,Tiny File Import,33.0,1784726447,0.0,0.15000000000000002,2167,1,1,0,"(5, 2)",0,-0.2461363817744751,0.15000000000000002,-0.23962339588655318,0.5142402223389717
local_vlibras,VLibras,28.0,1775826033,0.0,0.15000000000000002,2614,1,1,0,"(5, 2)",0,-0.2492654011944023,0.15000000000000002,-0.23962339588655318,0.5111112029190445
block_dimensions,Competency Dimensions,26.0,1775078325,0.0,0.15000000000000002,718,1,1,0,"(5, 2)",0,-0.25051700896237317,0.15000000000000002,-0.23962339588655318,0.5098595951510736
quizaccess_profilefields,Profile field condition quiz access rule,7.0,1787699400,0.0,0.15000000000000002,2811,1,1,0,"(5, 0)",0,-0.2624072827580965,0.15000000000000002,-0.23962339588655318,0.4979693213553503
block_mastermind_assistant,Mastermind Assistant,,1782562302,0.0,0.15000000000000002,2617,0,0,0,"(5, 2)",0,-0.2667879099459946,0.15000000000000002,-0.23962339588655318,-0.5064113058325478
availability_competency,Restriction by competency,47.0,1778366465,0.0,0.15000000000000002,718,1,1,0,"(5, 2)",0,-0.23737512739867897,0.15000000000000002,-0.23962339588655318,0.5230014767147678
local_examnotice,Exam Notice,6.0,1775313430,0.0,0.15000000000000002,2619,1,1,0,"(5, 2)",0,-0.26303308664208197,0.15000000000000002,-0.23962339588655318,0.49734351747136485
local_timetable,Timetable Digital (integration with timetable.digital),98.0,1776508881,1.0,0.2775,2647,1,1,0,"(5, 2)",0,-0.2054591293154216,1.2775,1.040337611727679,1.8348784824122575
local_notification_manager,Notification Manager,25.0,1776151379,0.0,0.15000000000000002,2621,1,1,0,"(5, 2)",0,-0.25114281284635864,0.15000000000000002,-0.23962339588655318,0.5092337912670881
local_course_reminder,Course Escalation Reminder,27.0,1787227801,0.0,0.15000000000000002,2622,1,1,0,"(5, 2)",0,-0.24989120507838775,0.15000000000000002,-0.23962339588655318,0.5104853990350591
quizaccess_campla,CAMPLA exam configuration,7.0,1784988601,0.0,0.15000000000000002,1495,2,0,0,"(5, 2)",0,-0.2624072827580965,0.15000000000000002,-0.23962339588655318,-0.5020306786446497
qtype_dictation,Dictation/C-test,19.0,1777977340,0.0,0.15000000000000002,2624,1,1,0,"(5, 2)",0,-0.2548976361502713,0.15000000000000002,-0.23962339588655318,0.5054789679631755
local_apiquery,Api Query,23.0,1781627448,0.0,0.15000000000000002,2625,1,1,0,"(5, 2)",0,-0.2523944206143295,0.15000000000000002,-0.23962339588655318,0.5079821834991174
filter_courseprofesores,Course Profesores,24.0,1788365419,0.0,0.15000000000000002,2669,1,1,0,"(5, 2)",0,-0.25176861673034406,0.15000000000000002,-0.23962339588655318,0.5086079873831028
block_zendesk_dashboard,Zendesk support dashboard,2.0,1775767814,0.0,0.15000000000000002,2627,1,1,0,"(4, 5)",0,-0.2655363021780237,0.15000000000000002,-0.23962339588655318,0.49484030193542305
tiny_haccgen_extender,HACC Gen Extender,21.0,1787829003,0.0,0.15000000000000002,2482,1,1,0,"(5, 2)",0,-0.2536460283823004,0.15000000000000002,-0.23962339588655318,0.5067305757311464
local_roletheme,Role and Cohort Theme Switcher,6.0,1778052648,0.0,0.15000000000000002,2841,1,1,0,"(5, 2)",0,-0.26303308664208197,0.15000000000000002,-0.23962339588655318,0.49734351747136485
block_programcurriculum,Program curriculum,7.0,1776990587,0.0,0.15000000000000002,642,1,1,0,"(5, 2)",0,-0.2624072827580965,0.15000000000000002,-0.23962339588655318,0.4979693213553503
mod_crossduel,Cross Duel,14.0,1777526804,0.0,0.15000000000000002,2631,1,1,0,"(5, 2)",0,-0.25802665557019844,0.15000000000000002,-0.23962339588655318,0.5023499485432483
local_grpcalendarimport,Calendar Group Event Importer,3.0,1776995301,0.0,0.15000000000000002,2632,1,1,0,"(5, 2)",0,-0.2649104982940383,0.15000000000000002,-0.23962339588655318,0.49546610581940853
local_contactme,Contact Me,4.0,1776350777,0.0,0.15000000000000002,2333,1,1,0,"(5, 1)",0,-0.2642846944100528,0.15000000000000002,-0.23962339588655318,0.496091909703394
local_vulndexbeacon,VulnDex Beacon,1.0,1776981596,0.0,0.15000000000000002,2634,1,1,0,"(5, 2)",0,-0.26616210606200913,0.15000000000000002,-0.23962339588655318,0.4942144980514377
local_freshdesk,Freshdesk Support Widget,1.0,1785755400,0.0,0.15000000000000002,2632,1,1,0,"(5, 2)",0,-0.26616210606200913,0.15000000000000002,-0.23962339588655318,0.4942144980514377
tool_onedrive_manager,OneDrive Manager Service,3.0,1777551530,0.0,0.15000000000000002,2636,1,1,0,"(5, 2)",0,-0.2649104982940383,0.15000000000000002,-0.23962339588655318,0.49546610581940853
block_dashboardannouncements,Dashboard announcements,30.0,1777326578,0.0,0.15000000000000002,2647,1,1,0,"(5, 2)",0,-0.24801379342643143,0.15000000000000002,-0.23962339588655318,0.5123628106870154
local_adaptive_course_audit,Adaptive course audit,1.0,1782808699,0.0,0.15000000000000002,2934,1,1,0,"(4, 5)",0,-0.26616210606200913,0.15000000000000002,-0.23962339588655318,0.4942144980514377
tiny_c4lauthor,C4L Author,36.0,1780652286,0.0,0.15000000000000002,2639,1,1,0,"(5, 2)",0,-0.2442589701225188,0.15000000000000002,-0.23962339588655318,0.516117633990928
quiz_downloadquiz,Download quiz with answers,18.0,1777569029,0.0,0.15000000000000002,2640,3,0,0,"(5, 2)",0,-0.2555234400342567,0.15000000000000002,-0.23962339588655318,-0.4951468359208099
mod_modernvideoplayer,Modern video player,36.0,1785438600,0.0,0.15000000000000002,2792,1,1,0,"(5, 2)",0,-0.2442589701225188,0.15000000000000002,-0.23962339588655318,0.516117633990928
mod_coursestudio,Course Studio,6.0,1779234940,0.0,0.15000000000000002,2642,1,1,0,"(5, 2)",0,-0.26303308664208197,0.15000000000000002,-0.23962339588655318,0.49734351747136485
mod_playergroup,🕹️PlayerGroup,40.0,1788545400,0.0,0.15000000000000002,2644,1,1,0,"(5, 2)",0,-0.24175575458657703,0.15000000000000002,-0.23962339588655318,0.5186208495268698
block_teacher_checklist,Teacher Checklist,40.0,1783106285,0.0,0.15000000000000002,2644,1,1,0,"(5, 2)",0,-0.24175575458657703,0.15000000000000002,-0.23962339588655318,0.5186208495268698
mod_flexbook,Flexbook,88.0,1785643800,0.0,0.15000000000000002,2103,1,1,0,"(5, 2)",0,-0.21171716815527597,0.15000000000000002,-0.23962339588655318,0.5486594359581709
block_academic_dashboard_esse3,Academic Dashboard (Esse3),2.0,1781009957,0.0,0.15000000000000002,2353,1,1,0,"(4, 5)",0,-0.2655363021780237,0.15000000000000002,-0.23962339588655318,0.49484030193542305
block_timetableblock,Timetable Block,21.0,1778359051,0.0,0.15000000000000002,2647,1,1,0,"(5, 2)",0,-0.2536460283823004,0.15000000000000002,-0.23962339588655318,0.5067305757311464
mod_videolesson,Video Lesson Activity,69.0,1782873351,2.0,0.39543750000000005,2649,1,1,0,"(5, 2)",0,-0.22360744195099932,2.3954375,2.3094430742108147,3.0858356322598155
filter_videolesson,Video Lesson Filter,20.0,1782735236,1.0,0.21375000000000002,2649,1,1,0,"(5, 2)",0,-0.2542718322662858,1.21375,0.9679673108537037,1.7136954785874179
tiny_videolesson,Video Lesson TinyMCE Button,17.0,1782735504,0.0,0.15000000000000002,2649,1,1,0,"(5, 2)",0,-0.2561492439182421,0.15000000000000002,-0.23962339588655318,0.5042273601952048
local_queuedbulkmessage,Queued bulk message,11.0,1777394521,0.0,0.15000000000000002,2647,1,1,0,"(5, 2)",0,-0.25990406722215476,0.15000000000000002,-0.23962339588655318,0.5004725368912921
local_writerview,Writer View,1.0,1777496249,0.0,0.15000000000000002,2525,1,1,0,"(5, 0)",0,-0.26616210606200913,0.15000000000000002,-0.23962339588655318,0.4942144980514377
assignsubmission_responsetemplate,Response template,10.0,1777587994,0.0,0.15000000000000002,2525,2,0,0,"(5, 1)",0,-0.2605298711061402,0.15000000000000002,-0.23962339588655318,-0.5001532669926934
local_resourcestats,Resource Stats,28.0,1781977393,0.0,0.15000000000000002,2644,1,1,0,"(5, 2)",0,-0.2492654011944023,0.15000000000000002,-0.23962339588655318,0.5111112029190445
local_shared_files,Shared Files,12.0,1779487105,0.0,0.15000000000000002,2368,1,1,0,"(5, 2)",0,-0.25927826333816933,0.15000000000000002,-0.23962339588655318,0.5010983407752775
local_quicknote,QuickNote,66.0,1788127800,0.0,0.15000000000000002,2751,1,1,0,"(5, 2)",0,-0.22548485360295564,0.15000000000000002,-0.23962339588655318,0.5348917505104912
local_coursectrl,Course Control Hub,9.0,1779793786,1.0,0.2775,2174,1,1,0,"(5, 2)",0,-0.26115567499012565,1.2775,1.040337611727679,1.7791819367375534
local_certhistory,Certificate History,4.0,1777867604,0.0,0.15000000000000002,1035,1,1,0,"(4, 5)",0,-0.2642846944100528,0.15000000000000002,-0.23962339588655318,0.496091909703394
mod_learnplugpodcasts,LearnPlug Podcasts,22.0,1788095401,0.0,0.15000000000000002,2659,1,1,0,"(5, 2)",0,-0.25302022449831496,0.15000000000000002,-0.23962339588655318,0.5073563796151319
local_mathgpt,MathGPT.ai,2.0,1780479674,0.0,0.15000000000000002,869,1,1,0,"(5, 2)",0,-0.2655363021780237,0.15000000000000002,-0.23962339588655318,0.49484030193542305
auth_coursetransit,CourseTransit: Sell Moodle Courses Using WordPress,7.0,1786111801,0.0,0.15000000000000002,2368,2,0,0,"(5, 2)",0,-0.2624072827580965,0.15000000000000002,-0.23962339588655318,-0.5020306786446497
local_golden,GOLDEN – Geospatial Model for Distance Education,3.0,1781263409,0.0,0.15000000000000002,2662,1,1,0,"(5, 2)",0,-0.2649104982940383,0.15000000000000002,-0.23962339588655318,0.49546610581940853
local_coursetemplatewizard,Course Template Wizard,20.0,1778137139,0.0,0.15000000000000002,2533,2,0,0,"(5, 2)",0,-0.2542718322662858,0.15000000000000002,-0.23962339588655318,-0.493895228152839
local_xpstore,XP Store - Gamification,52.0,1788714600,1.0,0.2775,718,1,1,0,"(5, 2)",0,-0.23424610797875178,1.2775,1.040337611727679,1.8060915037489274
block_xtoscorm,"XtoSCORM: PDF, PPT & Video to SCORM Converter",35.0,1788277220,0.0,0.15000000000000002,2368,1,1,0,"(5, 2)",0,-0.24488477400650424,0.15000000000000002,-0.23962339588655318,0.5154918301069426
block_atrisk,Solin Early Warning,11.0,1781115022,0.0,0.15000000000000002,2753,1,1,0,"(5, 2)",0,-0.25990406722215476,0.15000000000000002,-0.23962339588655318,0.5004725368912921
block_famous_quote,Famous Quotes,1.0,1778380033,0.0,0.15000000000000002,2667,1,1,0,"(5, 0)",0,-0.26616210606200913,0.15000000000000002,-0.23962339588655318,0.4942144980514377
local_attendance,Attendance Course Creator,77.0,1788277746,0.0,0.15000000000000002,1495,1,1,0,"(5, 2)",0,-0.2186010108791158,0.15000000000000002,-0.23962339588655318,0.541775593234331
local_inactivitynotifier,Inactivity Notifier,3.0,1788455401,0.0,0.15000000000000002,2669,1,1,0,"(5, 2)",0,-0.2649104982940383,0.15000000000000002,-0.23962339588655318,0.49546610581940853
block_student_attendance,Student Attendance Block,45.0,1778532259,0.0,0.15000000000000002,2647,1,1,0,"(5, 2)",0,-0.23862673516664984,0.15000000000000002,-0.23962339588655318,0.521749868946797
block_coursectrldates,Course Control Hub: Course dates,6.0,1780472298,0.0,0.15000000000000002,2174,1,1,0,"(5, 2)",0,-0.26303308664208197,0.15000000000000002,-0.23962339588655318,0.49734351747136485
mod_easycertificate,Easy Certificate,63.0,1781216719,0.0,0.15000000000000002,2537,1,1,0,"(5, 2)",0,-0.22736226525491196,0.15000000000000002,-0.23962339588655318,0.5330143388585349
local_courseicons,Course Activity Icons,192.0,1786241400,0.0,0.15000000000000002,718,1,1,0,"(5, 2)",0,-0.14663356422079035,0.15000000000000002,-0.23962339588655318,0.6137430398926564
tiny_imageia,Pedagogical AI Image (gpt-image-2),10.0,1785928201,0.0,0.15000000000000002,2287,1,1,0,"(5, 2)",0,-0.2605298711061402,0.15000000000000002,-0.23962339588655318,0.49984673300730664
local_coifish,CoIFish Longitudinal Profile,11.0,1782474649,0.0,0.15000000000000002,2563,1,1,0,"(5, 2)",0,-0.25990406722215476,0.15000000000000002,-0.23962339588655318,0.5004725368912921
local_certifyme,CertifyMe,1.0,1781518501,0.0,0.15000000000000002,2676,1,1,0,"(4, 5)",0,-0.26616210606200913,0.15000000000000002,-0.23962339588655318,0.4942144980514377
tool_aischema,AI Schema Export,2.0,1781096066,0.0,0.15000000000000002,242,1,1,0,"(5, 2)",0,-0.2655363021780237,0.15000000000000002,-0.23962339588655318,0.49484030193542305
tiny_bootstrap,Bootstrap Scaffolding,45.0,1780911814,0.0,0.15000000000000002,2632,1,1,0,"(5, 2)",0,-0.23862673516664984,0.15000000000000002,-0.23962339588655318,0.521749868946797
tiny_ketcher,Ketcher Editor,9.0,1781162636,0.0,0.15000000000000002,2679,1,1,0,"(5, 2)",0,-0.26115567499012565,0.15000000000000002,-0.23962339588655318,0.49922092912332117
mod_classjournal,Class journal,11.0,1785183005,0.0,0.15000000000000002,2680,1,1,0,"(5, 2)",0,-0.25990406722215476,0.15000000000000002,-0.23962339588655318,0.5004725368912921
quizaccess_attemptpassword,quizaccess_attemptpassword,1.0,1787832600,0.0,0.15000000000000002,2853,1,1,0,"(4, 5)",0,-0.26616210606200913,0.15000000000000002,-0.23962339588655318,0.4942144980514377
local_aigrader,AI Grader Pro,50.0,1780940263,0.0,0.15000000000000002,2682,1,1,0,"(5, 2)",0,-0.23549771574672265,0.15000000000000002,-0.23962339588655318,0.5248788883667241
local_oksigeniaaccess,Oksigenia Access,13.0,1782570072,0.0,0.15000000000000002,2683,1,1,0,"(5, 2)",0,-0.25865245945418386,0.15000000000000002,-0.23962339588655318,0.501724144659263
local_course_banner_builder,Course banner builder,27.0,1781413864,0.0,0.15000000000000002,2470,1,1,0,"(5, 2)",0,-0.24989120507838775,0.15000000000000002,-0.23962339588655318,0.5104853990350591
local_aireader,AI Reader,4.0,1784155864,0.0,0.15000000000000002,2627,1,1,0,"(5, 2)",0,-0.2642846944100528,0.15000000000000002,-0.23962339588655318,0.496091909703394
local_groupmerge,Merge Groups,7.0,1781164599,0.0,0.15000000000000002,2493,2,0,0,"(5, 2)",0,-0.2624072827580965,0.15000000000000002,-0.23962339588655318,-0.5020306786446497
mod_glaaster,"Glaaster: Read, Learn & Study Easily",19.0,1787739001,0.0,0.15000000000000002,2897,2,0,0,"(5, 2)",0,-0.2548976361502713,0.15000000000000002,-0.23962339588655318,-0.49452103203682446
local_fastpix,FastPix Video API,4.0,1781618133,2.0,0.2743125,2723,2,0,0,"(5, 2)",0,-0.2642846944100528,2.2743125,2.171939502550262,1.9076548081402092
local_latepenalty,Late Penalty,42.0,1786475401,0.0,0.15000000000000002,2644,1,1,0,"(5, 2)",0,-0.24050414681860616,0.15000000000000002,-0.23962339588655318,0.5198724572948407
mod_videotrack,VideoTrack,126.0,1787537400,0.0,0.15000000000000002,718,1,1,0,"(5, 2)",0,-0.18793662056382932,0.15000000000000002,-0.23962339588655318,0.5724399835496174
local_enddateaccess,Course End Date Restriction,12.0,1783502902,0.0,0.15000000000000002,2691,1,1,0,"(5, 2)",0,-0.25927826333816933,0.15000000000000002,-0.23962339588655318,0.5010983407752775
local_userdatasync,User Data Synchronization (External Source),6.0,1781647511,0.0,0.15000000000000002,2692,1,1,0,"(5, 2)",0,-0.26303308664208197,0.15000000000000002,-0.23962339588655318,0.49734351747136485
media_yandexcloudvideo,Yandex Cloud Video,1.0,1779799823,0.0,0.15000000000000002,2693,1,1,0,"(5, 2)",0,-0.26616210606200913,0.15000000000000002,-0.23962339588655318,0.4942144980514377
tool_uploadusersplus,Upload users PLUS,12.0,1781509885,0.0,0.15000000000000002,2694,1,1,0,"(5, 2)",0,-0.25927826333816933,0.15000000000000002,-0.23962339588655318,0.5010983407752775
qbank_delayedanswers,Delayed answer display within quiz,15.0,1783457517,0.0,0.15000000000000002,646,4,0,0,"(5, 2)",0,-0.257400851686213,0.15000000000000002,-0.23962339588655318,-0.4970242475727662
mod_certifier,Certifier - Certificates & Badges,23.0,1781527776,0.0,0.15000000000000002,2696,1,1,0,"(5, 2)",0,-0.2523944206143295,0.15000000000000002,-0.23962339588655318,0.5079821834991174
mod_fastpix,FastPix Video Activity,4.0,1781619362,2.0,0.2743125,2723,2,0,0,"(5, 2)",0,-0.2642846944100528,2.2743125,2.171939502550262,1.9076548081402092
block_workloadradar,Workload Radar,15.0,1785089402,0.0,0.15000000000000002,2698,1,1,0,"(5, 2)",0,-0.257400851686213,0.15000000000000002,-0.23962339588655318,0.5029757524272338
tiny_footnotes,Footnotes,9.0,1780258356,0.0,0.15000000000000002,2525,1,1,0,"(5, 2)",0,-0.26115567499012565,0.15000000000000002,-0.23962339588655318,0.49922092912332117
local_su_statboard_api,Statboard API,4.0,1782478378,0.0,0.15000000000000002,2202,1,1,0,"(5, 2)",0,-0.2642846944100528,0.15000000000000002,-0.23962339588655318,0.496091909703394
qtype_accounting,Accounting Entry,24.0,1780315891,0.0,0.15000000000000002,2701,1,1,0,"(5, 1)",0,-0.25176861673034406,0.15000000000000002,-0.23962339588655318,0.5086079873831028
local_coursecalendar,Course calendar,16.0,1780367078,0.0,0.15000000000000002,2702,1,1,0,"(5, 1)",0,-0.2567750478022276,0.15000000000000002,-0.23962339588655318,0.5036015563112193
mod_selfprofile,SelfProfile,4.0,1780403477,0.0,0.15000000000000002,2631,1,1,0,"(5, 2)",0,-0.2642846944100528,0.15000000000000002,-0.23962339588655318,0.496091909703394
availability_prerequisite,Restriction by course,35.0,1783718058,1.0,0.2775,2755,1,1,0,"(5, 2)",0,-0.24488477400650424,1.2775,1.040337611727679,1.7954528377211747
block_loginas,Login as,17.0,1780490253,0.0,0.15000000000000002,2705,2,0,0,"(5, 2)",0,-0.2561492439182421,0.15000000000000002,-0.23962339588655318,-0.4957726398047953
mod_passionfinder,PassionFinder,2.0,1788779401,0.0,0.15000000000000002,2631,1,1,0,"(5, 2)",0,-0.2655363021780237,0.15000000000000002,-0.23962339588655318,0.49484030193542305
filter_fastpix,FastPix Video Embed,2.0,1781620953,1.0,0.19250000000000003,2723,1,1,0,"(5, 2)",0,-0.2655363021780237,1.1925000000000001,0.9438438772290452,1.6783075750510215
local_cohortmanager,Cohort Manager,27.0,1788055801,0.0,0.15000000000000002,242,1,1,0,"(5, 2)",0,-0.24989120507838775,0.15000000000000002,-0.23962339588655318,0.5104853990350591
local_grader_notifier,Grade Notifier,8.0,1780750952,0.0,0.15000000000000002,2724,1,1,0,"(5, 2)",0,-0.2617814788741111,0.15000000000000002,-0.23962339588655318,0.4985951252393357
local_newsticker,News Ticker,4.0,1781975461,0.0,0.15000000000000002,2619,1,1,0,"(5, 2)",0,-0.2642846944100528,0.15000000000000002,-0.23962339588655318,0.496091909703394
block_quicksearch,Quick Search,40.0,1787029801,0.0,0.15000000000000002,2537,1,1,0,"(5, 2)",0,-0.24175575458657703,0.15000000000000002,-0.23962339588655318,0.5186208495268698
local_zsk_ai_generated,"ZSK AI course labelling - Transparenz, wo KI in Moodle eingesetzt wurde",4.0,1788527401,0.0,0.15000000000000002,2749,1,1,0,"(5, 2)",0,-0.2642846944100528,0.15000000000000002,-0.23962339588655318,0.496091909703394
mod_codeframe,Codeframe,79.0,1788153000,0.0,0.15000000000000002,718,1,1,0,"(5, 2)",0,-0.21734940311114492,0.15000000000000002,-0.23962339588655318,0.5430272010023018
report_unlocker,Unlocker — Access Restrictions,10.0,1783975635,0.0,0.15000000000000002,2644,1,1,0,"(5, 2)",0,-0.2605298711061402,0.15000000000000002,-0.23962339588655318,0.49984673300730664
local_haccomp,Disability Management,0.0,1782897712,0.0,0.15000000000000002,2715,1,1,0,"(4, 5)",0,-0.2667879099459946,0.15000000000000002,-0.23962339588655318,0.4935886941674522
paygw_cashfree,Cashfree,3.0,1781195383,0.0,0.15000000000000002,1035,1,1,0,"(5, 2)",0,-0.2649104982940383,0.15000000000000002,-0.23962339588655318,0.49546610581940853
mod_coursemail,Course mailbox,12.0,1783726457,0.0,0.15000000000000002,2762,1,1,0,"(5, 2)",0,-0.25927826333816933,0.15000000000000002,-0.23962339588655318,0.5010983407752775
aiprovider_pollinations,Pollinations AI provider,1.0,1783365163,0.0,0.15000000000000002,2718,1,1,0,"(5, 2)",0,-0.26616210606200913,0.15000000000000002,-0.23962339588655318,0.4942144980514377
block_mistralagent,Mistral AI Assistant,26.0,1783392946,0.0,0.15000000000000002,2287,1,1,0,"(5, 2)",0,-0.25051700896237317,0.15000000000000002,-0.23962339588655318,0.5098595951510736
block_qr,QR Code,26.0,1783515431,0.0,0.15000000000000002,2493,2,0,0,"(5, 2)",0,-0.25051700896237317,0.15000000000000002,-0.23962339588655318,-0.49014040484892635
local_reactforum,Reactforum,15.0,1783920771,0.0,0.15000000000000002,947,2,0,0,"(5, 2)",0,-0.257400851686213,0.15000000000000002,-0.23962339588655318,-0.4970242475727662
block_workload,Workload Assessment,8.0,1785744602,0.0,0.15000000000000002,2446,1,1,0,"(5, 2)",0,-0.2617814788741111,0.15000000000000002,-0.23962339588655318,0.4985951252393357
tiny_fastpix,FastPix Video Picker,1.0,1781622731,0.0,0.15000000000000002,2723,2,0,0,"(5, 2)",0,-0.26616210606200913,0.15000000000000002,-0.23962339588655318,-0.5057855019485623
local_cohortsignup,Cohort Signup,6.0,1783436983,0.0,0.15000000000000002,2724,1,1,0,"(5, 2)",0,-0.26303308664208197,0.15000000000000002,-0.23962339588655318,0.49734351747136485
mod_aiescape,AI Escape Room,19.0,1783823807,0.0,0.15000000000000002,947,2,0,0,"(5, 2)",0,-0.2548976361502713,0.15000000000000002,-0.23962339588655318,-0.49452103203682446
block_mwa_dashboard,MWA Analytics Dashboard,67.0,1788383403,0.0,0.15000000000000002,2726,1,1,0,"(5, 2)",0,-0.2248590497189702,0.15000000000000002,-0.23962339588655318,0.5355175543944766
local_virtuallab,Virtual Lab,14.0,1783476088,0.0,0.15000000000000002,2644,1,1,0,"(5, 2)",0,-0.25802665557019844,0.15000000000000002,-0.23962339588655318,0.5023499485432483
local_speedgrouping,Group work,11.0,1783515725,0.0,0.15000000000000002,2728,1,1,0,"(5, 2)",0,-0.25990406722215476,0.15000000000000002,-0.23962339588655318,0.5004725368912921
assignfeedback_recitannotation,Annotation feedback,25.0,1788459002,0.0,0.15000000000000002,1812,1,1,0,"(4, 5)",0,-0.25114281284635864,0.15000000000000002,-0.23962339588655318,0.5092337912670881
local_courseinsights,Course Insights,3.0,1784715344,0.0,0.15000000000000002,2619,1,1,0,"(5, 2)",0,-0.2649104982940383,0.15000000000000002,-0.23962339588655318,0.49546610581940853
assignfeedback_airubric,AI Rubric Feedback,1.0,1788423000,0.0,0.15000000000000002,2735,1,1,0,"(5, 2)",0,-0.26616210606200913,0.15000000000000002,-0.23962339588655318,0.4942144980514377
tool_monitoring,Monitoring,22.0,1785507000,0.0,0.15000000000000002,2732,1,1,0,"(5, 2)",0,-0.25302022449831496,0.15000000000000002,-0.23962339588655318,0.5073563796151319
local_dww_sso,DWW SSO,,1784023229,0.0,0.15000000000000002,2733,0,0,0,"(5, 2)",0,-0.2667879099459946,0.15000000000000002,-0.23962339588655318,-0.5064113058325478
local_blocktooltips,Block tooltips,6.0,1782292440,0.0,0.15000000000000002,1644,1,1,0,"(5, 1)",0,-0.26303308664208197,0.15000000000000002,-0.23962339588655318,0.49734351747136485
block_topicwordcloud,Word cloud,0.0,1787814600,0.0,0.15000000000000002,2735,1,1,0,"(5, 2)",0,-0.2667879099459946,0.15000000000000002,-0.23962339588655318,0.4935886941674522
local_chemillusion,ChemIllusion Study Tools,1.0,1782329131,0.0,0.15000000000000002,2736,1,1,0,"(5, 2)",0,-0.26616210606200913,0.15000000000000002,-0.23962339588655318,0.4942144980514377
local_oookltimenu,OOOK LTI course menu,1.0,1782377775,0.0,0.15000000000000002,2737,1,1,0,"(5, 2)",0,-0.26616210606200913,0.15000000000000002,-0.23962339588655318,0.4942144980514377
mod_methodos,Methodos Peer Review,3.0,1788772201,0.0,0.15000000000000002,2738,1,1,0,"(5, 2)",0,-0.2649104982940383,0.15000000000000002,-0.23962339588655318,0.49546610581940853
auth_nostr,Nostr Authentication,2.0,1784715347,0.0,0.15000000000000002,2739,1,1,0,"(5, 2)",0,-0.2655363021780237,0.15000000000000002,-0.23962339588655318,0.49484030193542305
block_eledia_aitutor,eLeDia.ai Tutor,11.0,1782838385,0.0,0.15000000000000002,734,1,1,0,"(5, 2)",0,-0.25990406722215476,0.15000000000000002,-0.23962339588655318,0.5004725368912921
local_ragingest,eLeDia.ai RagIngest,12.0,1784664929,0.0,0.15000000000000002,734,1,1,0,"(5, 2)",0,-0.25927826333816933,0.15000000000000002,-0.23962339588655318,0.5010983407752775
local_literag,eLeDia.ai LiteRAG,13.0,1782654227,0.0,0.15000000000000002,734,1,1,0,"(5, 1)",0,-0.25865245945418386,0.15000000000000002,-0.23962339588655318,0.501724144659263
webservice_elediamcp,eLeDia.ai | Model Context Protocol,12.0,1784664922,0.0,0.15000000000000002,734,1,1,0,"(5, 2)",0,-0.25927826333816933,0.15000000000000002,-0.23962339588655318,0.5010983407752775
availability_groupname,Restriction by group name,9.0,1782683398,0.0,0.15000000000000002,2744,1,1,0,"(5, 2)",0,-0.26115567499012565,0.15000000000000002,-0.23962339588655318,0.49922092912332117
local_aihub,AI Hub,16.0,1785255001,0.0,0.15000000000000002,2644,1,1,0,"(5, 2)",0,-0.2567750478022276,0.15000000000000002,-0.23962339588655318,0.5036015563112193
tool_automate,Automate,3.0,1782895027,0.0,0.15000000000000002,2632,1,1,0,"(5, 2)",0,-0.2649104982940383,0.15000000000000002,-0.23962339588655318,0.49546610581940853
datafield_gradeentry,Grade entry,4.0,1785478201,0.0,0.15000000000000002,2632,1,1,0,"(5, 2)",0,-0.2642846944100528,0.15000000000000002,-0.23962339588655318,0.496091909703394
local_examdates,Exam Dates Management,1.0,1788430201,0.0,0.15000000000000002,2748,1,1,0,"(5, 2)",0,-0.26616210606200913,0.15000000000000002,-0.23962339588655318,0.4942144980514377
local_zsk_frontpage_elements,ZSK custom front page elements,2.0,1787796601,0.0,0.15000000000000002,2749,1,1,0,"(5, 2)",0,-0.2655363021780237,0.15000000000000002,-0.23962339588655318,0.49484030193542305
local_smartsearch,Smart Search,6.0,1787814601,0.0,0.15000000000000002,2649,1,1,0,"(5, 2)",0,-0.26303308664208197,0.15000000000000002,-0.23962339588655318,0.49734351747136485
local_h5pthemer,H5P Themer,38.0,1788750601,0.0,0.15000000000000002,2751,1,1,0,"(5, 2)",0,-0.24300736235454792,0.15000000000000002,-0.23962339588655318,0.5173692417588989
block_google_search,Google Search,1.0,1787595001,0.0,0.15000000000000002,2752,1,1,0,"(5, 2)",0,-0.26616210606200913,0.15000000000000002,-0.23962339588655318,0.4942144980514377
mod_streak,Solin Streaks,9.0,1788109801,0.0,0.15000000000000002,2753,1,1,0,"(5, 2)",0,-0.26115567499012565,0.15000000000000002,-0.23962339588655318,0.49922092912332117
local_activitytracker,Activity Tracker,4.0,1783357397,0.0,0.15000000000000002,2754,1,1,0,"(5, 2)",0,-0.2642846944100528,0.15000000000000002,-0.23962339588655318,0.496091909703394
block_prerequisitemap,Prerequisite Map,4.0,1783363741,0.0,0.15000000000000002,2755,1,1,0,"(5, 2)",0,-0.2642846944100528,0.15000000000000002,-0.23962339588655318,0.496091909703394
mod_insightjournal,Insight Journal,10.0,1786342201,0.0,0.15000000000000002,2756,1,1,0,"(5, 2)",0,-0.2605298711061402,0.15000000000000002,-0.23962339588655318,0.49984673300730664
local_evalfp,EvalFP,4.0,1788376200,0.0,0.15000000000000002,2757,1,1,0,"(5, 2)",0,-0.2642846944100528,0.15000000000000002,-0.23962339588655318,0.496091909703394
mod_zsktermine,ZSK course events,2.0,1787796601,0.0,0.15000000000000002,2749,1,1,0,"(5, 1)",0,-0.2655363021780237,0.15000000000000002,-0.23962339588655318,0.49484030193542305
local_moodlia,MoodlIA,5.0,1787908200,0.0,0.15000000000000002,2759,1,1,0,"(5, 2)",0,-0.2636588905260674,0.15000000000000002,-0.23962339588655318,0.4967177135873795
mod_quizquest,Quiz Quest,17.0,1785982201,0.0,0.15000000000000002,947,2,0,0,"(5, 2)",0,-0.2561492439182421,0.15000000000000002,-0.23962339588655318,-0.4957726398047953
tool_activitydates,Activity dates,5.0,1785982203,0.0,0.15000000000000002,947,2,0,0,"(5, 2)",0,-0.2636588905260674,0.15000000000000002,-0.23962339588655318,-0.5032822864126205
local_whatsapphelper,WhatsApp helper,9.0,1786003801,0.0,0.15000000000000002,2762,1,1,0,"(5, 2)",0,-0.26115567499012565,0.15000000000000002,-0.23962339588655318,0.49922092912332117
assignsubmission_recording,Recording submission,11.0,1785982203,0.0,0.15000000000000002,947,2,0,0,"(5, 2)",0,-0.25990406722215476,0.15000000000000002,-0.23962339588655318,-0.49952746310870794
local_newupdate_indicator,New and updated activity indicator,11.0,1786075802,0.0,0.15000000000000002,947,2,0,0,"(5, 2)",0,-0.25990406722215476,0.15000000000000002,-0.23962339588655318,-0.49952746310870794
block_worldclock,World clock,3.0,1786075801,0.0,0.15000000000000002,947,2,0,0,"(5, 2)",0,-0.2649104982940383,0.15000000000000002,-0.23962339588655318,-0.5045338941805915
tiny_timezone,Timezone universal date/time (Tiny),1.0,1786075802,0.0,0.15000000000000002,947,2,0,0,"(5, 2)",0,-0.26616210606200913,0.15000000000000002,-0.23962339588655318,-0.5057855019485623
filter_timezone,Timezone filter,5.0,1786075802,0.0,0.15000000000000002,947,2,0,0,"(5, 2)",0,-0.2636588905260674,0.15000000000000002,-0.23962339588655318,-0.5032822864126205
local_textless_forum,Textless forum,5.0,1783917798,0.0,0.15000000000000002,947,2,0,0,"(5, 2)",0,-0.2636588905260674,0.15000000000000002,-0.23962339588655318,-0.5032822864126205
tool_imageoptimizer,Image optimizer,12.0,1786075801,0.0,0.15000000000000002,947,2,0,0,"(5, 2)",0,-0.25927826333816933,0.15000000000000002,-0.23962339588655318,-0.4989016592247225
local_forumcare,Forum care,5.0,1785982202,0.0,0.15000000000000002,947,2,0,0,"(5, 2)",0,-0.2636588905260674,0.15000000000000002,-0.23962339588655318,-0.5032822864126205
customfield_checkbox_multi,Multi-select custom field,6.0,1787299801,0.0,0.15000000000000002,242,2,0,0,"(5, 2)",0,-0.26303308664208197,0.15000000000000002,-0.23962339588655318,-0.5026564825286352
tool_installfromgithub,Install from GitHub,3.0,1784155858,0.0,0.15000000000000002,2632,1,1,0,"(5, 2)",0,-0.2649104982940383,0.15000000000000002,-0.23962339588655318,0.49546610581940853
local_smartnoticespro,Smart Notices Pro,1.0,1784155860,0.0,0.15000000000000002,2557,1,1,0,"(5, 1)",0,-0.26616210606200913,0.15000000000000002,-0.23962339588655318,0.4942144980514377
filter_mb2shortcodes,Mb2 Shortcodes,3760.0,1784725041,0.0,0.15000000000000002,2785,1,1,0,"(5, 2)",0,2.0862346938392555,0.15000000000000002,-0.23962339588655318,2.8466112979527023
block_notifplus,Notif Plus,3.0,1785240605,0.0,0.15000000000000002,1059,1,1,0,"(5, 2)",0,-0.2649104982940383,0.15000000000000002,-0.23962339588655318,0.49546610581940853
report_pimenkofeedbackradar,Feedback Radar,2.0,1785240608,0.0,0.15000000000000002,1059,1,1,0,"(5, 2)",0,-0.2655363021780237,0.15000000000000002,-0.23962339588655318,0.49484030193542305
mod_eledialeitnerflow,LeitnerFlow,0.0,1784155861,0.0,0.15000000000000002,734,1,1,0,"(5, 1)",0,-0.2667879099459946,0.15000000000000002,-0.23962339588655318,0.4935886941674522
local_studentsuccesspro,Student Success Dashboard Pro,0.0,1784155857,0.0,0.15000000000000002,2557,1,1,0,"(5, 2)",0,-0.2667879099459946,0.15000000000000002,-0.23962339588655318,0.4935886941674522
local_accessibilitytoolkit,Accessibility Toolkit for Moodle – Brickfield Enable,,1784155854,0.0,0.15000000000000002,947,1,1,0,"(5, 2)",0,-0.2667879099459946,0.15000000000000002,-0.23962339588655318,0.4935886941674522
local_quizinsightspro,Quiz Insights Pro,1.0,1784155851,0.0,0.15000000000000002,2557,1,1,0,"(5, 2)",0,-0.26616210606200913,0.15000000000000002,-0.23962339588655318,0.4942144980514377
local_reportbuilderpro,Kavira Report Builder Pro,0.0,1784155853,0.0,0.15000000000000002,2557,1,1,0,"(5, 2)",0,-0.2667879099459946,0.15000000000000002,-0.23962339588655318,0.4935886941674522
report_nice,Nice Learning Report,3.0,1788707401,0.0,0.15000000000000002,2313,1,1,0,"(5, 2)",0,-0.2649104982940383,0.15000000000000002,-0.23962339588655318,0.49546610581940853
theme_xy,XY Moodle Theme,59.0,1784155876,0.0,0.15000000000000002,2268,1,1,0,"(5, 2)",0,-0.2298654807908537,0.15000000000000002,-0.23962339588655318,0.5305111233225931
local_edc_exporter,EDC exporter,0.0,1784155856,0.0,0.15000000000000002,2784,1,1,0,"(5, 2)",0,-0.2667879099459946,0.15000000000000002,-0.23962339588655318,0.4935886941674522
theme_mb2nl,New Learning - Premium Moodle Theme,3491.0,1786014601,1.0,0.2775,2785,1,1,0,"(5, 2)",0,1.9178934490471722,1.2775,1.040337611727679,3.9582310607748514
local_informationbanner,Information Banner,0.0,1784155858,0.0,0.15000000000000002,646,2,0,0,"(5, 2)",0,-0.2667879099459946,0.15000000000000002,-0.23962339588655318,-0.5064113058325478
local_coursedateshiftpro,Course Date Shift Pro,1.0,1784155850,0.0,0.15000000000000002,2557,1,1,0,"(5, 1)",0,-0.26616210606200913,0.15000000000000002,-0.23962339588655318,0.4942144980514377
block_inferable_mastery_practice,INFERable Mastery Practice,1.0,1784155859,0.0,0.15000000000000002,2788,3,0,0,"(5, 1)",0,-0.26616210606200913,0.15000000000000002,-0.23962339588655318,-0.5057855019485623
local_advancedcookiemanager,Advanced Cookie and Consent Manager for Moodle,10.0,1784155862,0.0,0.15000000000000002,2268,1,1,0,"(5, 1)",0,-0.2605298711061402,0.15000000000000002,-0.23962339588655318,0.49984673300730664
report_learningtime,Learning Time,3.0,1785240607,0.0,0.15000000000000002,1059,1,1,0,"(5, 2)",0,-0.2649104982940383,0.15000000000000002,-0.23962339588655318,0.49546610581940853
local_keepusers,KeepUsers,17.0,1785240608,0.0,0.15000000000000002,1059,1,1,0,"(5, 2)",0,-0.2561492439182421,0.15000000000000002,-0.23962339588655318,0.5042273601952048
local_moderncoursereminder,Modern Course Reminder,3.0,1784715344,0.0,0.15000000000000002,2792,1,1,0,"(5, 2)",0,-0.2649104982940383,0.15000000000000002,-0.23962339588655318,0.49546610581940853
repository_autoscorm_global,AutoScorm global files,2.0,1784726447,0.0,0.15000000000000002,2793,1,1,0,"(5, 2)",0,-0.2655363021780237,0.15000000000000002,-0.23962339588655318,0.49484030193542305
block_modernlearnerdashboard,Modern Learner Dashboard,3.0,1784155864,0.0,0.15000000000000002,2792,1,1,0,"(5, 2)",0,-0.2649104982940383,0.15000000000000002,-0.23962339588655318,0.49546610581940853
local_courseprogresspro,Course Progress Pro – Visual Course Progress for Moodle,0.0,1784155852,0.0,0.15000000000000002,2557,1,1,0,"(5, 1)",0,-0.2667879099459946,0.15000000000000002,-0.23962339588655318,0.4935886941674522
local_modernenrolnotifier,Modern Enrolment Notifier,1.0,1784155855,0.0,0.15000000000000002,2792,1,1,0,"(5, 2)",0,-0.26616210606200913,0.15000000000000002,-0.23962339588655318,0.4942144980514377
local_courseheatmappro,Course Engagement Map Pro,0.0,1784155853,0.0,0.15000000000000002,2557,1,1,0,"(5, 2)",0,-0.2667879099459946,0.15000000000000002,-0.23962339588655318,0.4935886941674522
block_educheckout,EduCheckout storefront block,2.0,1785327001,0.0,0.15000000000000002,2632,1,1,0,"(5, 2)",0,-0.2655363021780237,0.15000000000000002,-0.23962339588655318,0.49484030193542305
theme_educheckout,EduCheckout theme,2.0,1785327002,0.0,0.15000000000000002,2632,1,1,0,"(5, 2)",0,-0.2655363021780237,0.15000000000000002,-0.23962339588655318,0.49484030193542305
local_mb2builder,Mb2 Builder - Live Page Builder for Moodle,3486.0,1786014601,0.0,0.15000000000000002,2785,1,1,0,"(5, 2)",0,1.914764429627245,0.15000000000000002,-0.23962339588655318,2.675141033740692
theme_bazis,BAZIS Premium Moodle Theme,1.0,1784155873,0.0,0.15000000000000002,2268,1,1,0,"(5, 1)",0,-0.26616210606200913,0.15000000000000002,-0.23962339588655318,0.4942144980514377
repository_autoscorm_personal_pro,AutoScorm personal files pro,1.0,1784726446,0.0,0.15000000000000002,2793,1,1,0,"(5, 2)",0,-0.26616210606200913,0.15000000000000002,-0.23962339588655318,0.4942144980514377
local_educheckout,EduCheckout storefront,3.0,1785327002,0.0,0.15000000000000002,2632,1,1,0,"(5, 2)",0,-0.2649104982940383,0.15000000000000002,-0.23962339588655318,0.49546610581940853
enrol_educheckout,EduCheckout enrolment,3.0,1785327001,0.0,0.15000000000000002,2632,1,1,0,"(5, 2)",0,-0.2649104982940383,0.15000000000000002,-0.23962339588655318,0.49546610581940853
report_zabbix,Zabbix Sender,9.0,1784664935,0.0,0.15000000000000002,611,1,1,0,"(5, 2)",0,-0.26115567499012565,0.15000000000000002,-0.23962339588655318,0.49922092912332117
local_elediaai_tutor_premium,eLeDia.ai Premium,2.0,1784664924,0.0,0.15000000000000002,734,1,1,0,"(5, 2)",0,-0.2655363021780237,0.15000000000000002,-0.23962339588655318,0.49484030193542305
block_auditquiz_results,Audit Quiz Results,5.0,1784664933,0.0,0.15000000000000002,611,1,1,0,"(5, 2)",0,-0.2636588905260674,0.15000000000000002,-0.23962339588655318,0.4967177135873795
mod_niceform,Nice Learning Form,2.0,1787425801,0.0,0.15000000000000002,2313,1,1,0,"(5, 2)",0,-0.2655363021780237,0.15000000000000002,-0.23962339588655318,0.49484030193542305
mod_modernflipbook,Modern Flipbook,3.0,1788293402,0.0,0.15000000000000002,2792,1,1,0,"(5, 2)",0,-0.2649104982940383,0.15000000000000002,-0.23962339588655318,0.49546610581940853
quizaccess_deadman,Dead man's switch for Javascript,1.0,1785143401,0.0,0.15000000000000002,1812,1,1,0,"(5, 2)",0,-0.26616210606200913,0.15000000000000002,-0.23962339588655318,0.4942144980514377
quizaccess_termsconditions,Terms and Conditions,7.0,1785247801,0.0,0.15000000000000002,2811,1,1,0,"(5, 2)",0,-0.2624072827580965,0.15000000000000002,-0.23962339588655318,0.4979693213553503
local_aplplot,Extra plotting libraries APL plugins,7.0,1785323403,0.0,0.15000000000000002,611,2,0,0,"(5, 2)",0,-0.2624072827580965,0.15000000000000002,-0.23962339588655318,-0.5020306786446497
local_aplcore,Extra core add-ons APL plugins,8.0,1785323402,0.0,0.15000000000000002,611,1,1,0,"(5, 2)",0,-0.2617814788741111,0.15000000000000002,-0.23962339588655318,0.4985951252393357
tool_serverterminal,Server terminal,3.0,1785370200,0.0,0.15000000000000002,2838,1,1,0,"(5, 2)",0,-0.2649104982940383,0.15000000000000002,-0.23962339588655318,0.49546610581940853
local_admincockpit,Admin Cockpit,10.0,1785748201,0.0,0.15000000000000002,2817,1,1,0,"(5, 2)",0,-0.2605298711061402,0.15000000000000002,-0.23962339588655318,0.49984673300730664
local_instantcoursecompletion,Instant Course Completion,2.0,1785449400,0.0,0.15000000000000002,2174,1,1,0,"(5, 2)",0,-0.2655363021780237,0.15000000000000002,-0.23962339588655318,0.49484030193542305
local_cohortmembership,Cohort Membership,6.0,1785467400,0.0,0.15000000000000002,2817,1,1,0,"(5, 2)",0,-0.26303308664208197,0.15000000000000002,-0.23962339588655318,0.49734351747136485
local_moderncommerce,Modern Commerce,6.0,1787685001,0.0,0.15000000000000002,2792,1,1,0,"(5, 2)",0,-0.26303308664208197,0.15000000000000002,-0.23962339588655318,0.49734351747136485
theme_lambda2,Lambda,2966.0,1787569801,0.0,0.15000000000000002,2819,1,1,0,"(5, 2)",0,1.589346409954817,0.15000000000000002,-0.23962339588655318,2.349723014068264
tiny_courselink,Course link picker,7.0,1786363800,0.0,0.15000000000000002,2822,1,1,0,"(5, 2)",0,-0.2624072827580965,0.15000000000000002,-0.23962339588655318,0.4979693213553503
local_srl_advisor,SRL Advisor,1.0,1787926201,0.0,0.15000000000000002,2821,1,1,0,"(5, 2)",0,-0.26616210606200913,0.15000000000000002,-0.23962339588655318,0.4942144980514377
filter_headingtoc,Heading Contents,3.0,1786497000,0.0,0.15000000000000002,2822,1,1,0,"(5, 2)",0,-0.2649104982940383,0.15000000000000002,-0.23962339588655318,0.49546610581940853
tool_eqwpdfcheck,Free PDF Checker - PDF Accessibility Scores & Reports,0.0,1786551000,0.0,0.15000000000000002,2823,1,1,0,"(5, 2)",0,-0.2667879099459946,0.15000000000000002,-0.23962339588655318,0.4935886941674522
local_admindashboard,Admin dashboard,21.0,1786601402,0.0,0.15000000000000002,2824,1,1,0,"(5, 2)",0,-0.2536460283823004,0.15000000000000002,-0.23962339588655318,0.5067305757311464
local_h5pchapter,H5P Page Controller,3.0,1786716602,0.0,0.15000000000000002,2751,1,1,0,"(5, 2)",0,-0.2649104982940383,0.15000000000000002,-0.23962339588655318,0.49546610581940853
local_beacon,Beacon Reports,3.0,1786788600,0.0,0.15000000000000002,2846,1,1,0,"(5, 1)",0,-0.2649104982940383,0.15000000000000002,-0.23962339588655318,0.49546610581940853
quizaccess_cdexamsave,CD ExamFocus,5.0,1787411401,0.0,0.15000000000000002,2827,1,1,0,"(5, 2)",0,-0.2636588905260674,0.15000000000000002,-0.23962339588655318,0.4967177135873795
local_groupgrades,Group grade rules,2.0,1786911000,0.0,0.15000000000000002,2828,1,1,0,"(5, 2)",0,-0.2655363021780237,0.15000000000000002,-0.23962339588655318,0.49484030193542305
report_twgraph,TWGraph,1.0,1786936200,0.0,0.15000000000000002,2407,1,1,0,"(5, 2)",0,-0.26616210606200913,0.15000000000000002,-0.23962339588655318,0.4942144980514377
block_sociallink,Social Link,0.0,1786975800,0.0,0.15000000000000002,1897,1,1,0,"(5, 2)",0,-0.2667879099459946,0.15000000000000002,-0.23962339588655318,0.4935886941674522
qtype_omerohotspotmulti,OMERO multi-hotspot question,0.0,1786979402,0.0,0.15000000000000002,2833,1,1,0,"(5, 2)",0,-0.2667879099459946,0.15000000000000002,-0.23962339588655318,0.4935886941674522
qtype_omerohotspot,OMERO hotspot question,0.0,1786979400,0.0,0.15000000000000002,2833,1,1,0,"(5, 2)",0,-0.2667879099459946,0.15000000000000002,-0.23962339588655318,0.4935886941674522
local_omeroembed,OMERO slide embed,3.0,1787224201,3.0,0.5325000000000001,2833,1,1,0,"(5, 2)",0,-0.2649104982940383,3.5325,3.6002596269561438,4.335349128662106
tiny_omeroembed,OMERO embed for TinyMCE,2.0,1786983000,0.0,0.15000000000000002,2833,1,1,0,"(5, 2)",0,-0.2655363021780237,0.15000000000000002,-0.23962339588655318,0.49484030193542305
local_remotesupport,Remote assistance,3.0,1787004600,0.0,0.15000000000000002,2762,1,1,0,"(5, 2)",0,-0.2649104982940383,0.15000000000000002,-0.23962339588655318,0.49546610581940853
block_lig_showcase,Learingo showcase,2.0,1787011800,0.0,0.15000000000000002,2836,1,1,0,"(5, 2)",0,-0.2655363021780237,0.15000000000000002,-0.23962339588655318,0.49484030193542305
local_quizanalytics,STACK q-type Analytics,24.0,1787843400,0.0,0.15000000000000002,2946,2,0,0,"(5, 2)",0,-0.25176861673034406,0.15000000000000002,-0.23962339588655318,-0.49139201261689724
mod_flippage,Flip page,12.0,1788277220,0.0,0.15000000000000002,2838,1,1,0,"(5, 2)",0,-0.25927826333816933,0.15000000000000002,-0.23962339588655318,0.5010983407752775
local_ai_content,AI Content Manager,23.0,1787202600,0.0,0.15000000000000002,2493,1,1,0,"(5, 2)",0,-0.2523944206143295,0.15000000000000002,-0.23962339588655318,0.5079821834991174
local_wproofreader,WProofreader,2.0,1787238605,0.0,0.15000000000000002,2840,1,1,0,"(5, 2)",0,-0.2655363021780237,0.15000000000000002,-0.23962339588655318,0.49484030193542305
customfield_keywords,Course Custom Field - Keywords,1.0,1787296200,0.0,0.15000000000000002,2841,1,1,0,"(4, 5)",0,-0.26616210606200913,0.15000000000000002,-0.23962339588655318,0.4942144980514377
theme_boleh,Boleh,2.0,1787551801,0.0,0.15000000000000002,1897,1,1,0,"(5, 2)",0,-0.2655363021780237,0.15000000000000002,-0.23962339588655318,0.49484030193542305
block_activity_copy_cart,Activity Copy Cart,2.0,1787458200,0.0,0.15000000000000002,2843,1,1,0,"(4, 5)",0,-0.2655363021780237,0.15000000000000002,-0.23962339588655318,0.49484030193542305
local_ai_coursecreator,AI Course Creator,1.0,1787497800,0.0,0.15000000000000002,2844,1,1,0,"(5, 2)",0,-0.26616210606200913,0.15000000000000002,-0.23962339588655318,0.4942144980514377
format_focusjourney,Focus Journey,12.0,1787530200,0.0,0.15000000000000002,2889,3,0,0,"(5, 2)",0,-0.25927826333816933,0.15000000000000002,-0.23962339588655318,-0.4989016592247225
format_aicourse,AI Course Format,18.0,1788783006,0.0,0.15000000000000002,2846,1,1,0,"(5, 2)",0,-0.2555234400342567,0.15000000000000002,-0.23962339588655318,0.5048531640791901
local_loop,LOOP,3.0,1787559004,0.0,0.15000000000000002,2847,1,1,0,"(5, 2)",0,-0.2649104982940383,0.15000000000000002,-0.23962339588655318,0.49546610581940853
local_tresipuntsepelite,SEPE Lite,4.0,1787649000,0.0,0.15000000000000002,2891,1,1,0,"(5, 1)",0,-0.2642846944100528,0.15000000000000002,-0.23962339588655318,0.496091909703394
local_tresipuntimportgc,Tresipunt Import Google Classroom,83.0,1787652602,0.0,0.15000000000000002,2891,1,1,0,"(5, 1)",0,-0.21484618757520318,0.15000000000000002,-0.23962339588655318,0.5455304165382436
local_plannot,Scheduled messages,0.0,1787667004,0.0,0.15000000000000002,1188,1,1,0,"(5, 2)",0,-0.2667879099459946,0.15000000000000002,-0.23962339588655318,0.4935886941674522
qbank_comp_ext,Question Bank Competency Mapping,6.0,1787832602,2.0,0.405,2853,1,1,0,"(5, 2)",0,-0.26303308664208197,2.4050000000000002,2.3202986193419117,3.0572655326998297
block_comp_report_ext,Competency Report Overview,4.0,1787832602,0.0,0.15000000000000002,2853,1,1,0,"(5, 0)",0,-0.2642846944100528,0.15000000000000002,-0.23962339588655318,0.496091909703394
local_comp_report_ext,Competency Plugin,5.0,1788347401,0.0,0.15000000000000002,2853,1,1,0,"(5, 2)",0,-0.2636588905260674,0.15000000000000002,-0.23962339588655318,0.4967177135873795
quizaccess_failgrade_ext,Fail grade,2.0,1787832601,0.0,0.15000000000000002,2853,1,1,0,"(5, 0)",0,-0.2655363021780237,0.15000000000000002,-0.23962339588655318,0.49484030193542305
local_campusai,Campus Assistant,2.0,1787836200,0.0,0.15000000000000002,2855,1,1,0,"(5, 2)",0,-0.2655363021780237,0.15000000000000002,-0.23962339588655318,0.49484030193542305
qbank_questionchecker,Question Checker,2.0,1787872200,0.0,0.15000000000000002,2144,1,1,0,"(5, 2)",0,-0.2655363021780237,0.15000000000000002,-0.23962339588655318,0.49484030193542305
local_themerules,Theme rules,1.0,1787933400,0.0,0.15000000000000002,2762,1,1,0,"(5, 2)",0,-0.26616210606200913,0.15000000000000002,-0.23962339588655318,0.4942144980514377
local_dteachwhiteboard,Collaborative Whiteboard,4.0,1788289801,0.0,0.15000000000000002,2858,1,1,0,"(5, 2)",0,-0.2642846944100528,0.15000000000000002,-0.23962339588655318,0.496091909703394
report_coursecoach,Course Readiness Coach,2.0,1787987400,0.0,0.15000000000000002,2859,1,1,0,"(5, 2)",0,-0.2655363021780237,0.15000000000000002,-0.23962339588655318,0.49484030193542305
block_openaiagent,Smart Tutor & Support AI,4.0,1788091800,0.0,0.15000000000000002,2860,1,1,0,"(4, 5)",0,-0.2642846944100528,0.15000000000000002,-0.23962339588655318,0.496091909703394
mod_trackedpdf,Tracked PDF by Limeway,0.0,1788174600,0.0,0.15000000000000002,2889,1,1,0,"(5, 2)",0,-0.2667879099459946,0.15000000000000002,-0.23962339588655318,0.4935886941674522
quizaccess_bgwatermark,Quiz Background Watermark,1.0,1788192600,0.0,0.15000000000000002,2862,1,1,0,"(5, 2)",0,-0.26616210606200913,0.15000000000000002,-0.23962339588655318,0.4942144980514377
block_continue_course,Continue Course,0.0,1788261551,0.0,0.15000000000000002,2320,1,1,0,"(5, 2)",0,-0.2667879099459946,0.15000000000000002,-0.23962339588655318,0.4935886941674522
local_kopere_proctoring,Kopere Proctoring,304.0,1788268203,0.0,0.15000000000000002,1999,1,1,0,"(5, 1)",0,-0.0765435292144212,0.15000000000000002,-0.23962339588655318,0.6838330748990256
local_nice_notification,Nice Learning Notification,1.0,1788277746,0.0,0.15000000000000002,2313,1,1,0,"(5, 2)",0,-0.26616210606200913,0.15000000000000002,-0.23962339588655318,0.4942144980514377
local_quizidnumber,Quiz student ID number,6.0,1788293400,0.0,0.15000000000000002,2866,1,1,0,"(5, 2)",0,-0.26303308664208197,0.15000000000000002,-0.23962339588655318,0.49734351747136485
local_realtime_tracker,Mauri Real-Time Tracker,3.0,1788354600,0.0,0.15000000000000002,2867,1,1,0,"(5, 2)",0,-0.2649104982940383,0.15000000000000002,-0.23962339588655318,0.49546610581940853
mod_contentcreator,AI Content Creator,15.0,1788783005,0.0,0.15000000000000002,2846,1,1,0,"(5, 2)",0,-0.257400851686213,0.15000000000000002,-0.23962339588655318,0.5029757524272338
mod_aiknowledgecheck,AI Knowledge Check,15.0,1788361877,0.0,0.15000000000000002,2846,1,1,0,"(5, 2)",0,-0.257400851686213,0.15000000000000002,-0.23962339588655318,0.5029757524272338
mod_aiactivities,AI Learning Activities,14.0,1788685801,0.0,0.15000000000000002,2846,1,1,0,"(5, 2)",0,-0.25802665557019844,0.15000000000000002,-0.23962339588655318,0.5023499485432483
local_readaloud,Read aloud,1.0,1788419400,0.0,0.15000000000000002,2889,1,1,0,"(5, 2)",0,-0.26616210606200913,0.15000000000000002,-0.23962339588655318,0.4942144980514377
mod_trackedvideo,Tracked Video by Limeway,3.0,1788433800,0.0,0.15000000000000002,2889,1,1,0,"(5, 2)",0,-0.2649104982940383,0.15000000000000002,-0.23962339588655318,0.49546610581940853
local_quizbulkmarks,Bulk Quiz Question Values,0.0,1788541801,0.0,0.15000000000000002,2873,1,1,0,"(5, 2)",0,-0.2667879099459946,0.15000000000000002,-0.23962339588655318,0.4935886941674522
local_simplecert_autoissue,Auto-issue for Simple certificate,0.0,1788448200,0.0,0.15000000000000002,2889,1,1,0,"(4, 5)",0,-0.2667879099459946,0.15000000000000002,-0.23962339588655318,0.4935886941674522
qtype_multichoicefixed,Multiple choice (fixed positions),0.0,1788462600,0.0,0.15000000000000002,1812,1,1,0,"(5, 2)",0,-0.2667879099459946,0.15000000000000002,-0.23962339588655318,0.4935886941674522
booktool_importpptx,PowerPoint import for Book,1.0,1788477000,0.0,0.15000000000000002,2632,1,1,0,"(5, 2)",0,-0.26616210606200913,0.15000000000000002,-0.23962339588655318,0.4942144980514377
mod_personalityfinder,PersonalityFinder,2.0,1788516600,0.0,0.15000000000000002,2631,1,1,0,"(5, 2)",0,-0.2655363021780237,0.15000000000000002,-0.23962339588655318,0.49484030193542305
mod_skillsfinder,SkillsFinder,2.0,1788516600,0.0,0.15000000000000002,2631,1,1,0,"(5, 2)",0,-0.2655363021780237,0.15000000000000002,-0.23962339588655318,0.49484030193542305
mod_videoprogress,Video Progress,112.0,1788538200,0.0,0.15000000000000002,1999,1,1,0,"(5, 2)",0,-0.19669787493962546,0.15000000000000002,-0.23962339588655318,0.5636787291738213
qformat_markdown,Markdown format,0.0,1788642600,0.0,0.15000000000000002,2880,1,1,0,"(5, 0)",0,-0.2667879099459946,0.15000000000000002,-0.23962339588655318,0.4935886941674522
availability_xpstore,XP Store Availability,2.0,1788714600,0.0,0.15000000000000002,718,1,1,0,"(5, 2)",0,-0.2655363021780237,0.15000000000000002,-0.23962339588655318,0.49484030193542305
local_kopere_recert,Recertification,482.0,1788664202,0.0,0.15000000000000002,1999,1,1,0,"(5, 2)",0,0.0348495621349869,0.15000000000000002,-0.23962339588655318,0.7952261662484337
local_timeshift,Timeshift,4.0,1788664200,0.0,0.15000000000000002,718,1,1,0,"(5, 2)",0,-0.2642846944100528,0.15000000000000002,-0.23962339588655318,0.496091909703394
block_coursenews,Course News,0.0,1788707402,0.0,0.15000000000000002,2885,1,1,0,"(5, 2)",0,-0.2667879099459946,0.15000000000000002,-0.23962339588655318,0.4935886941674522
local_coursepersonalisation,Course personalisation,0.0,1788707400,0.0,0.15000000000000002,2885,1,1,0,"(5, 2)",0,-0.2667879099459946,0.15000000000000002,-0.23962339588655318,0.4935886941674522
local_aiconfig,AI Grader Central Config,35.0,1788750600,0.0,0.15000000000000002,2846,1,1,0,"(5, 2)",0,-0.24488477400650424,0.15000000000000002,-0.23962339588655318,0.5154918301069426
local_coursesignal,Course Signal,0.0,1788790200,0.0,0.15000000000000002,2889,3,0,0,"(5, 2)",0,-0.2667879099459946,0.15000000000000002,-0.23962339588655318,-0.5064113058325478
