component,n_months,recent_median_share,peak_median_share,peak_month,diff_share
mod_hotpot,173,0.0037458391556692084,0.05719938069843454,Sep 2012,-0.05345354154276533
mod_questionnaire,173,0.013925120673296822,0.04641249161797107,Sep 2012,-0.03248737094467425
mod_certificate,173,0.0037300690092777282,0.031009990183057112,Jul 2012,-0.027279921173779385
mod_journal,173,0.0030904361499581997,0.02804059865817994,Sep 2012,-0.02495016250822174
theme_aardvark,173,0.0004911635448240073,0.018681064849569787,May 2012,-0.01818990130474578
theme_aardvark_postit,173,8.519391439026525e-06,0.01775410563692854,May 2012,-0.017745586245489515
block_dndupload,172,2.880693493233675e-05,0.016990664832260156,May 2012,-0.01696185789732782
theme_rocket,173,9.159812988450753e-05,0.016182580601206482,Apr 2012,-0.016090982471321975
local_moodlecheck,174,0.00020108781086729428,0.016242351129168706,Mar 2012,-0.016041263318301413
block_quickmail,173,0.002782039235025871,0.018683968516282505,Dec 2012,-0.015901929281256635
mod_lightboxgallery,173,0.0032400480019665187,0.018626636469512632,Apr 2012,-0.015386588467546113
qtype_gapselect,172,5.1980049232574466e-05,0.014591605150700923,Oct 2015,-0.014539625101468348
theme_decaf,173,0.00011273550369439453,0.014238738639331885,Apr 2012,-0.01412600313563749
block_progress,172,0.0018951872916293955,0.01568323871781639,Aug 2012,-0.013788051426186993
theme_bootstrap,170,0.0007672823076878604,0.014161588491473077,Jan 2016,-0.013394306183785216
qtype_ddimageortext,171,4.652549910604449e-05,0.013107335139210549,Oct 2015,-0.013060809640104504
theme_darkb,172,4.365967750917375e-05,0.01277223579180967,Jul 2012,-0.012728576114300496
mod_bigbluebuttonbn,173,0.0033864852678962623,0.016092503442703177,Apr 2012,-0.012706018174806915
block_course_menu,172,7.406875924687198e-05,0.012185331727736682,Aug 2012,-0.01211126296848981
theme_zebra,173,2.4514146581421032e-05,0.01154016866400355,May 2012,-0.01151565451742213
theme_bcu,159,0.00029715114786591976,0.011425235338987818,Mar 2016,-0.011128084191121898
qformat_hotpot,172,0.0007974554597625012,0.011824146521174696,Jun 2012,-0.011026691061412195
mod_recordingsbn,173,0.0003671820002628248,0.010917452794293148,Aug 2012,-0.010550270794030323
block_ajax_marking,172,7.565566844407896e-05,0.010345818564996646,Aug 2012,-0.010270162896552568
theme_elegance,160,0.00023305171831166456,0.010306803186131419,Sep 2014,-0.010073751467819754
theme_fadeback,173,1.3702260912404756e-05,0.01005569885237935,Jul 2012,-0.010041996591466944
qtype_ddwtos,172,3.7883339778437336e-05,0.010034979069900796,Jun 2012,-0.00999709573012236
theme_bbytefusionmod,173,1.7784771380096118e-05,0.009879058960084834,Apr 2012,-0.009861274188704737
qtype_ddmarker,171,2.7736351458162012e-05,0.009475176784212976,Jun 2012,-0.009447440432754814
mod_checklist,172,0.0070425337967055975,0.0161988537082162,Feb 2013,-0.009156319911510603
theme_moodle2tablet,169,5.553154175833484e-05,0.009144710417436018,Nov 2013,-0.009089178875677683
block_checklist,172,0.0023433308467305566,0.011352916541705931,Feb 2013,-0.009009585694975375
theme_fordson,117,0.0036620443267655167,0.012636307373352185,Apr 2021,-0.008974263046586668
theme_simplespace,172,1.7792017327430884e-05,0.008740626997888409,Jul 2012,-0.008722834980560978
theme_moodle2mobile,167,7.306911830100142e-05,0.008561536640893132,Oct 2013,-0.00848846752259213
mod_oublog,172,0.0004963080035600059,0.008567673462247292,May 2012,-0.008071365458687287
mod_flashcard,172,0.0006377200134054643,0.008557786122513636,Sep 2012,-0.007920066109108172
mod_pcast,173,0.000629578224309169,0.008011682285541208,Apr 2012,-0.007382104061232039
theme_eguru,131,0.0030607256961820593,0.010224176195273082,May 2020,-0.007163450499091023
mod_attendanceregister,173,0.0016029290693383123,0.008623681742796444,Aug 2012,-0.007020752673458131
theme_klass,134,0.0031872703717204538,0.010111312818960393,May 2020,-0.00692404244723994
theme_evolved,146,0.00015050448562925505,0.0070601069269116,Nov 2015,-0.006909602441282345
block_mrbs,173,0.000498928642774071,0.007214235579181902,Apr 2012,-0.006715306936407831
theme_cover,172,1.0592366853771248e-05,0.006705299736443981,Jul 2012,-0.006694707369590209
theme_simple,166,9.212158159637473e-05,0.006651663355526311,Feb 2015,-0.006559541773929936
block_rate_course,173,0.00026133165630797396,0.006735337882465946,Apr 2012,-0.006474006226157972
mod_realtimequiz,172,0.0011397790098054519,0.0075885013644349745,Aug 2012,-0.006448722354629522
theme_archaius,162,0.0001435068433744574,0.006205540078453919,Jan 2015,-0.006062033235079462
block_attendance,172,0.0027483818726211427,0.008709954768046054,Aug 2012,-0.005961572895424911
mod_game,173,0.007191190365034141,0.013076644394848234,Aug 2012,-0.005885454029814093
auth_googleoauth2,172,0.0003537061579290587,0.006082610823734905,Mar 2017,-0.005728904665805847
block_exaport,173,0.0010935937660415548,0.00676565421773747,Apr 2012,-0.005672060451695915
theme_liven,171,9.696350946461436e-06,0.0056072670180554,Jul 2012,-0.005597570667108939
theme_melbourne,173,6.7336171301005634e-06,0.005547163787225539,Apr 2012,-0.0055404301700954384
mod_ouwiki,172,0.000335022852359329,0.005734045015003736,Sep 2012,-0.005399022162644407
mod_tab,172,0.00038930447393879927,0.005698005698005698,Aug 2012,-0.0053087012240668995
auth_joomdle,172,0.00036635115939435904,0.005376580614086246,Jan 2013,-0.005010229454691887
filter_poodll,172,0.001988029366937527,0.006766443029990252,Aug 2012,-0.004778413663052725
mod_skype,171,0.0006066369744737087,0.0053791564891667466,Aug 2012,-0.0047725195146930376
block_css_theme_tool,173,1.282708684340242e-05,0.004747373978670519,Apr 2012,-0.0047345468918271166
mod_openmeetings,173,0.0003737224941422029,0.005077656541320315,Apr 2012,-0.004703934047178112
format_tabtopics,169,0.00016245307007484432,0.004839345875738865,May 2014,-0.004676892805664021
tinymce_tiny_mce_wiris,164,0.0007303350779533891,0.005400668157047379,Jul 2019,-0.0046703330790939905
theme_educator,163,5.416789606911916e-05,0.004698506589360044,Oct 2013,-0.004644338693290925
mod_mindmap,172,0.0017166228451450756,0.0063247664031755805,Mar 2013,-0.004608143558030505
theme_mymobile,154,2.3481096849481893e-05,0.004626793625321517,May 2014,-0.004603312528472035
theme_base,121,0.00047224884862127534,0.0050751344650509095,Nov 2017,-0.004602885616429634
block_repo_filemanager,172,0.0003111646112960551,0.004759878742753816,Jun 2012,-0.004448714131457761
theme_afterburner,149,5.67472881121505e-05,0.004455735298332699,Feb 2015,-0.004398988010220549
local_codechecker,173,0.0005874832198460789,0.00494554480111773,Apr 2012,-0.004358061581271651
local_mailtest,137,0.009632483705163234,0.013985781308527526,Jan 2020,-0.004353297603364292
assignment_poodllonline,172,4.3288286574253026e-05,0.004336286493962843,Aug 2012,-0.00429299820738859
block_course_overview,113,0.0003494620984752963,0.0045333488860949045,Mar 2019,-0.004183886787619608
theme_aerie,173,2.1081101585391424e-06,0.00417234921989302,Apr 2012,-0.004170241109734481
block_graph_stats,172,0.0004030313938548374,0.004564017610323179,May 2012,-0.004160986216468342
qtype_ddmatch,172,0.002814674018787897,0.006966378686129024,Jun 2015,-0.004151704667341127
mod_forumng,172,0.00018910595043564974,0.004326608809295235,May 2012,-0.004137502858859585
theme_standard,150,3.9937378137506856e-05,0.004112740350900659,Mar 2015,-0.0040728029727631525
mod_richmedia,172,6.0014910498406256e-05,0.0041286771030449,Jun 2012,-0.004068662192546493
mod_zoom,134,0.008938501539787976,0.012949778451005724,May 2021,-0.004011276911217748
theme_contemporary,157,0.00025825335966872065,0.004248854143146576,Apr 2015,-0.003990600783477855
mod_jitsi,90,0.0028474596438794507,0.006835344355716226,May 2021,-0.003987884711836775
repository_poodll,172,0.0005527290644129203,0.004467372227835983,Aug 2012,-0.003914643163423063
datafield_poodll,168,0.000508014487632619,0.00439383926730518,Oct 2013,-0.003885824779672561
theme_aadar,162,1.1948680537027327e-05,0.003897670456499678,Oct 2013,-0.003885721775962651
assignsubmission_onlinepoodll,167,0.000754738358212558,0.004610417230257725,Oct 2013,-0.0038556788720451665
theme_serenity,149,4.542071752087557e-05,0.003832932966952058,Feb 2015,-0.0037875122494311826
theme_splash,149,4.060771605815591e-05,0.0038173097783860393,Feb 2015,-0.0037767020623278836
theme_sky_high,150,4.311925980310867e-05,0.003814674107212375,Feb 2015,-0.0037715548474092663
theme_aigne,156,8.274378975656325e-05,0.003832940777566517,Sep 2014,-0.003750196987809954
gradeexport_checklist,172,0.0012333352704504874,0.004964269976938446,Dec 2012,-0.003730934706487959
theme_anomaly,149,5.274241864400799e-05,0.0037560810903458537,Sep 2015,-0.0037033386717018456
filter_scratch,173,7.870474035092115e-05,0.0037284965789698074,Apr 2012,-0.0036497918386188865
theme_leatherbound,149,3.8096172313203144e-05,0.0036877185269165082,Feb 2015,-0.003649622354603305
theme_boxxie,149,3.7884666233987445e-05,0.003679637539071211,Jul 2015,-0.0036417528728372238
mod_hvp,148,0.023493306259843912,0.02713134557493483,Jun 2021,-0.003638039315090918
repository_skydrive,171,0.00028450206716837043,0.0039041072508738898,Aug 2012,-0.0036196051837055192
theme_canvas,123,0.0003632450496169617,0.003975706241578774,Nov 2017,-0.0036124611919618127
theme_fusion,149,4.311925980310867e-05,0.003611082223204923,Feb 2015,-0.0035679629634018145
theme_allc,136,9.81850784198397e-07,0.0035265831818914657,Jul 2012,-0.003525601331107267
theme_ville,173,5.111634863415915e-06,0.0035265783588508516,Jul 2012,-0.0035214667239874355
qtype_ordering,169,0.001272418230612971,0.004792943042276918,Mar 2020,-0.003520524811663947
tinymce_poodll,154,0.0001547449558869985,0.0036268512562464524,Mar 2016,-0.003472106300359454
theme_magazine,149,3.59361737009019e-05,0.0035063929016066345,Mar 2015,-0.0034704567279057325
theme_formfactor,149,3.7250140035379686e-05,0.0035021792986717408,Mar 2015,-0.0034649291586363613
mod_dialogue,171,0.0010562589361810142,0.0045101283728205144,Dec 2012,-0.0034538694366395
qtype_poodllrecording,172,0.000974603447227127,0.004411050054203581,Aug 2012,-0.0034364466069764545
theme_dynamic,157,7.184933940771649e-05,0.0034909423097314097,Nov 2013,-0.0034190929703236932
theme_overlay,149,3.9356369700432466e-05,0.0033973472343597224,Feb 2015,-0.00335799086465929
theme_nonzero,149,3.1149614459056345e-05,0.0033077821429437766,Mar 2015,-0.00327663252848472
theme_brick,149,3.47474473199328e-05,0.0032586074199122683,Mar 2015,-0.0032238599725923356
qtype_oumultiresponse,172,0.0013567602500087223,0.004574192930357314,Aug 2012,-0.003217432680348592
theme_binarius,149,3.0552690048838994e-05,0.003224161971290705,Mar 2015,-0.003193609281241866
assignment_onlineaudio,173,4.901896938594555e-05,0.0032398646711394,Jul 2012,-0.0031908457017534543
theme_mandarin,171,2.521486496196547e-06,0.003171304181361948,Aug 2012,-0.003168782694865751
block_configurable_reports,172,0.013143620409199457,0.016310291302168274,Mar 2014,-0.003166670892968817
theme_strawberry,171,2.5508316066761863e-06,0.0031608980981520855,Aug 2012,-0.003158347266545409
mod_jclic,171,0.0008915777941685988,0.004032214744671536,Aug 2012,-0.0031406369505029377
theme_arialist,149,3.3073084823297624e-05,0.0031717525214030756,Mar 2015,-0.003138679436579778
theme_custom_corners,172,8.571482498394435e-06,0.0031069684864624943,Aug 2012,-0.0030983970039641
local_boostnavigation,114,0.0018867259253022139,0.004979665755490435,Mar 2022,-0.0030929398301882214
assignfeedback_poodll,161,0.0006216549350815267,0.0037120105842242007,Aug 2014,-0.003090355649142674
mod_dataform,173,0.0005059506513798865,0.0035860625392701573,Apr 2012,-0.003080111887890271
theme_nimble,149,3.0147375968939014e-05,0.0030642239366400416,Mar 2015,-0.0030340765606711026
mod_engagement,169,2.2198040364339007e-05,0.0030261600086832303,Dec 2013,-0.0030039619683188915
assignsubmission_onlineaudio,169,0.00014900686150295478,0.003127943205529475,Oct 2013,-0.0029789363440265205
theme_pioneer,135,9.085054988736577e-05,0.003016968791735272,Dec 2016,-0.0029261182418479064
atto_wiris,145,0.0032907795048308847,0.0061686460505812925,Nov 2020,-0.0028778665457504077
gradereport_laegrader,171,5.783870679647402e-05,0.002903732811382045,May 2014,-0.002845894104585571
report_engagement,169,2.5094258678707395e-05,0.0027782755174602246,Dec 2013,-0.002753181258781517
theme_enlightlite,108,0.001335013773680275,0.004046573076615116,Sep 2021,-0.002711559302934841
mod_simplecertificate,164,0.004131234819734713,0.006820829552852591,Sep 2018,-0.002689594733117877
tinymce_clozeeditor,162,0.0007202838492189162,0.003409541203340775,Jul 2019,-0.002689257354121859
filter_wiris,172,0.004435278374986627,0.007123009009460846,Jul 2019,-0.002687730634474219
mod_groupselect,173,0.001324236845798131,0.0040112242901331864,Apr 2012,-0.0026869874443350554
theme_standard_fluid,170,1.5337058777658277e-05,0.0026901948160255444,Jun 2013,-0.002674857757247886
block_cam_mycourses,171,1.5183608050867066e-05,0.0026883452833152545,Jun 2012,-0.0026731616752643872
block_accessibility,173,0.0023494800306128427,0.00500915853612949,May 2012,-0.0026596785055166476
plagiarism_crot,172,9.319628123892368e-06,0.00266027184213136,May 2012,-0.0026509522140074674
block_jumpto_menu,173,3.8264248527142405e-06,0.0026515180362609242,Apr 2012,-0.00264769161140821
theme_eduhub,127,0.00014170323152000797,0.0027179504547928312,May 2017,-0.0025762472232728232
theme_cloudyday,165,8.993862688370208e-06,0.0025493363704145802,Oct 2013,-0.00254034250772621
theme_newsie,171,9.262060823327849e-06,0.0025419610481851145,Jul 2012,-0.0025326989873617864
theme_standardold,149,2.720396505556864e-05,0.0025309085339362226,Mar 2015,-0.0025037045688806538
theme_roshnilite,132,0.0005380480460137854,0.0030271206270522906,Oct 2017,-0.0024890725810385052
mod_certificateswall,130,1.9707712357777946e-06,0.0024903931065010897,Aug 2012,-0.0024884223352653117
block_simple_clock,173,0.0007474921922357575,0.0032332999883872577,Apr 2012,-0.0024858077961515002
block_exacomp,173,0.00035291530598622483,0.0028329727174800407,Apr 2012,-0.002480057411493816
assignfeedback_pdf,164,0.00041196502005717573,0.0028899169549505485,Mar 2016,-0.0024779519348933727
assignsubmission_pdf,165,0.00044562315011497424,0.0028996583135412098,Mar 2016,-0.0024540351634262355
mod_reservation,171,0.0007972681407079972,0.003220856309337111,Nov 2012,-0.0024235881686291137
block_engagement,169,2.1694320600177414e-05,0.00239846942775655,Aug 2013,-0.0023767751071563726
atto_morefontcolors,143,0.005188655991259061,0.007560372045682775,Jun 2022,-0.002371716054423714
block_quickcourselist,173,0.00030967004863818913,0.002639409278413428,Apr 2012,-0.0023297392297752387
mod_facetoface,171,0.0011393424688541898,0.003438573944443961,Jun 2012,-0.0022992314755897712
local_analytics,154,0.000520356826286554,0.0027548991652316277,Mar 2018,-0.0022345423389450738
block_course_overview_plus,171,5.539351225876447e-06,0.0022190927324713013,Sep 2012,-0.0022135533812454246
mod_turnitintooltwo,157,0.0018377572499256446,0.00402930721613538,Aug 2017,-0.002191549966209735
mod_scheduler,173,0.00463899917861661,0.006830162431822183,Apr 2012,-0.002191163253205573
mod_advmindmap,164,0.00011011624317197618,0.0022967143677490457,May 2015,-0.0021865981245770697
theme_uikit,146,4.309224159248228e-05,0.002211048383497418,May 2015,-0.0021679561419049357
local_flavours,173,1.6290913502540784e-05,0.002153957085417766,Apr 2012,-0.002137666171915225
auth_mcae,171,0.00013424811982056914,0.0022602221397958035,Dec 2014,-0.0021259740199752342
repository_evernote,167,2.9653362212384806e-05,0.002147520511961709,Feb 2014,-0.0021178671497493243
mod_videofile,158,0.00016977455396480952,0.0022830413309298924,Jun 2015,-0.002113266776965083
block_login_logout,172,5.400033973988493e-05,0.002153911609849492,Jun 2012,-0.0020999112701096073
theme_sharp,157,4.923620355304953e-05,0.002142660060214612,May 2014,-0.0020934238566615625
format_onetopic,173,0.00855919559692014,0.010637425507923608,Apr 2012,-0.002078229911003468
assignment_uploadpdf,172,2.525106423787711e-05,0.0021006351475046266,May 2012,-0.0020753840832667494
block_course_contacts,172,0.0006944447270713506,0.0027524514020299327,Jun 2012,-0.0020580066749585823
mod_geogebra,168,0.00251148849941303,0.004562092564372132,Dec 2016,-0.0020506040649591016
theme_crisp,150,6.084497613563718e-05,0.002111394560937025,Oct 2015,-0.002050549584801388
atto_wordimport,131,0.0030767848583015418,0.005099526407837283,Jul 2021,-0.0020227415495357413
theme_fabric,171,4.202477493660911e-06,0.0020186161264999438,Jul 2012,-0.002014413649006283
block_messageteacher,172,0.0011200525490612327,0.0031251791960548196,Jun 2012,-0.0020051266469935866
block_userinfo,172,1.662957513411152e-05,0.0020209541030686592,Jun 2012,-0.0020043245279345477
repository_recordaudio,171,7.86861863123473e-05,0.0020356671827513047,Jul 2012,-0.0019569809964389575
mod_nln,173,2.9942020785676524e-05,0.0019852281263069644,Apr 2012,-0.001955286105521288
enrol_auto,157,0.0007756656119923778,0.002725321548551725,Feb 2020,-0.0019496559365593472
block_fbcomments,163,7.996276728948525e-05,0.0020055967565718305,May 2014,-0.0019256339892823452
block_analytics_recommendations,173,1.1121322006108424e-05,0.001873593734514996,Apr 2012,-0.0018624724125088875
tool_webanalytics,99,0.0005290367404584551,0.0023866271266997975,Jan 2021,-0.0018575903862413424
repository_mediacapture,170,8.06768945803834e-06,0.001856610502284787,Nov 2012,-0.0018485428128267487
block_dashboard,170,5.9679392830404655e-05,0.0018941569927421688,Dec 2019,-0.001834477599911764
block_slideshow,160,0.00018168287008350228,0.0020132766372234594,Oct 2014,-0.001831593767139957
block_twitter_search,173,8.502772022253954e-07,0.0018035588947954756,Apr 2012,-0.0018027086175932503
block_objectives,171,0.00016762974092842032,0.0019618318895195655,Jun 2012,-0.0017942021485911452
atto_fullscreen,143,0.00407026925249714,0.005856027772361713,May 2019,-0.0017857585198645734
format_calendar,167,2.750336746989033e-05,0.0017959945866350792,Apr 2013,-0.001768491219165189
repository_coursefilearea,171,0.0001396614730832783,0.0018795310049269354,Feb 2013,-0.001739869531843657
mod_booking,172,0.0012471856467529867,0.002981822352199094,Jun 2012,-0.0017346367054461072
block_gismo,171,6.903980584839579e-05,0.0017874611327137555,Nov 2013,-0.0017184213268653598
mod_media,172,1.6632889384526116e-06,0.0016905036074384909,May 2012,-0.0016888403185000382
qtype_pmatch,172,0.0013400328913297749,0.003027924189749916,Jun 2012,-0.001687891298420141
theme_cafe_con_leche,152,1.2833286029991419e-05,0.0016876740567687031,Aug 2014,-0.0016748407707387117
mod_hotquestion,172,0.0007479471342107481,0.0024178352749383626,May 2012,-0.0016698881407276145
atto_poodll,149,0.0006703032283558139,0.0023381106025467807,Oct 2018,-0.0016678073741909667
mod_mplayer,173,0.00010291112123365456,0.001749850584875531,Apr 2012,-0.0016469394636418765
filter_oembed,146,0.0009388749063378565,0.0025770436232857123,May 2020,-0.0016381687169478559
block_admin_email,172,3.4065821675003283e-06,0.0016195722152038408,May 2012,-0.0016161656330363405
qtype_varnumericset,172,0.00066695548018166,0.0022802885873425293,Jun 2012,-0.0016133331071608694
qtype_varnumeric,172,0.0005638081778554862,0.0021681432469814214,Jun 2012,-0.0016043350691259351
auth_saml,172,0.00017703650519864484,0.0017516785129868696,May 2012,-0.0015746420077882247
atto_fontsize,145,0.0039161028922136566,0.005485388270536034,Oct 2017,-0.001569285378322377
block_helpdesk,171,0.0002112715956792993,0.0017587885700940191,Jul 2014,-0.0015475169744147198
cachestore_apc,165,2.0483452349189702e-05,0.0015571177523233059,Jul 2014,-0.0015366342999741161
format_collapsibletopics,100,0.000610871327459035,0.0021224024038310188,Jun 2021,-0.0015115310763719838
block_navbuttons,171,0.0007010563006938503,0.002194846701965996,Mar 2013,-0.0014937904012721458
format_colours,170,2.5238736020443944e-05,0.0015081770965513464,Feb 2013,-0.0014829383605309025
theme_boost_campus,109,0.0005596914634098792,0.0020416120990173516,Apr 2020,-0.0014819206356074723
block_notifications,170,0.00022391500532168397,0.0017020005629294463,Dec 2018,-0.0014780855576077623
block_birthday,170,1.858590679722477e-05,0.0014900635580635344,Jan 2013,-0.0014714776512663097
theme_cerulean,158,2.4281869768910547e-05,0.0014949581440657869,Nov 2014,-0.0014706762742968764
theme_earth,163,2.2433801358276944e-05,0.001491188130830851,Nov 2014,-0.001468754329472574
format_buttons,121,0.003962697138098399,0.00542913001682778,Mar 2020,-0.001466432878729381
assignsubmission_mahara,169,0.00018360511304458602,0.0016394646930929639,Jul 2016,-0.001455859580048378
block_online_users_map,171,9.142926471971657e-06,0.0014484044862285292,Feb 2013,-0.0014392615597565576
local_mahara,171,5.961518793125575e-06,0.0014357946896026148,Jun 2012,-0.0014298331708094893
theme_morecandy,137,0.00010415804145294035,0.0015264239186426453,Dec 2016,-0.001422265877189705
block_learning_plan,155,0.00024026613448425923,0.0016326962028927472,Apr 2016,-0.001392430068408488
theme_responsive,165,1.2000075497752209e-05,0.0014043707091028323,Apr 2013,-0.00139237063360508
tool_policy,103,7.685014142899537e-06,0.0013982090651284906,May 2018,-0.001390524050985591
block_activity_track,171,4.141459039176817e-05,0.0014255547585374567,Jun 2013,-0.0013841401681456886
mod_taskchain,166,0.0001931209780350528,0.0015769950906129415,Nov 2013,-0.0013838741125778886
repository_onenote,144,6.1577965984072e-05,0.0014414996507291313,Mar 2017,-0.0013799216847450594
format_board,126,0.000473616445146039,0.001844980347970042,Sep 2018,-0.001371363902824003
block_turnitin,162,0.00025425265675603075,0.0016156851544220528,Dec 2014,-0.001361432497666022
report_coursestats,110,0.002646773725937728,0.003975191292371213,Jun 2022,-0.0013284175664334845
mod_etherpad,171,6.628827909148504e-06,0.0013271197024897928,Jul 2013,-0.0013204908745806444
block_quickfindlist,171,0.00025769443400837046,0.0015718719975059156,Jun 2012,-0.0013141775634975452
block_mystats,167,1.3538468870163443e-05,0.0013209091836550821,May 2013,-0.0013073707147849187
qtype_pmatchjme,172,0.00027042745412192404,0.0015688985800138275,Jun 2012,-0.0012984711258919035
qtype_matchwiris,170,0.0016952760673067005,0.0029935996787297543,Apr 2019,-0.0012983236114230538
theme_aardvark_postitnote,168,2.3418652412069334e-05,0.001319541216092018,May 2013,-0.0012961225636799487
qtype_essaywiris,170,0.0016927083330069968,0.002984666294901072,Apr 2019,-0.001291957961894075
qtype_multichoicewiris,171,0.0017786927256943405,0.003054843265259175,Mar 2019,-0.0012761505395648346
qtype_truefalsewiris,170,0.0016986981572376196,0.002963613203793641,Apr 2019,-0.0012649150465560215
qtype_multianswerwiris,169,0.0017179476674128325,0.0029778204170489504,Apr 2019,-0.001259872749636118
tool_dataprivacy,103,5.977233222255196e-06,0.0012633715428500129,Jun 2018,-0.0012573943096277577
local_mr,170,0.0002806211878558124,0.001533948697791306,Sep 2013,-0.0012533275099354934
format_masonry,165,0.00036727988193719025,0.0016150236684326466,Apr 2014,-0.0012477437864954564
theme_solstice,172,7.696252106041452e-06,0.0012535420211932957,Jul 2012,-0.0012458457690872542
local_welcome,168,0.001297519347317271,0.002539072063558093,Apr 2016,-0.001241552716240822
block_censusreport,169,2.4462479637508053e-05,0.0012605458370151697,Mar 2013,-0.0012360833573776616
local_globalmessage,172,2.356765995535197e-05,0.0012498005637398288,Jun 2012,-0.0012262329037844768
mod_scormcloud,173,8.026455173937777e-05,0.0012989048631704895,Apr 2012,-0.0012186403114311118
block_lw_courses,109,0.00036519314253613674,0.0015699376614293358,Nov 2019,-0.001204744518893199
theme_leoblue,162,5.1308347373609675e-06,0.0012040418069282034,Oct 2013,-0.0011989109721908424
theme_snap,147,0.0016226430467025856,0.0028213210806821536,Apr 2022,-0.001198678033979568
qtype_wq,171,0.001969909465442222,0.003165191252934226,Jun 2019,-0.0011952817874920042
mod_languagelab,171,6.5409910460874244e-06,0.0011979257834893934,Jun 2013,-0.001191384792443306
mod_webexactivity,153,0.0005270294351587173,0.001713979976951237,Jun 2020,-0.0011869505417925197
block_autoattend,170,0.0009291430448440714,0.0021138947580377687,Aug 2014,-0.0011847517131936972
filter_videoeasy,142,0.000505960664934997,0.0016904334895200676,Aug 2017,-0.0011844728245850706
qtype_shortanswerwiris,171,0.0017410998188557834,0.0029149155191019243,Jun 2019,-0.001173815700246141
block_dataform_view,171,7.5780166400118e-05,0.0012488015050201526,Dec 2012,-0.0011730213386200346
tinymce_mathslate,154,0.0003787957461324019,0.0015445645714554017,Sep 2019,-0.0011657688253229998
atto_teamsmeeting,78,0.0032171155621478903,0.004379798467076777,Aug 2022,-0.001162682904928887
block_smb_web_client,172,1.323441132561584e-05,0.0011758910630234242,May 2012,-0.0011626566516978083
local_usertours,124,3.1149722648336776e-05,0.0011817976710402668,Aug 2017,-0.00115064794839193
local_msaccount,142,6.257175688287478e-05,0.0012129862175937482,Mar 2017,-0.0011504144607108735
block_side_bar,171,6.815747916228768e-05,0.0012162335168352323,Sep 2012,-0.0011480760376729447
block_tts,169,8.816403340961172e-05,0.001231314794918345,Nov 2013,-0.0011431507615087331
atto_generico,143,0.0008454999160306845,0.001984311890110113,Aug 2019,-0.0011388119740794287
block_live_services,171,7.575319271363133e-06,0.001140468983332189,Aug 2013,-0.001132893664060826
theme_acmebanana,162,5.9763954827066554e-06,0.00112810633067646,Oct 2013,-0.0011221299351937533
auth_uniquelogin,170,0.000538497493671591,0.0016592064884001637,Oct 2018,-0.0011207089947285727
mod_autoattendmod,169,0.000582351512320965,0.001701615764827196,Sep 2014,-0.001119264252506231
mod_bootstrapelements,141,0.00044128837303695676,0.0015514400838408154,Apr 2016,-0.0011101517108038587
block_onenote,144,5.1873039976647734e-05,0.0011599578117111311,Apr 2017,-0.0011080847717344835
profilefield_certificateswall,171,3.8038198745179757e-06,0.0011024890167162663,Aug 2012,-0.0010986851968417483
local_onenote,142,0.000741217325081525,0.0018383691619709118,Apr 2017,-0.0010971518368893868
block_livemood,169,0.0003628343136787629,0.0014520115686531912,May 2020,-0.0010891772549744283
mod_congrea,129,0.0002394878076891829,0.001313610509984074,Jul 2020,-0.0010741227022948911
atto_chemistry,149,0.0005407767672071473,0.0016107690281806338,Oct 2017,-0.0010699922609734864
block_csv_enrol,170,2.1347261508054273e-05,0.0010882089361157342,Oct 2012,-0.00106686167460768
report_editgroups,171,0.00024042922631750468,0.0012997604616464084,Jan 2014,-0.0010593312353289037
filter_dictionary,170,3.343344914979445e-05,0.001091591681857045,Aug 2013,-0.0010581582327072506
format_days,169,1.0629110449892065e-05,0.0010658104124736834,Apr 2013,-0.0010551813020237913
atto_imagedragdrop,150,0.0001193448240408786,0.0011635511223371813,Sep 2015,-0.0010442062982963026
mod_tracker,171,0.00012396733999734262,0.0011588706552543475,May 2016,-0.001034903315257005
mod_magtest,169,7.555954528791562e-05,0.0011031740534858231,Apr 2013,-0.0010276145081979074
mod_exagames,171,0.0002821663371424277,0.0013091635624437104,Jul 2013,-0.0010269972253012828
quizaccess_safeexambrowser,160,0.0005774481294358532,0.0015994896450926867,May 2020,-0.0010220415156568334
qtype_combined,161,0.0011368688377301392,0.002154447191067918,Nov 2015,-0.0010175783533377786
local_loginas,169,6.410026983416574e-05,0.0010738658388686868,Dec 2012,-0.001009765569034521
block_banners,166,1.616901428166438e-05,0.001018828426118118,Jun 2013,-0.0010026594118364538
theme_srce_access,150,1.235728850698073e-05,0.0010144839480714946,Sep 2014,-0.001002126659564514
block_course_status_tracker,157,8.700512606650906e-05,0.0010681784076832484,Jun 2016,-0.0009811732816167394
block_admin_presets,173,0.0012531704187542713,0.002228209697089365,Apr 2012,-0.0009750392783350937
qtype_calculatedobjects,171,1.275415803338093e-05,0.0009854239375898172,Sep 2012,-0.0009726697795564363
atto_bsgrid,134,0.0004646937596147772,0.0014313960395910639,Jan 2020,-0.0009667022799762867
block_course_overview_campus,164,0.00016232262528402858,0.001126053190893875,Sep 2019,-0.0009637305656098465
portfolio_boxnet,55,0.000271041576329791,0.0012347477094999692,Jun 2022,-0.0009637061331701782
block_glossary_export_to_quiz,172,0.0001842476870211821,0.0011463011758162693,May 2012,-0.0009620534887950871
block_dictionary,169,2.7377676863981692e-05,0.0009868119231980165,Apr 2013,-0.0009594342463340348
block_poll,172,0.00032233279215333754,0.001279325992035308,Apr 2012,-0.0009569931998819705
local_contact,158,0.00417987410207676,0.005136198762830535,Feb 2024,-0.0009563246607537743
atto_styles,137,0.0029836080494941835,0.003935076621400881,Jan 2024,-0.0009514685719066978
repository_capture,165,1.5362589261892278e-05,0.0009633174358882051,Feb 2013,-0.0009479548466263128
message_jabber,55,0.00032819417858361455,0.0012699102713091476,Jun 2022,-0.0009417160927255331
block_course_tree_list,166,4.1158867667889985e-05,0.000982530350743175,May 2013,-0.000941371483075285
filter_censor,55,0.0004376851134565366,0.0013748355606418197,Jun 2022,-0.000937150447185283
report_overviewstats,156,0.0035923570720253553,0.004526488344257872,Oct 2022,-0.0009341312722325164
theme_slate,168,5.670309074305026e-06,0.0009303354569463407,Feb 2015,-0.0009246651478720357
block_quiz_results,55,0.0006187050212009626,0.0015405844920979234,Dec 2022,-0.0009218794708969608
repository_boxnet,55,0.000312284981251657,0.00122863239387798,Jun 2022,-0.0009163474126263231
local_microsoftservices,140,4.723706065302944e-05,0.0009632758936542619,Apr 2017,-0.0009160388330012324
mod_videochat,171,2.993199160348535e-06,0.0009175094951564033,Sep 2012,-0.0009145162959960548
block_flexpagemod,170,2.5097729313979922e-05,0.000939610349869483,Jun 2013,-0.0009145126205555031
block_flexpagenav,170,2.5097729313979922e-05,0.000939610349869483,Jun 2013,-0.0009145126205555031
mod_mediagallery,148,0.0011407900481381194,0.0020473685644964833,Jul 2018,-0.000906578516358364
qtype_varnumunit,162,0.00020104732665831275,0.0011006809790439526,Nov 2013,-0.0008996336523856398
assignsubmission_youtube,164,9.392795063543879e-06,0.0009057611530723572,Dec 2013,-0.0008963683580088134
block_fn_mentor,132,0.00015213523001057693,0.0010415329575353544,Nov 2017,-0.0008893977275247774
block_section,170,3.5915843161526774e-05,0.0009186513927319872,Sep 2012,-0.0008827355495704604
mod_evoting,132,0.0009438113577488712,0.0018232421960935154,Mar 2020,-0.0008794308383446442
block_iclicker,169,1.37162868306849e-05,0.000885229392174548,Jul 2013,-0.0008715131053438631
block_vmoodle,170,4.0191538775994246e-05,0.0009042648383004923,Jun 2015,-0.000864073299524498
mod_activequiz,136,0.000951195294538839,0.001811029760625874,Jul 2021,-0.0008598344660870349
atto_pastespecial,136,0.0005079766190078812,0.0013609146304120125,Aug 2017,-0.0008529380114041312
block_course_results,171,2.127130446126568e-05,0.0008711569695535385,Aug 2012,-0.0008498856650922728
block_rss_plus,171,7.625150283184665e-06,0.0008553544930829124,Jun 2012,-0.0008477293427997277
qtype_conceptmap,168,0.0003940695566293041,0.0012413340347065315,Oct 2016,-0.0008472644780772274
block_courseaward_vote,171,1.4833165354875437e-05,0.0008599610029514243,Jun 2012,-0.0008451278375965489
block_course_search,169,7.324151660125706e-05,0.0009164557056646355,Jul 2014,-0.0008432141890633785
atto_hr,147,0.0011397901788454483,0.0019733545854534514,Jul 2021,-0.0008335644066080031
block_forum_aggregator,171,0.00010668558559396427,0.0009388469252763198,Sep 2012,-0.0008321613396823555
block_cmanager,170,6.663677142652942e-05,0.000897013874995335,Nov 2012,-0.0008303771035688055
mod_videoconference,171,4.138407763985963e-06,0.0008243365420411636,Sep 2012,-0.0008201981342771777
mod_offlinequiz,169,0.0017967065621307637,0.0026157336836758888,Dec 2018,-0.000819027121545125
assignsubmission_onenote,144,0.0005506660209441624,0.0013660729093090771,Mar 2017,-0.0008154068883649147
format_mindmap,143,7.85887452166786e-05,0.0008911897068676175,Feb 2016,-0.0008126009616509389
block_login_userinfo,167,3.542927330904117e-05,0.0008479855842904559,Apr 2014,-0.0008125563109814146
mod_techproject,171,6.410330811603727e-05,0.0008764885889211327,May 2016,-0.0008123852808050954
mod_webex,171,4.286339634589032e-06,0.0008116609259891986,Mar 2014,-0.0008073745863546095
profilefield_o365,142,3.871067892421242e-05,0.0008439565756854959,Jul 2016,-0.0008052458967612835
qtype_algebra,170,0.0005064690870975807,0.0013094490838054507,Oct 2014,-0.00080297999670787
profilefield_oidc,142,3.4150831329752315e-05,0.0008365413169489533,Jul 2016,-0.0008023904856192009
format_folderview,170,1.531533921211129e-05,0.0008163047468633943,Apr 2013,-0.000800989407651283
local_googleanalytics,157,3.1502287726403695e-05,0.0008215650851996288,Jun 2014,-0.0007900627974732252
qtype_multinumerical,172,0.00034622932716431634,0.0011341540772284427,May 2012,-0.0007879247500641263
format_fntabs,171,9.721705994414256e-05,0.000883220553651076,Sep 2017,-0.0007860034937069335
atto_corrections,148,0.0005071828591944828,0.001292820226070703,Oct 2017,-0.0007856373668762202
block_mooprofile,171,2.6410210192314698e-05,0.0008091650884613428,May 2013,-0.0007827548782690281
block_microsoft,134,0.0025352834825976005,0.0033177958022393697,Aug 2020,-0.0007825123196417692
report_trainingsessions,168,0.00023953014358048935,0.001019138406451199,Dec 2013,-0.0007796082628707097
report_mygrades,151,5.072749623232063e-05,0.0008289486704112744,Jul 2015,-0.0007782211741789538
enrol_lmb,170,4.548891449938808e-05,0.0008227352497762928,Aug 2013,-0.0007772463352769046
atto_morebackcolors,134,0.0025205478679377943,0.003292785948715556,Jul 2024,-0.0007722380807777618
filter_fontawesome,156,0.001682801541512782,0.0024516403952778466,May 2018,-0.0007688388537650647
assignfeedback_onenote,143,0.0005207263531124111,0.001287892059610778,Jun 2017,-0.000767165706498367
qtype_geogebra,168,0.0012139802847584945,0.001978711617558993,Mar 2020,-0.0007647313328004984
block_courseaward_medal,171,1.1828629683547777e-05,0.0007726402480748746,Jun 2012,-0.0007608116183913268
tinymce_youtube,161,1.2607432480982734e-05,0.0007714745872489553,Nov 2013,-0.0007588671547679725
enrol_signup,172,0.00014930308223450156,0.0009025945412615356,Apr 2012,-0.0007532914590270341
atto_cloze,125,0.002709789237867818,0.003461524686095983,Jul 2024,-0.000751735448228165
block_page_module,171,2.2725957814089398e-05,0.0007693907443810516,May 2016,-0.0007466647865669622
block_ranking,151,0.0011602223392250474,0.001903472931963033,Mar 2019,-0.0007432505927379856
filter_simplespeak,171,3.396282238780029e-06,0.0007429289455962401,Jun 2012,-0.0007395326633574601
plagiarism_crotpro,173,1.6944778407077033e-06,0.0007379623649766665,Apr 2012,-0.0007362678871359589
block_recommender,172,9.297152945090813e-06,0.000742190389553968,May 2012,-0.0007328932366088771
mod_dataformembed,169,5.722900218423312e-05,0.0007894849144369052,Nov 2012,-0.0007322559122526721
format_weeksrev,169,9.556616188463291e-05,0.0008277012191703435,Jul 2013,-0.0007321350572857105
block_achievement,168,8.551391228934946e-07,0.000732634838383142,Mar 2013,-0.0007317796992602486
auth_emailadmin,165,0.0010757663225698312,0.0018067227577577244,Oct 2017,-0.0007309564351878932
mod_livestreaming,171,5.997982534683112e-06,0.0007368162520613312,Sep 2012,-0.000730818269526648
block_my_grades,170,0.00017510099460322262,0.000904370892768327,Aug 2017,-0.0007292698981651044
atto_templates,131,2.5674199577748376e-05,0.0007526806961322138,Feb 2020,-0.0007270064965544654
format_flexpage,170,3.074005657159815e-05,0.0007527744495411131,Jun 2013,-0.000722034392969515
block_homework,169,0.0001423325186918559,0.0008642335701257177,Aug 2017,-0.0007219010514338618
block_user_bookmarks,170,2.158337485321399e-05,0.0007411503488712128,Jan 2014,-0.0007195669740179989
theme_learnr,53,0.0014697436540627032,0.002181758611910031,May 2024,-0.0007120149578473279
filter_jwplayer,161,2.823322926598112e-05,0.0007279468158072047,May 2017,-0.0006997135865412236
filter_rtmp,163,2.202821192920014e-05,0.0007214745642117692,Jul 2014,-0.000699446352282569
block_userexpire,171,4.6525257159314845e-05,0.0007435933482761448,Jun 2012,-0.0006970680911168299
tool_health,55,0.0006697933521755196,0.001361637838795403,Jun 2022,-0.0006918444866198835
mod_revealjs,155,0.0001610282773911216,0.000849754340664831,May 2017,-0.0006887260632737094
qformat_stack,172,7.059608511441203e-05,0.0007552560065778042,May 2012,-0.0006846599214633921
block_login_info,167,4.575613915894141e-05,0.0007278474362594843,Apr 2013,-0.0006820912971005429
mod_videoconsultation,171,9.353049224479348e-06,0.0006875061423046644,Jun 2012,-0.0006781530930801851
auth_ldapcapture,172,4.267385906081188e-06,0.0006804924463370656,May 2012,-0.0006762250604309845
enrol_easy,114,0.0006159475216673717,0.00129099359717972,Jun 2021,-0.0006750460755123483
theme_laura,170,6.566003932183433e-06,0.0006804633720201762,Mar 2013,-0.0006738973680879928
filter_multiembed,119,0.00044467849200981137,0.0011160565788724951,Jul 2020,-0.0006713780868626837
block_fn_my_menu,170,3.4065821675003283e-06,0.0006722769983746457,Dec 2013,-0.0006688704162071454
atto_count,147,0.0005690043790835048,0.0012376834512475641,Jan 2020,-0.0006686790721640593
gradereport_multigrader,166,0.0001342752183164757,0.000799946666528419,Feb 2015,-0.0006656714482119433
block_catalogue,128,0.0001506646832860001,0.0008121240318086584,Nov 2017,-0.0006614593485226583
block_mymentees,166,2.637641753196944e-05,0.0006875579677152383,May 2013,-0.0006611815501832689
format_page,161,2.543563771944526e-05,0.0006813182386233998,May 2016,-0.0006558826009039545
block_fn_marking,172,0.00019867542244607497,0.000854335729915076,May 2012,-0.000655660307469001
block_rolespecifichtml,166,3.4029267237397923e-05,0.0006887478614244569,May 2016,-0.000654718594187059
mod_quizgame,145,0.0013195954167063316,0.0019736854998850086,Jul 2021,-0.000654090083178677
availability_mobileapp,140,0.00034923941665301227,0.0010018523288084183,May 2018,-0.000652612912155406
mod_pagemenu,171,4.148007605144028e-06,0.0006563538121361144,May 2016,-0.0006522058045309704
local_recyclebin,136,4.889803340155929e-05,0.0007010326601250879,Nov 2018,-0.0006521346267235286
block_workflow,169,0.0003787166597484323,0.0010286504443432656,Nov 2012,-0.0006499337845948333
atto_mediagallery,144,0.00014731136156419315,0.0007936402913851803,Jul 2018,-0.0006463289298209872
qtype_musicinterval,167,1.0669756389798078e-05,0.0006569492917265448,Mar 2013,-0.0006462795353367468
filter_generico,149,0.002088858276184295,0.002728882774508455,Dec 2019,-0.00064002449832416
enrol_profilefield,163,2.535587166842949e-05,0.0006640385801707092,May 2016,-0.0006386827085022796
atto_preview,141,0.0008763577452951276,0.0015133751882202544,Aug 2019,-0.0006370174429251268
theme_flexpage,170,2.637641753196944e-05,0.000663306480204711,Jun 2013,-0.0006369300626727415
report_filetrash,157,0.0004818711041620107,0.0011166652066967957,Aug 2017,-0.0006347941025347851
mod_autoview,170,1.978337203048124e-05,0.0006539998743302345,Jun 2013,-0.0006342165022997532
mod_customlabel,165,0.00014266275095479634,0.0007754840944205464,May 2016,-0.00063282134346575
theme_easy,157,1.0085945984786187e-05,0.0006398533902887403,Oct 2013,-0.000629767444303954
block_my_courses,170,3.338736067194138e-05,0.000662668520438539,Jan 2013,-0.0006292811597665976
qtype_jme,171,0.00010184112623191572,0.0007303214878030477,Jul 2014,-0.0006284803615711319
block_moodletxt,171,2.560431543648713e-05,0.0006518210775659205,Jun 2012,-0.0006262167621294334
block_groupspecifichtml,166,1.0266628823993134e-05,0.0006308971791155976,May 2016,-0.0006206305502916044
theme_moove,114,0.022295635489209924,0.02291176059402783,Feb 2022,-0.0006161251048179064
block_search_course,158,5.574776590537222e-05,0.000670978680765121,Aug 2017,-0.0006152309148597488
assignment_team,171,5.536575707328212e-06,0.0006200353255487203,Jun 2012,-0.0006144987498413921
block_unanswered_discussions,172,3.578285722310587e-05,0.0006474658718913083,May 2012,-0.0006116830146682024
theme_aab,159,8.502772022253954e-07,0.0006120754063964149,Oct 2013,-0.0006112251291941895
mod_eduplayer,157,8.21982010885719e-05,0.0006876444053251183,Nov 2013,-0.0006054462042365463
block_gchat,162,0.00017792017327430883,0.0007815079801871217,Jun 2013,-0.0006035878069128129
qtype_musicscale,167,1.3952758355889795e-05,0.0006150560613102827,Apr 2013,-0.0006011033029543929
assignfeedback_mahara,158,5.337484533976227e-05,0.0006523067029299939,Oct 2015,-0.0005989318575902316
mod_ipal,172,5.47300746814088e-05,0.0006494524315852448,May 2012,-0.0005947223569038359
qtype_musickeysignature,167,1.1828629683547777e-05,0.0006062651197989159,Apr 2013,-0.0005944364901153682
format_periods,144,4.352856472714709e-05,0.0006366444720333011,Feb 2017,-0.000593115907306154
auth_liveid,171,5.466172003074359e-06,0.0005981084819259093,Nov 2012,-0.000592642309922835
block_course_ascendants,169,8.504388993446939e-06,0.0006009163533064536,May 2016,-0.0005924119643130067
local_wirisquizzes,117,0.0014167934612631906,0.0020071958617011686,Jul 2021,-0.000590402400437978
tool_rebuildcoursecache,162,1.827939369933677e-05,0.0006069960024922621,Mar 2014,-0.0005887166087929253
block_twitter_feed,171,5.977233222255196e-06,0.0005915134851749048,Dec 2012,-0.0005855362519526496
filter_wikipediacalls,168,8.60733330858582e-06,0.0005917072427981383,May 2016,-0.0005830999094895525
block_course_descendants,163,1.1122181225992562e-05,0.0005931173155802102,May 2016,-0.0005819951343542176
theme_cubic,162,6.872142447521628e-06,0.0005854500261911853,Jun 2013,-0.0005785778837436637
tool_mfa,81,0.0005089404411148463,0.0010852876484817434,Aug 2023,-0.0005763472073668971
block_page_tracker,161,9.44919586534224e-06,0.0005822544045834643,May 2016,-0.0005728052087181221
block_publishflow,165,1.7111048039988557e-06,0.0005700771437833601,May 2016,-0.0005683660389793612
block_mhaairs,172,0.00011335547714209077,0.0006804924463370656,May 2012,-0.0005671369691949748
filter_tabs,167,0.00041497574475221903,0.0009804120569673264,Apr 2014,-0.0005654363122151074
tool_sync,161,1.8000113246628313e-05,0.0005832343641317759,May 2016,-0.0005652342508851476
qtype_gapfill,171,0.0036455072291175436,0.00421007442691982,Mar 2020,-0.0005645671978022765
report_editdates,171,0.0012634254853297574,0.001827902461821753,Aug 2013,-0.0005644769764919957
tinymce_recordrtc,116,0.0002385908817465992,0.0008016534738212787,Mar 2020,-0.0005630625920746795
theme_rebel,73,0.00018433951235812457,0.0007467767407460868,May 2021,-0.0005624372283879622
block_course_modulenavigation,123,0.0014035845479243845,0.0019655790704523213,Oct 2022,-0.0005619945225279368
repository_office365,141,0.002512087116079577,0.003073036658910056,Aug 2022,-0.0005609495428304792
mod_collaborate,168,0.00031542819378575944,0.0008760954438128705,May 2020,-0.000560667250027111
local_technicalsignals,166,1.1971947720508925e-05,0.0005696773951135931,May 2016,-0.0005577054473930842
block_quickmailsms,167,1.886707603648122e-05,0.0005736013360439572,Jul 2013,-0.0005547342600074759
block_loginplus,171,8.502772022253954e-07,0.000552628701273117,Jun 2012,-0.0005517784240708916
mod_mediasite,170,6.72341031194833e-05,0.0006187854734775744,Dec 2012,-0.000551551370358091
block_user_mnet_hosts,164,2.234768702580978e-05,0.0005715916848925494,May 2016,-0.0005492439978667397
qtype_splitset,163,0.00018130792231319388,0.0007294141312373663,May 2016,-0.0005481062089241725
block_profilespecifichtml,166,2.9444278582135355e-05,0.0005761353082201174,May 2016,-0.000546691029637982
block_alerts,154,2.9942020785676524e-05,0.0005759182735005549,Mar 2016,-0.0005459762527148784
editor_contenteditable,160,1.8857261496467755e-05,0.0005639031496340503,Oct 2013,-0.0005450458881375825
block_faces,161,0.00014157023835085776,0.000686440710373595,Jul 2017,-0.0005448704720227372
calendartype_jalali,154,0.0004506953763259139,0.0009930070587461088,Jan 2021,-0.000542311682420195
mod_webinar,169,1.8385344341196352e-05,0.0005605926920036442,May 2014,-0.0005422073476624478
block_profileselectorhtml,158,1.1034150442901578e-05,0.0005514151950603708,May 2016,-0.0005403810446174693
tinymce_wordcount,148,9.67957462451956e-05,0.0006371350562221867,Dec 2017,-0.000540339309976991
filter_multilangenhanced,163,3.971946709017081e-05,0.0005741007178030316,May 2016,-0.0005343812507128607
report_patches,167,3.15637795684622e-05,0.0005654116566026128,May 2016,-0.0005338478770341507
assignsubmission_geogebra,147,0.00037344172704566604,0.0009062251918145188,Mar 2020,-0.0005327834647688527
tool_editrolesbycap,171,0.0006156043576898686,0.001146692298612165,Nov 2012,-0.0005310879409222965
qtype_type_calc_sheet,160,0.00032288635197044507,0.0008519045135697901,Feb 2014,-0.000529018161599345
availability_paypal,133,0.0005255655616055949,0.0010537638417345407,May 2020,-0.0005281982801289458
local_smart_klass,143,0.00011051685291464504,0.0006371594474698739,Dec 2016,-0.0005266425945552289
report_roster,160,0.0007951183959880254,0.0013182240162947457,Aug 2017,-0.0005231056203067203
theme_boost_union,53,0.006490950050614596,0.007013944032200651,Aug 2026,-0.0005229939815860549
block_slider,167,0.0010421014587501769,0.0015628427509933737,Jul 2021,-0.0005207412922431968
theme_photo,128,7.448726779092665e-05,0.0005925179380158832,May 2017,-0.0005180306702249565
qformat_wordtable,170,0.0037905980375706355,0.0043078725194144775,Jul 2021,-0.000517274481843842
block_quickset,171,1.4537365089189408e-05,0.0005272823197626568,May 2014,-0.0005127449546734674
theme_jupiter,163,4.202477493660911e-06,0.000516673783887084,Oct 2013,-0.000512471306393423
local_profileswitches,168,1.7005544044507908e-06,0.0005120983228779926,Feb 2013,-0.0005103977684735417
mod_alternative,170,2.5508316066761863e-06,0.0005127919630692689,Feb 2014,-0.0005102411314625928
report_myfeedback,140,0.00046562665948849584,0.0009754261406917744,Aug 2018,-0.0005097994812032785
theme_mercury,165,7.066584041226942e-06,0.0005167661521261311,Jul 2013,-0.0005096995680849042
block_group_network,150,8.534771812162376e-07,0.0005082159289574041,May 2016,-0.0005073624517761879
block_massaction,171,0.0019173025439010098,0.0024240766306831535,Aug 2013,-0.0005067740867821437
qtype_poasquestion,169,0.00019582991442550717,0.0006963489044171285,Nov 2015,-0.0005005189899916214
local_filterurlresbak,143,2.413099428140257e-05,0.0005243753120443222,Mar 2016,-0.0005002443177629197
atto_computing,144,0.00012984824938548522,0.0006300089151330305,Jan 2017,-0.0005001606657475452
mod_icontent,122,0.0008610800858376861,0.0013574614890609665,Apr 2022,-0.0004963814032232805
block_intelligent_learning,170,5.720145984698537e-05,0.0005516159694753822,Jul 2013,-0.0004944145096283969
report_graphic,138,0.00012430384940308192,0.0006174231334402323,Mar 2017,-0.0004931192840371503
local_resourcenotif,147,0.0012392644828535947,0.0017316920855918346,Jul 2024,-0.0004924276027382399
mod_teambuilder,171,5.4340515820480464e-05,0.0005382930168875445,Jun 2012,-0.0004839525010670641
filter_urlresource,143,4.379019173427844e-05,0.00052602743998511,Mar 2016,-0.0004822372482508315
gradereport_sitewideuser,166,5.197197482174516e-05,0.0005315157707182764,May 2014,-0.0004795437958965312
booktool_importepub,161,0.000260679403710138,0.0007390430219664356,Nov 2018,-0.0004783636182562976
auth_elcentra,153,2.4210664575445246e-05,0.0005009364923362201,Sep 2014,-0.00047672582776077486
atto_justify,100,0.001648005588640761,0.002124586040476584,Jul 2024,-0.00047658045183582277
block_mfavatar,138,0.00014162072314682705,0.0006178330913394654,Oct 2016,-0.0004762123681926384
format_etask,169,0.0005226987568205002,0.0009984277327999874,Apr 2014,-0.00047572897597948725
qformat_giftmedia,161,0.00034436593017996746,0.0008180536371712008,Sep 2016,-0.00047368770699123333
cachestore_memcachecluster,155,5.1016632133523726e-06,0.0004773029975146277,Oct 2014,-0.0004722013343012753
theme_boost_o365teams,93,0.0018413176422498255,0.0023132439214264386,Dec 2020,-0.00047192627917661315
block_advnotifications,108,0.001294895797688684,0.0017607794723089186,Jul 2023,-0.0004658836746202345
block_analytics_graphs,145,0.002114009139180465,0.0025780117696962077,Nov 2023,-0.00046400263051574273
mod_dataplus,172,8.404954987321823e-06,0.0004723525209515617,May 2012,-0.0004639475659642399
qbehaviour_adaptivehints,169,0.00018027797930941618,0.000643959738646867,Nov 2015,-0.00046368175933745085
booktool_wordimport,129,0.00713119430293338,0.007593643628047144,Jun 2023,-0.00046244932511376423
block_enrollment,167,5.04602691983396e-05,0.0005120640813682011,May 2014,-0.0004616038121698615
theme_educationbook,171,1.7005544044507908e-06,0.00046197378298781544,Sep 2012,-0.00046027322858336467
qbehaviour_adaptivehintsnopenalties,169,0.0001760969275605099,0.0006358017264432739,Nov 2015,-0.000459704798882764
availability_badge,127,0.00027612169313334607,0.0007336610440676677,Jan 2019,-0.00045753935093432167
gradereport_laeuser,154,6.7336171301005634e-06,0.0004628509777846741,Aug 2014,-0.0004561173606545735
tiny_fontcolor,41,0.0047756285209376945,0.005230723419402536,Aug 2026,-0.0004550948984648412
local_ousearch,171,1.7499205655786274e-05,0.0004721823034284541,Sep 2012,-0.00045468309777266783
block_verify_certificate,171,0.00024203319785352982,0.0006956545504075981,Dec 2012,-0.00045362135255406827
theme_luna,163,1.6200883069442932e-06,0.00045059367374315404,Oct 2013,-0.00044897358543620974
block_onlinesurvey,170,0.00016868165852829874,0.0006154197005716735,Apr 2013,-0.0004467380420433747
report_rawrecordscount,170,1.7853556816860144e-05,0.0004628714551132935,Apr 2012,-0.00044501789829643336
booktool_exportepub,161,9.931661546293863e-05,0.000542767260251886,Dec 2016,-0.00044345064478894735
auth_lenauth,142,6.187641146835238e-05,0.0005053060184258582,Oct 2016,-0.00044342960695750586
report_completionoverview,105,0.0004792836203975381,0.0009198542303438022,Apr 2022,-0.0004405706099462641
mod_googlemeet,71,0.0031710371842734518,0.003611311541382019,Aug 2022,-0.00044027435710856716
theme_bootswatch,142,1.533469622984534e-05,0.00045403980992927355,Dec 2015,-0.0004387051136994282
block_edwiser_site_monitor,91,0.001582630876996334,0.0020211389924236203,Jun 2022,-0.0004385081154272862
mod_giportfolio,158,0.0001904602616591474,0.000624225342033984,May 2014,-0.0004337650803748366
block_mymentors,166,1.78558212467333e-05,0.0004506495676253913,May 2013,-0.000432793746378658
block_lesson_essay_feedback,172,9.154826085648299e-05,0.0005198586610803085,May 2012,-0.00042831040022382554
qbehaviour_interactivehints,158,0.00018468587974043943,0.0006128771902729368,Nov 2015,-0.00042819131053249736
block_linkedin,171,2.412785598726169e-05,0.0004516526380619996,Sep 2012,-0.0004275247820747379
tinymce_managefiles,139,0.00019243322999366796,0.0006179761940663655,Oct 2013,-0.00042554296407269754
tinymce_helixmedia,153,3.282638350924025e-05,0.0004570985244163981,Jul 2018,-0.00042427214090715786
block_flickr_image_carousel,56,2.957190110526707e-06,0.00042674860239832714,Sep 2012,-0.00042379141228780044
local_office365,140,0.0009571775842584521,0.0013805228424085734,Mar 2017,-0.0004233452581501213
mod_ejsapp,170,8.322351655114532e-05,0.0005060824747593104,Jun 2017,-0.000422858958208165
auth_linkedin,171,2.412785598726169e-05,0.0004438526409232135,Sep 2012,-0.0004197247849359518
block_heatmap,126,0.0003118898446310776,0.0007303124778862498,May 2018,-0.00041842263325517215
qtype_pmatchreverse,161,7.238825532745468e-05,0.0004904595782478017,Jul 2014,-0.00041807132292034704
repository_owncloud,167,7.028943284378861e-05,0.00048721413298306523,Mar 2019,-0.00041692470013927663
block_enrolmenttimer,148,0.0004270072092158109,0.0008422811604590545,Nov 2017,-0.00041527395124324365
block_formal_langs,169,0.00016512161358588957,0.0005789905853629942,Nov 2015,-0.00041386897177710466
atto_filedragdrop,128,0.0003593201308766448,0.0007729820539420154,Jun 2017,-0.0004136619230653706
gradeexport_pdf,170,6.458853965057645e-05,0.0004779460009090884,Apr 2013,-0.0004133574612585119
tinymce_glatex,125,0.00012059960544344434,0.0005320202456387385,Sep 2020,-0.0004114206401952942
block_bfwpub,162,8.60733330858582e-07,0.00041125703826359276,Aug 2013,-0.00041039630493273417
mod_apply,164,0.00027732537643399035,0.0006876818382770587,Mar 2015,-0.0004103564618430683
atto_reciteditor,52,0.0004675689111821687,0.0008772876124076142,Jan 2024,-0.00040971870122544554
block_course_program,171,8.841244194067823e-06,0.0004134315922473485,Jun 2012,-0.00040459034805328067
gradingform_btec,165,0.00014030164293421453,0.0005383398769146764,Jul 2017,-0.0003980382339804618
filter_h5p,93,0.000756307529381682,0.0011529276964518374,Mar 2020,-0.0003966201670701553
block_panopto,171,0.0006896578715716853,0.0010861907736473531,Aug 2013,-0.00039653290207566786
block_moodleversion,162,4.637720781127928e-05,0.0004402861860209136,Jun 2013,-0.00039390897820963433
local_externalzip,168,7.685014142899537e-06,0.0003999858380980279,Jan 2014,-0.00039230082395512835
block_fn_myprogress,169,2.694121194202392e-05,0.00041687272615038666,Nov 2013,-0.00038993151420836273
block_desp,165,8.537889362541718e-07,0.00039035268103862584,Mar 2014,-0.0003894988921023717
theme_joomdlebs,157,5.2299094397431016e-05,0.000441654158192597,Dec 2015,-0.000389355063795166
local_disablerightclick,82,0.00032989106970938303,0.0007156658865876825,Jun 2021,-0.00038577481687829946
block_internships,166,5.1222314269471126e-06,0.0003907877983090536,Aug 2013,-0.0003856655668821065
block_signinsheet,156,0.00016827619725660536,0.0005537172158754334,Sep 2019,-0.0003854410186188281
format_scormcloud,163,2.06924008882304e-06,0.0003865920636220921,Jun 2013,-0.000384522823533269
local_user_bulk_editor,171,8.502772022253954e-07,0.00038407374215849446,Nov 2012,-0.00038322346495626904
editor_supsub,171,4.253662506861321e-06,0.00038580015718369266,Jun 2012,-0.0003815464946768313
block_enrol_duration,166,6.549795334751757e-05,0.0004464233267936232,Apr 2013,-0.0003809253734461056
block_mylivechat,169,6.458752753294727e-05,0.0004440998575696294,Apr 2014,-0.00037951233003668215
repository_mycoursesfiles,171,3.8264248527142405e-06,0.0003831784653702462,Sep 2012,-0.000379352040517532
repository_geogebratube,149,0.00013852537344165034,0.0005166669847000971,Mar 2020,-0.00037814161125844677
filter_timelinewidget,102,1.4456008856468228e-06,0.000378444549477114,Jun 2012,-0.0003769989485914672
block_news_slider,109,0.00022309324731727847,0.0005980594792972908,Jun 2020,-0.00037496623198001236
local_lessonexport,115,0.00031015712392282467,0.0006844019539070376,Jul 2020,-0.00037424482998421295
mod_poster,138,0.000565900970613915,0.0009385794110621276,Jan 2018,-0.0003726784404482126
report_mergeusers,169,1.4537365089189408e-05,0.00038522144907715615,Dec 2013,-0.00037068408398796673
report_editidnumber,171,5.817765922220276e-05,0.0004276308241259908,May 2014,-0.000369453164903788
block_my_enrolled_courses,145,0.0002558572206789564,0.0006246108764202743,Apr 2018,-0.0003687536557413179
local_jquery,170,2.1256930055634884e-05,0.0003877752151145448,Jun 2013,-0.00036651828505890994
mod_reader,169,0.0001549357178380487,0.0005188304214313088,Nov 2015,-0.00036389470359326007
repository_ensemble,165,3.292300303241333e-05,0.0003968117738706263,Oct 2015,-0.00036388877083821296
mod_elang,161,3.195039915773969e-05,0.00039476788606578365,Nov 2013,-0.000362817486908044
block_studentstracker,130,0.0004040885377047279,0.0007660200900989991,Nov 2017,-0.0003619315523942712
mod_qcreate,170,6.210256922564146e-05,0.00042079980059065754,Jul 2013,-0.00035869723136501607
tool_lpimportcsv,126,4.286339634589032e-06,0.00036213803177977306,Dec 2016,-0.000357851692145184
filter_ensemble,170,3.939417319781857e-05,0.0003968117738706263,Oct 2015,-0.00035741760067280773
cachestore_xcache,165,3.361981994928729e-06,0.000360677572574879,Jan 2014,-0.00035731559057995026
block_helpmenow,149,1.2063542622721964e-05,0.0003687060034137001,Jan 2015,-0.00035664246079097813
mod_mdid,169,1.273868317362359e-06,0.00035619378338188696,Dec 2012,-0.0003549199150645246
qtype_multichoiceset,171,0.003398098953365981,0.00375196901146693,Jul 2023,-0.0003538700581009486
mod_tincanlaunch,158,0.0003614874676965981,0.0007148541402267102,Jun 2017,-0.00035336667253011214
block_google_adsense,171,4.2596957195132625e-06,0.000357543075429382,Mar 2013,-0.00035328337970986877
report_apocalypse,93,9.427738324302955e-05,0.00044620683248961754,Aug 2019,-0.000351929449246588
repository_areafiles,81,1.2781814153601903e-06,0.00034840649869805995,Nov 2013,-0.0003471283172826998
block_editablecontenthtml,170,1.7323496167116382e-05,0.0003626558254568214,May 2013,-0.00034533232928970505
mod_helixmedia,158,0.0003498598440111265,0.0006929827814335398,Jul 2018,-0.0003431229374224133
local_wstemplate,172,3.160248983059962e-05,0.0003745428649760263,May 2012,-0.0003429403751454267
local_hub,172,3.304231789380022e-05,0.00037458574994064667,May 2012,-0.00034154343204684647
block_featuredcourses,135,0.0003658333018824241,0.0007067291250964179,May 2018,-0.00034089582321399385
block_mindmap,170,5.883468491125276e-06,0.0003443384493523235,Nov 2014,-0.0003384549808611982
gradeexport_xlsgd,158,1.8763856658548396e-05,0.0003570530069407677,Jun 2015,-0.0003382891502822193
repository_osp,156,5.518055560975884e-05,0.00039344985956073485,Jun 2017,-0.000338269303950976
enrol_dps,172,3.4011088089015816e-06,0.0003402462231685328,Apr 2012,-0.0003368451143596312
plagiarism_programming,171,2.4622514745687874e-06,0.00033841839354436447,Oct 2012,-0.0003359561420697957
block_coursefeedback,161,0.0001493585067128416,0.00048458340638376417,Nov 2016,-0.0003352248996709226
repository_mytube,159,4.989866815357835e-06,0.0003375426892224605,Nov 2013,-0.00033255282240710266
block_nice_mail,164,2.556176462943046e-06,0.00033485938732263156,Mar 2013,-0.00033230321085968854
filter_imageopt,114,0.00023601306689554767,0.0005673438655502433,Oct 2021,-0.00033133079865469567
mod_virtualclass,162,9.104497080769119e-06,0.0003399778966125207,Dec 2015,-0.00033087339953175157
filter_mediagallery,148,4.8166521359654903e-05,0.0003777794117606366,Aug 2018,-0.0003296128904009817
report_workflow,169,0.00010294347379127156,0.0004311229726955451,Jan 2013,-0.00032817949890427353
theme_pluto,159,1.7005907104715185e-06,0.00032952217561566855,Oct 2013,-0.00032782158490519703
theme_saturn,164,6.358944982921301e-06,0.000327205926268655,Oct 2013,-0.00032084698128573367
atto_sketch,110,0.0007654482416564581,0.0010853907314728726,Mar 2022,-0.00031994248981641446
report_courseawards,171,4.224510601267063e-06,0.00032155533310834815,Jun 2012,-0.0003173308225070811
format_gps,157,1.2871085778589151e-05,0.0003296812267549289,Aug 2014,-0.00031681014097633976
qtype_opaque,172,0.00010865678974888789,0.00042499026212023197,May 2012,-0.0003163334723713441
mod_registration,170,8.087793292191122e-05,0.00039713322877167373,Aug 2015,-0.00031625529584976254
atto_snippet,116,0.0004257026649392134,0.0007419311030505383,Feb 2020,-0.0003162284381113249
message_moodletxtplus,167,7.388443180579709e-06,0.000323607462598793,Aug 2014,-0.0003162190194182133
local_messageprovider,167,6.221684708064309e-06,0.00032049069440305805,Nov 2013,-0.0003142690096949937
mod_customcert,162,0.02477442296782357,0.02508724689618466,May 2026,-0.00031282392836108966
qtype_easyoddname,152,1.6190096751055033e-05,0.0003285661855957219,Nov 2014,-0.00031237608884466687
theme_trema,92,0.0036891775202067966,0.004000774921067367,Jan 2022,-0.00031159740086057026
mod_enhancedchoice,163,7.269493160207823e-06,0.00031825126459332617,Nov 2013,-0.00031098177143311834
filter_collapsible,140,0.0001383211347659892,0.0004475532021562072,Jul 2017,-0.00030923206739021797
format_collapsibleweeks,100,9.321016439539092e-05,0.0004018828769291198,Jun 2021,-0.0003086727125337289
quiz_cbmgrades,154,0.0001933365281780585,0.0005011905560826474,Nov 2017,-0.0003078540279045889
block_roster_tbird,168,6.74877597427813e-06,0.0003137530299513321,Nov 2014,-0.00030700425397705395
mod_dinsysconnect,168,1.7005544044507908e-06,0.0003066035250733829,Aug 2013,-0.00030490297066893213
report_forumgraph,156,9.242489000344835e-05,0.0003972130058596541,Apr 2015,-0.00030478811585620577
tinymce_mediagallery,148,1.0046174979811045e-05,0.0003135824509682021,Feb 2015,-0.000303536275988391
cachestore_wincache,159,3.4085079783076597e-06,0.0003058887575171198,Nov 2013,-0.00030248024953881213
qbehaviour_opaque,172,0.00010908809119236756,0.00041065457773465936,May 2012,-0.00030156648654229177
filter_stash,121,0.00012328653104400002,0.0004246710835762563,Jun 2018,-0.0003013845525322563
theme_schoollege,67,0.00014100196721553472,0.0004400878265099036,Apr 2022,-0.0002990858592943689
filter_scratchembed,171,8.60733330858582e-07,0.00029872402167882903,Sep 2012,-0.00029786328834797044
plagiarism_vericite,147,3.2432132886217035e-05,0.000329830125799853,Aug 2017,-0.00029739799291363594
theme_uranus,161,4.269452301610854e-06,0.0002994663369943933,Oct 2013,-0.0002951968846927824
mod_customlesson,135,1.8932815802334713e-06,0.00029643095622183807,Dec 2013,-0.0002945376746416046
block_enrolltranscripts,162,3.778734799339982e-05,0.00033183767879561816,Dec 2013,-0.0002940503308022183
theme_green,169,2.124720495812986e-06,0.0002957567425874524,Dec 2012,-0.00029363202209163944
mod_remarks,108,1.094245017719572e-06,0.0002938391454927883,Aug 2013,-0.0002927449004750687
block_course_slider,120,2.8614368133988484e-05,0.0003210087584266001,Jun 2018,-0.00029239439029261156
local_multiple_enrollments,162,0.0001880737328307796,0.00047480123839254286,Jun 2014,-0.00028672750556176326
quiz_stack,164,0.00010571080382296418,0.00039195803652200805,Sep 2019,-0.00028624723269904384
mod_pdfjsfolder,155,0.00011309968937136568,0.0003993196120495445,May 2014,-0.0002862199226781788
block_twitter,170,3.842507071449769e-05,0.00032276089924405645,Nov 2017,-0.00028433582852955874
block_fn_assignment_reset,163,1.7102782457869892e-06,0.000286031254955502,Dec 2013,-0.00028432097670971497
atto_mathslate,153,0.00043717890283017865,0.0007211634219129505,Sep 2019,-0.0002839845190827718
local_sanitychecker,87,1.2228091179966294e-06,0.00028389862522324615,Feb 2014,-0.00028267581610524954
mod_forumanon,56,1.4350404689838582e-05,0.0002966898807023454,Apr 2012,-0.0002823394760125068
block_dataformaccessentry,149,6.474737493660158e-05,0.0003470394008323208,Nov 2015,-0.00028229202589571923
format_wplist,92,0.0001355546073290251,0.0004173883903758524,Oct 2022,-0.0002818337830468273
block_zilink,167,8.502772022253954e-07,0.0002817983169768876,Nov 2012,-0.0002809480397746622
mod_swf,171,2.311085782558937e-05,0.0003039457857002144,May 2012,-0.000280834927874625
block_skypeweb,111,2.3985139315172423e-05,0.0003044429818771093,Mar 2020,-0.00028045784256193685
block_formillalivechat,141,8.136981077463857e-05,0.00036091087168244545,Jul 2015,-0.00027954106090780686
local_searchquestions,140,3.939100970795974e-05,0.0003187125718879805,Jul 2015,-0.00027932156218002076
block_dataformnotification,149,6.985453430317167e-05,0.00034786897683108654,Nov 2015,-0.00027801444252791485
theme_autoblack,171,1.7069543624324753e-06,0.00027945724694680046,Jun 2012,-0.000277750292584368
block_teaching_team,129,0.00011267720717843927,0.0003898928414345028,Jul 2017,-0.0002772156342560635
auth_outage,120,0.000355248151122266,0.000632114855036099,Dec 2022,-0.000276866703913833
scormreport_trends,160,0.00014886435999150873,0.0004248911166919978,Apr 2015,-0.00027602675670048907
qtype_freehanddrawing,159,0.00017773220560736541,0.00045113946365250065,May 2015,-0.0002734072580451352
qtype_preg,169,3.359689189618781e-05,0.0003067036801107936,Feb 2014,-0.0002731067882146058
block_dataformaccessview,149,6.227025068221252e-05,0.0003352348363968384,Nov 2015,-0.0002729645857146259
mod_amvonetroom,171,2.547211679085022e-06,0.0002752744169290692,Jun 2012,-0.0002727272052499842
atto_structure,145,4.580423629135829e-05,0.0003185182002010125,Aug 2016,-0.0002727139639096542
repository_datatelcmmlinks,170,6.873099864148531e-06,0.000279380609804301,Aug 2013,-0.00027250750994015245
block_download_certificates,120,0.00034735380604347383,0.0006190170803934106,Feb 2020,-0.00027166327434993676
block_mediawiki_search,167,2.571803780753419e-06,0.0002739054593682875,Mar 2013,-0.0002713336555875341
tool_inspire,115,2.776117877543662e-05,0.0002990793010273784,May 2018,-0.0002713181222519418
format_trail,65,0.001249845249485642,0.0015204149451515726,Feb 2025,-0.0002705696956659305
repository_datatelcmm,168,6.873099864148531e-06,0.00027735251250894763,Apr 2013,-0.0002704794126447991
tinymce_panoptobutton,142,4.75730295353894e-05,0.00031780040824506603,Jan 2020,-0.00027022737870967663
filter_multilangsecond,153,5.57284077382025e-05,0.0003244980602104561,Aug 2017,-0.0002687696524722536
enrol_zilink_guardian,167,8.502772022253954e-07,0.0002690659336799054,Nov 2012,-0.00026821565647768
auth_zilink_guardian,167,8.502772022253954e-07,0.0002690659336799054,Nov 2012,-0.00026821565647768
enrol_zilink,167,8.502772022253954e-07,0.0002690659336799054,Nov 2012,-0.00026821565647768
enrol_zilink_cohort,167,8.534771812162376e-07,0.0002690659336799054,Nov 2012,-0.00026821245649868915
block_socialshare,160,3.914252127952036e-05,0.00030482011870432737,May 2016,-0.000265677597424807
gradereport_gradedist,147,0.00045539031636893004,0.0007201254402258537,Feb 2020,-0.0002647351238569236
assignment_random,171,1.3717693828207145e-05,0.0002773243139645252,Jun 2012,-0.00026360662013631805
theme_mars,136,1.8828589454098342e-06,0.00026371045835701197,Oct 2013,-0.0002618275994116021
auth_loginza,171,2.5604315436487127e-06,0.00026379373720212553,Jun 2012,-0.0002612333056584768
mod_newsletter,152,0.00023363313204434363,0.0004947807338392825,Dec 2016,-0.0002611476017949389
mod_courseboard,142,2.450002212533369e-05,0.0002855992782726291,May 2016,-0.0002610992561472954
block_countdown,110,0.00016782386168440563,0.0004280356559145516,Aug 2019,-0.000260211794230146
block_my_unread_forum_posts,164,2.2739444657332737e-05,0.00028275754515465017,May 2013,-0.00026001810049731743
assignsubmission_estream,136,0.0001183741901137471,0.0003765861446244391,Sep 2018,-0.000258211954510692
filter_toc,171,4.2857412491972165e-05,0.00030091557491663536,Apr 2013,-0.0002580581624246632
plagiarism_unplag,133,1.2037899671945785e-05,0.0002699082696221063,Nov 2017,-0.0002578703699501605
block_moossenger,167,7.683937049194272e-06,0.00026343519494204424,Mar 2013,-0.00025575125789284995
block_mis,169,1.7005544044507908e-06,0.0002559806377195944,Jun 2013,-0.00025428008331514364
enrol_badgeenrol,129,0.00017680762524070585,0.00043029424818060325,Dec 2022,-0.0002534866229398974
tinymce_h5p,63,6.546951293201429e-05,0.00031843458012977715,May 2023,-0.00025296506719776283
theme_neptune,160,8.534771812162376e-07,0.0002537710613382646,Oct 2013,-0.0002529175841570484
block_coursefiles,142,0.00012121859518505347,0.0003732464150498087,May 2018,-0.00025202781986475523
theme_venus,136,1.8828589454098342e-06,0.0002537710613382646,Oct 2013,-0.0002518882023928548
enrol_notificationeabc,155,0.001020327147752451,0.0012719175448278608,Jan 2024,-0.00025159039707540977
assignfeedback_editpdfplus,100,0.0002580360501544197,0.000507976219982607,Sep 2021,-0.00024994016982818736
atto_helixatto,143,0.00016033843874151647,0.000409105443543899,Jul 2018,-0.0002487670048023825
mod_playlist,158,4.268853916219039e-06,0.00025102876592398324,May 2014,-0.0002467599120077642
block_searchcourses,158,7.985564025159276e-05,0.0003261748748279109,Feb 2015,-0.0002463192345763181
plagiarism_unicheck,108,0.00012369446908660158,0.00036885047481185194,Jul 2020,-0.00024515600572525036
tiny_fontsize,35,0.001871096503824349,0.0021155091614012897,Jul 2026,-0.00024441265757694066
atto_multilang2,128,0.001162134226785941,0.0014046541573760507,Jul 2024,-0.0002425199305901098
auth_ldap_syncplus,150,0.0007658494917174104,0.001007389034804042,Feb 2020,-0.0002415395430866317
enrol_pagseguro,168,0.00013677322624435685,0.000378141450858477,May 2020,-0.00024136822461412013
local_pages,109,0.0006990907764372941,0.0009394335826193407,Oct 2022,-0.00024034280618204663
block_bcu_course_checks,144,2.571803780753419e-05,0.00026569653595701304,May 2018,-0.00023997849814947885
local_course_templates,109,0.001365332156684149,0.001605190779278089,Jun 2024,-0.00023985862259393986
tiny_c4l,44,0.0021852868094913236,0.0024249746721064593,Aug 2026,-0.00023968786261513572
qtype_correctwriting,162,0.0001300541908806422,0.00036888935649855367,Nov 2015,-0.00023883516561791146
filter_planetestream,142,0.00010922476199673827,0.0003445479270255661,Jul 2018,-0.00023532316502882785
filter_easychem,141,4.714486926608776e-05,0.00028157159269278015,Nov 2015,-0.0002344267234266924
local_map,153,2.3344882968805383e-05,0.00025672057798804414,May 2014,-0.00023337569501923874
local_applications,157,8.795622714636406e-07,0.0002341986191649414,Jun 2013,-0.00023331905689347776
local_openid_idp,170,1.4878935219273841e-05,0.0002475459555048196,Jun 2013,-0.00023266702028554575
filter_silverlight,154,8.60733330858582e-07,0.00023299161230195712,Aug 2013,-0.00023213087897109853
tool_dynamic_cohorts,30,0.001206407449467819,0.0014383847649297665,Aug 2026,-0.00023197731546194754
local_bs_badge_pool,130,5.9428862614907416e-05,0.0002911994420334677,Sep 2019,-0.00023177057941856026
format_forumtopic,139,1.7005544044507908e-06,0.00023330729747984082,Jun 2012,-0.00023160674307539002
assignsubmission_helixassign,156,0.0002027980935171378,0.00043343540200229904,Jul 2018,-0.00023063730848516125
tiny_multilang2,41,0.000860643198371066,0.0010893386826586965,Aug 2026,-0.0002286954842876305
theme_educacionbe,130,1.192303758625115e-05,0.00023848920522759318,Oct 2016,-0.00022656616764134204
block_ekg,171,1.2382189861898166e-06,0.00022683081544568853,Jun 2012,-0.00022559259645949873
qtype_fwstructmatch,151,7.69997161799485e-06,0.0002316768739572817,Nov 2015,-0.00022397690233928687
enrol_dbuserrel,169,2.790551671177959e-05,0.0002508735958730391,Jun 2014,-0.0002229680791612595
atto_embedquestion,99,0.000668715492679058,0.0008910734735989732,Jul 2023,-0.00022235798091991524
booktool_epubexport,135,2.7214044779030206e-05,0.00024725757544278746,Aug 2016,-0.00022004353066375725
repository_areafilesplus,154,2.541716761061555e-06,0.00022130696438687428,Oct 2013,-0.00021876524762581273
local_camtasia_relay,172,8.537707832438079e-07,0.00021745631473150807,May 2012,-0.00021660254394826426
theme_aardvark_shs,149,9.424801455324834e-07,0.00021734165806556527,Jun 2013,-0.00021639917792003278
gradereport_history,116,1.2428377135211054e-06,0.00021728484123577547,Nov 2014,-0.00021604200352225438
report_componentgrades,147,0.0003365379414808236,0.0005513144847285153,Aug 2019,-0.00021477654324769164
repository_pixabay,98,0.00018394352707572028,0.0003975871693462033,Nov 2021,-0.00021364364227048304
local_davroot,171,3.429071707671225e-06,0.00021685033673472809,Jun 2012,-0.00021342126502705685
block_countuser,154,1.7591245429272812e-06,0.00021431636260914007,Apr 2013,-0.00021255723806621278
mod_via,164,8.829859647253404e-05,0.000300593046447021,May 2020,-0.00021229444997448698
atto_easychem,141,3.927511797089242e-05,0.00025111602130346367,Nov 2015,-0.00021184090333257127
local_o365,142,0.005743365459039437,0.005953202471893798,Aug 2022,-0.00020983701285436085
local_abintegro,113,8.555524019994279e-07,0.00020917281207158812,Nov 2016,-0.0002083172596695887
tinymce_sketch,109,5.239981086128405e-05,0.0002605182981114571,Sep 2020,-0.00020811848725017307
cachestore_memcachedcluster,153,6.792564477560058e-06,0.0002112954274432781,Nov 2015,-0.00020450286296571805
quiz_gradingstudents,156,0.0002671848264108926,0.00047166719856539877,Jul 2016,-0.00020448237215450618
block_xp,150,0.009285631510354605,0.009488578310387654,Jul 2024,-0.0002029468000330492
gradereport_quizanalytics,109,0.0013637513665266366,0.0015663039335136733,Jun 2020,-0.0002025525669870367
local_zilink,153,8.534771812162376e-07,0.00020234149517241634,Jan 2014,-0.0002014880179912001
assignsubmission_mediagallery,148,7.556841492913432e-05,0.0002768866122097753,Aug 2017,-0.00020131819728064096
tool_imageoptimize,77,0.00019862821849472327,0.00039902558937797623,Jul 2024,-0.00020039737088325295
local_news_forum,142,7.667452295123871e-06,0.00020761666411461398,Nov 2015,-0.0001999492118194901
local_eduweb_databasefiledownload,165,8.502772022253954e-07,0.00019975210666592857,Jun 2013,-0.00019890182946370318
repository_bitbucket,135,9.737150911661287e-07,0.00019971569882872616,Apr 2013,-0.00019874198373756003
auth_drupalservices,170,3.0140485728236986e-05,0.00022828521914207731,Oct 2013,-0.00019814473341384033
block_completion_progress,125,0.014216040920709435,0.014413983653909255,May 2024,-0.00019794273319981986
quiz_editquizsettings,166,5.302049147792026e-05,0.00025073969973732596,Nov 2014,-0.0001977192082594057
tool_wincache,160,5.951940415577768e-06,0.00020266388917723467,Nov 2013,-0.0001967119487616569
block_dedication,172,0.006186860041317816,0.006383009618644063,Jul 2025,-0.0001961495773262472
block_annotate,168,4.1663582909044374e-05,0.00023698581923645805,May 2017,-0.00019532223632741366
block_contag,128,9.641120537201265e-07,0.00019515000873039512,May 2013,-0.000194185896676675
tool_downloaddata,133,0.00018095921694983094,0.00037509380348796394,Aug 2020,-0.000194134586538133
block_mylearning,65,0.00010077227406877535,0.0002936987357653534,Oct 2022,-0.00019292646169657803
block_videochat,117,8.069175769106734e-05,0.00027301884330120803,Apr 2020,-0.0001923270856101407
local_institutions,162,6.653155753810446e-06,0.0001971467488708868,Jun 2013,-0.00019049359311707636
local_unusedquestions,140,3.0675317314179015e-05,0.00022088427402302397,May 2015,-0.00019020895670884494
block_pbltool,164,2.0351661982929596e-05,0.00020991270022787441,Nov 2015,-0.00018956103824494482
mod_accredible,142,0.0005206527119878683,0.0007080175924678531,Dec 2019,-0.0001873648804799848
tinymce_planetestream,134,9.97973363071567e-06,0.0001968003754659402,Jul 2018,-0.00018682064183522454
qtype_easyoselectjs,146,1.766900154489231e-05,0.00020433049704040175,Aug 2016,-0.00018666149549550944
theme_obsidian,171,8.555524019994279e-07,0.0001865247050475063,Jun 2012,-0.00018566915264550687
atto_wordcount,63,0.000678925282124555,0.0008640919327131999,Jul 2024,-0.00018516665058864487
block_menteesimproved,158,8.672216142906308e-07,0.0001852467352394599,Feb 2014,-0.00018437951362516928
auth_zilink_saml,157,8.502772022253954e-07,0.00018514319533930934,Jan 2014,-0.00018429291813708396
mod_alfaview,79,3.118200999253464e-05,0.00021547430773796698,Jul 2020,-0.00018429229774543233
atto_recordrtc,110,0.0003790890350252738,0.0005622460212342001,Mar 2018,-0.00018315698620892634
quizaccess_offlinemode,140,8.511919892883973e-05,0.0002681220933918924,Jul 2020,-0.00018300289446305265
theme_training,107,1.6998615802693186e-05,0.00019972391973309048,Oct 2018,-0.0001827253039303973
atto_planetestream,133,6.694572264751032e-05,0.00024839410912106324,Aug 2019,-0.00018144838647355294
qtype_javaunittest,151,2.223885405460978e-05,0.00020340815357799735,Nov 2015,-0.00018116929952338758
mod_qpractice,158,3.171015159803962e-05,0.00021264087852050363,Dec 2016,-0.000180930726922464
gradingform_erubric,166,0.00017326096253362784,0.0003541054249737209,Jun 2013,-0.00018084446244009305
block_simple_certificate,130,0.0001368082845969474,0.0003165224182410211,Jan 2019,-0.0001797141336440737
mod_ejsappbooking,170,1.1903880831155537e-05,0.00019144788600375091,Mar 2013,-0.00017954400517259539
format_menutopic,167,0.000812068360788603,0.0009908580437119699,Jun 2013,-0.0001787896829233669
report_daily,158,7.255248019288327e-05,0.00025014097105566615,Feb 2015,-0.00017758849086278288
block_eledia_coursewizard,154,3.409150530315853e-05,0.00021130260218501536,Jan 2015,-0.00017721109688185682
enrol_authorizedotnet,137,0.00011274808481099827,0.0002896611305652358,Nov 2017,-0.00017691304575423753
auth_oidc,142,0.007941538785529643,0.008118397397206774,Jun 2026,-0.00017685861167713104
theme_classic,98,1.0261669474721935e-05,0.00018587639051669306,May 2019,-0.00017561472104197113
mod_debate,67,0.0003832823969385582,0.000558556665535532,Aug 2023,-0.00017527426859697388
block_counter,170,0.00016891001582577633,0.0003440866576189009,Apr 2013,-0.0001751766417931246
local_bs_badge_ladder,129,5.7963258271672604e-05,0.00023154648927100707,Jan 2020,-0.00017358323099933446
repository_personalyoutube,114,0.0001403708627264236,0.00031388754979592667,May 2020,-0.00017351668706950307
quizaccess_seb,76,3.783825131870067e-05,0.00021105437769796607,Jul 2020,-0.00017321612637926541
local_resort_courses,169,0.0005100701684154769,0.0006831179185601338,Feb 2015,-0.00017304775014465685
local_ganalytics,95,0.00029674308029798064,0.000469164738647877,Dec 2022,-0.00017242165834989638
filter_screencast,161,2.5508316066761863e-06,0.0001743363047937072,Jun 2012,-0.00017178547318703102
block_completeyourprofile,126,7.312310838969986e-05,0.0002447870013808506,Dec 2016,-0.00017166389299115076
tool_advancedspamcleaner,170,8.472389203538518e-06,0.00018005727538258757,Jun 2013,-0.00017158488617904905
report_lpmonitoring,118,0.0010813139612339375,0.0012520859129806871,Jun 2020,-0.00017077195174674967
quiz_downloadsubmissions,106,0.0007592171798699809,0.0009297076973474674,Jul 2024,-0.00017049051747748656
mod_kitmoo,166,1.273868317362359e-06,0.00017167651423669354,May 2013,-0.00017040264591933118
block_course_quick_access,170,3.3232326542367752e-06,0.00017263419062365078,Sep 2012,-0.000169310957969414
block_sitenavigation,166,1.6944778407077033e-06,0.00017069944095933086,Apr 2013,-0.00016900496311862315
portfolio_evernote,156,2.4058161944566524e-05,0.00019255818715211602,Oct 2014,-0.0001685000252075495
local_dashboard,170,0.00035494047881086735,0.0005218705232598257,Jul 2021,-0.00016693004444895832
mod_treasurehunt,124,0.0003448368995400209,0.0005116839190078312,Mar 2020,-0.00016684701946781025
local_mass_enroll,168,0.0013592461958200621,0.0015256617901030064,Aug 2020,-0.0001664155942829443
filter_dfmtex,169,1.701222366838538e-05,0.00018314821893828333,Nov 2013,-0.00016613599526989794
atto_c4l,62,0.0009313939949691966,0.0010974505660915684,Mar 2025,-0.00016605657112237176
qtype_wordselect,123,0.0013578998037992282,0.0015218441427094186,Jan 2025,-0.00016394433891019035
block_dataformaccessfield,142,7.529321045515516e-05,0.00023912438675100179,Nov 2015,-0.00016383117629584662
qtype_easyonamejs,146,2.1176789471096917e-05,0.0001846083777788835,Oct 2016,-0.0001634315883077866
atto_templates4u,78,0.000573372300346915,0.0007363689075445228,Jan 2024,-0.00016299660719760773
tool_moodledt,153,1.273868317362359e-06,0.00016227556709515144,May 2014,-0.00016100169877778908
block_tabbed_navigation,138,1.2736058395425109e-05,0.00017312267010463438,Jul 2015,-0.00016038661170920927
qtype_shortmath,96,0.00022067600811788942,0.00038076254777203724,Apr 2022,-0.00016008653965414782
assignsubmission_wordcount,146,8.502772022253954e-06,0.00016840100586472466,Mar 2015,-0.0001598982338424707
local_sandbox,168,0.0002952296629283929,0.0004541217715122039,Jun 2014,-0.000158892108583811
block_ejsapp_file_browser,170,1.534406447323157e-05,0.00017408801366678925,Apr 2014,-0.00015874394919355766
theme_red_drop_down_menus,170,8.502772022253954e-07,0.00015954900813699942,Dec 2012,-0.00015869873093477403
mod_videofront,95,5.567697852787247e-05,0.00021424866738998412,May 2020,-0.00015857168886211165
report_moodleanalyst,140,1.5562746766504568e-05,0.0001731355152391164,Mar 2017,-0.00015757276847261183
quiz_liveviewgrid,94,0.00017859748513059041,0.0003345189043730761,Aug 2020,-0.0001559214192424857
tiny_fontfamily,25,0.001282820884719651,0.0014383847649297665,Aug 2026,-0.00015556388021011557
block_inactiveuseralert,117,7.639948830651386e-05,0.0002318864374003889,Feb 2020,-0.00015548694909387503
block_spam_deletion,166,6.636812168230445e-06,0.00016186340650437909,May 2013,-0.00015522659433614864
qtype_easyomechjs,146,1.1446734330652992e-05,0.00016657211987723642,Oct 2016,-0.00015512538554658342
mod_sookooroo,104,1.0283221129820169e-06,0.00015517757984326235,Nov 2012,-0.00015414925773028033
block_grade_me,171,0.0029525939954653793,0.003106679628006061,Dec 2018,-0.0001540856325406817
mod_easycastms,163,2.4622514745687874e-06,0.0001561791807590383,Mar 2014,-0.0001537169292844695
media_jwplayer,111,0.00023003781537439026,0.000383455841904606,May 2020,-0.00015341802653021571
filter_tinspireurlconverter,94,1.995187914152875e-06,0.00015453806430923837,Jun 2012,-0.0001525428763950855
mod_movilquizlite,70,2.20619749622583e-06,0.00015419497387390824,Jun 2012,-0.00015198877637768242
local_aspiredu,139,7.814390255604962e-05,0.00022971502800863723,Aug 2017,-0.0001515711254525876
qbehaviour_adaptivemultipart,171,0.003472865288870322,0.0036243469601367397,Aug 2025,-0.00015148167126641764
mod_socialwiki,137,1.0516742771802509e-05,0.0001610054299738931,Jul 2017,-0.00015048868720209062
quizaccess_honestycheck,170,0.0006554636334758222,0.000804829631804104,Jun 2014,-0.00014936599832828185
theme_vxg_boost,75,0.0002142873735895802,0.0003619924848710478,May 2022,-0.00014770511128146764
tool_speedtest,81,0.00021842081256363626,0.00036569764171309093,Mar 2022,-0.00014727682914945467
local_compatability_test,145,1.1144483049931483e-05,0.00015809868611294198,May 2015,-0.0001469542030630105
mod_poasassignment,164,8.502772022253954e-07,0.00014743055440126233,May 2013,-0.00014658027719903694
tool_lpimportrdf,124,1.7573560267334563e-05,0.00016397431770034753,Jun 2017,-0.00014640075743301296
atto_panoptobutton,142,0.00027694697816187233,0.0004232418568641482,Jul 2020,-0.00014629487870227586
local_wikiexport,148,6.627646647611082e-05,0.0002124688736515527,Feb 2017,-0.0001461924071754419
block_supervised,155,1.2607432480982734e-05,0.00015808282411726546,May 2015,-0.00014547539163628273
tool_ally,108,0.00028486137570485316,0.00043029424818060325,Feb 2023,-0.0001454328724757501
tool_userrestore,137,0.0002772129984055261,0.00042259109977281283,Apr 2021,-0.00014537810136728673
report_allylti,108,0.00028486137570485316,0.0004287847125034218,Feb 2023,-0.00014392333679856865
mod_interactivevideo,25,0.0007908695851273544,0.0009343939103529476,Aug 2026,-0.00014352432522559322
block_culupcoming_events,155,6.693308135048468e-05,0.00020893424869409703,Dec 2016,-0.00014200116734361235
mod_structlabel,84,0.00014899213439430875,0.00029086969162455084,Nov 2021,-0.0001418775572302421
filter_ally,108,0.00028403056754129397,0.00042527545372099385,Feb 2023,-0.00014124488617969988
block_pageone,171,2.4938392308609037e-05,0.0001657886103819351,Jun 2012,-0.00014085021807332606
atto_matrix,132,7.93865781905474e-05,0.00022021912465363468,Sep 2020,-0.00014083254646308726
block_usersprofile,162,3.4274185912474926e-06,0.00014416076808857237,Apr 2013,-0.0001407333494973249
block_ejsapp_collab_session,170,8.502772022253954e-06,0.00014657837705722124,Jun 2013,-0.00013807560503496729
block_moderator_guide,118,2.2107207257860278e-05,0.00015966822580437305,Dec 2018,-0.00013756101854651276
tiny_cloze,39,0.001658206552879514,0.001794991584164977,Aug 2026,-0.00013678503128546288
enrol_elediacohortgreeting,162,0.00010566629896903551,0.00024219831948055112,Mar 2018,-0.0001365320205115156
atto_fontawesomepicker,52,0.00011096025907074352,0.00024744252052446203,Aug 2024,-0.0001364822614537185
block_profile_field_identifier,156,1.1106128571088236e-05,0.00014732965719712284,May 2015,-0.0001362235286260346
local_boostcoc,114,6.306484630037007e-06,0.00014191575786726862,Aug 2019,-0.0001356092732372316
block_faculty_tbird,153,7.5346312348582835e-06,0.00014297401844364839,May 2014,-0.0001354393872087901
block_mymindmap_overview,93,0.0001146441415450017,0.00024998742001762725,May 2023,-0.00013534327847262556
block_sitenews,143,5.647139391725024e-05,0.0001910626780048851,May 2015,-0.00013459128408763486
mod_studentquiz,124,0.0010800602607495013,0.001214225766581479,Jun 2020,-0.00013416550583197776
block_meet_the_students,146,4.551653893519054e-05,0.0001796690727639995,Jul 2017,-0.00013415253382880897
local_fm,133,9.607582123280468e-07,0.0001339312415440732,Mar 2013,-0.00013297048333174517
filter_cincopa,115,0.0001628161785704457,0.00029518342617716167,Apr 2019,-0.00013236724760671596
local_ciabinitialsprofilepics,114,0.0001299138721970792,0.0002616034245550477,Dec 2019,-0.0001316895523579685
filter_filtermenu,159,8.502772022253954e-07,0.00013129418602895776,Feb 2014,-0.00013044390882673237
block_sookooroo,165,8.502772022253954e-07,0.00013075367560026125,Nov 2012,-0.00012990339839803587
repository_github,169,2.951204642878301e-05,0.0001592591683248522,Jun 2013,-0.0001297471218960692
enrol_attributes,171,0.0015625705938764342,0.001690363027076266,Mar 2020,-0.00012779243319983175
datafield_latlongmap,153,1.190204919181438e-05,0.00013968041229872304,Mar 2015,-0.00012777836310690866
enrol_stripepayment,128,0.001164682121898062,0.0012909251222150446,Sep 2022,-0.0001262430003169826
block_low_wizard,166,5.023087489905522e-06,0.00013044795900604114,Jun 2013,-0.0001254248715161356
filter_botr,164,8.502772022253954e-07,0.00012545702200874616,Jun 2013,-0.00012460674480652077
availability_examus,119,5.4716403751275756e-05,0.00017874579143657514,Mar 2022,-0.0001240293876852994
qtype_formulas,171,0.0018075152068931166,0.0019312244065527848,Jun 2025,-0.0001237091996596682
availability_stash,123,0.0009908582302396414,0.0011144289049909448,Jul 2024,-0.00012357067475130337
block_onelogin_desktopsso,82,1.9675246494758277e-06,0.00012521689354775235,Nov 2012,-0.00012324936889827653
tool_coursesearch,156,5.1016632133523726e-06,0.00012828133564293532,May 2014,-0.00012317967242958294
block_custom_course_menu,124,0.00017485652744232808,0.00029748252269015294,Aug 2019,-0.00012262599524782487
auth_enrolkey,127,0.00044412555754871875,0.0005666831974152775,Apr 2021,-0.00012255763986655874
block_selfenrol_seats,163,2.124720495812986e-06,0.00012431552478639718,Jun 2013,-0.0001221908042905842
block_facility_to_moodle,157,8.571482498394433e-07,0.00012226019343523835,Jun 2013,-0.00012140304518539891
gradingform_checklist,170,0.0005236065485937844,0.0006440184292392408,Mar 2020,-0.00012041188064545647
availability_dataformcontent,137,4.165414086006473e-05,0.00016063217518935566,Nov 2015,-0.00011897803432929093
assignfeedback_solutionsheet,117,0.00029779344255709235,0.0004166247939051544,Aug 2022,-0.00011883135134806204
atto_cloudpoodll,96,0.00018282161292197782,0.0003015368125867582,Jan 2024,-0.0001187151996647804
theme_mnp,150,1.7111048039988557e-06,0.00012023899946829462,Oct 2014,-0.00011852789466429577
mod_pdfannotator,99,0.00227870424882766,0.0023958145632383705,Jun 2023,-0.00011711031441071027
qtype_drawing,71,0.0006163717444488138,0.0007334358610953302,Apr 2025,-0.0001170641166465164
mod_myeducationpath,138,9.466407901167357e-07,0.0001179624807068297,May 2014,-0.00011701583991671297
availability_quizquestion,73,0.000299200549392304,0.000416040740163248,Apr 2024,-0.00011684019077094396
local_userenrols,161,0.0006716634466257948,0.0007883267416463243,Aug 2024,-0.00011666329502052952
quiz_mcq,159,9.215585426452236e-05,0.0002088139806351636,May 2020,-0.00011665812637064123
repository_mediawiki,155,1.3555822725661627e-05,0.00013007873400905926,May 2015,-0.00011652291128339763
qbehaviour_deferredfeedbackexplain,142,0.0002512559974379337,0.00036762431106940774,Jan 2025,-0.00011636831363147403
block_tincanlearnerstream,156,6.792564477560058e-06,0.0001223886366818711,May 2014,-0.00011559607220431103
local_confseed,96,8.60733330858582e-07,0.00011487863072687379,Aug 2019,-0.00011401789739601521
qtype_easyostructure,164,5.465453940604182e-06,0.00011933636427558776,Apr 2015,-0.00011387091033498358
datapreset_infomap_latlongmap,153,5.104395008233585e-06,0.00011882733078756081,Mar 2015,-0.00011372293577932723
tinymce_virtualkeyboard,135,4.3542935201430745e-05,0.00015700427988045614,Sep 2019,-0.0001134613446790254
qtype_easyoname,164,4.608922380499668e-06,0.00011799730177257063,Nov 2014,-0.00011338837939207096
block_low_generator,166,4.236194601769259e-06,0.00011726883020993895,Jul 2013,-0.00011303263560816969
tinymce_skim,160,1.7005544044507908e-06,0.0001143409185927435,Nov 2013,-0.00011264036418829272
mod_mootyper,169,0.0008754351181601461,0.0009880621729156137,Mar 2020,-0.00011262705475546765
block_user_preferences,169,8.502772022253954e-07,0.00011270008048804315,Jun 2013,-0.00011184980328581775
block_semantic_web,169,8.502772022253954e-07,0.00011270008048804315,Jun 2013,-0.00011184980328581775
block_low_sequence_list,161,1.2872322358212275e-06,0.00011236450243424056,Jul 2013,-0.00011107727019841934
mod_stickynotes,63,0.0010270324540253848,0.001138081846384473,Apr 2025,-0.00011104939235908814
qtype_easyolewis,164,1.0188846716340087e-05,0.00012082754946116667,Apr 2015,-0.00011063870274482658
mod_gcanvas,94,0.00021696248560428276,0.00032746708728561614,Apr 2021,-0.00011050460168133338
auth_userkey,121,0.0017116249062331128,0.0018217258563566166,Aug 2026,-0.00011010095012350387
atto_sketchfab,137,1.4403061646015479e-05,0.00012449605278467603,Aug 2016,-0.00011009299113866054
search_elastic,115,0.00011659515051706432,0.0002261086539515815,Sep 2019,-0.00010951350343451718
block_mediagallery,148,1.4062184559562015e-05,0.00012347564049400528,Feb 2015,-0.00010941345593444327
block_socialbookmark,147,3.4139087248649506e-06,0.00011248478898876175,Nov 2014,-0.0001090708802638968
tool_lockstats,113,0.0002092135277116497,0.00031797715502891944,May 2018,-0.00010876362731726975
message_telegram,117,0.00018509130544976847,0.00029382284392411766,Jan 2021,-0.00010873153847434919
block_quranrecitation,159,8.534771812162376e-07,0.00010920498768961957,Sep 2013,-0.00010835151050840333
mod_clickmeeting,84,0.0001605296249218125,0.00026886685418796546,May 2020,-0.00010833722926615295
qtype_easyomech,163,1.6909331057710527e-06,0.00010903501666431541,Apr 2015,-0.00010734408355854436
quizaccess_supervisedcheck,153,5.042972992393094e-06,0.00011209547653756027,May 2015,-0.00010705250354516718
block_applications_list,89,1.4181433063061128e-06,0.00010827210734756635,May 2013,-0.00010685396404126023
tool_crawler,122,0.00013784360555352596,0.0002445978212425325,Jul 2017,-0.00010675421568900656
block_badgeawarder,150,7.043978880109976e-05,0.00017688340868793275,Sep 2018,-0.00010644361988683298
block_logreport,96,6.459414651241763e-05,0.00017083511753712374,Feb 2021,-0.0001062409710247061
mod_klassenbuch,158,2.1970801766952127e-05,0.0001280742281955886,Mar 2014,-0.00010610342642863649
atto_clickview,61,4.6536139278180504e-05,0.00015257358951165553,Nov 2021,-0.00010603745023347503
local_goodbye,155,7.916300704867767e-06,0.00011348362133335369,Nov 2015,-0.00010556732062848592
block_course_discuss,95,6.013069855115466e-05,0.00016538608164246298,Jan 2021,-0.00010525538309130832
tool_attestoodle,93,0.00015528282080143536,0.00026049866698687563,Jul 2020,-0.00010521584618544027
mod_vitero,167,1.2251894950851293e-05,0.00011739819335850418,Apr 2013,-0.00010514629840765289
block_case_repository,169,8.502772022253954e-07,0.00010549204208361453,Jun 2013,-0.00010464176488138913
block_mycoursestatus,144,6.858860938046697e-05,0.00017310747589626227,Feb 2021,-0.00010451886651579529
block_vlebooks,156,7.575319271363133e-06,0.00011180955741285718,Nov 2014,-0.00010423423814149405
mod_simplelesson,100,0.00013093902586402858,0.000233576287974301,May 2020,-0.00010263726211027241
block_advrssfeed,156,3.4011088089015816e-06,0.00010602826356303859,Nov 2013,-0.00010262715475413701
block_mynotes,169,0.00018491454650017137,0.00028738384902768463,Sep 2012,-0.00010246930252751327
mod_pdfparts,151,8.521269945769149e-07,0.00010328945324950206,Feb 2015,-0.00010243732625492514
auth_azuread,166,2.5508316066761863e-06,0.00010487342718244329,Jan 2015,-0.0001023225955757671
block_course_overview_lite,150,2.5508316066761863e-06,0.00010351707012414232,Apr 2015,-0.00010096623851746614
enrol_saml,171,0.00010477837101192437,0.00020560925527919816,Apr 2012,-0.00010083088426727379
mod_domoscio,133,2.4721942258125726e-06,0.00010263174082117153,Feb 2017,-0.00010015954659535895
mod_courseguide,115,1.3604435235606326e-05,0.00011323146672292168,Dec 2018,-9.962703148731535e-05
enrol_metabulk,135,5.845948550441577e-05,0.00015806169386708475,May 2018,-9.960220836266898e-05
calendartype_hijri,154,5.5173552444286465e-05,0.0001543625640596953,Apr 2015,-9.918901161540885e-05
local_metadata,150,0.0002724361884789693,0.00037152739425635865,Feb 2020,-9.909120577738937e-05
block_my_external_privatefiles,154,3.4274185912474926e-06,0.00010171002320724472,Feb 2017,-9.828260461599723e-05
block_bs_recent_badges,130,5.018597241544028e-05,0.00014812624929828652,Aug 2019,-9.794027688284624e-05
mod_eduvision,112,3.230358164408439e-06,0.00010116170258755914,Dec 2013,-9.79313444231507e-05
tool_themetester,134,4.054599221603057e-05,0.00013791906622678013,Nov 2018,-9.737307401074956e-05
block_yammer,139,1.5570185790411367e-05,0.00011261511979220714,Jun 2017,-9.704493400179577e-05
local_staticpage,169,0.0042074339550253245,0.004304100011394592,Feb 2020,-9.666605636926735e-05
repository_emailed_files,146,6.306484630037007e-06,0.00010276200365577986,May 2015,-9.645551902574286e-05
block_selectrss,137,0.00025965997449120884,0.00035585173948900987,Sep 2024,-9.619176499780103e-05
mod_clickview,61,7.330130288313373e-05,0.00016892075981647577,Jan 2022,-9.561945693334204e-05
message_culactivity_stream,157,1.6785234729792728e-05,0.00011209029543292924,Nov 2015,-9.530506070313651e-05
block_user_favorites,94,0.00043405775344687375,0.0005284684689999084,Jul 2021,-9.441071555303464e-05
enrol_arlo,109,0.0001060282699739523,0.00019985379736291642,Jun 2020,-9.382552738896411e-05
mod_groupformation,139,6.629958810042003e-05,0.00015989756373453528,Aug 2019,-9.359797563411525e-05
block_horario,120,0.0001221154263656419,0.00021566198502092864,Jul 2019,-9.354655865528673e-05
mod_iassign,166,2.5604315436487127e-06,9.586804486262846e-05,Nov 2014,-9.330761331897974e-05
theme_boosted,45,0.000233151493129732,0.00032601624014761093,Apr 2024,-9.286474701787893e-05
mod_babelroom,111,9.43411191691268e-07,9.367944766597656e-05,Sep 2013,-9.273603647428529e-05
assignsubmission_physical,99,4.295687415092832e-06,9.653471904031634e-05,Aug 2020,-9.22390316252235e-05
qbank_importasversion,39,0.00016902890745355652,0.00026097998411872623,Aug 2026,-9.195107666516971e-05
enrol_classicpay,135,4.577199366843021e-05,0.00013733340429166835,Oct 2016,-9.156141062323814e-05
block_course_status,105,9.685946775677548e-05,0.00018807223334201155,Jun 2020,-9.121276558523607e-05
qtype_easyoselect,155,1.273868317362359e-06,9.24470273657384e-05,Nov 2014,-9.117315904837603e-05
qtype_recordrtc,81,0.0011105393866471254,0.0012015121006206757,Aug 2025,-9.097271397355035e-05
mod_ensemblecontent,120,2.1583746271501844e-06,9.21753724094428e-05,Feb 2013,-9.001699778229262e-05
mod_pdfpager,112,1.1138972569795176e-06,9.090436132799847e-05,Sep 2012,-8.979046407101895e-05
local_barcode,99,6.0139623811299655e-06,9.521102764805452e-05,Aug 2020,-8.919706526692455e-05
tool_syncgroups,125,0.00022628885348253145,0.0003153950022023239,Jan 2020,-8.910614871979243e-05
auth_basic,140,0.000291207036213729,0.00038013592774784174,Aug 2017,-8.892889153411276e-05
theme_bandeau,79,3.0426419729735367e-05,0.00011933541761192801,May 2022,-8.890899788219265e-05
report_modstats,79,0.00033985731130200213,0.0004285529592473425,Apr 2024,-8.869564794534036e-05
mod_forumqta,123,9.410766474139701e-06,9.788745891790485e-05,Dec 2017,-8.847669244376515e-05
local_cohortauto,83,0.00036602951487959244,0.0004544096308245869,Apr 2022,-8.838011594499448e-05
local_ajaxcategories,134,3.4222096079977115e-06,9.155107157767238e-05,Nov 2015,-8.812886196967467e-05
local_course_announcement,115,4.7624578363302864e-05,0.0001357320890210997,Feb 2018,-8.810751065779683e-05
mod_moodecgrpmanagement,131,1.616420942198369e-05,0.00010379053230039394,Jun 2020,-8.762632287841025e-05
report_deviceanalytics,124,8.577201030755965e-05,0.0001725175930489267,Mar 2021,-8.674558274136704e-05
block_quickscan,163,1.172053747644622e-05,9.807839283606396e-05,Jan 2016,-8.635785535961774e-05
block_azuread,163,8.502772022253954e-07,8.716484645120731e-05,Jan 2015,-8.631456924898191e-05
block_edusharing_workspace,169,3.0846767321227434e-05,0.00011714242160463509,Dec 2016,-8.629565428340766e-05
block_culactivity_stream,156,1.3406189209547918e-05,9.954509525224631e-05,Nov 2015,-8.61389060426984e-05
qformat_glossary,126,0.0001969596106575707,0.00028271237801303435,Dec 2018,-8.575276735546365e-05
block_smartblock,160,8.502772022253954e-07,8.589029165313162e-05,Jul 2013,-8.504001445090622e-05
tool_legacyfilesmigration,142,7.218618898343333e-06,9.22465347368194e-05,Jun 2016,-8.502791583847606e-05
block_exastud,169,0.00018091655828709216,0.00026518613437744845,Mar 2020,-8.426957609035629e-05
mod_organizer,158,0.0010626135252115743,0.0011466005859642398,Jun 2026,-8.398706075266548e-05
tool_moodlenet,76,4.293621019563166e-06,8.813422414501245e-05,Aug 2026,-8.384060312544929e-05
local_purgequestioncategory,125,0.0001977865163534607,0.0002814305146100746,Jan 2023,-8.36439982566139e-05
atto_linkadv,111,0.00015004228847142272,0.00023312877482428682,May 2024,-8.308648635286411e-05
message_pushover,156,3.2830019660917166e-06,8.61463869333707e-05,May 2014,-8.286338496727898e-05
tiny_wiris,41,0.0015053202171427013,0.0015879090294620493,Aug 2026,-8.258881231934805e-05
mod_aspirelist,150,4.2777620099971396e-06,8.67693415209419e-05,Jul 2016,-8.249157951094477e-05
filter_youku,166,2.9146371906050285e-06,8.514655659624086e-05,May 2013,-8.223191940563583e-05
local_qrlinks,125,7.185608744820773e-05,0.00015406885891071538,Mar 2020,-8.221277146250765e-05
atto_subtitle,96,0.00012522829253200387,0.0002074101787411282,Sep 2024,-8.218188620912433e-05
local_remote_backup_provider,133,0.00012750775926884692,0.00020948800530410378,Oct 2020,-8.198024603525686e-05
block_point_view,94,0.0007471760159678633,0.0008290414980763836,Oct 2024,-8.186548210852029e-05
filter_multilang2,158,0.004455059215757697,0.004536737653703472,May 2026,-8.167843794577509e-05
qformat_canvas,150,6.733617130100563e-05,0.0001486286406337465,Dec 2019,-8.129246933274088e-05
qformat_htmltable,151,5.6035618657998936e-05,0.0001372083276419704,Nov 2014,-8.117270898397147e-05
lifecycletrigger_customfieldsemester,47,2.2416669827327505e-05,0.00010353632156841269,Aug 2026,-8.11196517410852e-05
qtype_easyonewman,155,9.442420516158076e-06,9.046489006961272e-05,Jul 2015,-8.102246955345464e-05
tool_courserating,51,0.0011820520347441779,0.0012627410991312565,May 2026,-8.068906438707868e-05
qtype_crossword,41,0.0002625336848766323,0.000342847180671806,Aug 2025,-8.031349579517368e-05
local_checkmarkreport,142,0.00017664750492998247,0.00025668657594206954,Mar 2021,-8.003907101208706e-05
tool_datatables,131,4.509516545788324e-05,0.00012483317199453732,Jun 2020,-7.973800653665407e-05
local_configlogemailer,157,1.2866998142967172e-06,8.081533695505769e-05,Nov 2013,-7.952863714076097e-05
filter_tudou,165,2.541716761061555e-06,8.13515199175638e-05,Feb 2013,-7.880980315650224e-05
tinymce_html_components,64,5.016635493129833e-05,0.00012896192443225863,Jan 2023,-7.87955695009603e-05
block_pdf2submission,170,4.677440431910253e-06,8.283356505481737e-05,Feb 2013,-7.815612462290712e-05
report_tuteur,123,1.2780304645892461e-05,9.057754167110391e-05,Oct 2017,-7.779723702521144e-05
block_remlab_manager,135,1.893819038619037e-05,9.653098452874835e-05,Jun 2017,-7.759279414255797e-05
report_embedquestion,83,0.000428146014830302,0.0005053226771746231,Mar 2024,-7.717666234432113e-05
auth_a2fa,142,9.125275606661699e-05,0.00016797869612879637,Jun 2023,-7.672594006217938e-05
mod_checkmark,163,0.0003364310597481797,0.00041305217465458454,Mar 2021,-7.662111490640484e-05
block_mystudents,90,8.717066887051e-05,0.0001637239640659175,Aug 2020,-7.655329519540749e-05
qtype_easyofischer,155,8.207504915229291e-06,8.434153021029159e-05,Apr 2015,-7.61340252950623e-05
qformat_qtex,149,1.3496540489659614e-05,8.96128199045887e-05,May 2014,-7.611627941492909e-05
profilefield_afaqr,142,0.00011258760135445664,0.00018836636885861255,Jun 2023,-7.577876750415591e-05
block_game,88,0.0008423075369454257,0.0009180017654890702,Apr 2024,-7.569422854364458e-05
block_eexcess,125,8.555524019994279e-07,7.63799857834868e-05,Oct 2016,-7.552443338148737e-05
tiny_teamsmeeting,33,0.000571784878001429,0.0006460324197037321,Aug 2026,-7.424754170230307e-05
block_anderspink,119,1.5632563061345327e-05,8.971982898451969e-05,Feb 2018,-7.408726592317436e-05
block_credly,143,3.4011088089015816e-06,7.74303457322407e-05,Jul 2017,-7.402923692333912e-05
repository_s3links,125,3.320234058946684e-05,0.0001065934926524856,Oct 2020,-7.339115206301877e-05
format_timeline,74,0.00022058584651269645,0.00029379716185618833,Sep 2024,-7.321131534349188e-05
local_instructor_files,111,0.00019935026609220225,0.00027246240771094927,Aug 2020,-7.311214161874702e-05
plagiarism_plagiarisma,138,1.3631026302442438e-05,8.602188953963312e-05,Jan 2020,-7.239086323719069e-05
fileconverter_librelambda,91,0.00042324633744126217,0.0004952686911935719,Apr 2024,-7.202235375230971e-05
message_slack,115,5.250757579139859e-05,0.00012426601311153748,Jul 2020,-7.17584373201389e-05
mod_capquiz,97,4.851985686258713e-05,0.000120101536077647,Nov 2019,-7.158167921505988e-05
block_eledia_course_archiving,156,5.785836462662162e-05,0.00012943468616237962,Mar 2017,-7.1576321535758e-05
block_eledia_suspenduser,163,7.652494820028558e-06,7.880479638066814e-05,Nov 2014,-7.115230156063959e-05
profilefield_conditional,123,0.0006917487603586591,0.0007628406982556371,Dec 2018,-7.109193789697798e-05
search_postgresfulltext,108,0.00012498939626668086,0.0001960753351705118,Dec 2018,-7.108593890383093e-05
report_assign,86,0.0005225134391877498,0.0005935363976551374,Nov 2024,-7.102295846738761e-05
mod_stupla,162,8.502772022253954e-07,7.184596225692116e-05,Nov 2012,-7.099568505469576e-05
block_openbiblio,169,8.852817165857709e-06,7.977450406849971e-05,Sep 2012,-7.092168690264199e-05
filter_iassign_filter,119,8.534953342266016e-07,7.155251059871563e-05,Feb 2013,-7.069901526448904e-05
block_iassign_block,119,8.534953342266016e-07,7.155251059871563e-05,Feb 2013,-7.069901526448904e-05
enrol_ldapuserrel,169,9.411076421993706e-06,8.005664036020205e-05,Feb 2013,-7.064556393820834e-05
enrol_elightenment,138,5.951940415577768e-06,7.567187163023697e-05,Jun 2015,-6.97199312146592e-05
block_search_course_category,115,5.051817916091716e-05,0.00012017801293935194,Feb 2022,-6.965983377843478e-05
local_augmented_teacher,106,6.177365076726976e-05,0.00013140123579549447,Feb 2021,-6.96275850282247e-05
block_course_checker,84,6.943478701857538e-05,0.0001387091229493546,May 2021,-6.927433593077922e-05
local_azure_storage,102,3.1036033700897506e-05,0.00010027225716233506,Aug 2020,-6.923622346143756e-05
qformat_qml,136,4.0907100828799296e-05,0.00011009990992820687,Dec 2019,-6.919280909940757e-05
mod_jazzquiz,105,0.0004090604972319875,0.00047778453154307397,Sep 2024,-6.872403431108646e-05
block_via,164,1.7874956442404197e-05,8.649646085314343e-05,Jun 2013,-6.862150441073923e-05
plagiarism_copycheck,138,5.1208630872974255e-06,7.319424842229137e-05,Mar 2020,-6.807338533499394e-05
local_eledia_makeanonymous,161,1.7315521764888703e-05,8.535171350117411e-05,Nov 2015,-6.80361917362854e-05
atto_recittakepicture,57,0.0004061630223898444,0.00047406751320283917,Jul 2024,-6.790449081299477e-05
local_coursetocal,104,0.0001971748148867755,0.0002649587826237356,Apr 2022,-6.778396773696009e-05
block_dukreminder,145,5.091960783557467e-05,0.00011839522784996472,Mar 2016,-6.747562001439005e-05
mod_description,138,0.0001825570562224634,0.00024925486997443854,Nov 2021,-6.669781375197515e-05
filter_syntaxhighlighter,108,0.0006775499934515042,0.0007442359389181407,Aug 2024,-6.668594546663654e-05
local_question_filters,143,3.4034087138025087e-06,6.981867184970987e-05,Nov 2015,-6.641526313590736e-05
mod_attendance,167,0.018412846153144133,0.018479144359618744,Apr 2026,-6.629820647461107e-05
auth_dev,145,7.809930008258295e-05,0.00014417628130730128,Jan 2019,-6.607698122471832e-05
qtype_kprime,142,0.0007421321635355791,0.0008078379350739844,Jun 2024,-6.570577153840532e-05
block_blurnames,73,2.0084951436992767e-06,6.739896486901426e-05,May 2014,-6.539046972531498e-05
mod_edusharing,168,0.00013825624914728618,0.00020357307483079837,Jul 2023,-6.53168256835122e-05
block_discussion_feed,93,1.5759127371689865e-05,8.048826092975218e-05,Aug 2019,-6.472913355806231e-05
tinymce_cloudpoodll,83,1.4370361789108881e-05,7.900094258780247e-05,Jan 2023,-6.463058079869359e-05
mod_quizport,170,2.1081101585391424e-06,6.605314889151446e-05,Jul 2012,-6.394503873297532e-05
mod_labelcollapsed,68,0.0003443586036226028,0.0004079800103316291,May 2024,-6.36214067090263e-05
block_via_permanent,164,1.7148111571544002e-05,8.065094271990824e-05,Jun 2013,-6.350283114836423e-05
local_accessibility,35,0.0006395722457703634,0.0007025067769228663,Aug 2026,-6.29345311525029e-05
block_time,73,0.00010032055994366331,0.00016316590427089845,Apr 2022,-6.284534432723514e-05
mod_externalcontent,74,0.00013702260912404758,0.0001998071902739365,May 2023,-6.278458114988893e-05
quizaccess_fullface,78,1.8357754087548864e-05,8.092109883084239e-05,Sep 2020,-6.256334474329353e-05
mod_znanja,75,4.2099275326911124e-06,6.604292790313703e-05,May 2013,-6.183300037044592e-05
mod_offlinesession,75,2.3810980153737406e-06,6.401229035974907e-05,Dec 2012,-6.163119234437532e-05
tool_cohortautoroles,119,2.0493371047732102e-05,8.210335894492411e-05,Nov 2019,-6.160998789719201e-05
tool_my_external_backup_restore_courses_admin,130,5.446103628817254e-06,6.583991938296884e-05,Jun 2018,-6.039381575415158e-05
local_importtosection,75,8.247872025520451e-05,0.00014283960588842842,Oct 2021,-6.0360885633223914e-05
availability_courseprogress,74,0.0004692828154375377,0.0005293749114139495,Nov 2024,-6.00920959764118e-05
local_quickrenamequestioncategories,125,4.671784055088349e-05,0.00010667414195547964,Jan 2017,-5.995630140459615e-05
mod_collabora,90,0.0005256334716014033,0.0005855737321247258,Jul 2023,-5.9940260523322505e-05
filter_ipa,148,9.624958538639645e-05,0.00015608420837108972,Dec 2019,-5.983462298469326e-05
block_telegram_forum,68,7.21364240683455e-05,0.00013176915634171058,Feb 2024,-5.9632732273365074e-05
mod_flax,114,1.0903701398175773e-06,6.0543217032332745e-05,Feb 2014,-5.945284689251517e-05
tiny_generico,35,0.00040250159628332733,0.00046184299212907064,Aug 2026,-5.934139584574331e-05
local_vxg_menus,75,9.05013649655209e-05,0.0001495216948547599,Dec 2022,-5.902032988923899e-05
local_aws,110,0.0015315141428219438,0.0015904603269061533,Feb 2025,-5.8946184084209506e-05
enrol_credit,91,0.00015379481055802487,0.0002126709730843502,Nov 2022,-5.887616252632532e-05
mod_activitymap,70,0.00010755098370107116,0.00016608591007825305,Dec 2022,-5.853492637718189e-05
filter_html5avtomp4,83,0.00011720839574072978,0.00017549671891008427,Aug 2023,-5.8288323169354485e-05
auth_wordpress,158,2.6850655899892818e-05,8.490689236325668e-05,Oct 2019,-5.8056236463363865e-05
block_gps,98,0.00011725055288930907,0.00017526257887151648,Feb 2023,-5.8012025982207406e-05
mod_teletask,129,3.8264248527142405e-06,6.147685537706622e-05,Oct 2016,-5.765043052435198e-05
block_wpfeed,125,5.986811599803004e-06,6.358802694217844e-05,Jun 2017,-5.760121534237544e-05
block_enroleasy,65,0.00011850432854214641,0.00017582365242269858,May 2023,-5.7319323880552163e-05
theme_stream,41,0.0005489878221193766,0.0006061516691000853,Apr 2025,-5.716384698070871e-05
repository_sword_upload,159,9.028255406752221e-06,6.618571823778849e-05,Jun 2017,-5.715746283103627e-05
filter_embedquestion,99,0.0010564158654686236,0.001113412465817607,Aug 2023,-5.699660034898333e-05
local_usersynccsv,122,4.056525820443145e-05,9.689640285607807e-05,Nov 2017,-5.6331144651646625e-05
local_moodlemobileapp,152,4.24958430013273e-05,9.872450014201229e-05,Nov 2014,-5.622865714068499e-05
mod_mythtranscode,54,2.7019183721088654e-06,5.869909667925209e-05,Jun 2013,-5.5997178307143226e-05
enrol_openlml,153,9.036769954874901e-07,5.685076833949919e-05,Mar 2020,-5.59470913440117e-05
theme_simplest,61,0.00014265839781157317,0.00019840926545934104,May 2024,-5.575086764776787e-05
mod_goone,85,5.973094720621173e-05,0.00011543350556659059,Mar 2022,-5.570255836037886e-05
tool_certificate,94,0.007883743533131017,0.007939396883835687,May 2026,-5.5653350704669424e-05
local_renumberquestioncategory,125,4.562471449368428e-05,0.00010083619175496727,Jan 2017,-5.5211477261282995e-05
tool_uploadpage,78,8.092752170271258e-06,6.321235826860282e-05,Oct 2020,-5.5119606098331556e-05
availability_week,124,1.881306070365688e-05,7.386214239439066e-05,Apr 2017,-5.504908169073378e-05
mod_quest,161,0.00017651994369942165,0.00023148575244702572,Feb 2021,-5.496580874760407e-05
tiny_ai,27,0.00046200006765044775,0.0005164272273344931,Aug 2026,-5.442715968404535e-05
local_bongo,92,1.0100425695150843e-05,6.439349929574084e-05,Mar 2020,-5.4293073600589995e-05
auth_wstrust,99,9.548080646180628e-07,5.50357732526142e-05,Apr 2013,-5.4080965187996134e-05
mod_bim,65,3.47119003368745e-06,5.753995970398724e-05,Jun 2014,-5.406876967029979e-05
block_eledia_userdelete,158,1.7573560267334563e-05,7.152850482693965e-05,Nov 2014,-5.3954944559605084e-05
atto_chemrender,125,1.5310519311484126e-05,6.88035845446004e-05,Dec 2019,-5.349306523311627e-05
qformat_fronter,152,3.3376856866238772e-06,5.681692410805759e-05,Apr 2015,-5.347923842143371e-05
logstore_trax,92,3.671214367948374e-05,9.016670259469052e-05,Mar 2023,-5.345455891520678e-05
block_files,137,1.0085945984786187e-05,6.348332028929541e-05,Nov 2015,-5.3397374304509226e-05
tiny_codepro,33,0.0006734285344455499,0.000726225788439131,Aug 2026,-5.2797253993581094e-05
enrol_gapply,39,0.0002948041827314483,0.0003474028641055831,Aug 2026,-5.2598681374134795e-05
local_edusupport,75,6.520906613700057e-05,0.00011759617352513253,Apr 2022,-5.2387107388131955e-05
quiz_answersheets,76,0.0007126558278271148,0.000764970838695545,Aug 2026,-5.231501086843022e-05
message_pageone,138,7.5644594885896406e-06,5.9833773074414524e-05,Dec 2018,-5.226931358582488e-05
mod_recommend,121,1.2736058395425109e-05,6.496522765394103e-05,Oct 2016,-5.222916925851592e-05
block_exalib,141,0.00012625975379277718,0.0001783404089631623,Apr 2024,-5.2080655170385124e-05
tiny_wordimport,28,0.0006447236099422638,0.0006966257140206486,Aug 2026,-5.190210407838474e-05
filter_chemdoodle,160,5.1016632133523726e-06,5.6929719159854474e-05,May 2015,-5.18280559465021e-05
block_course_publish,137,4.2777620099971396e-06,5.590725647772306e-05,Mar 2017,-5.1629494467725916e-05
availability_cohort,99,0.0014883954284426052,0.0015399046532386484,May 2026,-5.1509224796043255e-05
local_changeloglib,109,3.162822924215831e-05,8.305392360949843e-05,May 2020,-5.142569436734012e-05
atto_mediadrop,132,8.502772022253954e-07,5.22099261048888e-05,Mar 2016,-5.135964890266341e-05
auth_pwdexp,165,9.969697962710325e-06,6.1016901317744005e-05,Mar 2014,-5.104720335503368e-05
atto_cincopa,115,2.6639020755811085e-05,7.753940167392506e-05,Dec 2021,-5.090038091811397e-05
tool_forcedcache,39,0.0003505116227520763,0.00040131020508748393,Aug 2026,-5.079858233540761e-05
mod_aulaplanetateacher,59,0.00022629331113615278,0.0002770871810675638,Jul 2024,-5.079386993141102e-05
block_public_files,115,7.699039026800114e-05,0.00012760566014355926,May 2021,-5.061526987555813e-05
tinymce_iassign,110,9.490493512839511e-07,5.1310497956309794e-05,Nov 2014,-5.036144860502584e-05
tool_moodlebox,121,8.20760739055331e-05,0.00013226980536252322,May 2019,-5.019373145699011e-05
media_videofront,91,3.2195078973446366e-05,8.225629928145681e-05,Jul 2020,-5.006122030801045e-05
block_welcomearea,162,1.7032910837501642e-06,5.140766744886868e-05,May 2014,-4.970437636511852e-05
local_questionfinder,81,9.245450486054005e-06,5.865377151761867e-05,May 2022,-4.9408321031564666e-05
mod_tiplayer,47,3.2527605213247294e-06,5.2561280300986313e-05,Aug 2013,-4.930851977966158e-05
local_moofactory_notification,68,0.0002546701361158512,0.0003033975106112283,Jan 2025,-4.8727374495377074e-05
availability_relativedate,89,0.0019318831637169418,0.0019805329423533023,May 2026,-4.864977863636047e-05
filter_chemrender,125,1.49328273785185e-05,6.339379431957983e-05,Nov 2020,-4.846096694106133e-05
mod_coursecertificate,78,0.007099168689541967,0.007147443957843684,May 2026,-4.827526830171718e-05
quiz_markspersection,63,0.00028871818533824885,0.0003369642616591463,May 2024,-4.824607632089746e-05
block_cqumymoodle,109,9.940945904991334e-07,4.907018737678877e-05,Dec 2015,-4.8076092786289636e-05
calendartype_japanese,152,8.534771812162376e-07,4.858175756080435e-05,Apr 2015,-4.772828037958811e-05
mod_linkbazaar,65,2.222002931014231e-06,4.985992582918984e-05,Mar 2014,-4.763792289817561e-05
report_questionnairestats,99,0.00020598715652509622,0.0002531797356965484,Aug 2023,-4.719257917145219e-05
profilefield_cpf,148,0.00011138448185218564,0.0001585235021512503,Jul 2023,-4.713902029906467e-05
enrol_idlist2,164,4.251386011126977e-06,5.1334779286946124e-05,Nov 2013,-4.708339327581915e-05
enrol_shebang,170,5.974340268513663e-06,5.2178330630924034e-05,Jul 2013,-4.620399036241037e-05
block_lastcourse,101,1.816896272000191e-05,6.426649884586389e-05,Feb 2019,-4.609753612586198e-05
tool_heartbeat,142,0.0008327521839607805,0.0008787998154381278,May 2022,-4.6047631477347316e-05
local_ldap,164,0.000634832664816489,0.0006808036985477513,Jul 2023,-4.597103373126237e-05
quiz_randomsummary,134,5.986099359943378e-05,0.00010569711179311874,Nov 2017,-4.5836118193684955e-05
local_megamenu,74,5.046478563772697e-05,9.618090361167143e-05,May 2021,-4.571611797394446e-05
local_notifyemailsignup,109,0.00026436569221782323,0.0003099278494010743,May 2021,-4.5562157183251083e-05
repository_txttoimg,46,0.0002979058995974463,0.0003434526716350108,Oct 2024,-4.554677203756451e-05
block_stash,123,0.0016970780597637472,0.0017423409677611427,Jul 2024,-4.5262907997395494e-05
block_usermap,169,2.5666572059982834e-06,4.769194202872925e-05,Jul 2013,-4.5125284822730965e-05
atto_qrcode,58,6.367725369525401e-05,0.00010802654018026696,Dec 2022,-4.434928648501295e-05
tool_objectfs,107,0.0011339112473344706,0.001178260452890118,Aug 2026,-4.4349205555647324e-05
local_notifycohorts,67,4.304541745344386e-05,8.700113854915929e-05,Apr 2022,-4.395572109571543e-05
enrol_grabber,127,1.0628282931048059e-05,5.449927693284763e-05,Aug 2018,-4.3870994001799577e-05
local_annoto,81,0.00014375837910033707,0.00018762597051288929,Jun 2024,-4.386759141255221e-05
profilefield_timestamp,156,3.109833345309075e-05,7.493973730265444e-05,May 2014,-4.38414038495637e-05
tiny_embedquestion,29,0.00022507103001746673,0.0002686810328304263,Aug 2026,-4.361000281295958e-05
report_siteoutcomes,110,2.921067442263126e-05,7.268900905032543e-05,Mar 2019,-4.3478334627694165e-05
paygw_stripe,63,0.0014559299029166803,0.0014992033096164518,Aug 2026,-4.327340669977144e-05
availability_gps,98,9.207198403257436e-05,0.00013510343481820458,Aug 2022,-4.303145078563022e-05
filter_sketchfab,137,2.5508316066761863e-06,4.55418133096194e-05,Mar 2017,-4.2990981702943214e-05
local_resetpassword,146,4.16608842816864e-05,8.465086415711061e-05,Nov 2015,-4.2989979875424214e-05
tool_cohortdatabase,106,0.00011572423531881803,0.0001587129790155328,Nov 2019,-4.298874369671477e-05
block_regex_constructor,154,3.361981994928729e-06,4.634723466100493e-05,Oct 2014,-4.29852526660762e-05
portfolio_blogexport,163,0.0002931046211593725,0.00033606360923432157,Jul 2024,-4.295898807494907e-05
local_getcontexts,161,4.148007605144028e-06,4.6807089557527844e-05,Jan 2015,-4.2659081952383816e-05
auth_vulnerablepassword,93,1.7102782457869892e-06,4.421766975044445e-05,Jul 2019,-4.250739150465746e-05
mod_furnace,37,3.75044302718316e-06,4.62146128678435e-05,Sep 2012,-4.246416984066034e-05
atto_edusharing,84,3.0669809180495484e-05,7.29869745538251e-05,Jul 2023,-4.2317165373329615e-05
block_menteessimplified,101,1.094245017719572e-06,4.3058843876877726e-05,Aug 2014,-4.196459885915815e-05
block_knowledge_sharing,92,4.050220767360733e-06,4.561071231793977e-05,Aug 2019,-4.156049155057904e-05
report_duplicateaccounts,158,2.9653362212384806e-05,7.112941524760887e-05,Dec 2014,-4.147605303522406e-05
mod_dmelearn,136,5.1016632133523726e-06,4.638348611736531e-05,Jan 2017,-4.128182290401294e-05
workshopeval_weightiest,147,9.037469666527762e-05,0.00013116586095032772,Aug 2019,-4.0791164285050105e-05
block_hiddencourse,156,2.415382910328553e-05,6.493720158773649e-05,Jul 2014,-4.0783372484450957e-05
local_qbehaviour_interactiveexplain,77,8.955502609340132e-05,0.0001303017862119728,Apr 2022,-4.074676011857147e-05
qtype_stack,173,0.0019450053776018709,0.001985739074876104,Apr 2012,-4.073369727423297e-05
tinymce_cincopa,115,1.1366350617855536e-05,5.1894163128291414e-05,Dec 2021,-4.052781251043588e-05
local_aiquestions,41,0.0004023336235235086,0.0004428509179814055,Feb 2025,-4.051729445789693e-05
quiz_archive,100,0.0009734317206347692,0.0010132183188746547,Aug 2024,-3.978659823988557e-05
availability_role,139,0.0021922201580867893,0.0022319339231362625,Apr 2026,-3.971376504947324e-05
tiny_htmlblock,36,0.0008102219909547719,0.0008499108192955532,May 2026,-3.9688828340781346e-05
local_temporary_enrolments,97,1.0942127836413414e-05,5.0558307539346175e-05,Apr 2019,-3.961617970293276e-05
atto_eexcesseditor,119,1.2792661290332876e-06,4.085347983727645e-05,Jan 2017,-3.9574213708243164e-05
workshopallocation_live,148,0.0001192898562143412,0.00015883463783401155,Oct 2020,-3.9544781619670354e-05
block_coupon,136,0.0005462579462577865,0.0005854125241297225,May 2018,-3.915457787193597e-05
local_recompletion,109,0.0015591195114595924,0.001598164688057924,May 2026,-3.904517659833158e-05
block_aulaplaneta_contentbank,59,0.00027261703246783035,0.0003116430259349023,Jul 2024,-3.902599346707194e-05
block_export_quiz,88,0.00016381902976412568,0.00020283340621362264,Oct 2023,-3.901437644949696e-05
assignsubmission_cincopa,115,3.4373903524766985e-05,7.330420851287784e-05,Dec 2021,-3.893030498811085e-05
report_growth,73,0.0007764890406129183,0.0008153320420720854,Apr 2024,-3.884300145916709e-05
local_mail,170,0.003181913534066494,0.003220592125595742,Jul 2026,-3.8678591529248216e-05
quizaccess_passgrade,152,4.114726464421469e-05,7.981018414422736e-05,Dec 2018,-3.866291950001267e-05
local_vxg_dashboard,75,5.487755555975187e-05,9.353895727405988e-05,Jun 2022,-3.8661401714308006e-05
block_databasetags,132,2.6413823450411475e-05,6.489231132282408e-05,Aug 2017,-3.84784878724126e-05
block_ai_chat,25,0.00032359064107491745,0.0003614990591341452,Aug 2026,-3.790841805922777e-05
block_aulaplanetarepo,59,0.00027602129546242253,0.0003133331357739543,Jul 2024,-3.731184031153178e-05
tool_brcli,91,0.0010237300882006937,0.001060953256889859,Aug 2025,-3.722316868916536e-05
mod_aulaplanetastudynot,59,0.0002721454270864825,0.00030928016369840265,Jul 2024,-3.713473661192014e-05
local_hide_inactive_courses,100,5.963574007318567e-06,4.2955841614995026e-05,Dec 2019,-3.699226760767646e-05
tool_vault,31,0.00018719443366065102,0.0002241860847183812,Aug 2026,-3.699165105773019e-05
profilefield_dynamicmultiselect,123,4.081918214042383e-05,7.778258544727911e-05,Jul 2017,-3.6963403306855284e-05
availability_enroldate,66,0.00035039879496662424,0.0003870692837754543,Apr 2026,-3.667048880883004e-05
mod_aulaplaneta,59,0.00027772517375022784,0.0003143330479715589,Jul 2024,-3.660787422133104e-05
local_problemsection,119,7.43827419240124e-06,4.3906026074190214e-05,Dec 2018,-3.6467751881788975e-05
block_grade_overview,65,0.0002511700073585399,0.00028748080425783595,Sep 2024,-3.631079689929607e-05
block_common_courses,93,9.42994719609587e-06,4.5711649406310394e-05,Feb 2020,-3.6281702210214523e-05
mod_rocketchat,71,8.538904603221709e-05,0.000121258954752774,Aug 2022,-3.586990872055691e-05
local_resortquestioncategory,125,6.338607734425815e-05,9.892680064517345e-05,Jan 2017,-3.55407233009153e-05
block_obf_displayer,135,7.87932195929082e-05,0.00011421350031430587,Jun 2023,-3.542028072139766e-05
mod_cobra,99,8.60733330858582e-06,4.3934009710672184e-05,May 2019,-3.532667640208637e-05
local_latesubmissions,90,1.4148995271686817e-05,4.9463758032323086e-05,Jan 2020,-3.531476276063627e-05
enrol_bitcoin,133,1.1144483049931483e-05,4.639824686008787e-05,Nov 2015,-3.525376381015639e-05
mod_videoconnect,24,3.3216889182574015e-05,6.845376632622327e-05,Aug 2026,-3.523687714364925e-05
mod_edumeet,71,4.1306408770436906e-05,7.652072502608289e-05,Feb 2021,-3.5214316255645985e-05
enrol_waitlist,169,0.0004344194340508457,0.0004696260098573047,Apr 2026,-3.520657580645902e-05
availability_enrol,103,8.96379063336529e-05,0.00012472866655141977,May 2021,-3.5090760217766875e-05
local_morelockfactories,148,8.534771812162376e-07,3.556643097978404e-05,Oct 2014,-3.47129537985678e-05
atto_code,56,0.00015703980134378773,0.00019120438039454718,Mar 2025,-3.4164579050759456e-05
format_tiles,97,0.018285499623213478,0.018319636593796505,Apr 2026,-3.4136970583027726e-05
block_readspeaker_embhl,48,0.0007031241291464982,0.0007370741479550666,Jun 2026,-3.395001880856835e-05
local_gradebook,161,4.8352861620788484e-05,8.21186614658181e-05,Dec 2012,-3.376579984502962e-05
fileconverter_onlyoffice,78,9.085436623758526e-05,0.00012459889977854807,Jul 2023,-3.3744533540962815e-05
local_leeloolxpcontentapi,65,0.00010188542888152932,0.00013553610827775884,Jun 2022,-3.365067939622952e-05
filter_estreamauth,112,6.673732409940708e-05,0.00010037281518081962,Sep 2019,-3.363549108141254e-05
local_uploadnotification,109,1.728815497189497e-05,5.085721452433012e-05,May 2020,-3.356905955243515e-05
mod_hatsize,122,8.502772022253954e-07,3.426848213469798e-05,Dec 2016,-3.341820493247259e-05
mod_notetaker,74,0.00011671216913364496,0.00015003929684510577,Dec 2023,-3.3327127711460806e-05
mod_cado,75,1.959373962446658e-05,5.285692337902214e-05,May 2023,-3.326318375455556e-05
local_webuntis,64,4.2965625061443095e-05,7.597762151385227e-05,Jul 2023,-3.301199645240918e-05
mod_swipe,63,1.4936352151399643e-05,4.78583383808069e-05,Jan 2022,-3.2921986229407255e-05
mod_collaborativefolders,112,8.205449747376239e-05,0.00011487018643135933,Aug 2023,-3.2815688957596936e-05
report_coursemanager,35,0.0003847953091708497,0.00041756797458996194,Aug 2026,-3.277266541911226e-05
mod_custommailing,53,0.000564988137026352,0.0005976520692093511,May 2025,-3.2663932182999135e-05
block_assignments,131,1.8901024626408464e-05,5.1536787607101285e-05,Aug 2019,-3.263576298069282e-05
block_course_list_advanced,59,2.451801008477706e-05,5.71104936616861e-05,Oct 2022,-3.259248357690904e-05
local_alternative_file_system,26,4.667063659953181e-05,7.924612226568924e-05,Aug 2026,-3.257548566615743e-05
filter_flowchart,137,1.0811378099941976e-05,4.3280667526158595e-05,Nov 2015,-3.246928942621662e-05
auth_antihammer,133,0.00019694481421219813,0.00022901077611891456,Jul 2019,-3.206596190671643e-05
tool_tcpdffonts,59,0.000730577228351046,0.0007626374132020631,Jun 2026,-3.2060184851017077e-05
theme_aardvark_automenu,52,2.8454003856099776e-06,3.486534975202709e-05,Aug 2012,-3.201994936641711e-05
auth_unilogin,136,1.2382189861898166e-06,3.322087000073547e-05,Jan 2018,-3.198265101454566e-05
logstore_caliper,122,2.7501431325835298e-05,5.9407739668969536e-05,Aug 2017,-3.190630834313424e-05
assignfeedback_structured,115,0.00025864694644089876,0.00029035451353020604,May 2024,-3.1707567089307275e-05
filter_applink,88,1.0965939147848438e-05,4.2650072403575296e-05,Oct 2019,-3.168413325572686e-05
qbehaviour_interactiveexplain,77,7.292937395989004e-05,0.00010444111658932771,Apr 2022,-3.151174262943767e-05
local_clickview,59,0.00012538615725062909,0.00015685943920863113,Aug 2024,-3.1473281958002046e-05
report_enrolaudit,69,7.014883168692405e-05,0.00010144939427265327,Sep 2023,-3.1300562585729225e-05
filter_edusharing,167,3.74853223317167e-05,6.866865713400239e-05,Jul 2023,-3.118333480228569e-05
theme_accessible_for_vip,156,2.5508316066761863e-06,3.366921753918628e-05,Mar 2014,-3.1118385932510094e-05
block_behaviour,80,8.452118325621614e-05,0.0001155363893617585,Aug 2022,-3.101520610554237e-05
mod_datalynx,94,0.00017596456605892515,0.00020697966398522163,Oct 2024,-3.101509792629648e-05
filter_cloudfront_signurl,134,2.6358593268987255e-05,5.731281158661215e-05,Feb 2020,-3.095421831762489e-05
format_remuiformat,91,0.007959222499479224,0.007989747046697504,May 2026,-3.052454721827989e-05
format_event,92,1.4539399599521577e-05,4.49867974437367e-05,Jul 2019,-3.0447397844215124e-05
block_eledia_trainerinfo,159,2.7111645451323254e-05,5.754827268983924e-05,May 2014,-3.0436627238515987e-05
mod_kanban,39,0.0006158427436960914,0.0006462580490020573,Apr 2026,-3.0415305305965946e-05
gradingform_multigraders,81,0.00011718636083184541,0.00014746650836933986,Jun 2024,-3.0280147537494444e-05
block_blc_modules,90,5.870880031309328e-05,8.893965166993526e-05,Jul 2022,-3.023085135684198e-05
atto_htmlbootstrapeditor,40,0.0003496954254425806,0.00037988343188697347,Jul 2025,-3.0188006444392874e-05
block_enrolcode,84,2.9653362212384806e-05,5.9837190206403846e-05,Nov 2021,-3.018382799401904e-05
block_vxg_orgs,73,2.746757213931952e-05,5.754808269316735e-05,May 2024,-3.008051055384783e-05
local_quizdemo,125,4.586463201402265e-05,7.589854821400506e-05,Oct 2016,-3.0033916199982406e-05
tool_lpimportoutcomes,124,8.537707832438079e-07,3.065827876224176e-05,Dec 2016,-2.9804507978997955e-05
block_demostudent,157,0.0001228817692027136,0.00015264561619356555,Aug 2023,-2.9763846990851946e-05
block_remaining_lesson_timer,94,6.708108893987428e-05,9.658393409757635e-05,Oct 2021,-2.9502845157702073e-05
mod_wavefront,111,8.75150193149403e-05,0.00011686214501959564,Dec 2022,-2.9347125704655332e-05
block_pcbook,85,1.1823885489733493e-06,3.0515801153988004e-05,Nov 2014,-2.9333412605014654e-05
block_my_external_backup_restore_courses,130,8.27139483470471e-05,0.00011203959992218535,Jun 2024,-2.9325651575138253e-05
filter_coins,167,1.3714371997431093e-05,4.296154533320222e-05,Apr 2013,-2.9247173335771124e-05
mod_qrcode,96,1.792302080554099e-05,4.698765995650797e-05,Jan 2021,-2.906463915096698e-05
local_yumymedia,108,3.1431134996206275e-05,6.0446510020142286e-05,May 2020,-2.901537502393601e-05
auth_ip,156,0.00010268091781241191,0.0001316764192422674,Apr 2017,-2.8995501429855485e-05
tool_adhoc,138,9.919507918767134e-05,0.00012808055712711195,Feb 2023,-2.8885477939440607e-05
datafield_tag,146,2.6838046231853594e-05,5.551664742376884e-05,Aug 2017,-2.8678601191915246e-05
local_twittercard,108,5.977233222255196e-06,3.447494181912865e-05,Jun 2020,-2.8497708596873454e-05
mod_braincert,96,2.6413607042000637e-05,5.483123237111617e-05,Dec 2021,-2.841762532911553e-05
block_openscout,103,1.3254191566123227e-06,2.9704099876894697e-05,Feb 2014,-2.8378680720282373e-05
block_multiblock,78,0.0008145597168384105,0.0008429352136556778,May 2026,-2.837549681726731e-05
local_eledia_webservicesuite,145,2.5508316066761863e-06,3.0773135489124746e-05,May 2015,-2.822230388244856e-05
assignsubmission_turtlestitch,70,0.0002491312202520409,0.0002772495831423599,Jul 2024,-2.8118362890319022e-05
filter_slider,80,0.00016382227107946664,0.00019159144786416287,Feb 2022,-2.7769176784696228e-05
tool_datewatch,57,0.0007178817984218211,0.0007455952363707321,Aug 2026,-2.7713437948910925e-05
block_evalcomix,96,0.00026603181434857904,0.0002935795927548891,Jul 2024,-2.7547778406310057e-05
block_clipboard,84,1.2871085778589151e-05,4.032066958547418e-05,Feb 2021,-2.7449583806885025e-05
block_analyticswidget,49,8.803179141113778e-05,0.00011536420110575695,Dec 2023,-2.7332409694619174e-05
block_odsoaipmh,126,8.803215718935977e-07,2.8023080053346512e-05,Apr 2015,-2.7142758481452916e-05
editor_ousupsub,100,0.00011589661225743272,0.00014257100337989497,Oct 2020,-2.6674391122462254e-05
block_enrolkey,79,2.652007555302778e-05,5.255142229317423e-05,Dec 2021,-2.603134674014645e-05
local_yukaltura,108,4.3282749795161746e-05,6.92987063467254e-05,May 2020,-2.6015956551563653e-05
tool_hidecourses,114,0.00018238354405767672,0.00020819394644546634,Jan 2025,-2.5810402387789618e-05
quiz_group,103,0.00015000353101778376,0.00017552988498620127,May 2024,-2.552635396841751e-05
assignsubmission_collabora,81,0.00014114695833357388,0.00016655542871540533,Jun 2024,-2.5408470381831452e-05
atto_translations,51,9.244657544739178e-05,0.00011784152441740926,Feb 2025,-2.5394948970017484e-05
webservice_xmlrpc,46,0.00033483648304059296,0.0003600988369922962,Mar 2025,-2.526235395170325e-05
mod_teamup,91,0.00017031950843804388,0.0001954534254271892,Jun 2024,-2.5133916989145307e-05
mod_appsanywhere,98,6.0139623811299655e-06,3.1132467595997735e-05,May 2020,-2.511850521486777e-05
availability_coursecompleted,141,0.002842435620360099,0.0028674944739612938,May 2026,-2.5058853601194614e-05
assignsubmission_snap,70,0.00029322256508111893,0.00031820316177426193,Jul 2024,-2.4980596693142997e-05
auth_saml2,171,0.003768367307868021,0.003793194326551847,Jun 2026,-2.4827018683826023e-05
assignsubmission_metadata,154,1.7005544044507908e-06,2.651447496875618e-05,Jan 2015,-2.481392056430539e-05
block_savapage,127,8.571482498394433e-07,2.5584041197926856e-05,Dec 2016,-2.4726892948087414e-05
mod_etherpadlite,171,0.0007695819960187962,0.0007942849804717653,Aug 2025,-2.4702984452969158e-05
mod_margic,49,0.00010143784792312151,0.00012612439214123303,Aug 2023,-2.468654421811152e-05
tool_mergeusers,164,0.002756401936753283,0.00278093425700282,Jun 2026,-2.4532320249537245e-05
assignsubmission_changes,109,7.591804025433533e-06,3.2111308022277746e-05,Sep 2018,-2.451950399684421e-05
atto_etitle,81,1.53999432359897e-05,3.9869187115101836e-05,Jun 2021,-2.4469243879112135e-05
mod_virtualpc,115,2.4911516372265902e-05,4.934562104453911e-05,Aug 2020,-2.4434104672273206e-05
search_algolia,110,5.943493917865051e-06,3.0314617608496952e-05,Sep 2018,-2.4371123690631902e-05
tool_coursedates,110,0.0003980098479247061,0.0004222750346820355,Jan 2025,-2.426518675732942e-05
enrol_shared,68,3.141864899058681e-05,5.566277514938096e-05,Jan 2023,-2.4244126158794146e-05
block_dyslexic,124,6.429349867099546e-05,8.831976058445469e-05,Dec 2022,-2.4026261913459227e-05
mod_diary,74,0.0008783507562137955,0.0009020516082859528,Aug 2026,-2.3700852072157277e-05
atto_ubicast,89,8.686682928025813e-05,0.0001103921200220121,Jun 2024,-2.352529074175397e-05
block_tb_top_cats,66,9.138889799151132e-06,3.2579020805949426e-05,Jun 2022,-2.3440131006798294e-05
auth_leeloolxp_tracking_sso,72,1.7077809206443418e-06,2.5064855339027727e-05,Feb 2022,-2.3357074418383385e-05
local_quickregister,67,2.3657259367095554e-05,4.6778469359674545e-05,Apr 2022,-2.312120999257899e-05
enrol_programs,52,0.000436862773224169,0.0004599355025026936,Apr 2025,-2.3072729278524626e-05
mod_consentform,53,0.00042840615963778334,0.0004514399692523823,Aug 2026,-2.3033809614598935e-05
auth_bakery,121,1.473514140331799e-06,2.446922179718278e-05,Jan 2014,-2.299570765685098e-05
mod_unedtrivial,107,2.0786199211090433e-06,2.486402655400692e-05,Sep 2019,-2.2785406632897875e-05
local_questionbulkupdate,68,5.954657487250969e-05,8.226684782878527e-05,May 2023,-2.2720272956275583e-05
local_autogroup,168,0.0010167727842557562,0.0010394211237567223,Oct 2025,-2.264833950096608e-05
mod_kalmediaassign,109,6.85814341534245e-06,2.928594032866368e-05,Jun 2020,-2.242779691332123e-05
tool_cmdlinetools,125,1.0246685523866051e-05,3.248722167522594e-05,May 2018,-2.2240536151359892e-05
mod_groupoverview,123,4.987050802893632e-06,2.7061657107414174e-05,Dec 2016,-2.2074606304520542e-05
qformat_h5p,76,0.003203038795583418,0.003225105894766816,May 2026,-2.206709918339822e-05
block_firephp,134,8.502772022253954e-07,2.286824173757633e-05,Jun 2012,-2.2017964535350935e-05
mod_quickom,74,1.0732113207384561e-05,3.2703495969037644e-05,Nov 2020,-2.1971382761653085e-05
editor_webvi,146,1.2596316622913817e-06,2.318222387073592e-05,Oct 2014,-2.192259220844454e-05
filter_wikiversity,137,8.502772022253954e-07,2.2755136934565556e-05,Jun 2013,-2.1904859732340162e-05
profilefield_multiselect,147,0.00031719908102307155,0.00033910299531593257,Jun 2019,-2.1903914292861022e-05
enrol_coursecompleted,105,0.003169843838664274,0.0031916952496190295,Apr 2026,-2.1851410954755283e-05
atto_yukaltura,80,5.963574007318567e-06,2.7753314484207525e-05,Oct 2021,-2.1789740476888957e-05
report_questionstats,63,5.8401018474080554e-05,8.011081237026108e-05,Jun 2024,-2.170979389618053e-05
antivirus_savdi,78,3.000220822650673e-05,5.170713684728678e-05,Jan 2022,-2.170492862078005e-05
block_featured_courses,48,0.00018008368523662614,0.000201625041057334,Aug 2024,-2.154135582070786e-05
block_ecampus_tbird,154,1.7005544044507908e-06,2.310608202192365e-05,May 2014,-2.1405527617472857e-05
block_tb_m_slots,66,4.6152627603515095e-06,2.5996378690961198e-05,Apr 2022,-2.1381115930609687e-05
availability_password,128,0.0011162448215968157,0.0011376258991635726,Jun 2026,-2.138107756675684e-05
block_weather,73,3.330172795256467e-05,5.4580965591996364e-05,May 2021,-2.1279237639431696e-05
block_globalad,94,2.5620751015079778e-05,4.686122753402656e-05,Jan 2020,-2.124047651894678e-05
report_extendedlog,125,0.0008817301321503703,0.0009029142609328976,Nov 2025,-2.1184128782527224e-05
block_socialcomments,97,0.00027013833680713335,0.00029117075992995576,Feb 2025,-2.1032423122822408e-05
local_cohortrole,151,0.0012186768058022551,0.001239620053432471,May 2026,-2.094324763021586e-05
mod_hsuforum,169,0.0010705776894697728,0.0010915158748582,Aug 2013,-2.0938185388427125e-05
report_forumkeywords,90,2.4374369463233283e-05,4.4991415023336935e-05,Sep 2020,-2.0617045560103652e-05
plagiarism_safeassign,105,4.542679408461866e-05,6.59986388419402e-05,Feb 2023,-2.0571844757321545e-05
mod_flexquiz,62,1.4539399599521577e-05,3.502503657566452e-05,Oct 2022,-2.048563697614294e-05
enrol_cvent,116,8.852546811365044e-07,2.1337430119916357e-05,Feb 2013,-2.0452175438779854e-05
atto_orphaned,52,2.188425567282683e-05,4.219636109950063e-05,Oct 2024,-2.03121054266738e-05
mod_og,133,1.7005544044507908e-06,2.192776161821467e-05,Jun 2017,-2.022720721376388e-05
tool_uploadpageresults,77,7.081956755364828e-06,2.7245104126486114e-05,Sep 2020,-2.0163147371121284e-05
qtype_mtf,108,0.0007473095487286026,0.0007674493474683903,Jun 2024,-2.0139798739787708e-05
local_leeloolxp_web_login_tracking,68,2.4628143935265694e-06,2.2573395893828576e-05,Sep 2021,-2.0110581500302007e-05
lifecyclestep_adminapprove,40,0.0002276231101277411,0.00024767073542470146,Aug 2026,-2.004762529696035e-05
mod_msteams,75,0.0013271417438575584,0.001347128293787962,May 2026,-1.9986549930403564e-05
auth_mojeid,146,1.7102782457869892e-06,2.1656117278352757e-05,Apr 2015,-1.994583903256577e-05
mod_observation,55,5.7308741338607934e-05,7.714091594614704e-05,May 2023,-1.9832174607539103e-05
mod_moodleoverflow,106,0.0004052898259371301,0.0004250968462904529,Jan 2024,-1.980702035332281e-05
block_kuracloud,109,3.4011088089015816e-06,2.3111353715832296e-05,Jan 2019,-1.9710244906930713e-05
local_blockusers,127,8.502772022253954e-07,2.043916748467392e-05,Aug 2014,-1.9588890282448528e-05
tool_genmobilecss,74,4.9561062969781294e-05,6.913363954185993e-05,Sep 2024,-1.9572576572078637e-05
block_quest_classification,158,1.1248691235267541e-05,3.081315927322028e-05,Dec 2013,-1.956446803795274e-05
local_notificationsagent,28,0.00018934252125434834,0.000208766666183805,Jun 2026,-1.9424144929456656e-05
tool_copy_courses,27,8.116693754805384e-05,0.00010011363325210154,Aug 2026,-1.8946695704047693e-05
mod_learningmap,57,0.0019489781666475357,0.001967873249446637,Jun 2026,-1.8895082799101452e-05
block_tb_clients,63,8.539086133325348e-07,1.9744242061248507e-05,Nov 2022,-1.889033344791597e-05
mod_discourse,59,8.251635240956082e-05,0.00010134882903363413,Feb 2024,-1.883247662407331e-05
gradereport_updfgrades,168,1.7005544044507908e-06,2.0532181432966015e-05,Dec 2013,-1.8831627028515224e-05
auth_mwsso,161,8.551391228934946e-07,1.963277744982492e-05,May 2013,-1.8777638326931426e-05
profilefield_dynamicmenu,124,8.012369872285324e-05,9.880335098901225e-05,Dec 2019,-1.8679652266159015e-05
assignfeedback_helixfeedback,144,9.508244740834875e-05,0.00011366336968781648,Jul 2018,-1.8580922279467723e-05
tinymce_clickview,59,5.536575707328212e-06,2.409103754760172e-05,Apr 2024,-1.855446184027351e-05
local_bbliveusers,96,3.717181359444954e-05,5.563783940893385e-05,Jun 2020,-1.8466025814484308e-05
local_feedbackviewer,110,9.111627097439989e-05,0.00010940759146759431,Dec 2021,-1.829132049319442e-05
dataformat_markdown,123,5.718297114148792e-05,7.537652110618456e-05,Sep 2020,-1.819354996469664e-05
mod_ecampusbookpage,148,8.502772022253954e-07,1.904145324371156e-05,May 2014,-1.8191176041486167e-05
tool_navdb,80,8.700312064608106e-05,0.00010516202285524369,Nov 2024,-1.815890220916263e-05
block_bulkactivity,80,0.00017041176419620307,0.00018844986535331107,Mar 2025,-1.8038101157108005e-05
atto_applink,87,1.7005544044507908e-06,1.9642161090895122e-05,Oct 2019,-1.794160668644433e-05
local_course_merge,123,0.0001283494614101095,0.000146006001671039,Jun 2018,-1.7656540260929508e-05
atto_ruby,133,1.7086748233117794e-05,3.469726525364816e-05,Nov 2019,-1.7610517020530364e-05
local_catdup,85,0.00037586465195796646,0.00039323088576350394,Sep 2024,-1.736623380553748e-05
block_tb_slider,66,2.4281869768910547e-05,4.159537775658178e-05,May 2022,-1.731350798767123e-05
block_temporary_enrolments,95,2.4949334076789174e-06,1.9733213108068968e-05,Apr 2019,-1.723827970039005e-05
mod_sna,146,8.502772022253954e-07,1.8080741542965382e-05,Jun 2017,-1.7230464340739988e-05
atto_molstructure,51,6.294950487799875e-05,8.017822246814937e-05,Dec 2024,-1.7228717590150622e-05
block_switchrole,94,6.246780275198279e-06,2.3470442855736976e-05,Dec 2019,-1.7223662580538698e-05
atto_recitautolink,56,0.00014178870690532313,0.00015897795208480773,Jun 2024,-1.71892451794846e-05
block_verify_certs,34,7.223946386864128e-05,8.94197473555457e-05,Oct 2024,-1.7180283486904424e-05
local_differentiator,84,6.202196697581106e-05,7.919280400524697e-05,Apr 2022,-1.7170837029435902e-05
filter_tripleplay,51,2.399222942339475e-06,1.954936514068634e-05,Aug 2014,-1.7150142198346865e-05
tool_uploadenrolmentmethods,99,0.000697382694806127,0.0007143555414444265,Oct 2025,-1.697284663829948e-05
local_wunderbyte_table,41,0.0012797507867059541,0.0012966418902211234,May 2026,-1.6891103515169308e-05
qtype_numericalrecit,57,9.030205567266273e-05,0.0001071639766794866,Jun 2024,-1.6861921006823866e-05
qtype_blocklymoodle,116,2.1498956362639963e-05,3.824323700504068e-05,Jun 2020,-1.6744280642400718e-05
block_powerbi,63,0.00022032317625430398,0.00023701326643071742,Aug 2024,-1.6690090176413433e-05
paygw_wechat,64,1.1360180045687614e-05,2.802549424504798e-05,Jan 2023,-1.6665314199360367e-05
mod_confman,108,6.0861765393478346e-05,7.750690934323836e-05,Sep 2024,-1.6645143949760017e-05
local_easycustmenu,26,0.00012743358163100853,0.00014400639422474713,Jun 2026,-1.6572812593738598e-05
mod_kuet,31,0.00031677087200708955,0.0003333037308916744,Jan 2026,-1.6532858884584856e-05
local_qtracker,63,2.834841876076313e-05,4.4877331281810934e-05,Apr 2024,-1.6528912521047804e-05
assignsubmission_automaticextension,43,2.8542163873815626e-05,4.5014377713654014e-05,Sep 2024,-1.647221383983839e-05
block_chessblock,118,1.1620834744641237e-05,2.8020310038769e-05,Aug 2017,-1.6399475294127762e-05
block_bbliveusers,96,1.1446734330652992e-05,2.7804455287312964e-05,Nov 2018,-1.6357720956659972e-05
filter_vlabembed,137,2.554936625625246e-06,1.8746069396810137e-05,Nov 2015,-1.619113277118489e-05
local_checkboxes,55,1.53667653674465e-05,3.1549337486082665e-05,Sep 2022,-1.6182572118636166e-05
availability_credit,66,3.787659635681567e-05,5.401048778757428e-05,Apr 2023,-1.6133891430758612e-05
mod_widgetspace,26,7.259770759601411e-06,2.3380744543208685e-05,Jul 2012,-1.6120973783607272e-05
local_gdpr_deleteuserdata,94,1.8901024626408464e-05,3.5021243314439874e-05,Feb 2021,-1.612021868803141e-05
ltisource_message_handler,91,0.0001376355025317463,0.00015371452007675282,Dec 2023,-1.6079017545006524e-05
block_leeloolxp_tracking,68,8.502772022253954e-07,1.6891515428583252e-05,Jan 2022,-1.6041238226357858e-05
mod_plugnmeet,54,0.00022761645940728233,0.0002435744732645169,Oct 2024,-1.595801385723456e-05
block_tb_faq,66,7.696252106041452e-06,2.3544334198023744e-05,Nov 2022,-1.5848082091982292e-05
local_wordimport,65,0.0002996420477191607,0.00031548241078419844,Jun 2025,-1.5840363065037762e-05
quizaccess_useripmapping,102,2.066048393143009e-06,1.7822455301252395e-05,Dec 2021,-1.5756406908109386e-05
local_course_creator,43,2.9941161680950858e-05,4.563756138950541e-05,May 2023,-1.569639970855455e-05
qtype_shortanssimilarity,55,4.014730312970971e-05,5.573690082495429e-05,Apr 2024,-1.5589597695244585e-05
qformat_multichoiceset,103,2.4371822417214714e-05,3.9934337740151805e-05,Nov 2021,-1.556251532293709e-05
filter_shortcodes,101,0.0024165392326967903,0.002431977522431182,Apr 2026,-1.5438289734391857e-05
local_discoursesso,108,1.0266628823993134e-05,2.5617141777562535e-05,Jan 2020,-1.53505129535694e-05
profilefield_masked,74,0.00015924968004070707,0.0001745916920632667,Dec 2024,-1.5342012022559627e-05
tool_opcache,147,0.002147744629884362,0.0021630709836655856,Apr 2025,-1.532635378122347e-05
block_quiz_attempts_list,57,1.6625944386901123e-05,3.194228995290624e-05,Jul 2023,-1.531634556600512e-05
enrol_apply,170,0.0018429675025014905,0.0018582639123888504,May 2026,-1.5296409887359877e-05
block_searchonmath,127,2.6016648428718927e-06,1.7781492133912416e-05,May 2015,-1.5179827291040525e-05
block_resetcompletion,120,7.741982215538006e-05,9.246750413913942e-05,Feb 2020,-1.5047681983759362e-05
report_completionall,30,0.00011005065202568314,0.00012507786304056831,Aug 2026,-1.5027211014885175e-05
auth_casattras,148,0.00021558502601825376,0.00023054864266823055,Jul 2026,-1.4963616649976794e-05
mod_wims,80,3.670194165336753e-05,5.164062228237636e-05,Oct 2023,-1.4938680629008827e-05
enrol_extendedguest,103,3.3243862869060694e-05,4.81464894058004e-05,Feb 2020,-1.4902626536739706e-05
message_codeposty,114,8.534771812162376e-07,1.5754730357789928e-05,May 2016,-1.490125317657369e-05
qtype_vplquestion,83,0.00041558138097048833,0.0004304591989555914,Apr 2024,-1.4877817985103046e-05
qtype_externaltask,83,2.9717469589325253e-05,4.456663617889337e-05,Apr 2022,-1.4849166589568118e-05
mod_sharedurl,67,1.5568117902546718e-05,3.015936465703947e-05,Sep 2023,-1.459124675449275e-05
mod_board,63,0.0033737720355737424,0.003388355200596154,Jul 2026,-1.4583165022411405e-05
local_simple_course_creator,85,7.715411342260258e-06,2.215432752987927e-05,Aug 2020,-1.4438916187619013e-05
tool_rssfeeds,96,4.921590637630239e-05,6.360685556415461e-05,Aug 2022,-1.4390949187852221e-05
block_tb_latestentry,64,1.6834042825251409e-06,1.6066617179686415e-05,Nov 2022,-1.4383212897161273e-05
filter_bookchapters,113,5.399168652164203e-05,6.835282394026406e-05,Oct 2019,-1.4361137418622034e-05
datafield_linkedcheckbox,132,1.1500987454195319e-05,2.5798166735804087e-05,Jan 2022,-1.4297179281608768e-05
block_tb_headings,66,1.6834042825251409e-06,1.5939660607371232e-05,Jun 2022,-1.425625632484609e-05
tool_passwordvalidator,83,0.0001523076270387952,0.00016649437398115382,Aug 2026,-1.4186746942358621e-05
local_lpautocomplete,66,5.0470314714973364e-05,6.462314129443807e-05,May 2024,-1.4152826579464708e-05
block_rbreport,43,0.001106832909806641,0.001120966848943338,May 2026,-1.4133939136697169e-05
quizaccess_quiztimer,24,0.00010014906796700253,0.00011422229886021211,Jul 2026,-1.407323089320958e-05
webservice_restful,101,0.0010026629168183123,0.0010167201059956875,Dec 2024,-1.4057189177375199e-05
filter_cvod,90,5.08343352212311e-06,1.9107247856137373e-05,May 2020,-1.4023814334014264e-05
quizaccess_delayed,76,0.0005176089747142801,0.0005316321141180967,Jun 2024,-1.4023139403816559e-05
block_report_free_seats,109,2.075675022740417e-05,3.469722987437846e-05,May 2022,-1.3940479646974291e-05
mod_threesixo,104,0.0008422424112672725,0.0008561395128154644,Apr 2026,-1.3897101548191858e-05
qtype_essayautograde,92,0.0014579181892391587,0.0014717943059256097,Jun 2024,-1.3876116686450989e-05
enrol_guestcohort,105,2.162275619988395e-05,3.5488779954779564e-05,Dec 2022,-1.3866023754895612e-05
local_commander,102,0.00019185511648904852,0.00020570203386685045,Apr 2024,-1.3846917377801927e-05
block_remote_courses,133,5.6571361229481166e-05,7.025001696904223e-05,Jun 2018,-1.3678655739561067e-05
block_filtered_course_list,172,0.0006942186954071252,0.0007078937477464745,May 2012,-1.3675052339349211e-05
block_coursesearch,130,0.0004276876010800327,0.00044131126489238255,Jul 2025,-1.3623663812349857e-05
block_tb_testimonials,66,1.062938084748802e-05,2.4221467450944872e-05,Mar 2023,-1.3592086603456853e-05
filter_sagecell,125,1.8131688752498695e-05,3.159086401703172e-05,Dec 2016,-1.3459175264533028e-05
report_coursesize,169,0.005795091746544632,0.0058085361925057175,Jul 2025,-1.3444445961085377e-05
local_lessonexportepub,112,2.5666572059982834e-06,1.6004905659085234e-05,Nov 2017,-1.343824845308695e-05
block_quick_course,151,6.295824130471925e-05,7.639386657026337e-05,Sep 2024,-1.3435625265544116e-05
tiny_preview,44,0.0008270819828629062,0.0008404962669407916,May 2026,-1.3414284077885351e-05
local_rocketchat,67,1.153690638712534e-05,2.4933339977121325e-05,May 2022,-1.3396433589995984e-05
block_smartest,49,3.4011088089015816e-06,1.6758590534201462e-05,Dec 2022,-1.3357481725299881e-05
tool_quizpasschange,110,3.032413152261083e-05,4.360455995498995e-05,May 2020,-1.3280428432379124e-05
filter_filmsondemand,92,5.961518793125575e-06,1.9199763362199654e-05,Jan 2020,-1.323824456907408e-05
filter_learn360,96,1.6200883069442932e-06,1.4771092572084331e-05,Oct 2019,-1.3151004265140038e-05
mod_linkedincert,66,0.00016624978826808458,0.00017925813532939543,Feb 2025,-1.3008347061310851e-05
block_qrcode,108,0.0008765619741979395,0.000889497298818456,Sep 2024,-1.29353246205165e-05
tool_sentry,40,8.037243935814296e-05,9.326825661947921e-05,Aug 2026,-1.2895817261336247e-05
mod_swiftquiz,44,1.591529474754003e-05,2.8810021347184603e-05,Apr 2024,-1.2894726599644573e-05
repository_learn360,96,8.552587999718576e-07,1.3729151478123395e-05,Dec 2019,-1.2873892678151537e-05
quizaccess_activateattempt,107,3.0357292061705276e-05,4.3161587026747906e-05,Jul 2023,-1.280429496504263e-05
block_tb_blog,65,8.534771812162376e-07,1.3650081388791717e-05,Nov 2022,-1.279660420757548e-05
atto_znaniumcombook,73,4.818390017019965e-05,6.09387175039247e-05,Apr 2024,-1.2754817333725054e-05
local_leeloolxp_web_tat,46,1.8828589454098342e-06,1.463264845189219e-05,Nov 2022,-1.2749789506482356e-05
tool_leeloolxp_sync,46,2.371671290662569e-06,1.5087088359897788e-05,Jan 2022,-1.271541706923522e-05
repository_giphy,103,6.8301662659504635e-06,1.95325364347329e-05,Jan 2021,-1.2702370168782435e-05
tool_blocksmanager,55,1.5858100384488892e-05,2.8494806339952072e-05,Sep 2023,-1.263670595546318e-05
qbehaviour_selfassess,79,0.0009182079007332072,0.0009307668397061182,Aug 2025,-1.2558938972911005e-05
tool_environment,93,2.582199992575746e-06,1.5093538486130614e-05,Dec 2019,-1.2511338493554867e-05
local_wsmanagesections,74,0.00015150638542726268,0.0001640093833247187,Aug 2026,-1.250299789745603e-05
block_mycertificates,80,0.0005172878184094582,0.0005297774493808783,May 2026,-1.2489630971420046e-05
local_course_template,159,0.00028818535793059927,0.0003006723956562912,Jul 2022,-1.2487037725691919e-05
ltisource_ecohub,94,8.672216142906308e-07,1.3282422443826112e-05,Jul 2019,-1.241520082953548e-05
block_html_placeholders,59,2.0579433833944992e-05,3.29333227495679e-05,Jul 2024,-1.2353888915622908e-05
local_courseteam,62,1.0537329070823051e-05,2.2711457004731475e-05,Aug 2023,-1.2174127933908424e-05
tool_cmcompetency,70,8.794005261578947e-05,0.00010011135623050524,May 2025,-1.2171303614715769e-05
mod_ubicast,89,0.00013902159127624874,0.00015116989878474703,Jul 2021,-1.2148307508498286e-05
tool_uploadexternalcontent,74,1.1075654476636875e-05,2.3144387528834544e-05,Mar 2021,-1.2068733052197669e-05
block_myprograms,52,0.0003038342427309229,0.0003158702288826793,Apr 2025,-1.2035986151756421e-05
block_rss_thumbnails,48,3.661067143411098e-05,4.858534482903371e-05,Aug 2024,-1.1974673394922734e-05
repository_tripleplay,42,2.5419372446457315e-06,1.4488401294897817e-05,Jan 2015,-1.1946464050252086e-05
local_externaldisclaimer,113,7.066584041226942e-06,1.8983229246011447e-05,Jan 2019,-1.1916645204784505e-05
enrol_iyzicopayment,67,1.3044182343577116e-05,2.4941969893216268e-05,Feb 2022,-1.1897787549639152e-05
enrol_oneroster,71,1.3394899973081394e-05,2.528533791817509e-05,Jan 2023,-1.1890437945093696e-05
datafield_regex,31,2.8924905046656986e-05,4.0744702558484135e-05,Jul 2026,-1.181979751182715e-05
report_cmcompetency,70,7.129235331337385e-05,8.307466458998825e-05,May 2025,-1.1782311276614405e-05
block_tb_course_nav,65,3.4222096079977115e-06,1.5120074144297351e-05,Nov 2022,-1.1697864536299639e-05
block_qtracker,57,1.9849376865366963e-05,3.1520501453729394e-05,Apr 2024,-1.167112458836243e-05
local_macromucho,81,2.2771624706966322e-05,3.425835600771499e-05,Feb 2022,-1.1486731300748668e-05
local_assignsubmission_download,66,0.00019905918469778706,0.00021049533145313655,Aug 2026,-1.1436146755349494e-05
quiz_exportresults,53,2.8542163873815626e-05,3.994911862245297e-05,Sep 2023,-1.1406954748637347e-05
filter_leeloolxp,65,8.715210109511126e-06,2.011456233179924e-05,Jun 2022,-1.1399352222288113e-05
tool_uploadblocksettings,97,2.8193650021485273e-05,3.951692918122108e-05,Nov 2021,-1.1323279159735807e-05
block_leeloolxp_synchronizer,46,1.886822383382536e-06,1.3159269627336683e-05,Nov 2022,-1.1272447243954148e-05
auth_azureb2c,76,8.408238032590315e-05,9.532039696718051e-05,Aug 2024,-1.1238016641277362e-05
tiny_molstructure,29,0.0001437060053727976,0.0001548977509177899,Aug 2026,-1.11917455449923e-05
mod_designproject,65,1.8136114390053342e-06,1.2921301961154747e-05,Oct 2012,-1.1107690522149413e-05
filter_viewermecaobj,81,7.715411342260258e-06,1.8702373692718037e-05,Jun 2023,-1.0986962350457779e-05
mod_sertifier,62,4.13996468848516e-05,5.234947283416144e-05,Nov 2023,-1.0949825949309841e-05
media_rutube,26,7.953073721688039e-05,9.03747647835363e-05,Aug 2026,-1.0844027566655914e-05
block_statics,89,8.537889362541718e-07,1.1646370945854715e-05,Oct 2019,-1.0792582009600542e-05
format_cards,50,0.0007590003757388098,0.0007697202872704185,May 2026,-1.0719911531608729e-05
local_pluginsfetcher,84,2.619083038807039e-05,3.689256552906248e-05,Jul 2020,-1.0701735140992092e-05
paygw_alipay,67,1.5759127371689865e-05,2.6298466721774785e-05,Oct 2023,-1.053933935008492e-05
availability_criteria_score,44,2.07154056241632e-05,3.12323010628074e-05,Jun 2024,-1.0516895438644198e-05
availability_otherenrolled,40,9.296398057009116e-05,0.00010347336537038456,Apr 2025,-1.0509384800293399e-05
format_popups,65,0.0011925937130552499,0.0012030893802334108,Jan 2026,-1.049566717816093e-05
block_tb_courses,65,1.3518433924054601e-05,2.401052895371123e-05,Feb 2023,-1.049209502965663e-05
repository_pod,63,5.710322021866675e-05,6.754104326353037e-05,Oct 2023,-1.0437823044863615e-05
block_vitrina,26,0.00018366021536667684,0.00019403849472174545,May 2026,-1.0378279355068606e-05
logstore_xapi,134,0.0007522443450176158,0.000762620425211323,Jul 2024,-1.0376080193707127e-05
local_ai_connector,39,0.0002198762492513828,0.0002302452312266203,Jun 2025,-1.03689819752375e-05
availability_wallet,38,1.783048175359515e-05,2.819475704322233e-05,Aug 2024,-1.0364275289627178e-05
repository_filmsondemand,92,5.961518793125575e-06,1.6290180286564264e-05,Jun 2020,-1.032866149343869e-05
block_compile_discussions,141,8.571482498394435e-06,1.888036955696028e-05,Apr 2015,-1.0308887058565843e-05
local_get_user_cohorts,126,2.8074172545284717e-05,3.8356324242979224e-05,Mar 2023,-1.0282151697694507e-05
block_tb_teachers,66,1.4514103315144736e-05,2.4791219533880733e-05,Dec 2021,-1.0277116218735997e-05
local_selfcohort,70,6.530197761184047e-05,7.557785645619767e-05,Sep 2023,-1.0275878844357198e-05
block_todo,105,0.00031013835925733287,0.0003203745613535861,Aug 2020,-1.0236202096253254e-05
local_listcoursefiles,115,0.00022183036583761138,0.00023185774381911025,Oct 2025,-1.0027377981498874e-05
mod_wooclap,97,0.00071563663861063,0.000725579127367943,Jun 2026,-9.942488757312923e-06
mod_mootimeter,34,0.00025711640218003943,0.0002670427545183005,May 2026,-9.926352338261051e-06
profilefield_autocomplete,52,0.00011342478260277423,0.00012331369828903364,Jul 2025,-9.888915686259413e-06
repository_cvod,89,4.236194601769259e-06,1.4091715652089157e-05,Apr 2019,-9.855521050319898e-06
tiny_snippet,35,0.0002949188208990167,0.00030475993266892884,Apr 2026,-9.841111769912135e-06
paygw_paynl,61,5.042972992393094e-06,1.4765816287530349e-05,Oct 2022,-9.722843295137255e-06
block_fastnav,73,4.699759795578533e-05,5.666831398258979e-05,Apr 2024,-9.670716026804465e-06
filter_ecli,140,1.7005544044507908e-06,1.1350780744535545e-05,Jun 2015,-9.650226340084754e-06
local_coursetransfer,31,0.00011950147379441998,0.00012910680683362328,Aug 2026,-9.605333039203298e-06
block_iprbookshop_ru,130,3.0246281515777657e-05,3.9850726864845324e-05,Apr 2020,-9.604445349067667e-06
enrol_mmbrio,90,8.521269945769149e-07,1.0443502858031882e-05,Jan 2020,-9.591375863454967e-06
mod_cardtobrain,116,2.5654173686804838e-06,1.2123054602931272e-05,Dec 2019,-9.55763723425079e-06
qtype_molsimilarity,54,7.737156212382867e-05,8.68357068426537e-05,Jun 2026,-9.46414471882502e-06
mod_jupyternotebook,43,7.438869694091825e-05,8.378821431632279e-05,Nov 2024,-9.399517375404545e-06
mod_videotime,97,0.0025413462484773853,0.0025507377352794345,May 2026,-9.391486802049279e-06
theme_almondb,52,0.002890117952954797,0.0028994527168172087,May 2026,-9.334763862411857e-06
local_profiletheme,125,0.00017152331605322057,0.0001808565046430267,Feb 2025,-9.333188589806139e-06
logstore_lanalytics,64,0.0011688072164357413,0.0011780888391600235,Jan 2026,-9.281622724282169e-06
mod_labellud,43,1.3550579955189783e-05,2.280927116925924e-05,Jul 2024,-9.258691214069456e-06
atto_studietube,89,2.5616713809665128e-06,1.1798868735297123e-05,Jan 2021,-9.237197354330611e-06
tool_powerusers,47,5.905178977493364e-06,1.5069002309421935e-05,Jun 2024,-9.163823331928571e-06
enrol_oss,77,2.4600821212044304e-05,3.374243301354788e-05,Jul 2023,-9.141611801503575e-06
block_rocketchat,67,8.60733330858582e-07,9.808302182892141e-06,May 2021,-8.947568852033558e-06
filter_codepen,151,5.1508600705462066e-05,6.0432599273637346e-05,May 2018,-8.92399856817528e-06
block_openai_chat,51,0.0022697684566522964,0.002278654746584157,Jun 2026,-8.886289931860688e-06
filter_forumembed,44,3.795902012716767e-05,4.6829119299873936e-05,Dec 2024,-8.87009917270627e-06
auth_saml2sso,119,0.00016230553752463246,0.00017110186294720507,Sep 2018,-8.796325422572612e-06
profilefield_statictext,57,8.308072655302918e-05,9.187514514358974e-05,May 2025,-8.794418590560567e-06
filter_gurls,94,8.551391228934946e-07,9.63407419570011e-06,Feb 2016,-8.778935072806616e-06
format_btns,27,3.194597110584026e-05,4.0697343538839716e-05,Oct 2024,-8.751372432999457e-06
enrol_temporaryaccess,49,3.857167124277495e-05,4.728812897659654e-05,Apr 2024,-8.716457733821586e-06
tool_mergefiles,106,4.185906241587935e-06,1.2889335088049362e-05,Jan 2024,-8.703428846461427e-06
enrol_sber,56,1.3555822725661627e-05,2.2121980696729615e-05,May 2024,-8.566157971067988e-06
filter_iprbookshop_ru,92,1.4940530939433476e-06,9.973819938104325e-06,Oct 2016,-8.479766844160977e-06
tiny_clickview,39,5.587324904967864e-05,6.429448623400712e-05,Apr 2025,-8.421237184328485e-06
block_openai_questions,39,0.0002214488571593764,0.00022976769058130186,Oct 2025,-8.318833421925464e-06
assignsubmission_maharaws,60,0.0001671880241085336,0.00017548807086000288,Jun 2025,-8.300046751469272e-06
repository_s3bucket,160,0.0002304918911344479,0.00023873251006270365,Jun 2026,-8.24061892825575e-06
quiz_essaydownload,28,0.0001355207881648955,0.00014375290928506887,Aug 2026,-8.232121120173378e-06
qformat_simplecsv,72,4.311625552465093e-05,5.134828064875304e-05,May 2024,-8.232025124102111e-06
mod_vpl,171,0.0020882997392480604,0.0020965089858869567,Jun 2026,-8.20924663889628e-06
block_amazon,25,1.048441642488013e-06,9.206704986884426e-06,Jun 2013,-8.158263344396413e-06
atto_aic,32,7.800220626030772e-05,8.613304341647279e-05,Nov 2024,-8.130837156165074e-06
local_culactivity_stream,156,1.0669756389798078e-05,1.8702614110280523e-05,Mar 2013,-8.032857720482445e-06
tool_coursearchiver,130,0.0007866410864433876,0.0007946689052224739,Aug 2025,-8.027818779086275e-06
local_mo_api,64,2.3193480760385494e-05,3.119018920554704e-05,Jul 2024,-7.996708445161546e-06
tool_s3logs,91,4.658993065705541e-05,5.45835344023649e-05,Feb 2025,-7.993603745309487e-06
local_adminsettingsconfig,101,5.122624699462848e-06,1.305858079343937e-05,Sep 2018,-7.935956093976521e-06
tiny_cursive,28,7.994821657670084e-05,8.776721068135476e-05,Jun 2026,-7.818994104653913e-06
report_modulecompletion,44,0.0003999028036196699,0.0004077147813676232,May 2026,-7.811977747953331e-06
local_coursefiles,49,5.0944233581700435e-05,5.8755388255224915e-05,Jan 2024,-7.81115467352448e-06
filter_vowels,126,6.792564477560058e-06,1.4574764521225268e-05,Sep 2015,-7.78220004366521e-06
mod_grouptool,159,0.0005066777153535807,0.0005143104486886783,Mar 2020,-7.632733335097546e-06
tool_securityquestions,81,9.130782377293471e-05,9.891462860580865e-05,Jul 2026,-7.6068048328739384e-06
mod_pulse,62,0.0010924254732813557,0.0010999961878645072,May 2026,-7.570714583151478e-06
local_regperiod,62,3.3962822387800286e-05,4.1484179754386056e-05,Apr 2024,-7.521357366585771e-06
block_lord,71,9.258723553888274e-06,1.6708318632261052e-05,May 2023,-7.4495950783727774e-06
mod_labelwithgroup,66,1.8060638885861512e-05,2.5505794920520383e-05,May 2024,-7.445156034658871e-06
mod_pbm,120,8.502772022253954e-07,8.281877027405754e-06,Aug 2016,-7.4315998251803585e-06
mod_wooflash,72,0.00011736732028777886,0.00012469777023779618,Jun 2024,-7.330449950017321e-06
local_webhooks,108,0.0006884267969373568,0.0006957253615650766,Jun 2026,-7.298564627719779e-06
qtype_tcs,73,0.00018097591058639182,0.0001882678906984639,Oct 2024,-7.291980112072077e-06
enrol_selfwithcapability,47,2.8732834591143315e-05,3.596781323763137e-05,Dec 2024,-7.234978646488052e-06
mod_panopto,97,4.418599070547411e-05,5.1393059810438544e-05,Sep 2021,-7.207069104964434e-06
report_upgradelog,82,0.00023501189483404356,0.0002422002660398577,Sep 2025,-7.188371205814147e-06
auth_companion,45,0.0001077912748284355,0.0001149792932107593,Jul 2026,-7.188018382323807e-06
availability_ipaddress,88,0.0005746716691352278,0.0005818323242180757,May 2026,-7.160655082847863e-06
quizaccess_edusynch,52,6.480353227777173e-06,1.3599151659347874e-05,Mar 2023,-7.1187984315707014e-06
filter_ivs,53,3.2830019660917166e-06,1.0377523108603949e-05,Dec 2023,-7.0945211425122316e-06
local_yuja,80,2.422165431012172e-05,3.1249617329741794e-05,Nov 2024,-7.027963019620075e-06
tool_modedit,75,2.902820663028947e-05,3.605241021015736e-05,Jun 2023,-7.024203579867888e-06
tool_coursefields,83,0.0002714509117557411,0.00027846820800992756,Feb 2025,-7.017296254186443e-06
report_ldapaccounts,41,2.031177538267543e-05,2.72468652733301e-05,Feb 2025,-6.93508989065467e-06
mod_lanebs,73,0.00024882731319648846,0.00025575006525674284,Nov 2024,-6.922752060254376e-06
webservice_restjson,128,0.00013040042701358473,0.00013730563839884423,Nov 2024,-6.905211385259505e-06
local_custompage,26,0.00018765370853821123,0.00019454538167632993,Aug 2026,-6.891673138118703e-06
availability_coursecat,52,2.8308938195092887e-05,3.516757343826882e-05,May 2024,-6.85863524317593e-06
qbank_bulkxmlexport,24,3.1560458586535556e-05,3.8344897870494796e-05,Aug 2026,-6.7844392839592395e-06
mod_kalmediares,109,2.2306194981969372e-05,2.890641244343788e-05,May 2020,-6.600217461468508e-06
filter_formattimestamp,105,2.5654173686804838e-06,9.154863658368134e-06,Mar 2021,-6.58944628968765e-06
local_cohort_profile,84,0.0002449905959327029,0.0002515250306209898,Oct 2024,-6.534434688286873e-06
qbank_quiztimer,24,3.6333179055442185e-05,4.285119603964567e-05,Jul 2026,-6.518016984203487e-06
auth_wallet,38,4.258227709375411e-06,1.0760427834040226e-05,Jul 2024,-6.502200124664815e-06
tool_deletemessage,39,0.0003114230488455294,0.00031792171489417135,May 2026,-6.4986660486419305e-06
mod_subcourse,171,0.003350220987958524,0.003356718012590259,Apr 2026,-6.497024631734859e-06
mod_courseprovider,52,2.516754426052511e-06,8.9794818838953e-06,Dec 2013,-6.462727457842789e-06
filter_autolinkhijacker,150,8.502772022253954e-07,7.287382260612634e-06,Jul 2015,-6.437105058387238e-06
local_login,52,0.0004183739206922287,0.0004247697704759822,Oct 2025,-6.395849783753479e-06
filter_recitactivity,66,0.00017940482639087612,0.0001857939718456917,Jun 2024,-6.389145454815574e-06
local_sitenotice,55,0.0006146197117847823,0.0006209876919224222,Apr 2026,-6.367980137639848e-06
local_qsearchbytype,68,8.910485688193613e-06,1.523314507267582e-05,Jun 2024,-6.322659384482206e-06
availability_criteria_level,46,1.935914924903912e-05,2.56631322720559e-05,Aug 2024,-6.303983023016778e-06
mod_leapbuilder,101,1.7008777986893879e-06,7.964628851242899e-06,Jun 2018,-6.2637510525535114e-06
block_overviewmyrolesincourses,43,3.311129285247689e-05,3.9278909391529296e-05,Jan 2025,-6.167616539052407e-06
tiny_stash,35,0.00023519168597748255,0.00024130306997622038,Apr 2026,-6.111383998737833e-06
block_ask4summary,55,1.7041176419620306e-06,7.78972072932903e-06,Jun 2023,-6.085603087366999e-06
local_remote_courses,133,0.00011229198995759008,0.00011837344098700546,Oct 2025,-6.081451029415379e-06
block_tasklist,46,2.73850468364657e-05,3.3459231665964555e-05,Apr 2024,-6.074184829498857e-06
mod_meetzi,52,3.8264248527142405e-06,9.883889940435272e-06,Dec 2022,-6.057465087721032e-06
mod_scratchpad,54,1.732378734700737e-05,2.3376650366546318e-05,Jul 2023,-6.052863019538949e-06
filter_dxf,81,3.4139087248649506e-06,9.459108391786795e-06,Jul 2021,-6.045199666921844e-06
repository_searchable,112,8.218219480144999e-05,8.8221539151111e-05,Apr 2022,-6.03934434966101e-06
block_quick_user,151,0.00021098683132735453,0.00021701622313843362,Aug 2025,-6.029391811079084e-06
tool_ribbons,67,6.557670672438132e-05,7.159708520000063e-05,Nov 2025,-6.020378475619307e-06
qbank_qtoactivity,43,3.628442731702321e-05,4.217686634376779e-05,Oct 2024,-5.892439026744582e-06
qtype_cloudpoodll,83,0.00022277684575901599,0.00022864521189693726,Sep 2024,-5.86836613792127e-06
block_courseexpiry,64,1.721466661717164e-06,7.555144977866558e-06,Dec 2021,-5.833678316149394e-06
tool_deletecourses,114,0.0008216181614729117,0.0008273987870805965,Dec 2024,-5.780625607684732e-06
plagiarism_pchkorg,92,0.00017374650924430809,0.00017946490454400402,Sep 2025,-5.718395299695933e-06
tool_lifecycle,89,0.0002796110167748418,0.000285283078515038,May 2026,-5.672061740196203e-06
block_newsslider,25,8.684259265753498e-05,9.251345782250214e-05,May 2026,-5.6708651649671656e-06
mod_videoassessment,32,1.8374379559211014e-05,2.4021576345539608e-05,Aug 2026,-5.6471967863285945e-06
mod_livepoll,93,0.00022275480761813865,0.00022835756685091982,Apr 2024,-5.602759232781169e-06
local_imprint,38,5.30780665890489e-05,5.857164334397967e-05,Oct 2025,-5.493576754930771e-06
local_session_dynamodb,105,2.5508316066761863e-06,7.981551207430348e-06,Mar 2020,-5.430719600754162e-06
quizaccess_quilgo,34,0.00019821328831994995,0.00020362693509221754,Aug 2026,-5.4136467722675895e-06
block_znanium_com,146,7.93733778531101e-05,8.472865254344253e-05,Apr 2024,-5.35527469033243e-06
block_availdep,50,2.8186564814086832e-05,3.3496319703562444e-05,Jun 2023,-5.309754889475612e-06
mod_onlyofficeeditor,56,0.00047349306289744394,0.00047880008041970446,May 2026,-5.30701752226052e-06
block_rewardstally,67,1.7102782457869892e-06,7.009652918407628e-06,Jan 2022,-5.299374672620639e-06
tool_cloudmetrics,39,4.595566007729132e-05,5.123884703099462e-05,Nov 2024,-5.283186953703302e-06
enrol_sslcommerz,62,2.5508316066761863e-06,7.829997125882846e-06,May 2022,-5.27916551920666e-06
customfield_semester,48,0.00021502261790418725,0.00022030114374699554,May 2026,-5.278525842808288e-06
local_invitation,60,0.00034034850948947755,0.00034559757479951273,Apr 2026,-5.249065310035188e-06
auth_samlidp,95,0.00010027636782307518,0.00010549083017016076,Aug 2025,-5.214462347085579e-06
local_nolej,25,0.00022670702640615857,0.00023190993974871014,Aug 2025,-5.2029133425515685e-06
local_stream,28,4.9564080161965514e-05,5.465567026135823e-05,Apr 2025,-5.091590099392713e-06
local_custom_registration,66,0.00012045013335155183,0.0001255383247304693,Mar 2025,-5.088191378917477e-06
block_ube_ta,38,0.00010761531131181702,0.00011265290975839265,Aug 2026,-5.037598446575633e-06
mod_citizencam,57,1.0191934745745956e-06,6.032429423372103e-06,Oct 2019,-5.013235948797507e-06
block_zoomonline,24,7.09986086442702e-05,7.598124348732198e-05,Jun 2026,-4.982634843051786e-06
enrol_autoenrol,170,0.00473842612750924,0.0047433744596873054,Apr 2026,-4.948332178065715e-06
filter_stream,29,1.3205105096157349e-05,1.8142337927430867e-05,Oct 2024,-4.937232831273518e-06
contenttype_repurpose,62,0.0003134272516513576,0.00031833484587150563,May 2026,-4.907594220148034e-06
block_wallet,41,2.499294482917343e-05,2.98935190955533e-05,Aug 2024,-4.900574266379869e-06
qbank_genai,27,0.00024869263734579204,0.00025354369723704827,May 2026,-4.851059891256232e-06
auth_shibboleth_link,82,4.8602649208328795e-06,9.655422056429204e-06,Dec 2021,-4.795157135596324e-06
mod_completionmarker,52,6.000875488424644e-06,1.0780974037176337e-05,Jun 2023,-4.780098548751692e-06
mod_courselinks,65,0.00012744090285095886,0.00013220293570360617,May 2023,-4.762032852647312e-06
assignsubmission_snap4arduino,70,1.3604435235606326e-05,1.8359932169813563e-05,Mar 2025,-4.7554969342072365e-06
quizaccess_onesession,125,0.0010032702909490493,0.001007995380861171,Jul 2026,-4.725089912121713e-06
block_forum_groups,47,3.4011088089015816e-06,8.100811506837626e-06,Feb 2025,-4.699702697936045e-06
availability_game,64,9.97650532404921e-05,0.0001044148767947004,Jan 2025,-4.649823554208298e-06
block_opencast,99,0.0002199073012694071,0.00022454912667512337,Aug 2025,-4.641825405716268e-06
mod_stream,29,9.203148872162831e-05,9.665694009484133e-05,Apr 2025,-4.625451373213021e-06
tool_token,65,5.995373909304031e-05,6.45636728666455e-05,Jan 2025,-4.609933773605187e-06
mod_percipio,53,4.5099239542259505e-05,4.970892363242497e-05,Dec 2024,-4.609684090165465e-06
atto_sharing,57,3.056654014902026e-05,3.516917731698991e-05,Nov 2024,-4.6026371679696524e-06
mod_znaniumcombook,74,7.510599194702892e-05,7.970485532230629e-05,Apr 2024,-4.598863375277371e-06
gradeexport_profiles,41,1.3669081318262444e-05,1.8249184808542775e-05,Feb 2025,-4.580103490280331e-06
block_site_announcements,29,9.149818347062481e-05,9.606356759562204e-05,Jul 2026,-4.565384124997226e-06
local_courseexpiry,64,9.799944428108801e-06,1.434229152249764e-05,Nov 2021,-4.5423470943888394e-06
filter_opencast,60,0.00011434945739340974,0.00011878425377734059,Sep 2025,-4.434796383930852e-06
local_maintenance_livecheck,113,0.00040879458903452903,0.00041321112197518746,Nov 2025,-4.416532940658435e-06
auth_edwiserbridge,29,0.0016562267431501972,0.0016606246909436442,May 2026,-4.397947793446976e-06
block_course_statistics,27,3.371675486546232e-05,3.810319006533869e-05,Aug 2026,-4.386435199876369e-06
mod_dynamo,51,0.00016232262528402858,0.0001666984198313296,Jul 2025,-4.375794547301011e-06
tool_opencast,99,0.00026057987133865443,0.0002649277509535107,Aug 2025,-4.347879614856299e-06
qtype_programmedresp,105,8.502772022253954e-07,5.10979187116848e-06,Sep 2014,-4.259514668943085e-06
tool_mentordatabase,75,1.7591245429272812e-06,6.0162283980385485e-06,Sep 2020,-4.2571038551112675e-06
qtype_jack,41,6.843890465297492e-06,1.1031898656369293e-05,May 2024,-4.1880081910718014e-06
filter_jsxgraph,99,0.00038372976609125724,0.00038788472128824985,May 2024,-4.154955196992603e-06
report_lmsace_reports,29,0.00021044269173111477,0.00021458439094771155,Jun 2026,-4.141699216596772e-06
auth_classlink,61,1.7966600441987987e-05,2.2098274462049433e-05,Aug 2024,-4.1316740200614454e-06
tool_uploadexternalcontentresults,74,4.210890870615268e-05,4.621508405193295e-05,Nov 2024,-4.106175345780272e-06
tool_coursesummary,92,7.416582677437719e-06,1.1500982173986598e-05,Apr 2021,-4.084399496548879e-06
tiny_orphanedfiles,29,0.00012027436043142277,0.00012426530157736242,Apr 2026,-3.990941145939658e-06
assignsubmission_submarker,105,4.254260892253136e-06,8.19207797928114e-06,Apr 2019,-3.937817087028003e-06
block_interactivetree,122,4.236194601769259e-06,8.157377216255485e-06,Jun 2020,-3.921182614486226e-06
paygw_paymob,41,3.1136063206001666e-05,3.501730454349309e-05,Jul 2026,-3.881241337491426e-06
quizaccess_failgrade,74,0.00016977455396480952,0.00017364556344417938,May 2026,-3.871009479369862e-06
quiz_certainty,45,2.2893468661305984e-05,2.676363086856158e-05,Jul 2025,-3.870162207255598e-06
qtype_coderunner,165,0.003407699263034675,0.003411465706985207,Apr 2026,-3.7664439505322514e-06
dataformat_xml,65,8.487343503467656e-05,8.86193195229213e-05,Jun 2026,-3.745884488244743e-06
tool_untoken_oauth2,84,8.297877115537617e-05,8.670692701398327e-05,Nov 2024,-3.7281558586070964e-06
block_deft,51,0.0001431458819248106,0.00014681000684780323,Oct 2025,-3.6641249229926428e-06
tool_cohortheader,62,5.112352925886092e-06,8.752968758501787e-06,Jun 2024,-3.640615832615695e-06
availability_integrityadvocate,78,1.309101116362164e-05,1.6699462572844094e-05,Apr 2022,-3.6084514092224542e-06
local_campaign,68,1.0210226141407526e-05,1.3814372526388403e-05,Jan 2022,-3.6041463849808765e-06
mod_panoptosubmission,56,0.00018814764337712528,0.0001917486972118382,Aug 2026,-3.601053834712914e-06
mod_adaptivequiz,160,0.0006116783309980307,0.0006152727138790406,Aug 2025,-3.5943828810098763e-06
mod_lessonspace,66,4.924502949137575e-06,8.501152323931326e-06,Nov 2021,-3.5766493747937516e-06
format_flexsections,166,0.004000032660153013,0.004003585386236987,May 2026,-3.552726083974611e-06
mod_folderexamtimer,45,5.964411746867107e-06,9.497201792015762e-06,Apr 2024,-3.5327900451486556e-06
search_azure,102,2.903227565095381e-05,3.256110732517758e-05,Nov 2024,-3.528831674223773e-06
block_groups,169,0.00024253022428408178,0.00024593275777138983,Aug 2017,-3.4025334873080465e-06
calendartype_jewish,81,8.142050611015524e-06,1.1520477089484944e-05,Jan 2021,-3.378426478469421e-06
mod_sortvoting,39,6.539920412282346e-05,6.876395955858155e-05,Oct 2024,-3.3647554357580875e-06
local_navbarplus,112,0.0006178219901344973,0.0006211559499869119,Nov 2025,-3.333959852414568e-06
mod_bizexaminer,36,1.4573554757602707e-05,1.7900421723229276e-05,Feb 2025,-3.3268669656265695e-06
tiny_corrections,25,0.00012875345392668658,0.00013207687044281542,Jun 2026,-3.3234165161288333e-06
paygw_duitku,52,5.442079144038457e-05,5.7694298276128304e-05,Jun 2026,-3.2735068357437377e-06
enrol_xp,101,0.0008966189172954005,0.0008998836760798958,Nov 2025,-3.264758784495307e-06
mod_concordance,73,0.00012677218196638265,0.00013001260733465592,Aug 2025,-3.240425368273268e-06
logstore_splunk,119,7.111615095946552e-06,1.0328604920049504e-05,Apr 2019,-3.216989824102952e-06
profilefield_brasilufmunicipio,55,6.387021566164032e-05,6.707437265583935e-05,Apr 2024,-3.204156994199032e-06
mod_mumie,82,5.356746374019991e-05,5.6698755219480586e-05,Jan 2023,-3.1312914792806746e-06
mod_coursebadges,50,3.8669810693815916e-05,4.1767610364829745e-05,Oct 2024,-3.097799671013829e-06
gradeexport_apogee,74,6.0595810749283394e-05,6.368721040254363e-05,Jul 2026,-3.091399653260235e-06
mod_ivs,69,0.0002053138400995208,0.00020839107087736218,Apr 2024,-3.077230777841374e-06
local_dyslexia,30,0.0001422854080959663,0.0001453460894113422,May 2026,-3.0606813153759033e-06
tool_inactive_user_cleanup,145,0.00027301616063363183,0.0002760669045694276,Jun 2025,-3.0507439357957715e-06
local_dompdf,64,7.267641098546686e-05,7.56594843253512e-05,Oct 2024,-2.983073339884345e-06
block_accessibility_overview,27,9.503052903123992e-05,9.801221595936773e-05,May 2026,-2.9816869281278145e-06
format_softcourse,89,0.0010048594806499175,0.0010078400108449717,Apr 2026,-2.9805301950541763e-06
qbehaviour_adaptiveexternalgrading,81,7.983786723074517e-05,8.278109710365661e-05,Apr 2022,-2.9432298729114388e-06
mod_iconactivatecontent,44,1.3037983156988117e-05,1.592576210460917e-05,Nov 2024,-2.8877789476210535e-06
local_wsgetroles,73,0.00015773410685719635,0.00016057659099931896,Aug 2026,-2.8424841421226027e-06
mod_clearlesson,72,4.275695614467473e-06,7.11478761173181e-06,Jul 2018,-2.839091997264337e-06
media_kinescope,34,1.851744710777655e-05,2.134904312680989e-05,Jul 2026,-2.831596019033343e-06
block_bookmarks,139,1.0203326426704745e-05,1.3029518853005101e-05,Mar 2015,-2.8261924263003558e-06
tool_directsso,51,0.00010585577149245306,0.00010867035404287943,Aug 2026,-2.8145825504263724e-06
local_ulibot,32,3.4420247744298105e-05,3.721941346434449e-05,Nov 2025,-2.7991657200463873e-06
mod_dicomviewer,60,1.0629110449892065e-05,1.3427186117342296e-05,Aug 2024,-2.7980756674502305e-06
mod_leganto,108,3.5832713056150155e-05,3.861131678111184e-05,Feb 2020,-2.778603724961685e-06
filter_medimgviewer,41,8.176238807609281e-06,1.0948450161244434e-05,Dec 2024,-2.772211353635153e-06
local_debugtoolbar,44,3.3073084823297624e-05,3.583029596721023e-05,Apr 2025,-2.7572111439126034e-06
local_treestudyplan,28,9.413752861073388e-05,9.685521147834451e-05,Jun 2026,-2.717682867610637e-06
quiz_export,68,0.00036455347667839694,0.00036725891071518347,Jun 2026,-2.7054340367865283e-06
block_edureportbook,90,1.6944778407077033e-06,4.376980070878288e-06,Dec 2021,-2.682502230170585e-06
quizaccess_hidecorrect,38,0.00024585264463289347,0.00024853060315472485,Jun 2026,-2.67795852183138e-06
block_floatingbutton,45,0.00021205939690146418,0.00021472371364920228,May 2026,-2.6643167477381053e-06
mod_vinapse,27,1.0060654690175702e-05,1.271618329357205e-05,Oct 2025,-2.655528603396348e-06
block_lpprogress,67,0.00020572925851332547,0.00020838341089696638,Sep 2024,-2.654152383640908e-06
assignsubmission_beetleblocks,70,1.1405230296917697e-05,1.405473981150153e-05,Apr 2022,-2.6495095145838338e-06
mod_iadlearning,116,7.109679986891033e-06,9.743987559936085e-06,Jun 2018,-2.6343075730450517e-06
filter_filtercodes,109,0.006257051697347086,0.006259685521147834,Apr 2026,-2.633823800748253e-06
local_eportfolio,24,6.059687986635287e-05,6.319835116037006e-05,Jul 2026,-2.6014712940171836e-06
assignfeedback_grades_chart,49,3.0718756445272983e-05,3.3301899235607674e-05,Sep 2024,-2.58314279033469e-06
mod_srg,43,1.4477974211876394e-05,1.7049859987448193e-05,May 2025,-2.5718857755717985e-06
local_yujaverity,39,8.472389203538518e-06,1.1042119783922432e-05,Nov 2024,-2.569730580383915e-06
local_deepler,29,7.504959915789809e-05,7.754190458255614e-05,Aug 2026,-2.4923054246580472e-06
block_completedcourse,46,4.6382568045189084e-05,4.886856235386125e-05,Feb 2025,-2.4859943086721686e-06
mod_timetableevents,34,2.4828727793531103e-05,2.7311179842730744e-05,Oct 2024,-2.482452049199642e-06
paygw_mollie,65,3.175319550619682e-05,3.419002763047292e-05,Jul 2026,-2.4368321242760956e-06
block_group_members,47,1.2910999962878729e-05,1.532343986336227e-05,Oct 2024,-2.4124399004835392e-06
tool_globaladtool,91,1.6822221394865537e-05,1.92342146540904e-05,Aug 2025,-2.411993259224863e-06
local_webmonetization,39,8.867565115999996e-07,3.272786777941417e-06,Feb 2022,-2.3860302663414174e-06
filter_akamaitoken,68,8.502772022253954e-07,3.232034522897124e-06,May 2021,-2.381757320671729e-06
block_ubicast,89,8.265773543820231e-05,8.503163212648959e-05,Jul 2021,-2.373896688287274e-06
tiny_sketch,40,0.0004019703961494553,0.0004043419313695822,Apr 2026,-2.371535220126934e-06
tool_htmlbootstrapeditor,40,0.0006336069863857719,0.0006359746810686537,May 2026,-2.3676946828818293e-06
mod_randomactivity,70,0.00012903526619601385,0.00013138995336486525,May 2026,-2.354687168851401e-06
block_mycourse,29,6.424511189599478e-05,6.659245915133975e-05,May 2026,-2.3473472553449723e-06
tool_resetpasswords,35,7.652494820028558e-05,7.884039577307849e-05,May 2026,-2.3154475727929085e-06
mod_mposter,68,4.253662506861321e-06,6.440300754596839e-06,Nov 2021,-2.1866382477355176e-06
report_sphorphanedfiles,51,0.00015098397166710413,0.00015316530215492456,Aug 2026,-2.181330487820431e-06
repository_videofront,89,1.5128918977179281e-05,1.729843243428087e-05,May 2020,-2.16951345710159e-06
local_revoke_consent,97,2.5666572059982834e-06,4.729554195893397e-06,Nov 2020,-2.162896989895114e-06
availability_user,61,0.0004263161223783325,0.0004284732151790873,Apr 2026,-2.157092800754792e-06
availability_facetoface,31,1.9272863817467162e-05,2.1391801976944772e-05,Aug 2026,-2.11893815947761e-06
local_string_override,122,1.8850802251861206e-05,2.0966568595388474e-05,Aug 2019,-2.1157663435272675e-06
mod_serlo,27,2.4231984443753193e-05,2.6345016168955727e-05,Aug 2025,-2.1130317252025346e-06
tool_supporter,91,0.0003067154762782557,0.00030881677650518335,Oct 2025,-2.101300226927641e-06
local_och5pcore,59,5.3796767956711757e-05,5.5885604683152926e-05,Jun 2025,-2.0888367264411693e-06
enrol_invitation,172,0.0006448614943836792,0.0006469237313411055,Apr 2012,-2.0622369574262774e-06
format_sections,48,5.8898919623514916e-05,6.095198653378577e-05,Apr 2026,-2.053066910270851e-06
mod_goodhabits,65,0.0001230302393846618,0.00012507786304056831,Apr 2026,-2.0476236559065155e-06
local_ibob,36,7.044507216720129e-05,7.248004497601945e-05,Jun 2025,-2.0349728088181614e-06
block_dash,81,0.000634719136768567,0.0006367457800907767,Oct 2025,-2.0266433222096555e-06
local_ws_enrolcohort,97,0.00012576608341683754,0.00012779108023098308,Jul 2026,-2.024996814145542e-06
auth_mumie,82,6.802217617803163e-05,7.003418311108139e-05,Jan 2023,-2.012006933049763e-06
tiny_wordlimit,31,0.00016915515670728998,0.0001711665375263847,Apr 2026,-2.011380819094715e-06
enrol_ibobenrol,36,7.514057888959543e-05,7.71448453143371e-05,Jun 2025,-2.0042664247416737e-06
tool_abconfig,78,2.6102035617287272e-05,2.8103875295733305e-05,May 2024,-2.0018396784460333e-06
filter_camo,85,8.875158120299567e-07,2.880071103900687e-06,Oct 2016,-1.9925552918707303e-06
quiz_archiver,39,0.0002656184862923144,0.00026759925225423897,May 2026,-1.9807659619245884e-06
paygw_yookassa,27,3.744563015375188e-05,3.936091563757838e-05,Aug 2026,-1.9152854838265043e-06
message_appcrue,63,5.6695175192053435e-05,5.860416009955189e-05,Jul 2026,-1.9089849074984563e-06
mod_cardbox,52,0.00023556276187543774,0.00023742059966502197,May 2026,-1.8578377895842274e-06
report_hybridmeter,32,3.030127708545253e-05,3.2142201606519936e-05,Jul 2025,-1.8409245210674051e-06
tool_bulkemail,67,0.0004891248997074927,0.0004909486874489587,May 2026,-1.8237877414659966e-06
format_multitopic,82,0.002918351499857015,0.0029201522992779974,Apr 2026,-1.8007994209822548e-06
local_learningtools,62,0.000443569930479616,0.00044534648662359743,May 2026,-1.7765561439814443e-06
mod_typorepo,65,1.721466661717164e-06,3.4900546176758652e-06,Nov 2022,-1.7685879559587012e-06
profilefield_brasilcep,40,2.4437265642842172e-05,2.618527019476525e-05,Nov 2025,-1.7480045519230789e-06
filter_wavefront,51,1.4717229853696706e-05,1.645786517200057e-05,Apr 2025,-1.7406353183038658e-06
plagiarism_strike,108,0.00014202286914776678,0.00014375290928506887,Aug 2026,-1.7300401373020907e-06
availability_gwpayments,59,7.27261073191303e-05,7.44434708797678e-05,Apr 2026,-1.717363560637498e-06
mod_reengagement,122,0.0036389963693778077,0.003640679910336273,Apr 2026,-1.683540958465242e-06
mod_whiteboard,50,0.00013689120871526877,0.0001385639860582251,May 2026,-1.6727773429563414e-06
mod_securepdf,70,0.0007609992780653599,0.0007626374132020631,Jun 2026,-1.6381351367032466e-06
repository_opencast,60,0.00012666928338325468,0.00012830384490811284,Sep 2023,-1.6345615248581648e-06
quizaccess_wifiresilience,65,7.101815864091546e-05,7.264140860875839e-05,Apr 2026,-1.6232499678429279e-06
assignsubmission_cloudpoodll,96,0.0002451389722177605,0.0002467383001986773,Sep 2024,-1.5993279809168085e-06
quiz_filedownloader,47,9.461999235918273e-05,9.617833898919198e-05,May 2026,-1.5583466300092563e-06
block_pinned_users,99,8.742824842768363e-07,2.4203672439843484e-06,Jun 2018,-1.546084759707512e-06
tool_redis,76,0.0009252151540615789,0.0009267471433549864,May 2026,-1.5319892934075388e-06
enrol_gwpayments,59,0.00014044403364969456,0.00014196217033528487,May 2026,-1.518136685590304e-06
calendartype_thaibuddhist,104,1.9835906435631797e-05,2.1347261508054273e-05,Jul 2026,-1.5113550724224764e-06
local_obf,155,0.0005222797713564471,0.0005237800999240631,Mar 2024,-1.5003285676160223e-06
mod_collabwordcloud,52,0.000170172979057833,0.00017166049712485682,May 2026,-1.4875180670238179e-06
filter_dbconcept,67,9.428630748233878e-06,1.088540275645852e-05,Dec 2024,-1.4567720082246419e-06
local_csp,113,0.0010650482334195917,0.0010664960725454895,Apr 2026,-1.4478391258977968e-06
assignsubmission_mojec,105,2.5616713809665128e-06,3.99037582830575e-06,Aug 2019,-1.4287044473392372e-06
mod_ispring,33,0.00018300360679643194,0.00018442763820316463,May 2026,-1.4240314067326886e-06
filter_translations,51,0.000361790202087894,0.00036320704304379194,Jun 2026,-1.4168409558979237e-06
atto_medimgviewer,29,1.7005544044507908e-06,3.1165640403280545e-06,Feb 2025,-1.4160096358772637e-06
report_payments,44,0.00014078576442718614,0.00014213342267434186,Jun 2026,-1.3476582471557157e-06
filter_aijammer,30,3.981663322264072e-05,4.1158867667889985e-05,May 2026,-1.3422344452492673e-06
filter_moddata,43,2.6567026558535954e-05,2.790576485857686e-05,Jul 2026,-1.338738300040905e-06
mod_cooradbridge,26,3.4909335924854937e-06,4.829467098299272e-06,Apr 2015,-1.3385335058137783e-06
qbehaviour_studentfeedbackimmediate,56,7.297298316381317e-05,7.431132604804018e-05,Aug 2026,-1.338342884227013e-06
repository_res,93,8.537707832438079e-07,2.18399019553099e-06,Jun 2018,-1.330219412287182e-06
tool_ischolarsync,60,5.413113912052889e-06,6.73778575829638e-06,Jun 2022,-1.3246718462434906e-06
mod_kialo,38,0.0004572289531057747,0.00045854949458031723,Apr 2026,-1.3205414745425252e-06
local_meccertbulkdownload,30,5.773679805926049e-05,5.904137345636757e-05,Aug 2026,-1.3045753971070766e-06
quiz_outline,30,9.970578381456418e-06,1.1258546115764775e-05,May 2024,-1.2879677343083575e-06
block_clampmail,42,0.0001071604076988076,0.0001084477884478234,May 2026,-1.2873807490158015e-06
profilefield_phone,26,8.845461332006656e-05,8.973077444319074e-05,May 2026,-1.2761611231241804e-06
block_cinfo,30,0.0001432726243946497,0.00014448209125839825,May 2026,-1.2094668637485423e-06
local_lionai_reports,32,6.466184729783721e-05,6.586683190296596e-05,Apr 2026,-1.2049846051287493e-06
qbehaviour_certaintywithstudentfbdeferred,45,6.453462174666646e-05,6.573960635179519e-05,Jul 2026,-1.2049846051287357e-06
tiny_filterws,44,4.604496865746729e-05,4.7232440636065285e-05,Aug 2025,-1.1874719785979966e-06
mod_otopo,25,8.290111139730547e-05,8.408758943183994e-05,May 2026,-1.1864780345344678e-06
block_skillscard,46,1.3688838431990846e-05,1.4827019928308495e-05,Oct 2024,-1.1381814963176494e-06
local_innoedtools,102,1.2382189861898166e-06,2.3715958705772702e-06,Mar 2018,-1.1333768843874536e-06
paygw_cardinity,55,4.236194601769259e-06,5.356707200313528e-06,Apr 2025,-1.1205125985442694e-06
scormreport_numbas,59,1.0951494180228904e-05,1.2060501928988732e-05,May 2026,-1.1090077487598271e-06
atto_filterws,91,8.943614220468644e-06,1.0039709255507713e-05,Aug 2020,-1.0960950350390688e-06
tool_userupsert,58,1.113911042155435e-05,1.2226101088927554e-05,Dec 2022,-1.0869906673732045e-06
mod_naas,65,3.3380112528778785e-05,3.446585222711075e-05,Jul 2026,-1.0857396983319652e-06
availability_weekday,44,0.00010379810824692408,0.0001048630510585915,May 2026,-1.06494281166743e-06
block_edutechpreferences,54,8.502772022253954e-07,1.8980987025679022e-06,Jul 2023,-1.0478215003425067e-06
gradereport_markingguide,53,0.00013959069208952397,0.00014063245982810535,Jul 2025,-1.0417677385813869e-06
filter_sectionnames,115,0.00012599726159423735,0.000127036739205619,Sep 2024,-1.0394776113816385e-06
enrol_campusonline,24,1.818823015145119e-05,1.9204050551740722e-05,Aug 2026,-1.015820400289532e-06
qbank_filtername,24,0.00010862049405707897,0.00010961559000040967,May 2026,-9.950959433306997e-07
qtype_reacsimilarity,32,2.3135075490920574e-05,2.411904175384411e-05,May 2026,-9.839662629235362e-07
block_thumblinks_action,46,2.2924805230968044e-05,2.390620758669112e-05,Oct 2024,-9.814023557230762e-07
block_timestat,170,0.0005210763803431809,0.0005220556306383228,Apr 2026,-9.792502951419448e-07
mod_opencast,66,0.00016683720076885594,0.0001678118553477635,Sep 2025,-9.746545789075648e-07
block_taggedcoursesearch,91,0.00018455178981769055,0.00018551457534768953,Apr 2026,-9.627855299989803e-07
format_redirected,60,6.957685720013736e-05,7.053637553846632e-05,Jul 2025,-9.595183383289665e-07
block_motrain,42,6.818942635478424e-05,6.911951495990255e-05,Jun 2026,-9.300886051183117e-07
mod_scormremote,44,0.00018544965808154322,0.00018637343912244735,Apr 2026,-9.2378104090413e-07
qformat_printout,90,0.00030743805031668825,0.00030834934259963727,Jun 2024,-9.112922829490155e-07
local_wswizard,49,7.668529388829138e-06,8.573740172733105e-06,Oct 2025,-9.052107839039663e-07
local_prometheus,33,2.9804393986637028e-05,3.0675918296395834e-05,Aug 2026,-8.71524309758806e-07
tool_skills,35,4.3287820968306195e-05,4.411916926998047e-05,Jun 2026,-8.313483016742719e-07
customfield_textregex,29,6.615223219351427e-05,6.69827652380261e-05,May 2026,-8.305330445118272e-07
qtype_answersselect,62,0.0002242383484717866,0.00022505806509940098,Apr 2025,-8.197166276143668e-07
local_session_keepalive,112,0.0004271181537809605,0.00042793156208628365,Nov 2025,-8.134083053231529e-07
local_accessibility_filescan,29,1.0266628823993134e-05,1.1077414940365163e-05,Aug 2026,-8.107861163720295e-07
tool_groupautoenrol,125,0.0002715406772946747,0.000272351025685841,Apr 2026,-8.103483911662992e-07
mod_pingo,40,1.327362433646089e-05,1.4068600308029194e-05,Aug 2025,-7.949759715683034e-07
qbehaviour_deferredallnothing,136,0.00027635852718060124,0.00027714546267624114,Aug 2018,-7.869354956398992e-07
block_cohortspecifichtml,103,0.0005830845650186148,0.0005838594907514263,Apr 2026,-7.749257328115234e-07
filter_stackview,48,7.746599977727238e-06,8.493893415716965e-06,Oct 2025,-7.472934379897269e-07
paygw_robokassa,27,2.7376850193950584e-05,2.8119591771696183e-05,Jun 2026,-7.427415777455991e-07
assignsubmission_onlyoffice,42,9.647075843025147e-05,9.721322560501605e-05,May 2026,-7.42467174764586e-07
tool_asynccourseimport,79,2.0187998148965924e-05,2.0929531207939675e-05,Jul 2026,-7.415330589737506e-07
report_securityaudit,29,0.00038231468920894016,0.00038305324354198856,Apr 2026,-7.385543330483955e-07
qtype_essayannotate,26,2.3985139315172423e-05,2.4711048280422352e-05,May 2026,-7.259089652499284e-07
plagiarism_origai,34,3.9497751661321284e-05,4.021658771665617e-05,Jun 2026,-7.188360553348828e-07
tool_opensesame,41,1.3771733293737312e-05,1.4485850306631366e-05,Aug 2026,-7.141170128940542e-07
mod_pokcertificate,24,4.4270581069606285e-05,4.4967614832864706e-05,Apr 2026,-6.970337632584213e-07
tool_redirects,41,0.0003438134805189058,0.00034446889853100135,Apr 2026,-6.554180120955455e-07
qbehaviour_adaptive_adapted_for_coderunner,165,0.0034322160750881684,0.0034328515251082336,Apr 2026,-6.354500200651814e-07
local_accountdate_profile,32,3.0368075206459798e-05,3.098955628793199e-05,May 2026,-6.214810814721914e-07
tool_userdebug,74,0.0003911681393427791,0.0003917881880138477,Apr 2026,-6.200486710686444e-07
local_virus_scanner,46,6.815513151221219e-06,7.428559890485959e-06,Jun 2025,-6.130467392647403e-07
block_timezoneclock,45,0.00017572969761209733,0.00017633997030531932,May 2026,-6.102726932219894e-07
local_envbar,125,0.0003292701532591384,0.00032986239330057456,Nov 2025,-5.922400414361609e-07
report_simultaneous,42,6.380702024174652e-05,6.439715697125132e-05,May 2026,-5.901367295047997e-07
message_msgraph,58,3.182236908192494e-05,3.2408904149419795e-05,May 2026,-5.865350674948524e-07
mod_certifygen,24,2.1182837116745204e-05,2.1722701379008427e-05,May 2026,-5.39864262263223e-07
profilefield_coupon,24,1.2376103297460288e-05,1.2910680683362328e-05,Aug 2026,-5.345773859020396e-07
mod_smartchoice,119,4.925628787053139e-06,5.458902651389018e-06,Mar 2017,-5.332738643358787e-07
tool_driprelease,24,3.084452536193584e-05,3.133571614637637e-05,May 2026,-4.911907844405318e-07
mod_isardvdi,48,4.624170854129609e-06,5.08647331742882e-06,May 2025,-4.6230246329921094e-07
auth_emailotp,69,4.760039101971497e-05,4.806204353841303e-05,Sep 2025,-4.616525186980586e-07
message_localmail,32,0.0001383465393156848,0.00013878981734614503,Apr 2026,-4.4327803046023597e-07
plagiarism_urkund,172,0.0005314980726652679,0.000531935267258135,May 2012,-4.371945928670438e-07
tool_emailutils,31,1.788455637937672e-05,1.8321071280140217e-05,Jul 2026,-4.3651490076349625e-07
mod_peerwork,81,0.0004149599388940268,0.00041538463919470387,Feb 2026,-4.24700300677048e-07
local_feedbackchoicegenerator,56,8.534771812162375e-06,8.92784533385588e-06,Apr 2025,-3.9307352169350534e-07
mod_exammanagement,32,3.16529934020009e-05,3.204141909984806e-05,Feb 2026,-3.884256978471616e-07
local_table_sql,33,2.7486231135816515e-05,2.7865061094703137e-05,May 2026,-3.7882995888662254e-07
plagiarism_originality,40,0.00015325507816040904,0.00015363240441392578,Jun 2026,-3.7732625351674263e-07
qbehaviour_survey,75,0.0001003172360603088,0.00010069100903494367,May 2026,-3.7377297463486573e-07
paygw_airtelafrica,43,1.6321338312863867e-05,1.6678471152260664e-05,Oct 2025,-3.571328393967974e-07
tiny_medial,31,5.123215419178213e-05,5.158727460945931e-05,May 2026,-3.5512041767717833e-07
report_rubric_list,32,2.7208870471212652e-05,2.7553637748149733e-05,Jun 2026,-3.447672769370801e-07
local_webshell,27,4.465365860345692e-05,4.497156049124722e-05,Jan 2026,-3.1790188779029754e-07
mod_mmogame,24,1.616420942198369e-05,1.647783319683975e-05,Nov 2025,-3.136237748560597e-07
assignsubmission_edusharing,32,1.3941629955574278e-05,1.4252594144415579e-05,Jul 2026,-3.109641888413004e-07
qtype_lti,83,6.558019848529217e-05,6.58867500889899e-05,Apr 2026,-3.0655160369772946e-07
assignsubmission_comparativejudgement,72,1.889839173068448e-05,1.920095280703741e-05,Apr 2025,-3.0256107635293165e-07
mod_teamviewerclassroom,46,6.000037748876104e-06,6.3006311719848215e-06,Oct 2024,-3.005934231087172e-07
report_coursemodstats,54,3.530048310645254e-05,3.559030677027928e-05,May 2026,-2.898236638267424e-07
mod_wordcards,76,0.00038285975973328316,0.00038314526767823124,Oct 2025,-2.8550794494808067e-07
qformat_proforma,81,1.3952758355889795e-05,1.423208122139898e-05,May 2026,-2.793228655091848e-07
block_accessibility_filescan,31,1.1903880831155537e-05,1.2177238532053686e-05,Jul 2026,-2.7335770089814977e-07
qtype_regexp,172,0.0008970779442054193,0.0008973427830717936,May 2012,-2.6483886637429597e-07
filter_ubicast,66,6.57177429536503e-05,6.596173885163118e-05,Aug 2026,-2.439958979808806e-07
paygw_chargebee,38,2.561312349731424e-06,2.795031395258533e-06,Oct 2024,-2.3371904552710895e-07
auth_cognito,27,2.014384163368611e-05,2.0373340804995918e-05,Sep 2025,-2.294991713098071e-07
paygw_payanyway,27,4.2596957195132625e-06,4.4874165375973435e-06,Apr 2025,-2.2772081808408102e-07
local_shopping_cart,37,9.067848917967229e-05,9.089708783473592e-05,May 2026,-2.1859865506363568e-07
block_definitions,64,4.442450054290642e-05,4.464236288574728e-05,Jun 2022,-2.1786234284086066e-07
availability_time,46,0.00026366468203904074,0.0002638620364662176,Apr 2026,-1.9735442717685537e-07
block_minhabiblioteca,43,2.1047036796659693e-05,2.1234733539292412e-05,Nov 2025,-1.8769674263271853e-07
gradeexport_groupfilter_xls,31,7.950590663041604e-05,7.969073489494647e-05,Jun 2026,-1.8482826453043103e-07
local_tier,33,7.947566812487778e-06,8.131707642341477e-06,Jun 2026,-1.8414082985369936e-07
mod_rumbletalkchat,44,2.3018058813980706e-05,2.3193246126727895e-05,Apr 2026,-1.751873127471891e-07
repository_panopto,97,5.518307009042392e-05,5.535655807358573e-05,Feb 2025,-1.734879831618132e-07
format_psg,54,1.2625532118938554e-05,1.2783247259468454e-05,Aug 2022,-1.5771514052989922e-07
quizaccess_quizproctoring,50,0.00011775412371570642,0.0001179097608139514,Apr 2026,-1.5563709824498347e-07
paygw_cryptocloud,29,6.480353227777173e-06,6.5925179355001945e-06,May 2026,-1.1216470772302176e-07
plagiarism_plagium,31,8.551391228934946e-07,9.577149914601418e-07,Aug 2024,-1.0257586856664715e-07
gradingform_rubric_ranges,39,0.00018066275863401276,0.0001807495295670726,Aug 2026,-8.677093305984804e-08
enrol_poasdatabase,39,3.798740957257834e-06,3.880957249192231e-06,Sep 2025,-8.221629193439693e-08
tool_ltigroupautoenrol,24,1.7926922018246807e-05,1.8000113246628313e-05,May 2026,-7.31912283815057e-08
quizaccess_announcements,38,2.4755985395809894e-05,2.482246210735349e-05,Jun 2024,-6.647671154359444e-08
mod_stackview,53,3.8199538124397864e-05,3.8263290985609166e-05,Dec 2025,-6.375286121130267e-08
local_aise,24,5.061202683622355e-06,5.112653049399306e-06,Aug 2026,-5.145036577695082e-08
tool_bulkchangeprofilefields,53,9.612807243151707e-05,9.6175058625143e-05,Sep 2025,-4.698619362592763e-08
block_campaign_manager,39,2.2924905111765193e-05,2.2969777537051132e-05,Sep 2025,-4.487242528593928e-08
report_offlinequizcron,66,0.0002001676617029281,0.00020021068889939552,Oct 2025,-4.302719646740827e-08
local_modcustomfields,72,0.00046959024008684345,0.00046963256598166463,Jun 2026,-4.2325894821176966e-08
block_site_stats,28,0.00013279275202059351,0.00013282706761828377,Apr 2026,-3.431559769025432e-08
gradeexport_group,32,3.1745809735585585e-05,3.177795966603941e-05,Apr 2026,-3.2149930453823886e-08
plagiarism_advacheck,30,5.7714711268376394e-05,5.7735124260624484e-05,Apr 2026,-2.0412992248089554e-08
paygw_mtnafrica,42,1.7073093376420617e-05,1.7073093376420617e-05,Mar 2026,0.0
block_completion_levels,45,0.00041450121575289673,0.00041450121575289673,May 2026,0.0
qformat_crossxml,102,0.00015491295955906892,0.00015491295955906892,May 2026,0.0
mod_guestquiz,40,3.70348942155531e-05,3.70348942155531e-05,May 2026,0.0
enrol_wallet,41,0.00016354796254826204,0.00016354796254826204,Dec 2025,0.0
assignsubmission_random,159,9.133661826530589e-05,9.133661826530589e-05,Jan 2026,0.0
auth_magic,42,0.00012308006719507868,0.00012308006719507868,Feb 2026,0.0
auth_relogin,39,4.149865111276871e-05,4.149865111276871e-05,May 2026,0.0
local_bulkenrol,103,0.0024234341850334195,0.0024234341850334195,May 2026,0.0
mod_ardora,26,1.0188846716340087e-05,1.0188846716340087e-05,Jul 2026,0.0
block_uicustomcss,146,0.0001872745871075926,0.0001872745871075926,Nov 2025,0.0
block_timetable,60,0.00044411140356850567,0.00044411140356850567,Feb 2026,0.0
block_simple_calculator,68,0.0001327605258235735,0.0001327605258235735,Feb 2026,0.0
availability_examus2,34,7.506676694293154e-05,7.506676694293154e-05,May 2026,0.0
mod_mooduell,37,7.556727981285566e-05,7.556727981285566e-05,Mar 2026,0.0
tiny_iorad,38,1.5788643682675553e-05,1.5788643682675553e-05,Feb 2026,0.0
block_people,170,0.0014513530044240061,0.0014513530044240061,Mar 2026,0.0
enrol_semco,33,2.482684145643499e-05,2.482684145643499e-05,Nov 2025,0.0
mod_surveypro,36,0.00037339031287511766,0.00037339031287511766,Oct 2025,0.0
mod_certificatebeautiful,31,0.002141931131152687,0.002141931131152687,Mar 2026,0.0
mod_wordcloud,64,0.00045592572088583246,0.00045592572088583246,May 2026,0.0
paygw_fawry,27,1.0085945984786187e-05,1.0085945984786187e-05,Nov 2025,0.0
filter_gitquotes,24,1.6981411193900143e-05,1.6981411193900143e-05,Mar 2026,0.0
auth_coupon,30,4.0634043773616816e-05,4.0634043773616816e-05,Mar 2026,0.0
tool_clearbackupfiles,70,0.0007921108977273552,0.0007921108977273552,Feb 2026,0.0
tool_usersuspension,137,0.0005393315043051739,0.0005393315043051739,Mar 2026,0.0
block_disealytics,29,3.770160450372241e-05,3.770160450372241e-05,Mar 2026,0.0
mod_moodlenet,76,1.0341008546177307e-05,1.0341008546177307e-05,Mar 2026,0.0
qformat_csv,100,0.0005425833113266007,0.0005425833113266007,Feb 2026,0.0
tool_apcu,76,0.00036600238702274234,0.00036600238702274234,Nov 2025,0.0
tool_trigger,101,0.0006456389725627734,0.0006456389725627734,Dec 2025,0.0
quizaccess_tcquiz,29,1.9669333820710357e-05,1.9669333820710357e-05,Feb 2026,0.0
tiny_edusharing,27,2.347130665327138e-05,2.347130665327138e-05,Mar 2026,0.0
availability_enrolmentmethod,47,0.00016046573445895675,0.00016046573445895675,Mar 2026,0.0
tool_langpackdropper,55,0.00021438879718205356,0.00021438879718205356,Nov 2025,0.0
report_benchmark,123,0.00609409117857382,0.00609409117857382,May 2026,0.0
antivirus_mimeblocker,88,0.0002941734245562638,0.0002941734245562638,Nov 2025,0.0
mod_plenum,24,2.370156239402366e-05,2.370156239402366e-05,Jan 2026,0.0
block_quizonepagepaginate,39,2.8617872802927392e-05,2.8617872802927392e-05,May 2026,0.0
local_courselist,29,9.102367742328347e-05,9.102367742328347e-05,Oct 2025,0.0
availability_othercompleted,87,0.001591315454363488,0.001591315454363488,May 2026,0.0
filter_ws,91,6.350639101239364e-05,6.35041700844193e-05,Aug 2025,2.2209279743512673e-09
tool_lpcustomfields,41,8.571482498394435e-06,8.55432724921065e-06,Apr 2026,1.7155249183785186e-08
quizaccess_videocapture,28,1.5370028285799074e-05,1.5338285902384467e-05,Nov 2025,3.17423834146067e-08
format_topicsactivitycards,71,0.0004431974020132804,0.00044315666706426515,Apr 2026,4.073494901525414e-08
block_guestcourses,54,1.53999432359897e-05,1.5334904590247742e-05,Oct 2025,6.50386457419582e-08
local_deleteoldquizattempts,92,0.00024094911694469835,0.00024088273893394427,Oct 2025,6.637801075408249e-08
local_devassist,27,4.1901817021781234e-05,4.182127137710348e-05,Nov 2025,8.054564467775542e-08
qbehaviour_adaptiveallnothing,136,0.00022775412076300603,0.00022762686894167478,Aug 2025,1.2725182133125094e-07
mod_learninggoalwidget,37,2.0377693432680175e-05,2.0171891969572375e-05,May 2026,2.058014631077999e-07
block_booksearch,28,1.1075654476636875e-05,1.0854463355331712e-05,Jun 2026,2.2119112130516308e-07
qformat_gift_answersselect,58,9.430914506892412e-06,9.1713483002944e-06,Apr 2022,2.595662065980108e-07
profilefield_orcid,50,1.3081982092174849e-05,1.2804820032315463e-05,Sep 2025,2.771620598593854e-07
mod_bacs,25,8.905287392821665e-06,8.587242039126332e-06,Dec 2025,3.180453536953334e-07
plagiarism_copyleaks,62,0.00035351970680416186,0.0003531875384081011,Jun 2026,3.321683960607366e-07
logstore_graylog,117,3.703437962343599e-05,3.6690212505226316e-05,Nov 2025,3.441671182096741e-07
local_certaintysettings,26,1.0266290699061492e-05,9.885795256225995e-06,Nov 2025,3.8049544283549655e-07
quizaccess_ipaddresslist,125,0.00021871691931018276,0.00021830501604669795,Jan 2026,4.119032634848077e-07
tool_selfsignuphardlifecycle,52,1.109520335581109e-05,1.0672739944649327e-05,Jul 2026,4.224634111617631e-07
qbehaviour_asyncevaluation,43,6.413396620687425e-06,5.988029074447455e-06,Jun 2026,4.2536754623997036e-07
qbehaviour_asyncevaluationimmediate,43,5.55825749779393e-06,5.1325963495263895e-06,Jun 2026,4.2566114826754054e-07
filter_medial,71,6.81553598059171e-05,6.772675421518055e-05,May 2024,4.286055907365508e-07
customfield_picture,45,0.0007126831438785946,0.0007122525665317831,Sep 2025,4.305773468114664e-07
qbehaviour_certaintywithstudentfeedback,45,2.4281869768910547e-05,2.382386099661756e-05,Jul 2026,4.580087722929859e-07
local_glossary_wordimport,69,0.0004279957082554979,0.0004275116101250013,Jun 2025,4.840981304965984e-07
filter_ace_inline,45,0.00019295897572242315,0.00019247236310723963,Jun 2026,4.866126151835252e-07
local_lesson_wordimport,65,0.0005281444916665871,0.0005275970995581459,Oct 2025,5.473921084412497e-07
report_rolessitemap,42,4.250258642294897e-05,4.1947537098000905e-05,Oct 2025,5.550493249480674e-07
tool_lala,33,1.4036650994121767e-05,1.346224961279203e-05,May 2025,5.74401381329737e-07
quiz_exportattemptscsv,30,4.4994764941070165e-05,4.441621596704304e-05,Feb 2026,5.785489740271258e-07
block_tog,76,1.8657818844750795e-05,1.8076714075046842e-05,Sep 2024,5.811047697039531e-07
tool_amoslink,27,3.379437971751658e-05,3.31785675535183e-05,Aug 2025,6.158121639982786e-07
enrol_cart,24,6.921054434504866e-05,6.857590596803135e-05,Feb 2026,6.346383770173121e-07
mod_gwpayments,52,5.9315979924703675e-05,5.8680284054783886e-05,Sep 2025,6.356958699197887e-07
mod_glossaryfocus,51,2.3570719108125504e-05,2.286660367438276e-05,Oct 2025,7.04115433742743e-07
local_autocompleteactivities,44,1.9141764064825527e-05,1.8437392487926064e-05,Oct 2023,7.043715768994632e-07
local_delete_course,63,4.80475945022146e-05,4.733526622160709e-05,Aug 2025,7.123282806075073e-07
enrol_bycategory,46,8.93618915413564e-05,8.860167096587585e-05,May 2026,7.602205754805554e-07
tool_upgradecopy,35,6.765158247930376e-05,6.683654994805362e-05,Apr 2026,8.150325312501392e-07
filter_studietube,71,8.861392226820533e-06,8.024240860349298e-06,Jan 2026,8.37151366471236e-07
block_myprogress,36,0.0003430402780792542,0.0003420953513061613,Mar 2025,9.449267730929031e-07
qtype_tcsjudgment,66,0.00012515285815058167,0.00012420530504034604,May 2026,9.475531102356213e-07
block_integrityadvocate,81,3.928297689147743e-05,3.823482296694492e-05,Oct 2024,1.0481539245325107e-06
filter_threedviewer,53,4.859345886855031e-05,4.736448695567108e-05,Jul 2025,1.2289719128792272e-06
gradingform_offline,66,8.538904603221708e-06,7.244675604871732e-06,Oct 2025,1.294228998349976e-06
qformat_answersselect,60,1.197680831427061e-05,1.0629161832924641e-05,Aug 2024,1.3476464813459689e-06
plagiarism_plagiarismsearch,108,6.265172205812864e-05,6.124333965170543e-05,Oct 2025,1.4083824064232156e-06
qtype_multianswerrgx,24,2.9733539402048304e-05,2.8225220760381548e-05,Oct 2025,1.5083186416667562e-06
local_catquiz,31,1.762913893757568e-05,1.6018893524694516e-05,Feb 2026,1.6102454128811652e-06
datafield_email,32,4.0401702780603374e-05,3.8786202518301754e-05,Nov 2025,1.6155002623016195e-06
block_open_courses,100,1.1861344884953923e-05,1.0102545502442728e-05,Dec 2019,1.758799382511195e-06
mod_labnbook,39,3.28602213459566e-05,3.107680321637589e-05,Jun 2025,1.7834181295807094e-06
logstore_error_log,29,3.528631905208212e-05,3.3295398604831256e-05,Nov 2025,1.9909204472508615e-06
local_chunkupload,73,0.00016065924190125321,0.00015865543382790226,Sep 2025,2.0038080733509505e-06
local_honorlockproctoring,39,2.6160786256784154e-05,2.4100533264040296e-05,Dec 2025,2.0602529927438577e-06
local_levitate,32,6.99079451962322e-05,6.77664102158725e-05,Oct 2025,2.1415349803597e-06
block_grades_sorter,75,2.865710259013543e-05,2.6502851912583424e-05,Jan 2025,2.154250677552006e-06
mod_solo,68,0.00026096001040861437,0.0002584086215105218,Oct 2025,2.551388898092545e-06
customfield_duration,52,0.00011900908469875135,0.00011639298041079803,Nov 2025,2.616104287953317e-06
format_designer,57,0.0011420552102949528,0.0011394363895948585,Jun 2026,2.618820700094277e-06
mod_unilabel,97,0.0017785706097424164,0.0017757488278679879,Oct 2025,2.8217818744285562e-06
gradereport_rubrics,53,0.0007071419278483432,0.0007043047249352696,Jan 2026,2.837202913073605e-06
qtype_sc,91,0.00010187810460542975,9.904004348280015e-05,Apr 2024,2.8380611226295972e-06
fileconverter_flasksoffice,68,0.0002150717697795217,0.0002122193137327683,Apr 2026,2.852456046753413e-06
tool_lazycron,29,1.9228397198407648e-05,1.6199399121529668e-05,Oct 2024,3.0289980768779797e-06
local_enrolstats,73,6.786815072424035e-05,6.472378182647111e-05,Nov 2024,3.144368897769234e-06
local_culcourse_visibility,128,0.0001427160413607265,0.0001394745488896799,Aug 2026,3.2414924710466e-06
tool_excimer,40,0.0002461757986291177,0.0002427333473601133,Nov 2025,3.4424512690044086e-06
local_openlms,51,0.0004983251643618493,0.000494664230499135,May 2026,3.66093386271432e-06
tool_cohortsync,117,9.971739485639149e-05,9.584091581371179e-05,Aug 2024,3.876479042679698e-06
gradereport_gradeconfigwizard,31,7.407485281104797e-05,7.014590778154931e-05,Oct 2025,3.92894502949866e-06
format_kickstart,84,0.0007389935317903924,0.0007348807702792962,Oct 2025,4.112761511096169e-06
profilefield_file,147,0.0005858354974152739,0.0005814848908090007,Sep 2025,4.350606606273212e-06
local_contactlist,64,4.30366665429291e-05,3.842078601901447e-05,Oct 2024,4.615880523914628e-06
availability_maxviews,133,0.00018837441951561032,0.0001834964396999349,Feb 2025,4.877979815675427e-06
report_failedemails,42,0.00014897236676118662,0.00014394088874160088,Feb 2025,5.0314780195857335e-06
mod_listgrades,32,5.057174674052716e-05,4.5440822915485455e-05,Oct 2025,5.130923825041707e-06
report_allbackups,71,0.0023874988177803526,0.0023821372271354904,Apr 2026,5.3615906448621804e-06
tool_resendnewaccountemail,58,0.0004404560309786897,0.0004349055070553557,Aug 2025,5.550523923334024e-06
tiny_poodll,37,0.0001409539359256775,0.00013531316570888745,Oct 2025,5.640770216790066e-06
local_myddleware,116,0.00020461789916580793,0.0001988457281897104,Nov 2019,5.772170976097536e-06
mod_minilesson,69,0.00037636670241176514,0.0003696906093980564,Oct 2025,6.676093013708716e-06
local_learning_analytics,64,0.0009217428140073299,0.0009150556181674299,Jan 2025,6.687195839899973e-06
qbehaviour_studentfeedbackdeferred,56,0.0001443092694132025,0.0001374227743623756,Oct 2025,6.886495050826912e-06
customfield_dynamic,71,0.0001412497745814937,0.00013377400163883387,Nov 2024,7.4757729426598335e-06
assignfeedback_cloudpoodll,83,0.00016010535211978484,0.00015257067294650254,Oct 2025,7.534679173282297e-06
auth_loginlogoutredir,142,0.0003529189233634843,0.00034476122825270305,Dec 2017,8.157695110781228e-06
qtype_proforma,81,6.829969719800565e-05,5.9814817968032304e-05,Mar 2021,8.484879229973341e-06
plagiarism_turnitinsim,82,0.0009625870445162775,0.0009537841488242267,Jan 2026,8.80289569205083e-06
datafield_jsignature,68,0.00019334328311124976,0.00018383725437839,Apr 2025,9.50602873285976e-06
customfield_multiselect,75,0.000236772757495678,0.000226680601760172,Dec 2025,1.0092155735505991e-05
block_enhanced_myoverview,47,8.472389203538516e-05,7.316429151268925e-05,Feb 2025,1.1559600522695904e-05
availability_sectioncompleted,66,0.0008180049543527873,0.0008059236438215444,Oct 2025,1.2081310531242913e-05
theme_degrade,104,0.0032088945523516678,0.0031960715214807214,Feb 2026,1.2823030870946339e-05
auth_onelogin_saml,171,5.998266863045563e-05,4.6416605533436826e-05,Jun 2012,1.3566063097018806e-05
mod_onlyoffice,56,0.0002974722824330984,0.00028265373797366276,Aug 2023,1.4818544459435645e-05
local_sync_service,49,4.677074104042021e-05,3.1384129779814075e-05,Jul 2023,1.5386611260606135e-05
block_links,172,0.0001611758449193497,0.00014546294335696875,May 2012,1.571290156238096e-05
qbehaviour_regexpadaptivewithhelp,172,0.0009418030024697993,0.0009260141518429388,May 2012,1.5788850626860486e-05
local_metagroups,167,0.0003827141202659339,0.0003663096831667556,Oct 2024,1.6404437099178332e-05
local_datacleaner,132,0.0003528718888010698,0.0003359468788049981,Jul 2018,1.692500999607167e-05
block_sms,164,6.944098728090437e-05,4.7564251496923134e-05,Jun 2012,2.1876735783981233e-05
mod_readaloud,135,0.00038129738926381016,0.000358359360960326,Dec 2016,2.293802830348414e-05
enrol_groupsync,165,0.0007999782380744163,0.0007682952248560065,Mar 2020,3.168301321840978e-05
report_advancedgrading,55,0.0006527623080048191,0.0006209426775248972,Jul 2025,3.181963047992195e-05
profilefield_associated,140,0.00035658119669340974,0.00031916028725562193,Aug 2017,3.7420909437787804e-05
availability_language,146,0.002015225422154622,0.0019756657354734553,Jul 2025,3.9559686681166564e-05
mod_groupmembers,112,0.0003249771659949355,0.0002805908206818796,Mar 2020,4.438634531305592e-05
qbehaviour_regexpadaptivewithhelpnopenalty,172,0.0009281684825863385,0.0008786518930116089,May 2012,4.951658957472952e-05
tool_migratehvp2h5p,75,0.001435296585787995,0.0013833264444101812,Jun 2022,5.197014137781368e-05
local_cnw_smartcohort,90,0.00026306708144860575,0.00019794664858800433,Mar 2020,6.512043286060142e-05
mod_verbalfeedback,55,0.0001570721550365854,9.100255771811318e-05,Aug 2023,6.606959731847221e-05
availability_xp,148,0.0019639594497802724,0.0018858241163132437,Sep 2019,7.813533346702874e-05
local_downloadcenter,131,0.0007982558902273759,0.0007166178134119172,Mar 2020,8.16380768154587e-05
quizaccess_proctoring,73,0.0016984807434300285,0.0016061117562347982,Jul 2025,9.23689871952303e-05
local_geniai,30,0.0013045316015579183,0.0011798354412067224,Feb 2026,0.00012469616035119596
mod_ratingallocate,143,0.0005819931984425266,0.0004436603821905443,Mar 2020,0.00013833281625198225
local_kopere_mobile,26,0.0003051379148431683,0.00015630322880039863,Sep 2024,0.0001488346860427697
mod_supervideo,80,0.003398905586806322,0.0032214350762080545,Feb 2026,0.00017747051059826754
mod_publication,145,0.0021249411694342756,0.0018895273453664264,Mar 2020,0.0002354138240678492
local_adminer,172,0.004624891007496251,0.0043862322481311505,Jan 2013,0.0002386587593651004
plagiarism_compilatio,170,0.0006595946722137648,0.0003821114364548824,Jun 2013,0.0002774832357588824
local_kopere_dashboard,110,0.004580902730185405,0.004302728703146124,Feb 2026,0.0002781740270392805
plagiarism_turnitin,172,0.00249778333427012,0.0021205961049265477,May 2012,0.0003771872293435725
local_reminders,171,0.002598195278672801,0.002207519991408447,Jan 2013,0.0003906752872643543
theme_academi,134,0.010160748386990649,0.00952755113632687,Apr 2020,0.0006331972506637782
qtype_matrix,172,0.0015966187288005075,0.0009260141518429388,May 2012,0.0006706045769575687
mod_choicegroup,172,0.00642056474991894,0.005698005698005698,Jun 2012,0.0007225590519132413
qbehaviour_dfexplicitvaildate,172,0.0021281861410281915,0.0012562798963005111,May 2012,0.0008719062447276804
qbehaviour_dfcbmexplicitvaildate,172,0.002138237502274789,0.0012562798963005111,May 2012,0.0008819576059742778
local_profilecohort,125,0.0022078499325737305,0.0011762337178651164,Mar 2020,0.0010316162147086141
block_sharing_cart,173,0.004838802433029272,0.003158536428146519,Apr 2012,0.0016802660048827528
report_customsql,172,0.003945493773496778,0.00223963678568574,Apr 2012,0.0017058569878110382
theme_boost_magnific,107,0.002955397415223768,0.0002841093450264859,Dec 2017,0.002671288070197282
